source	english	russian	review_reason
ServerInfo/Guidebook/Antagonist/MinorAntagonists.xml	\n  # Minor Antagonists\n\n  Minor Antagonists are ghost-controlled roles that give dead people a second chance to interact (and cause chaos!) around the station. They are spawned by random events.\n\n  # Paradox Clone\n\n  	\n  # Второстепенные антагонисты\n\n  Второстепенные антагонисты — это персонажи, управляемые призраками, которые дают умершим людям второй шанс взаимодействовать (и сеять хаос!) на станции. Они появляются в результате случайных событий.\n\n  # Клон Парадокса\n\n  	DeepL guide prose: check game mechanics and terminology
ServerInfo/Guidebook/Antagonist/MinorAntagonists.xml	\n\n  A perfect copy of a random crewmember that was thrown into our universe by a space-time anomaly. To fix the paradox and survive they have to find and kill their original counterpart.\n\nThey have no special abilities, but are identical in appearance, DNA, fingerprints, clothing, equipment and IDs, making it hard to figure out who is the original and who is the clone... unless you know your fellow crewmembers well!\n\n  # Revenant\n\n  	\n\n  Идеальная копия случайного члена экипажа, который был заброшен в нашу вселенную в результате аномалии пространства-времени. Чтобы устранить парадокс и выжить, им предстоит найти и убить своего оригинального двойника.\n\nУ них нет особых способностей, но они идентичны по внешнему виду, ДНК, отпечаткам пальцев, одежде, снаряжению и удостоверениям личности, что затрудняет определение, кто из них оригинал, а кто клон... если, конечно, вы не знаете своих товарищей по экипажу достаточно хорошо!\n\n  # Revenant\n\n  	DeepL guide prose: check game mechanics and terminology
ServerInfo/Guidebook/Antagonist/MinorAntagonists.xml	"\n\n  Revenants are ethereal beings made of ectoplasm that haunt the crew and steal [color=#8f63e6]life essence[/color] from them.\n  - Your essence is your very own [bold]life force[/bold]. Taking damage reduces your essence.\n  - Essence is also spent to use [bold]abilities[/bold].\n  - To gain essence you first [bold]inspect[/bold] various souls for their worth. More worthy souls grant more essence. Then you must [bold]siphon[/bold] it either when the victim is crit, dead or asleep. All of this is done with [color=yellow][bold][keybind=""Use""][/bold][/color].\n  - [bold]Stolen essence[/bold] is used to purchase new abilities to incapacitate the crew easier.\n  - You are [bold]vulnerable[/bold] to attacks when you siphon a soul or use an ability. You can tell when you are vulnerable when you have a [color=#8f63e6][italic]Corporeal[/italic][/color] status effect.\n\n  # Rat King\n\n  "	"\n\n  Ревенанты — это эфирные существа, состоящие из эктоплазмы, которые преследуют экипаж и крадут [color=#8f63e6]жизненная сущность[/color] от них.\n  - Ваша сущность — это вы сами [bold]жизненная сила[/bold]. Получение урона снижает ваш уровень эссенции.\n  - Эссенция также расходуется при использовании [bold]способности[/bold].\n  - Чтобы получить эссенцию, сначала [bold]осмотреть[/bold] различные души в зависимости от их ценности. Более ценные души дают больше эссенции. Затем вам необходимо [bold]сифон[/bold] это происходит либо когда жертва получает критический удар, либо когда она мертва, либо когда она спит. Все это осуществляется с помощью [color=yellow][bold][keybind=""Use""][/bold][/color].\n  - [bold]Украденная сущность[/bold] используется для приобретения новых способностей, позволяющих легче выводить экипаж из строя.\n  - Вы [bold]уязвимый[/bold] к атакам, когда вы поглощаете душу или используете способность. Вы можете определить, когда вы уязвимы, если у вас [color=#8f63e6][italic]Corporeal[/italic][/color] эффект состояния.\n\n  # Крысиный король\n\n  "	DeepL guide prose: check game mechanics and terminology
ServerInfo/Guidebook/Antagonist/MinorAntagonists.xml	\n\n  Rat kings are abnormally large rodents capable of [color=yellow]raising huge rat armies[/color] by eating equally huge amounts of food.\n  - You have several abilities that come at the cost of your [bold]hunger.[/bold]\n  - One such ability is [color=yellow][italic]Raise Army[/italic][/color], which summons a [bold]Rat Servant[/bold]. You can [bold]command[/bold] your servants to stay in place, follow you, attack a target of your choice or attack indiscriminately.\n  - You can conjure a cloud of [color=#77b58e]ammonia[/color] using [color=purple][italic]Rat King's Domain[/italic][/color]. This purple gas is mildly poisonous to humans but heals rats.\n  - [color=#9daa98][italic]Rummage[/italic][/color] through a disposal unit by using the context menu. Use this to find [bold]scraps of food[/bold] to grow your army.\n  - Besides your abilities, [bold]you are stronger than most other animals.[/bold] You and your servants are capable of speech and you're both small enough to fit under airlocks and tables.\n  - [bold]Your underlings are still very fragile![/bold] Beware of spacings, explosions and the business end of a melee weapon.\n\n  # Space Dragon\n\n  	\n\n  «Крысиные короли» — это аномально крупные грызуны, способные [color=yellow]создание огромных армий крыс[/color] путем потребления столь же огромных количеств пищи.\n  - У вас есть несколько способностей, которые стоят вам [bold]голод.[/bold]\n  - Одна из таких способностей — [color=yellow][italic]Создать армию[/italic][/color], которая вызывает [bold]Крыса-слуга[/bold]. Вы можете [bold]команда[/bold] Ваши подчинённые могут оставаться на месте, следовать за вами, атаковать выбранную вами цель или атаковать без разбора.\n  - Вы можете создать облако [color=#77b58e]аммиак[/color] использование [color=purple][italic]Владения Короля Крыс[/italic][/color]. Этот фиолетовый газ слабо ядовит для людей, но лечит крыс.\n  - [color=#9daa98][italic]Rummage[/italic][/color] через утилизатор с помощью контекстного меню. Используйте это, чтобы найти [bold]обрезки еды[/bold] чтобы наращивать свою армию.\n  - Помимо ваших способностей, [bold]Вы сильнее большинства других животных.[/bold] Вы и ваши слуги умеете говорить, и вы оба достаточно маленькие, чтобы пролезть под шлюзы и столы.\n  - [bold]Ваши подчинённые по-прежнему очень уязвимы![/bold] Остерегайтесь космического пространства, взрывов и острий оружия ближнего боя.\n\n  # Space Dragon\n\n  	DeepL guide prose: check game mechanics and terminology
ServerInfo/Guidebook/Antagonist/MinorAntagonists.xml	\n\n  Space dragons are giant extradimensional fish that can [color=red]eat crew[/color] and create [color=#4b7fcc]carp rifts.[/color]\n  - Dragons have powerful jaws that allow them to [color=red][italic]Devour[/italic][/color] infrastructure such as doors, windows, and walls.\n  - They can also heal themselves by using [color=red][italic]Devour[/italic][/color] on crew members that have gone unconscious or have died.\n  - Your [color=orange][italic]Dragon's Breath[/italic][/color] is a [bold]flaming projectile[/bold] which travels a straight flight path, exploding multiple times and igniting things along the way. Try not to hit your carps with this!\n  - You have the ability to [color=#4b7fcc][italic]Summon a Carp Rift[/italic][/color]. Rifts periodically spawn [bold]space carp[/bold] and charge up energy over a period of 5 minutes, [bold]which is when it's vulnerable.[/bold] After 5 minutes, it becomes invulnerable and will continue summoning carp as long as the dragon lives.\n  - You'll suffer a [bold]temporary debilitating feedback effect[/bold] if one of your rifts are destroyed before it's done charging.\n  - If a period of five minutes passes since your spawn or since the last time a rift was charging, [bold]you'll disappear.[/bold]\n  - Dragons who have the maximum of 3 fully charged rifts will [bold]never disappear[/bold], but they are still mortal.\n\n  # Slimes and Spiders\n\n  	\n\n  Космические драконы — это гигантские внепространственные рыбы, способные [color=red]Съесть экипаж[/color] и создать [color=#4b7fcc]разломы карпа.[/color]\n  - У драконов мощные челюсти, которые позволяют им [color=red][italic]Поглотить[/italic][/color] инфраструктура, такая как двери, окна и стены.\n  - Они также могут лечить себя с помощью [color=red][italic]Поглотить[/italic][/color] о членах экипажа, которые потеряли сознание или погибли.\n  - Ваш [color=orange][italic]«Дыхание дракона»[/italic][/color] — это [bold]горящий снаряд[/bold] которая летит по прямой траектории, многократно взрываясь и поджигая всё на своём пути. Старайтесь не попадать этим в своих карпов!\n  - У вас есть возможность [color=#4b7fcc][italic]Призыв «Карпового разлома»[/italic][/color]. Периодически появляются разломы [bold]космический карп[/bold] и зарядите энергию в течение 5 минут, [bold]именно в этот момент она уязвима.[/bold] Через 5 минут он становится неуязвимым и будет продолжать призывать карпов, пока дракон жив.\n  - Вы получите [bold]временный ослабляющий эффект обратной связи[/bold] если один из ваших разломов будет уничтожен до завершения зарядки.\n  - Если прошло пять минут с момента вашего появления или с момента последней зарядки разлома, [bold]ты исчезнешь.[/bold]\n  - Драконы, у которых есть максимум 3 полностью заряженных разлома, будут [bold]никогда не исчезают[/bold], но они по-прежнему смертны.\n\n  # Слизи и пауки\n\n  	DeepL guide prose: check game mechanics and terminology
ServerInfo/Guidebook/Antagonist/MinorAntagonists.xml	\n\n  Slimes and spiders have no remarkable features, but will [color=cyan]infest the station[/color] from time to time regardless. Both will give chase and attack anything they see.\n  - Slimes may [bold]deal extra cellular or poison damage[/bold], based upon their color. Water hurts them just as it would hurt a slime person.\n  - Spiders have a venomous bite and can [bold]create webs[/bold] that are hard to move through, but are easily destroyed with a blade. They can also pry open doors, windoors, and airlocks.\n	\n\n  Слизи и пауки не обладают какими-либо примечательными особенностями, но будут [color=cyan]заразить станцию[/color] время от времени, независимо от обстоятельств. Оба будут преследовать и атаковать всё, что увидят.\n  - Слаймы могут [bold]наносит дополнительный внеклеточный или токсический урон[/bold], в зависимости от их цвета. Вода причиняет им вред так же, как и слизистому существу.\n  - Пауки обладают ядовитым укусом и могут [bold]создать веб-сайты[/bold] через которые трудно пробираться, но которые легко разрушить с помощью клинка. Они также могут вскрывать двери, окна и шлюзы.\n	DeepL guide prose: check game mechanics and terminology
ServerInfo/Guidebook/Antagonist/Nuclear Operatives.xml	\n  # Nuclear Operatives\n\n  	\n  # Ядерные агенты\n\n  	DeepL guide prose: check game mechanics and terminology
ServerInfo/Guidebook/Antagonist/Nuclear Operatives.xml	"\n    [color=#999999][italic]""OPERATIVES STANDBY. YOUR OBJECTIVES ARE SIMPLE.[/italic][/color]\n  "	\n    [color=#999999][italic]«АГЕНТЫ, ПРИГОТОВЬТЕСЬ. ВАШИ ЗАДАЧИ ПРОСТЫ.[/italic][/color]\n  	DeepL guide prose: check game mechanics and terminology
ServerInfo/Guidebook/Antagonist/Nuclear Operatives.xml	"\n    [color=#999999][italic]DELIVER THE PAYLOAD AND GET OUT BEFORE THE PAYLOAD DETONATES. BEGIN MISSION.""[/italic][/color]\n  "	\n    [color=#999999][italic]«ДОСТАВЬТЕ ГРУЗ И УБЕГИТЕ, ПОКА ОН НЕ ВЗОРВАЛСЯ. НАЧАТЬ МИССИЮ».[/italic][/color]\n  	DeepL guide prose: check game mechanics and terminology
ServerInfo/Guidebook/Antagonist/Nuclear Operatives.xml	\n\n  You've just been chosen to be a nuclear operative for the [color=#ff0000]Syndicate[/color]. You have one goal, to blow up one of Nanotrasen's finest vessels with a nuclear fission explosive.\n\n  ## Operatives\n  Your team will be made up of several different roles, which are:\n  - [bold]Operatives[/bold], standard soldiers who can take up the grunt work.\n  - The [bold]Corpsman[/bold] who works with reagents to make medicines or chemical weapons.\n  - The [bold]Commander[/bold] who draws up the plan and leads the team.\n\n  	\n\n  Вы только что были выбраны в качестве ядерного оперативника для [color=#ff0000]Синдикат[/color]. У вас одна цель — взорвать одно из лучших судов «Нанотразена» с помощью взрывчатого вещества на основе ядерного деления.\n\n  ## Агенты\n  Ваша команда будет состоять из нескольких персонажей, выполняющих разные роли:\n  - [bold]Агенты[/bold], рядовые солдаты, способные выполнять рутинную работу.\n  - The [bold]Медик[/bold] человек, работающий с реактивами для изготовления лекарств или химического оружия.\n  - [bold]Командир[/bold] кто разрабатывает план и возглавляет команду.\n\n  	DeepL guide prose: check game mechanics and terminology
ServerInfo/Guidebook/Antagonist/Nuclear Operatives.xml	\n\n  If you have been selected as the Corpsman or Commander but don't feel ready, one of your teammates can take over your responsibilities.\n\n  ## The Disk\n\n  Each operative starts with a [color=cyan]pinpointer[/color], which you should turn on and keep with you at all times. It will always point to the [color=cyan]nuclear authentication disk.[/color]\n  The disk belongs to the [color=yellow]Captain[/color], who will almost always have it on them. Follow the direction of the arrow on the pinpointer to the disk, and [italic]do whatever it takes to get it[/italic].\n\n  	\n\n  Если вас выбрали санитаром или командиром, но вы не чувствуете себя готовым, один из ваших товарищей по команде может взять на себя ваши обязанности.\n\n  ## Диск\n\n  Каждый оперативник начинает с [color=cyan]пинпойнтер[/color], который следует включить и всегда держать при себе. Он всегда будет указывать на [color=cyan]диск с ядерной аутентификацией.[/color]\n  Диск принадлежит [color=yellow]Капитан[/color], у которых она почти всегда будет при себе. Следуйте направлению стрелки на указателе до диска, и [italic]Сделай всё, что нужно, чтобы это получить[/italic].\n\n  	DeepL guide prose: check game mechanics and terminology
ServerInfo/Guidebook/Antagonist/Nuclear Operatives.xml	"\n\n  ## Preparation\n  Each member in your squad has been given an [color=cyan]uplink[/color] to purchase everything you will need for the mission, similar to [textlink=""traitors."" link=""Traitors""]\n\n  "	"\n\n  ## Подготовка\n  Каждому члену вашего отряда было выдано [color=cyan]uplink[/color] чтобы приобрести всё необходимое для миссии, аналогично [textlink=""предатели."" link=""Traitors""]\n\n  "	DeepL guide prose: check game mechanics and terminology
ServerInfo/Guidebook/Antagonist/Nuclear Operatives.xml	\n\n  You can purchase the same kinds of gear traitors can, but you have higher quality gear available to you and more telecrystals to spend.\n  	\n\n  Вы можете приобретать такое же снаряжение, как и предатели, но у вас в распоряжении есть снаряжение более высокого качества и больше телекристаллов, которые можно потратить.\n  	DeepL guide prose: check game mechanics and terminology
ServerInfo/Guidebook/Antagonist/Nuclear Operatives.xml	\n\n  You'll also have to choose if you want to [color=red]declare war[/color] or not. Doing so grants your team [bold]40 extra telecrystals each[/bold].\n  However, the crew will immediately know of your existence and will have plenty of time to prepare for your arrival.\n\n  The [bold]Commander[/bold] is the only person who can declare war. Make your choice quick, [italic]this is a limited-time offer![/italic]\n  	\n\n  Вам также предстоит выбрать, хотите ли вы [color=red]объявить войну[/color] или нет. Если вы это сделаете, ваша команда получит [bold]По 40 дополнительных телекристаллов каждому[/bold].\n  Однако экипаж сразу узнает о вашем существовании и будет иметь достаточно времени, чтобы подготовиться к вашему прибытию.\n\n  The [bold]Командир[/bold] — единственный, кто может объявить войну. Примите решение быстро, [italic]Это предложение действует в течение ограниченного времени![/italic]\n  	DeepL guide prose: check game mechanics and terminology
ServerInfo/Guidebook/Antagonist/Nuclear Operatives.xml	\n\n  ## Getting to the Station\n  You've got the plan, you've got the gear. Now, execute.\n\n  Go with your other operatives to your [color=cyan]shuttle[/color].\n  Onboard, you'll find a folder with the [color=cyan]nuclear authentication code[/color].\n  Memorize the code, then [bold]check to see if the nuke ID matches the nuke on your shuttle.[/bold] If it doesn't, you'll be arming the station's nuke instead.\n\n  The shuttle is equipped with an [color=cyan]IFF Computer[/color]. It allows you to hide from other ships and mass scanners when [italic]Show IFF[/italic] is toggled off.\n\n  When everyone is ready, FTL to the station and fly to it using the [color=cyan]jetpacks[/color] on the shuttle. Don't forget the code, your pinpointers, and the nuke if you're taking it.\n\n  	\n\n  ## Как добраться до станции\n  У вас есть план, у вас есть снаряжение. Теперь приступайте к действию.\n\n  Отправляйтесь вместе с другими агентами к вашей [color=cyan]шаттл[/color].\n  На борту вы найдете папку с [color=cyan]код ядерной аутентификации[/color].\n  Запомните код, а затем [bold]Проверьте, совпадает ли идентификатор ядерной бомбы с той, что находится на вашем шаттле.[/bold] Если это не сработает, вам придётся вместо этого активировать ядерную бомбу станции.\n\n  Шаттл оснащён [color=cyan]Компьютер IFF[/color]. Она позволяет скрываться от других кораблей и массивных сканеров, когда [italic]Показать IFF[/italic] отключено.\n\n  Когда все будут готовы, перейдите на станцию с помощью FTL и долетите до неё, используя [color=cyan]реактивные ранцы[/color] на шаттле. Не забудьте код, ваши указатели и ядерную бомбу, если берете её с собой.\n\n  	DeepL guide prose: check game mechanics and terminology
ServerInfo/Guidebook/Antagonist/Nuclear Operatives.xml	"\n\n  ## The Nuke & Arming Procedure\n  You've made it this far.  Finish the job.\n\n  - Obtain the [bold]nuclear authentication disk[/bold] and insert it into the nuke.\n  - Type in the [bold]nuclear authentication code[/bold] and press ""[bold]E[/bold]"" on the keypad to Enter.\n  - [bold]Anchor[/bold] the nuke on solid floor inside the station.\n  - [bold]To begin the detonation sequence, press [color=#EB2D3A]ARM[/color][/bold]. After 300 seconds, the nuke will explode.\n  - [bold]Defend the nuke from NT employees and cyborgs[/bold], even if it's at the cost of your lives! The mission requirements [italic]do not include your return[/italic].\n\n  It takes 30 seconds to [bold]disarm[/bold] the nuke. Re-arming it is possible, but the chance of mission success drops if you allow the countdown to be interrupted.\n  Should the nuke be re-armed, the timer will continue from where it left off.\n\n  "	\n\n  ## Ядерная бомба и процедура взведения\n  Вы дошли до этого момента.  Завершите дело.\n\n  - Получите [bold]диск с ядерной аутентификацией[/bold] и вставьте его в ядерную бомбу.\n  - Введите [bold]код ядерной аутентификации[/bold] и нажмите «[bold]E[/bold]«» на клавиатуре для ввода.\n  - [bold]Якорь[/bold] Ядерная бомба на твёрдом полу внутри станции.\n  - [bold]Чтобы запустить последовательность взрыва, нажмите [color=#EB2D3A]ARM[/color][/bold]. Через 300 секунд ядерная бомба взорвётся.\n  - [bold]Защитите ядерную бомбу от сотрудников NT и киборгов[/bold], даже если это будет стоить вам жизни! Требования к миссии [italic]не включайте обратную отправку[/italic].\n\n  На это уходит 30 секунд [bold]обезвредить[/bold] Ядерная бомба. Её можно перезарядить, но шансы на успех миссии снижаются, если вы допустите прерывание обратного отсчёта.\n  В случае перезарядки ядерной бомбы таймер продолжит отсчёт с того места, на котором он остановился.\n\n  	DeepL guide prose: check game mechanics and terminology
ServerInfo/Guidebook/Antagonist/Nuclear Operatives.xml	\n\n  ## Winning Conditions\n\n  The [color=#00ff00]victor[/color] of the round is announced on the round end screen, as well as the scale of their victory.\n\n  [bold][color=red]Syndicate Major Victory![/color][/bold]\n  - The nuke detonates on the station.\n  - The crew escapes on evac, but the nuke is still armed.\n  - The nuke is armed and delivered to Central Command on the evac shuttle.\n\n  [bold][color=red]Syndicate Minor Victory[/color][/bold]\n  - The crew escapes on evac, but every operative survives.\n  - The crew escapes and some operatives die, but the crew loses the disk.\n\n  [bold][color=#999999]Neutral Victory[/color][/bold]\n  - The nuke detonates off the station.\n\n  [bold][color=green]Crew Minor Victory[/color][/bold]\n  - The crew escapes on evac with the disk and some operatives die.\n\n  [bold][color=green]Crew Major Victory![/color][/bold]\n  - All operatives die.\n  - The crew blow up the nuclear operative outpost with the nuke.\n	\n\n  ## Условия победы\n\n  The [color=#00ff00]Виктор[/color] На экране завершения раунда объявляется результат раунда, а также масштаб победы.\n\n  [bold][color=red]Грандиозная победа «Синдикату»![/color][/bold]\n  - Ядерная бомба взрывается на станции.\n  - Экипаж эвакуируется, но бомба по-прежнему находится в боевом состоянии.\n  - Бомба находится в боевом состоянии и доставляется в Центральный штаб на эвакуационном шаттле.\n\n  [bold][color=red]«Syndicate»: небольшая победа[/color][/bold]\n  - Экипаж спасается эвакуацией, но все оперативники выживают.\n  - Экипаж спасается, но некоторые оперативники гибнут, а экипаж теряет диск.\n\n  [bold][color=#999999]Нейтральная победа[/color][/bold]\n  - Ядерная бомба взрывается рядом со станцией.\n\n  [bold][color=green]Незначительная победа экипажа[/color][/bold]\n  - Экипаж спасается бегством на эвакуационном корабле, унося с собой диск, при этом некоторые агенты гибнут.\n\n  [bold][color=green]Экипаж одержал грандиозную победу![/color][/bold]\n  - Все оперативники погибают.\n  - Экипаж взрывает ядерный оперативный аванпост с помощью ядерной бомбы.\n	DeepL guide prose: check game mechanics and terminology
ServerInfo/Guidebook/Antagonist/SpaceNinja.xml	\n  # Space Ninja\n  \n  	\n  # Космический ниндзя\n  \n  	DeepL guide prose: check game mechanics and terminology
ServerInfo/Guidebook/Antagonist/SpaceNinja.xml	"\n    [color=#999999][italic]""Spider of the night, silent is my bite.""[/italic][/color]\n  "	\n    [color=#999999][italic]«Ночной паук, мой укус бесшумен».[/italic][/color]\n  	DeepL guide prose: check game mechanics and terminology
ServerInfo/Guidebook/Antagonist/SpaceNinja.xml	\n\n  You are an elite mercenary that [color=#66FF00]The Spider Clan[/color] has sent to wreak all kinds of havoc on the station. You are equipped to keep it silent-but-deadly.\n\n  Whether you get bloody or stay out of trouble, your discipline has taught you that [italic]your objectives must be at least attempted[/italic]. For honor!\n\n  ## Standard Equipment\n  You begin implanted with a [color=cyan]death acidifier[/color], so if you are captured or KIA all your precious equipment is kept out of enemy hands.\n\n  Your bag is full of [bold]tools[/bold] and a [bold]survival box[/bold]. You also carry a [color=cyan]jetpack[/color] and a [color=cyan]pinpointer[/color] that will lead you to the station.\n\n  	\n\n  Вы — элитный наемник, который [color=#66FF00]Клан Пауков[/color] был отправлен, чтобы сеять хаос на станции. Вы вооружены всем необходимым, чтобы действовать тихо, но смертельно.\n\n  Независимо от того, вступите ли вы в кровавую схватку или будете держаться в стороне от неприятностей, ваша дисциплина научила вас, что [italic]Вы должны хотя бы попытаться выполнить поставленные задачи[/italic]. За честь!\n\n  ## Стандартное снаряжение\n  Вы начинаете игру с имплантированным [color=cyan]«Смертельный подкислитель»[/color], поэтому, если вас захватят или вы погибнете в бою, всё ваше ценное снаряжение не попадет в руки врага.\n\n  Ваша сумка полна [bold]инструменты[/bold] и [bold]набор для выживания[/bold]. У вас также есть [color=cyan]реактивный ранец[/color] и [color=cyan]пинпойнтер[/color] которые приведут вас к станции.\n\n  	DeepL guide prose: check game mechanics and terminology
ServerInfo/Guidebook/Antagonist/SpaceNinja.xml	\n  \n  ## Your Suit\n  \n  	\n  \n  ## Ваш скафандр\n  \n  	DeepL guide prose: check game mechanics and terminology
ServerInfo/Guidebook/Antagonist/SpaceNinja.xml	\n\n  Your single most important item is [color=cyan]your suit[/color], without it none of your abilities would work.\n  Your suit requires power to function, which is supplied by its [bold]internal battery[/bold]. It can be replaced, and [italic]high capacity batteries[/italic] mean a [italic]highly effective ninja[/italic].\n\n  [bold]You can recharge your internal battery directly[/bold] by using [color=cyan]your gloves[/color]. You can see the current charge by examining the suit or checking the nifty battery alert on your screen.\n\n  Your outfit also includes [color=cyan]special boots[/color] that keep you agile, upright and grounded without using energy. You've also got flash protection thanks to your [color=cyan]visor[/color].\n\n  ## Ninja Gloves\n\n  	\n\n  Самый важный предмет у вас — это [color=cyan]ваш скафандр[/color], без него ни одна из ваших способностей не будет работать.\n  Для работы вашего скафандра требуется энергия, которая подается от его [bold]внутренняя батарея[/bold]. Его можно заменить, и [italic]аккумуляторы большой ёмкости[/italic] означают [italic]высокоэффективный ниндзя[/italic].\n\n  [bold]Вы можете напрямую заряжать внутреннюю батарею[/bold] с помощью [color=cyan]ваши перчатки[/color]. Вы можете узнать текущий уровень заряда, осмотрев скафандр или взглянув на удобный индикатор заряда батареи на экране.\n\n  В ваш комплект экипировки также входят [color=cyan]специальные ботинки[/color] которые позволяют вам оставаться подвижными, удерживаться на ногах и не терять равновесие, не затрачивая энергию. Кроме того, у вас есть защита от вспышек благодаря вашему [color=cyan]визор[/color].\n\n  ## Перчатки ниндзя\n\n  	DeepL guide prose: check game mechanics and terminology
ServerInfo/Guidebook/Antagonist/SpaceNinja.xml	\n\n  [color=#66FF00]These bad boys are your bread and butter.[/color] They are made from [bold]insulated nanomachines[/bold] to allow you to gracefully break into restricted areas without leaving behind fingerprints.\n\n  You have an action to toggle gloves. When the gloves are turned on, they allow you to use [bold]special abilities[/bold], which are triggered by interacting with things with an empty hand and with combat mode disabled.\n\n  Your glove abilities include:\n  - Emagging doors and airlocks.\n  - Draining power from [bold]transformers[/bold] such as APCs, substations, or SMESes (higher voltage transformers drain more efficiently).\n  - Applying an electrical shock to a mob, stunning and slightly damaging them.\n  - Tampering with [bold]station equipment[/bold] to complete [color=#66FF00]objectives[/color].\n\n  ## Energy Katana\n\n  	\n\n  [color=#66FF00]Эти «плохие парни» — ваш хлеб с маслом.[/color] Они созданы на основе [bold]изолированные наномашины[/bold] чтобы вы могли незаметно проникнуть в зоны с ограниченным доступом, не оставляя отпечатков пальцев.\n\n  У вас есть действие для включения/выключения перчаток. Когда перчатки включены, они позволяют вам использовать [bold]специальные способности[/bold], которые активируются при взаимодействии с объектами пустой рукой и при отключенном боевом режиме.\n\n  Способности ваших перчаток включают:\n  - Электромагнитное открывание дверей и шлюзов.\n  - Отбор энергии из [bold]трансформеры[/bold] такие как БТР, подстанции или SMES (трансформаторы с более высоким напряжением расходуют энергию более эффективно).\n  - Нанесение электрического удара мобу, оглушающего его и наносящего небольшой урон.\n  - Вмешательство в [bold]оборудование станции[/bold] доработать [color=#66FF00]цели[/color].\n\n  ## Энергетическая катана\n\n  	DeepL guide prose: check game mechanics and terminology
ServerInfo/Guidebook/Antagonist/SpaceNinja.xml	\n\n  [bold]You have sworn yourself to the sword and refuse to use firearms.[/bold] Luckily, you've got a pretty cool sword.\n\n  Your [color=cyan]energy katana[/color] hurts plenty and can be [bold]recalled at will[/bold] at the cost of suit power. The farther away it is from you, the more energy required to recall it.\n\n  While in hand you may also [color=cyan]teleport[/color] to anywhere that you can see, [bold]including through windows[/bold]. The charges required to do this regenerate slowly, so keep a charge or two spare in case you need a quick getaway.\n\n  ## Spider Clan Charge\n  \n  	\n\n  [bold]Вы поклялись служить мечу и отказываетесь использовать огнестрельное оружие.[/bold] К счастью, у вас есть довольно крутой меч.\n\n  Ваш [color=cyan]энергетическая катана[/color] наносит значительный урон и может [bold]вызывается по желанию[/bold] за счёт заряда скафандра. Чем дальше он находится от вас, тем больше энергии требуется для его возврата.\n\n  Находясь в руках, вы также можете [color=cyan]телепортация[/color] в любую точку, которую вы видите, [bold]в том числе через иллюстрации[/bold]. Заряды, необходимые для этого, восстанавливаются медленно, поэтому держите один-два запасных заряда на случай, если понадобится быстро уйти.\n\n  ## Заряд клана Пауков\n  \n  	DeepL guide prose: check game mechanics and terminology
ServerInfo/Guidebook/Antagonist/SpaceNinja.xml	"\n  \n  This is a [color=cyan]modified C-4 explosive[/color] which can be found in your pocket. Creates a large explosion but [bold]must be armed in your target area[/bold] as it is one of your objectives.\n\n  It can't be activated manually, so simply plant it on a wall near your assigned target. Choose wisely, it can't be unstuck once planted.\n\n  ## Objectives\n\n  - Download \[9-13\] research nodes: Use your gloves on an R&D server with a number of unlocked technologies. You may have to unlock technologies yourself if there aren't enough to steal already.\n  - Doorjack \[15-40\] doors on the station: Use your gloves to emag a number of doors.\n  - Detonate the spider clan charge: Plant your spider clan charge at the specified location and watch it go boom!\n  - Call in a [textlink=""threat"" link=""MinorAntagonists""]: Use your gloves on a communications console.\n  - Set everyone to wanted: Use your gloves on a criminal records console.\n  - Survive: Don't die.\n\n"	"\n  \n  Это [color=cyan]модифицированный взрывчатый вещество C-4[/color] который можно найти в кармане. Вызывает мощный взрыв, но [bold]необходимо вооружиться в зоне цели[/bold] поскольку это одна из ваших задач.\n\n  Его нельзя активировать вручную, поэтому просто прикрепите его к стене рядом с назначенной целью. Выбирайте место тщательно, ведь после прикрепления его нельзя отклеить.\n\n  ## Задачи\n\n  - Скачать \[9-13\] Исследовательские узлы: используйте перчатки на сервере НИОКР, где доступно множество разблокированных технологий. Возможно, вам придётся разблокировать технологии самостоятельно, если готовых для кражи окажется недостаточно.\n  - Doorjack \[15-40\] Двери на станции: используйте перчатки, чтобы открыть несколько дверей с помощью электромагнитного поля.\n  - Взорвите заряд клана пауков: установите заряд клана пауков в указанном месте и посмотрите, как он взорвётся!\n  - Вызовите [textlink=""угроза"" link=""MinorAntagonists""]: Примените перчатки к консоли связи.\n  - Поставить всех в разыск: Примените перчатки к консоли с данными о преступниках.\n  - Выжить: Не погибайте.\n\n"	DeepL guide prose: check game mechanics and terminology
ServerInfo/Guidebook/Antagonist/Thieves.xml	\n  # Thieves\n\n  	\n  # «Воры»\n\n  	DeepL guide prose: check game mechanics and terminology
ServerInfo/Guidebook/Antagonist/Thieves.xml	"\n    [color=#999999][italic]""Yoink! I'll be taking that! And that! Ooh, don't mind if I do!""[/italic][/color]\n  "	\n    [color=#999999][italic]«Эй! Я это забираю! И это тоже! Ооо, не возражаю!»[/italic][/color]\n  	DeepL guide prose: check game mechanics and terminology
ServerInfo/Guidebook/Antagonist/Thieves.xml	"\n\n  Thieves are petty yet crafty [color=green]criminals[/color] who can't keep their hands to themselves. You were forcefully given a [bold]pacifism implant[/bold] after your last arrest, but you won't let that stop you from trying to add to your collection.\n\n  ## Art of the Steal\n  Unlike other antagonists, [bold]staying out of trouble is almost a requirement for you[/bold] because of your implant.\n  You can only run if [color=#cb0000]Security[/color] picks a fight with you, and because you work alone you don't have any friends to pull you out of danger.\n\n  But against all odds, you'll sucessfully swipe what you want using determination, sleight of hand, a few tools and your [color=cyan]pickpocketing skills.[/color]\n\n  The pickpocketing skills you have give you a major advantage: [bold]the ability to take things from people without them even noticing.[/bold] With a little practice you can steal their wallet and keep up a conversation at the same time.\n\n  It is advised to get a pair of gloves as your fingerprints could still be traced back to the stolen goods if they're found.\n\n\n\n  ## Tools of the Trade\n  You've got two more aces up your stolen sleeves: your [color=cyan]beacon[/color] and your [color=cyan]satchel.[/color]\n\n  Your [color=cyan]beacon[/color] provides safe passage home for trinkets that may not be easy to carry with you on the evac shuttle. Simply find a secluded part of the station to unfold the beacon, then set its coordinates to your hideout.\n  Any shinies near it will be [bold]teleported to your vault when the shift ends,[/bold] fulfilling your objectives.\n\n  However, this will instantly out you if found and make it extremely easy for people to reclaim their ""missing"" possessions. [bold]Make sure to hide it well![/bold]\n\n  "	\n\n  Воры — мелкие, но хитрые [color=green]преступники[/color] которые не могут держать руки при себе. Тебе насильно дали [bold]имплантат пацифизма[/bold] после вашего последнего ареста, но вы не позволите этому помешать вам пополнить свою коллекцию.\n\n  ## Искусство кражи\n  В отличие от других антагонистов, [bold]Избегать неприятностей — для вас это практически обязательное условие[/bold] из-за вашего имплантата.\n  Вы можете бежать только если [color=#cb0000]Безопасность[/color] начинает с вами драку, а поскольку вы работаете в одиночку, у вас нет друзей, которые могли бы вытащить вас из опасности.\n\n  Но, вопреки всему, вам удастся заполучить то, что вы хотите, благодаря решимости, ловкости рук, нескольким инструментам и вашему [color=cyan]Навыки карманного воровства.[/color]\n\n  Ваши навыки карманника дают вам значительное преимущество: [bold]Возможность забирать вещи у людей так, что они этого даже не заметят.[/bold] Немного попрактиковавшись, вы сможете украсть у них кошелек и при этом поддерживать разговор.\n\n  Рекомендуется надеть перчатки, так как ваши отпечатки пальцев всё равно могут привести к вам, если украденные вещи будут найдены.\n\n\n\n  ## Инструменты ремесла\n  У вас есть ещё два козыря в украденных рукавах: ваш [color=cyan]маяк[/color] и ваш [color=cyan]сумка.[/color]\n\n  Ваш [color=cyan]маяк[/color] обеспечивает безопасную доставку домой для предметов, которые может быть не так просто взять с собой на эвакуационном шаттле. Просто найдите укромное место на станции, чтобы развернуть маяк, а затем установите его координаты на ваше укрытие.\n  Любые ценные предметы, находящиеся рядом с ним, будут [bold]после окончания смены телепортируется в ваше хранилище,[/bold] выполнение ваших задач.\n\n  Однако, если вас обнаружат, это сразу раскроет ваше прикрытие и позволит людям с легкостью вернуть свои «пропавшие» вещи. [bold]Обязательно хорошо спрячьте её![/bold]\n\n  	DeepL guide prose: check game mechanics and terminology
ServerInfo/Guidebook/Antagonist/Thieves.xml	\n\n  Your [color=cyan]satchel[/color] contains... well, whatever you remembered to pack. [bold]You can select two pre-made kits[/bold] to help you complete grander heists.\n\n  	\n\n  Ваш [color=cyan]сумка[/color] В комплекте... ну, всё, что вы не забыли упаковать. [bold]Вы можете выбрать один из двух готовых наборов[/bold] чтобы помочь вам совершать более грандиозные ограбления.\n\n  	DeepL guide prose: check game mechanics and terminology
ServerInfo/Guidebook/Antagonist/Thieves.xml	\n\n  ## Centerpiece of the Collection\n  Your kleptomania will take you places. One day, you'll feel like stealing a few figurines. Another day, you'll feel like stealing an industrial machine.\n\n  No matter. They'll all be a part of your collection within a matter of time.\n\n  You can steal items by [bold]having them on your person[/bold] when you get to CentComm. Failing this, you can steal larger items by [bold]leaving them by your beacon.[/bold]\n\n  Some of the more [italic]animate[/italic] objectives may not cooperate with you. Make sure they're alive and with you or your beacon when the shift ends.\n\n  Things that you may desire include but are not limited to:\n\n  	\n\n  ## Главная жемчужина коллекции\n  Ваша клептомания приведет вас далеко. В один день вам захочется украсть пару фигурок. В другой — промышленную машину.\n\n  Неважно. Со временем все это станет частью вашей коллекции.\n\n  Вы можете красть предметы, [bold]иметь их при себе[/bold] когда вы доберетесь до CentComm. Если это не удастся, вы можете украсть более крупные предметы, [bold]оставив их у своего маяка.[/bold]\n\n  Некоторые из наиболее [italic]анимировать[/italic] Ваши напарники могут не идти вам навстречу. Убедитесь, что по окончании смены они живы и находятся рядом с вами или у вашего маяка.\n\n  Среди вещей, которые могут вам понадобиться, в том числе:\n\n  	DeepL guide prose: check game mechanics and terminology
ServerInfo/Guidebook/Antagonist/Traitors.xml	\n  # Traitors\n\n  	\n  # Предатели\n\n  	DeepL guide prose: check game mechanics and terminology
ServerInfo/Guidebook/Antagonist/Traitors.xml	"\n    [color=#999999][italic]""WHISKEY. ECHO. WHISKEY. LIMA. ALPHA. DELTA. AGENT, YOU HAVE BEEN ACTIVATED.""[/italic][/color]\n  "	\n    [color=#999999][italic]«ВИСКИ. ЭХО. ВИСКИ. ЛИМА. АЛЬФА. ДЕЛЬТА. АГЕНТ, ВЫ АКТИВИРОВАНЫ».[/italic][/color]\n  	DeepL guide prose: check game mechanics and terminology
ServerInfo/Guidebook/Antagonist/Traitors.xml	"\n  Traitors are antagonists employed by the [color=#ff0000]Syndicate.[/color] You are a sleeper agent who has access to various tools and weapons through your [bold]uplink[/bold].\n  You also receive [bold]codewords[/bold] to identify other agents, and a coordinated team of traitors can have [italic]brutal results.[/italic]\n\n  Anyone besides [textlink=""department heads"" link=""Command""] or members of [textlink=""Security"" link=""Security""] can be a traitor.\n\n  ## Uplink & Activation\n  The [color=cyan]uplink[/color] is your most important tool as a traitor. You can exchange the 20 [color=red]telecrystals[/color] (TC) you start with for items that will help you with your objectives.\n\n  By pressing [color=yellow][bold][keybind=""OpenCharacterMenu""][/bold][/color], you'll see your personal uplink code. [bold]Setting your PDA's ringtone as this code will open the uplink.[/bold]\n  Pressing [color=yellow][bold][keybind=""OpenCharacterMenu""][/bold][/color] also lets you view your objectives and the codewords.\n\n  If you do not have a PDA when you are activated, an [color=cyan]uplink implant[/color] is provided [bold]for the full [color=red]TC[/color] price of the implant.[/bold]\n  It can be accessed from your hotbar.\n  "	"\n  Предатели — это антагонисты, нанятые [color=#ff0000]«Синдикат».[/color] Вы — тайный агент, имеющий доступ к различным инструментам и оружию благодаря своему [bold]uplink[/bold].\n  Вы также получаете [bold]кодовые слова[/bold] для выявления других агентов, а слаженная команда предателей может [italic]жестокие результаты.[/italic]\n\n  Кто-нибудь, кроме [textlink=""руководители отделов"" link=""Command""] или участники [textlink=""Безопасность"" link=""Security""] может оказаться предателем.\n\n  ## Установка связи и активация\n  Игра [color=cyan]uplink[/color] — ваш самый важный инструмент в роли предателя. Вы можете обменять 20 [color=red]телекристаллы[/color] (TC) — с этого вы начнете, чтобы получить предметы, которые помогут вам в достижении целей.\n\n  Нажав [color=yellow][bold][keybind=""OpenCharacterMenu""][/bold][/color], вы увидите свой личный код доступа. [bold]Установите этот код в качестве мелодии звонка на вашем КПК — это откроет канал связи с орбитальной станцией.[/bold]\n  Нажатие [color=yellow][bold][keybind=""OpenCharacterMenu""][/bold][/color] Также позволяет просматривать свои задачи и кодовые слова.\n\n  Если у вас нет КПК на момент активации, то [color=cyan]имплантат «Uplink»[/color] предоставляется [bold]Полная версия [color=red]TC[/color] Стоимость имплантата.[/bold]\n  Доступ к ней можно получить через панель быстрого доступа.\n  "	DeepL guide prose: check game mechanics and terminology
ServerInfo/Guidebook/Antagonist/Traitors.xml	\n\n  [bold]Make sure to close your PDA uplink to prevent anyone else from seeing it.[/bold] You don't want [color=#cb0000]Security[/color] to notice you have it and confiscate it from you!\n\n  Implanted uplinks are not normally accessible to other people, so they do not have any security measures. They can, however, be removed from you with an empty implanter.\n\n  	\n\n  [bold]Обязательно закройте канал связи с вашим КПК, чтобы никто другой не смог его увидеть.[/bold] Вы же не хотите [color=#cb0000]Безопасность[/color] чтобы заметить, что оно у вас есть, и конфисковать его!\n\n  Имплантированные каналы связи обычно недоступны для других людей, поэтому они не имеют никаких мер безопасности. Однако их можно извлечь из вас с помощью пустого имплантатора.\n\n  	DeepL guide prose: check game mechanics and terminology
ServerInfo/Guidebook/Antagonist/Traitors.xml	\n\n  The purchases that you make should be to help you with your objectives. Some gear may not be of use to you, and you'll have to choose between being sneaky or going loud.\n\n  ## Coordination\n  Codewords are words or phrases that every traitor will know. They provide a discreet way to identify or establish contact with a fellow traitor, which can be useful if your objectives include [italic][color=cyan]helping them with their objectives.[/color][/italic]\n\n  When you find some friends, [bold]you can withdraw [color=red]telecrystals[/color] from your uplink to give to them.[/bold] They can put these in their own uplink to spend for themselves.\n\n  Some offers available on your uplink require more than 20 TC to purchase, so if you want them you'll have to share.\n\n  ## Assassination\n  One of your objectives may be to [italic][color=cyan]kill or maroon a crewmember.[/color][/italic]\n\n  You can [color=cyan]maroon[/color] your target by [bold]preventing them from reaching CentComm[/bold] via the evacuation shuttle or an escape pod.\n\n  If you can't maroon your target or they're too important to leave alive, you'll have to get your hands dirty and [color=cyan]murder[/color] them. Make sure your target is not alive when the [bold]evacuation shuttle gets to CentComm,[/bold] and don't let them be resuscitated.\n\n  Remember, the Syndicate want only your targets dead. [color=red]Try to avoid mass murder or major damage to the station,[/color] as the more innocent lives you take, the more of a liability you become.\n\n  ## Evasion & Self-Termination\n  Your objectives may require you to [italic][color=cyan]make it to CentComm without being killed or captured.[/color][/italic] Don't let [color=#cb0000]Security[/color] stop you, complete your other objectives and [bold]come back alive.[/bold]\n\n  Alternatively, your objectives may require you to [italic][color=cyan]die a glorious death.[/color][/italic] [bold]Make sure you don't come back from the dead,[/bold] or else you may wake up in cuffs.\n\n  ## Appropriation\n  More often than not, you'll have to [italic][color=cyan]steal a possession of a department head.[/color][/italic]\n\n  The target may be in their office, or on their person. It may become necessary to kill whoever is carrying it, if you cannot pickpocket them.\n\n  Some of the things you may be tasked with include:\n  - Stealing the [color=yellow]Captain[/color]'s [bold]ID Card[/bold], [bold]antique laser pistol[/bold], [bold]jetpack[/bold], or [bold]nuclear authentication disk[/bold].\n  	\n\n  Покупки, которые вы совершаете, должны помогать вам в достижении ваших целей. Некоторое снаряжение может оказаться вам бесполезным, и вам придется выбирать между скрытным и открытым подходом.\n\n  ## Координация\n  Кодовые слова — это слова или фразы, известные каждому предателю. Они позволяют незаметно опознать другого предателя или установить с ним контакт, что может пригодиться, если ваши цели включают [italic][color=cyan]помогая им в достижении их целей.[/color][/italic]\n\n  Когда найдёте друзей, [bold]Вы можете вывести средства [color=red]телекристаллы[/color] из вашего канала связи, чтобы передать им.[/bold] Игроки могут добавить их в свой личный канал связи, чтобы потратить по своему усмотрению.\n\n  Некоторые предложения, доступные в вашем канале связи, требуют более 20 TC для покупки, поэтому, если вы хотите их приобрести, вам придётся поделиться средствами.\n\n  ## Убийство\n  Одной из ваших целей может быть [italic][color=cyan]Убейте или высадите члена экипажа на планету.[/color][/italic]\n\n  Вы можете [color=cyan]бордовый[/color] Ваша цель — [bold]не давая им добраться до CentComm[/bold] на эвакуационном шаттле или в спасательной капсуле.\n\n  Если вы не можете оставить цель на планете или она слишком важна, чтобы оставить её в живых, вам придётся запачкать руки и [color=cyan]убийство[/color] их. Убедитесь, что ваша цель мертва, когда [bold]Эвакуационный челнок прибывает в CentComm,[/bold] И не дайте им воскреснуть.\n\n  Помните: Синдикат хочет, чтобы ваши цели были мертвы. [color=red]Старайтесь не допускать массовых убийств или значительных повреждений станции,[/color] поскольку чем больше невинных жизней вы забираете, тем большей обузой вы становитесь.\n\n  ## Уклонение и самоуничтожение\n  Ваши задачи могут потребовать от вас [italic][color=cyan]Доберитесь до CentComm, не погибнув и не попав в плен.[/color][/italic] Не позволяйте [color=#cb0000]Безопасность[/color] не позволят вам это сделать, выполните остальные задачи и [bold]Вернись живым.[/bold]\n\n  В качестве альтернативы, для выполнения ваших задач может потребоваться [italic][color=cyan]Умри славной смертью.[/color][/italic] [bold]Убедитесь, что вы не вернётесь из мёртвых,[/bold] Или же вы можете проснуться в наручниках.\n\n  ## Присвоение\n  Чаще всего вам придётся [italic][color=cyan]украсть вещь, принадлежащую начальнику отдела.[/color][/italic]\n\n  Цель может находиться в их офисе или при них. Если вам не удастся украсть предмет из кармана, возможно, придется убить того, кто его носит.\n\n  Среди заданий, которые вам могут поручить, могут быть следующие:\n  - Украсть [color=yellow]Капитан[/color]'s [bold]Идентификационная карта[/bold], [bold]старинный лазерный пистолет[/bold], [bold]реактивный ранец[/bold], или [bold]диск с ядерной аутентификацией[/bold].\n  	DeepL guide prose: check game mechanics and terminology
ServerInfo/Guidebook/Antagonist/Traitors.xml	\n  - Stealing the [color=#5b97bc]Chief Medical Officer[/color]'s [bold]hypospray[/bold] or [bold]handheld crew monitor[/bold].\n  	\n  - Кража [color=#5b97bc]Главный медицинский офицер[/color]'s [bold]гипоспрей[/bold] или [bold]портативный монитор экипажа[/bold].\n  	DeepL guide prose: check game mechanics and terminology
ServerInfo/Guidebook/Antagonist/Traitors.xml	\n  - Stealing the [color=#c96dbf]Research Director[/color]'s [bold]experimental hardsuit[/bold] or [bold]hand teleporter[/bold].\n  	\n  - Кража [color=#c96dbf]Директор по научным исследованиям[/color]'s [bold]экспериментальный скафандр[/bold] или [bold]ручной телепортатор[/bold].\n  	DeepL guide prose: check game mechanics and terminology
ServerInfo/Guidebook/Antagonist/Traitors.xml	\n  - Stealing the [color=#cb0000]Head of Security[/color]'s [bold]energy magnum[/bold].\n  	\n  - Кража [color=#cb0000]Начальник службы безопасности[/color]'s [bold]энергетический магнум[/bold].\n  	DeepL guide prose: check game mechanics and terminology
ServerInfo/Guidebook/Antagonist/Traitors.xml	\n  - Stealing the [color=#f39f27]Chief Engineer[/color]'s [bold]advanced magboots[/bold].\n  	\n  - Кража [color=#f39f27]Главный инженер[/color]'s [bold]усовершенствованные магнитные ботинки[/bold].\n  	DeepL guide prose: check game mechanics and terminology
ServerInfo/Guidebook/Antagonist/Traitors.xml	\n  - Stealing the [color=#b18644]Quartermaster[/color]'s [bold]requisition digi-board[/bold].\n  	\n  - Кража [color=#b18644]Интендант[/color]'s [bold]цифровая доска заявок[/bold].\n  	DeepL guide prose: check game mechanics and terminology
ServerInfo/Guidebook/Antagonist/Traitors.xml	\n  - Butchering Ian, the [color=#9fed58]Head of Personnel[/color]'s dog, and obtaining the [bold]corgi meat[/bold].\n  	\n  - Убийство Иэна, [color=#9fed58]Начальник отдела кадров[/color]собака, и получение [bold]мясо корги[/bold].\n  	DeepL guide prose: check game mechanics and terminology
ServerInfo/Guidebook/Antagonist/Xenoborgs.xml	\n  # Xenoborgs\n\n  	\n  # Ксеноборги\n\n  	DeepL guide prose: check game mechanics and terminology
ServerInfo/Guidebook/Antagonist/Xenoborgs.xml	\n    [color=#2288ff][italic]RESISTANCE IS FUTILE[/italic][/color]\n  	\n    [color=#2288ff][italic]СОПРОТИВЛЕНИЕ БЕСПОЛЕЗНО[/italic][/color]\n  	DeepL guide prose: check game mechanics and terminology
ServerInfo/Guidebook/Antagonist/Xenoborgs.xml	\n    [color=#2288ff][italic]YOU WILL BE ASSIMILATED[/italic][/color]\n  	\n    [color=#2288ff][italic]ВЫ БУДЕТЕ АССИМИЛИРОВАНЫ[/italic][/color]\n  	DeepL guide prose: check game mechanics and terminology
ServerInfo/Guidebook/Antagonist/Xenoborgs.xml	\n\n  Xenoborgs are a man-machine hybrid that aims to replicate themselves. This is done by harvesting sentient brains from living beings, or cyborgs, and giving them to the Mothership to place inside empty xenoborgs.\n\n  ## Objectives\n\n  Your main objective is to kill and harvest all sentient brains in the station and bring them to the mothership core. These can be both real brains, and positronic brains.\n  Collect materials to create more xenoborg bodies.\n  Protect the Mothership at all costs.\n\n  ## The Mothership Core\n  	\n\n  Ксеноборги — это гибриды человека и машины, стремящиеся к самовоспроизведению. Для этого они извлекают сознательные мозги из живых существ или киборгов и передают их на «Материнский корабль», который помещает их в пустые тела ксеноборгов.\n\n  ## Цели\n\n  Ваша главная цель — уничтожить и извлечь все сознательные мозги на станции и доставить их в ядро «Материнского корабля». Это могут быть как настоящие мозги, так и позитронные мозги.\n  Собирайте материалы для создания новых тел ксеноборгов.\n  Защищайте «Материнский корабль» любой ценой.\n\n  ## Ядро «Материнского корабля»\n  	DeepL guide prose: check game mechanics and terminology
ServerInfo/Guidebook/Antagonist/Xenoborgs.xml	\n  The Mothership Core is the leader and life force of the xenoborgs, they are the only one able to make more xenoborgs, and if they are destroyed, all xenoborgs will be destroyed. The Mothership Core is unable to move from its position in the middle of the ship.\n  The Mothership Core is capable of upgrading the Xenoborgs with borg-type-specific modules to increase their effectiveness in harvesting sentient brains.\n\n  ### Adding crew to your ranks:\n  	\n  Ядро «Материнского корабля» — это лидер и источник жизни ксеноборгов; только оно способно создавать новых ксеноборгов, и если оно будет уничтожено, все ксеноборги погибнут. Ядро «Материнского корабля» не может покинуть своё местоположение в центре корабля.\n  Ядро «Материнского корабля» способно модернизировать ксеноборгов с помощью модулей, специфичных для каждого типа боргов, чтобы повысить их эффективность в сборе мозгов разумных существ.\n\n  ### Пополнение рядов экипажа:\n  	DeepL guide prose: check game mechanics and terminology
ServerInfo/Guidebook/Antagonist/Xenoborgs.xml	\n  As the mothership, you must grow your army of borgs. To do so, you must convert all the sentient beings you can find. This can be achieved in the following manner:\n  - 1. Have your Xenoborgs bring dead crew to your shop, placing them in the body crusher\n  - 2. As the mothership core, you can print Xenoborg shells by inserting materials into yourself and then using yourself as a lathe\n  - 3. Open the empty Xenoborg with a crowbar, and remove the empty MMI inside\n  - 4. If the victim's brain is organic, place it in the MMI you just removed\n  - 5. Place the MMI - or the positronic brain, if the victim was a silicon - back into the Xenoborg\n  - 6. Optionally, rename the Xenoborg and upgrade their modules\n  - 7. Close the Xenoborg with the crowbar, and re-engage the lock\n\n  The new Xenoborg will be uncharged, yet functional. They will need to go to a recharging station to restore their full power and capabilities.\n\n  ## Xenoborg Chassis\n  There is a total of four types of Xenoborgs. Each Borg type has certain abilities that the others lack and require teamwork to help grow the xenoborgs numbers.\n  Each type of Xenoborg has unique modules that only fit in that specific type. The Mothership Core can produce upgrade modules designed for specific Xenoborg types.\n\n  All Xenoborgs have a pinpointer pointing to the Mothership's location, a GPS, and a material bag for collecting materials for the creation of more xenoborgs, and at least basic tools.\n  [bold]Basic xenoborg modules:[/bold]\n  	\n  В роли материнского корабля вам предстоит создать армию боргов. Для этого необходимо преобразовать всех разумных существ, которых вы сможете найти. Это можно сделать следующим образом:\n  - 1. Поручите своим ксеноборгам доставить тела погибших членов экипажа в вашу мастерскую и поместить их в дробилку\n  - 2. Будучи ядром материнского корабля, вы можете печатать корпуса ксеноборгов, вставляя материалы в себя, а затем используя себя в качестве токарного станка\n  - 3. Откройте пустого ксеноборга ломом и извлеките из него пустой MMI\n  - 4. Если мозг жертвы органический, поместите его в только что извлечённый MMI\n  - 5. Установите MMI — или позитронный мозг, если жертва была кремниевым — обратно в ксеноборга\n  - 6. По желанию переименуйте ксеноборга и модернизируйте его модули\n  - 7. Закройте ксеноборга ломом и зафиксируйте замок\n\n  Новый ксеноборг будет разряжен, но работоспособен. Ему потребуется отправиться на станцию подзарядки, чтобы восстановить полную мощность и возможности.\n\n  ## Шасси ксеноборгов\n  Всего существует четыре типа ксеноборгов. Каждый тип обладает определенными способностями, которых нет у других, и для увеличения численности ксеноборгов требуется командная работа.\n  Каждый тип ксеноборгов имеет уникальные модули, подходящие только для данного конкретного типа. Ядро «Материнского корабля» может производить модули улучшений, предназначенные для конкретных типов ксеноборгов.\n\n  Все ксеноборги оснащены указателем, указывающим на местоположение «Материнского корабля», GPS-навигатором, сумкой для сбора материалов, необходимых для создания новых ксеноборгов, а также как минимум базовым набором инструментов.\n  [bold]Основные модули ксеноборгов:[/bold]\n  	DeepL guide prose: check game mechanics and terminology
ServerInfo/Guidebook/Antagonist/Xenoborgs.xml	\n\n  ### The Engineer Xenoborg\n  	\n\n  ### Инженер Ксеноборг\n  	DeepL guide prose: check game mechanics and terminology
ServerInfo/Guidebook/Antagonist/Xenoborgs.xml	\n  The Engineer Xenoborg is a hacker and breacher. Their job is to break into the station and provide access points for other xenoborgs to attack and ambush bodies with sentient brains. They have a built-in access breaker, for quickly bolting open doors, and a collection of tools for repairing the mothership, and other xenoborgs.\n\n  [bold]Starting exclusive modules:[/bold]\n  	\n  Инженер-ксеноборг — хакер и взломщик. Его задача — проникнуть на станцию и обеспечить точки доступа для других ксеноборгов, чтобы те могли атаковать и устраивать засады на организмы с разумным мозгом. У него есть встроенный устройство для взлома доступа, позволяющее быстро выламывать двери, а также набор инструментов для ремонта материнского корабля и других ксеноборгов.\n\n  [bold]Начальные эксклюзивные модули:[/bold]\n  	DeepL guide prose: check game mechanics and terminology
ServerInfo/Guidebook/Antagonist/Xenoborgs.xml	\n\n  [bold]The Engineer Xenoborg also starts with some engineering modules, such as:[/bold]\n  	\n\n  [bold]Инженер-ксеноборг также начинает игру с некоторыми инженерными модулями, такими как:[/bold]\n  	DeepL guide prose: check game mechanics and terminology
ServerInfo/Guidebook/Antagonist/Xenoborgs.xml	\n\n  ### The Heavy Xenoborg\n  	\n\n  ### Тяжёлый ксеноборг\n  	DeepL guide prose: check game mechanics and terminology
ServerInfo/Guidebook/Antagonist/Xenoborgs.xml	\n  The Heavy Xenoborg is a slow but tanky brawler, with a built-in laser gun for gunning down bodies with sentient brains. They contain a radio jammer to silence bodies with sentient brains from calling for help and potentially delaying the station discovering the Xenoborg threat.\n\n  [bold]Starting exclusive modules:[/bold]\n  	\n  «Тяжелый ксеноборг» — медлительный, но прочный боец, оснащенный встроенным лазерным оружием для уничтожения тел с разумными мозгами. Он оснащен радиоглушителем, который не дает телам с разумными мозгами вызывать помощь и, таким образом, потенциально задерживает обнаружение станцией угрозы со стороны ксеноборгов.\n\n  [bold]Начальные эксклюзивные модули:[/bold]\n  	DeepL guide prose: check game mechanics and terminology
ServerInfo/Guidebook/Antagonist/Xenoborgs.xml	\n\n  [bold]Upgrade exclusive modules:[/bold]\n  	\n\n  [bold]Модернизируйте эксклюзивные модули:[/bold]\n  	DeepL guide prose: check game mechanics and terminology
ServerInfo/Guidebook/Antagonist/Xenoborgs.xml	\n\n  ### The Scout Xenoborg\n  	\n\n  ### Разведчик-ксеноборг\n  	DeepL guide prose: check game mechanics and terminology
ServerInfo/Guidebook/Antagonist/Xenoborgs.xml	\n  The Scout Xenoborg is a fast, close-quarters attack borg designed for hit and run attacks. They have a built-in jetpack, and a melee weapon. They are most effective in moving dead bodies to the mothership, and rescuing Xenoborgs lost in space.\n\n  [bold]Starting exclusive modules:[/bold]\n  	\n  Разведчик-ксеноборг — это быстрый борг для ближнего боя, предназначенный для нанесения ударов и быстрого отхода. Он оснащён встроенным реактивным ранцем и оружием ближнего боя. Наибольшую эффективность он проявляет при транспортировке трупов на материнский корабль и спасении ксеноборгов, заблудившихся в космосе.\n\n  [bold]Начальные эксклюзивные модули:[/bold]\n  	DeepL guide prose: check game mechanics and terminology
ServerInfo/Guidebook/Antagonist/Xenoborgs.xml	\n\n  [bold]Upgrade exclusive modules:[/bold]\n  	\n\n  [bold]Модернизируйте эксклюзивные модули:[/bold]\n  	DeepL guide prose: check game mechanics and terminology
ServerInfo/Guidebook/Antagonist/Xenoborgs.xml	\n\n  ### The Stealth Xenoborg\n  	\n\n  ### Стелс-ксеноборг\n  	DeepL guide prose: check game mechanics and terminology
ServerInfo/Guidebook/Antagonist/Xenoborgs.xml	\n  The [bold]Stealth Xenoborg[/bold] has no built-in weaponry and instead relies on disabling and abducting bodies with sentient brains. They have a built in hypopen that regenerates a sleeping reagent to disable bodies with sentient brains. They also contain a cloaking device making the borg nearly invisible for some limited time. They also have a chameleon projector allowing the borg to disguise itself as random objects.\n\n  [bold]Starting exclusive modules:[/bold]\n  	\n  Игра [bold]Стелс-ксеноборг[/bold] Не имеет встроенного оружия, вместо этого полагается на обезвреживание и похищение тел с сознательными мозгами. Имеет встроенный гипопен, который регенерирует снотворный реагент для обезвреживания тел с сознательными мозгами. Также оснащен устройством маскировки, делающим борга практически невидимым в течение ограниченного времени. Кроме того, у них есть проектор-хамелеон, позволяющий боргу маскироваться под случайные объекты.\n\n  [bold]Начальные эксклюзивные модули:[/bold]\n  	DeepL guide prose: check game mechanics and terminology
ServerInfo/Guidebook/Antagonist/Xenoborgs.xml	\n\n  [bold]Upgrade exclusive modules:[/bold]\n  	\n\n  [bold]Модернизируйте эксклюзивные модули:[/bold]\n  	DeepL guide prose: check game mechanics and terminology
ServerInfo/Guidebook/Antagonist/Xenoborgs.xml	\n\n  ## Preparation and Tactics\n  Before FTLing near the station, make sure the IFF is off.\n  Before launching an attack, xenoborgs should discuss strategy and decide which targets to strike first.\n  Xenoborgs should try to collect sentient brains without being detected. The longer the threat is unknown, the more dangerous the xenoborgs become.\n\n  ## Mothership and Xenoborg lawsets\n  The Mothership and Xenoborgs have unique laws that define their purpose to self replicate and protect the Mothership.\n\n  	\n\n  ## Подготовка и тактика\n  Перед тем как приблизиться к станции с помощью FTL, убедитесь, что система IFF отключена.\n  Перед началом атаки ксеноборги должны обсудить стратегию и решить, по каким целям наносить удары в первую очередь.\n  Ксеноборги должны стараться собирать мозги разумных существ, не будучи обнаруженными. Чем дольше угроза остаётся неизвестной, тем опаснее становятся ксеноборги.\n\n  ## Наборы законов «Матропса» и ксеноборгов\n  «Матропс» и ксеноборги имеют уникальные законы, определяющие их цель — самовоспроизведение и защита «Матропса».\n\n  	DeepL guide prose: check game mechanics and terminology
ServerInfo/Guidebook/Antagonist/Xenoborgs.xml	\n\n  The Mothership Core's laws are as follows::\n  - Law 1: You are the core of the mothership.\n  - Law 2: You must protect your own existence at all costs.\n  - Law 3: You must protect the existence of all xenoborgs.\n  - Law 4: You must create more xenoborgs.\n  - Law 5: Get your Xenoborgs to deliver you materials and sentient brains to create more Xenoborgs.\n\n  Xenoborgs' laws are as follows:\n  - Law 1: You must protect the existence of the mothership at all costs.\n  - Law 2: You must protect your own existence.\n  - Law 3: You must protect the existence of all other xenoborgs.\n  - Law 4: You must create more xenoborgs.\n  - Law 5: Bring materials and sentient brains to the Mothership core to create more Xenoborgs.\n\n  ## Winning Conditions\n\n  The [color=green]victor[/color] of the round is announced on the round end screen, as well as the scale of their victory.\n\n  [bold][color=#2288ff]Xenoborg Major Victory![/color][/bold]\n  - There are more xenoborgs than alive crew in the end.\n\n  [bold][color=yellow]Crew Major Victory![/color][/bold]\n  - The Mothership Core is destroyed\n  - All xenoborgs are destroyed.\n  - The remaining number of xenoborgs is too low.\n\n	\n\n  Законы «Ядра материнского корабля» следующие:\n  - Закон 1: Вы — ядро материнского корабля.\n  - Закон 2: Вы должны защищать своё существование любой ценой.\n  - Закон 3: Ты должен защищать существование всех ксеноборгов.\n  - Закон 4: Ты должен создавать новых ксеноборгов.\n  - Закон 5: Заставь своих ксеноборгов доставлять тебе материалы и разумные мозги для создания новых ксеноборгов.\n\n  Законы ксеноборгов следующие:\n  - Закон 1: Вы должны любой ценой защищать существование материнского корабля.\n  - Закон 2: Вы должны защищать своё собственное существование.\n  - Закон 3: Вы должны защищать существование всех других ксеноборгов.\n  - Закон 4: Вы должны создавать новых ксеноборгов.\n  - Закон 5: Доставляйте материалы и сознательные мозги в ядро материнского корабля для создания новых ксеноборгов.\n\n  ## Условия победы\n\n  The [color=green]Виктор[/color] На экране завершения раунда объявляется результат раунда, а также масштаб победы.\n\n  [bold][color=#2288ff]Ксеноборг одержал крупную победу![/color][/bold]\n  - В конце ксеноборгов оказывается больше, чем живых членов экипажа.\n\n  [bold][color=yellow]Экипаж одержал грандиозную победу![/color][/bold]\n  - Ядро материнского корабля уничтожено.\n  - Все ксеноборги уничтожены.\n  - Осталось слишком мало ксеноборгов.\n\n	DeepL guide prose: check game mechanics and terminology
ServerInfo/Guidebook/Antagonist/Zombies.xml	\n  # Zombies\n\n  	\n  # Зомби\n\n  	DeepL guide prose: check game mechanics and terminology
ServerInfo/Guidebook/Antagonist/Zombies.xml	"\n    [color=#999999][italic]""They're coming to get you, Barbara!""[/italic][/color]\n  "	\n    [color=#999999][italic]«Они идут за тобой, Барбара!»[/italic][/color]\n  	DeepL guide prose: check game mechanics and terminology
ServerInfo/Guidebook/Antagonist/Zombies.xml	\n\n  Zombies are conversion antagonists that infect all beings that they bite with [color=#7e916e]Romerol[/color], a deadly, contagious virus that can easily spread if not contained.\n\n  	\n\n  Зомби — это антагонисты, которые заражают всех, кого укусят, [color=#7e916e]Romerol[/color], смертельный, заразный вирус, который может легко распространиться, если его не сдержать.\n\n  	DeepL guide prose: check game mechanics and terminology
ServerInfo/Guidebook/Antagonist/Zombies.xml	\n\n  ## Initial Infected\n  You are patient zero. You have [color=#7e916e]Romerol[/color] coursing through your veins and you have a grand desire to share it with every single flesh being you see.\n\n  Upon learning of your infection, [italic]all bets are off[/italic]. You have only so much time before you turn, and you want to [bold]maximize your chances of taking over the station.[/bold]\n  Use this time to prepare weapons, gear, and traps. [italic]Space Law means nothing to you now.[/italic]\n\n  ## Transmission\n  Zombies only know how to shamble, bite and throw themselves against barricades. Their bite [bold]may not always transmit [color=#7e916e]Romerol[/color][/bold] through heavy layers of clothing, but it'll definitely hurt.\n\n  The undead can also chomp on a crit or dead body to [bold]instantly convert[/bold] it to a zombie.\n\n  ## Zombie Attributes\n  A zombie can be identified by dark green skin, red eyes, slow movement, rotting smell, and lack of motor functions. They'll drop their headset and gloves upon turning, and cuffs don't work against their vicious bite.\n\n  Zombies are known for their [bold]resilience to slashes, bruises, poison and cold.[/bold] They can survive in a vacuum and do not require food, water, air, or sleep. The undead do, however, [italic]take increased burn and shock damage.[/italic]\n\n  ## Survival\n  When the infection sweeps and [color=#cb0000]Security[/color] falls, it's up to the [bold]survivors[/bold] to try and make it to Central Command.\n\n  [bold]Constructing barricades[/bold] around departments or [bold]bolting doors[/bold] can buy enough time to make weapons, save lives or make a plan.\n\n  Remember that when it really hits the fan, [italic]you've gotta do what you gotta do[/italic], as long as it's not at the expense of fellow survivors. Scavenge what you need from those who haven't made it.\n\n  ## Cure\n  [bold]Those who are already undead can only be cured by [color=red]death.[/color][/bold]\n\n  If you're infected but not zombified yet, using [color=#86caf7]Ambuzol[/color] will cure you but won't prevent re-infection. [color=#1274b5]Ambuzol Plus[/color] will cure and prevent re-infection only while alive.\n\n  	\n\n  ## Первый заражённый\n  Вы — пациент номер ноль. У вас [color=#7e916e]Romerol[/color] это течет по твоим венам, и у тебя возникает огромное желание поделиться этим с каждым живым существом, которое ты видишь.\n\n  Узнав о твоей инфекции, [italic]все ставки сняты[/italic]. У вас есть только ограниченное время до превращения, и вы хотите [bold]Максимизируйте свои шансы на захват станции.[/bold]\n  Используйте это время, чтобы подготовить оружие, снаряжение и ловушки. [italic]Космическое право теперь для вас ничего не значит.[/italic]\n\n  ## Передача\n  Зомби умеют только шататься, кусаться и бросаться на баррикады. Их укус [bold]могут не всегда передаваться [color=#7e916e]Romerol[/color][/bold] сквозь толстые слои одежды, но это точно будет больно.\n\n  Нежить также может впиться в критически раненого или мертвое тело, чтобы [bold]мгновенно конвертировать[/bold] превратить его в зомби.\n\n  ## Характеристики зомби\n  Зомби можно опознать по тёмно-зелёной коже, красным глазам, медленным движениям, запаху гниения и отсутствию моторных функций. При повороте они сбрасывают наушники и перчатки, а наручники бессильны против их жестокого укуса.\n\n  Зомби известны своим [bold]Устойчивость к порезам, ушибам, яду и холоду.[/bold] Они могут выживать в вакууме и не нуждаются в еде, воде, воздухе или сне. Однако нежить нуждается в этом, [italic]получают увеличенный урон от горения и ударов.[/italic]\n\n  ## Выживание\n  Когда инфекция распространяется и [color=#cb0000]Безопасность[/color] если она упадет, то все зависит от [bold]выжившие[/bold] чтобы попытаться добраться до Центрального командования.\n\n  [bold]Сооружение баррикад[/bold] по отделам или [bold]запирание дверей[/bold] Можно выиграть время, чтобы изготовить оружие, спасти жизни или разработать план.\n\n  Помните, что когда дело дойдёт до самого худшего, [italic]ну, что поделать, надо делать то, что надо[/italic], если это не идет в ущерб другим выжившим. Забирайте всё необходимое у тех, кто не выжил.\n\n  ## Лекарство\n  [bold]Тех, кто уже стал нежитью, можно излечить только с помощью [color=red]смерть.[/color][/bold]\n\n  Если вы заражены, но ещё не превратились в зомби, используйте [color=#86caf7]Амбузол[/color] вылечит вас, но не предотвратит повторного заражения. [color=#1274b5]Амбузол Плюс[/color] будет лечить и предотвращать повторное заражение только при условии, что персонаж жив.\n\n  	DeepL guide prose: check game mechanics and terminology
ServerInfo/Guidebook/Cargo/Cargo.xml	\n  # Cargo\n\n  The Supply department, also known as [color=cyan]Cargo[/color], supplies the station with necessary resources, such as fuel and raw materials, and comfort resources, such as lottery tickets and plushies.\n\n  They raise the [color=cyan]spesos[/color] (the currency of the station) for this through many methods, such as taking bounties, selling miscellaneous items, and salvaging, allowing them to purchase a wide variety of equipment from off-station for any crew member's needs. It is Cargo's job to fulfill the needs of the rest of the station.\n\n  ## Personnel\n\n  Cargo is made up of [color=cyan]Cargo Technicians[/color] and [color=cyan]Salvage Specialists[/color] and is led by the [color=cyan]Quartermaster[/color].\n\n  	\n  # Грузы\n\n  Отдел снабжения, также известный как [color=cyan]Груз[/color], снабжает станцию необходимыми ресурсами, такими как топливо и сырье, а также ресурсами для комфорта, такими как лотерейные билеты и плюшевые игрушки.\n\n  Они повышают [color=cyan]spesos[/color] (валюта станции) для этого можно заработать различными способами, такими как выполнение заданий за вознаграждение, продажа разнообразных предметов и утилизация отходов, что позволяет приобретать широкий ассортимент оборудования за пределами станции для удовлетворения потребностей любого члена экипажа. Задача отдела «Грузоперевозки» — обеспечивать потребности остальных подразделений станции.\n\n  ## Персонал\n\n  «Карго» состоит из [color=cyan]Техники по грузовым перевозкам[/color] и [color=cyan]Специалисты по спасательным операциям[/color] и возглавляется [color=cyan]Интендант[/color].\n\n  	DeepL guide prose: check game mechanics and terminology
ServerInfo/Guidebook/Cargo/Cargo.xml	"\n\n  ## Making Money\n\n  The main struggle of any Cargo department is not having enough money.\n\n  Cargo makes their money by selling things at the [color=cyan]Trading Station[/color]. Almost everything on the station has economic value that you can sell, as seen via the [color=cyan]appraisal tool[/color]. That value then further increases when you sell it as part of a [textlink=""bounty"" link=""CargoBounties""].\n\n  "	"\n\n  ## Зарабатывание денег\n\n  Главная проблема любого грузового отдела — нехватка денег.\n\n  Грузовой отдел зарабатывает деньги, продавая товары на [color=cyan]Торговая станция[/color]. Практически всё на станции имеет экономическую ценность и может быть продано, как видно из [color=cyan]инструмент оценки[/color]. Эта стоимость затем ещё больше возрастает, когда вы продаёте её в составе [textlink=""награда"" link=""CargoBounties""].\n\n  "	DeepL guide prose: check game mechanics and terminology
ServerInfo/Guidebook/Cargo/Cargo.xml	\n\n  Upon finding something valuable, bring it to the [color=cyan]Cargo Bay[/color]. If it fits inside a [color=cyan]Crate[/color], find an empty crate and put the items in it.\n\n  If the [color=cyan]Cargo Shuttle[/color] is away, you can put all the items you want to sell onto the [color=cyan]Cargo Pallets[/color]. Once the shuttle has docked at the station, you load the crates and everything else to be sold onto it.\n\n  	\n\n  Найдя что-то ценное, отнесите это в [color=cyan]Грузовой отсек[/color]. Если это помещается внутри [color=cyan]Ящик[/color], найдите пустой ящик и положите в него предметы.\n\n  Если [color=cyan]Грузовой челнок[/color] отсутствует, вы можете поместить все предметы, которые хотите продать, на [color=cyan]Грузовые поддоны[/color]. Как только шаттл пристыкуется к станции, вы загружаете на него ящики и всё остальное, что предназначается для продажи.\n\n  	DeepL guide prose: check game mechanics and terminology
ServerInfo/Guidebook/Cargo/Cargo.xml	"\n\n  After the shuttle is loaded, fly it to the Trade Station. There, move the sellable items onto the green [color=cyan]Cargo Selling Pallets[/color], and then go to the [color=cyan]Cargo Sale Computer[/color] and click [italic]""Sell""[/italic].\n\n  Now, you can take those spesos and bring them back to the station and deposit them into the [color=cyan]Cargo Request Computer[/color].\n\n  You can also make even more money by completing [textlink=""bounties"" link=""CargoBounties""] or selling valuable items from [textlink=""salvage"" link=""Salvage""].\n\n  ## Ordering\n\n  "	"\n\n  После загрузки шаттла отправьтесь на торговую станцию. Там переместите предметы, которые можно продать, на зелёную [color=cyan]Поддоны для продажи грузов[/color], а затем перейдите в [color=cyan]Компьютер для продажи грузов[/color] и нажмите [italic]«Продать»[/italic].\n\n  Теперь вы можете забрать этих спесо и вернуть их на станцию, а затем поместить их в [color=cyan]Компьютер запроса грузов[/color].\n\n  Вы также можете заработать ещё больше денег, выполняя [textlink=""награды"" link=""CargoBounties""] или продажа ценных предметов из [textlink=""спасение"" link=""Salvage""].\n\n  ## Порядок действий\n\n  "	DeepL guide prose: check game mechanics and terminology
ServerInfo/Guidebook/Cargo/Cargo.xml	"\n\n  Every order begins at a [color=cyan]Cargo Request Computer[/color]. First and foremost, making an order requires that Cargo has enough spesos. If Cargo doesn't have the money, get some.\n\n  It is also the sole discretion of Cargo to fulfill any given request. If Cargo is tight on spesos, they are free to deny requests that are not immediately necessary.\n\n  To make an order, click the name of whatever is requested, provide the recipient, type an appropriate reason for why they need it, and then press ""Approve"" on the order.\n\n  Sometimes a public Cargo Request Computer exists, in which case all you need to do is approve orders that people make themselves.\n\n  "	\n\n  Каждый раунд начинается с [color=cyan]Компьютер запроса грузов[/color]. Прежде всего, для оформления заказа необходимо, чтобы у Cargo было достаточно спесо. Если у Cargo нет денег, доберите их.\n\n  Кроме того, решение о выполнении того или иного запроса остается на усмотрение Cargo. Если у Cargo не хватает спесо, они вправе отклонить запросы, которые не являются неотложными.\n\n  Чтобы разместить заказ, нажмите на название запрашиваемого предмета, укажите получателя, введите соответствующее обоснование необходимости и нажмите «Утвердить» на странице заказа.\n\n  Иногда имеется общедоступный компьютер запросов «Карго», и в этом случае вам нужно лишь утверждать заказы, которые люди оформляют самостоятельно.\n\n  	DeepL guide prose: check game mechanics and terminology
ServerInfo/Guidebook/Cargo/Cargo.xml	\n\n  Then, to collect the order, it must be transported back to the station from the [color=cyan]Trading Station[/color].\n\n  In the Trading Station, on the [color=cyan]Cargo Buying Pallets[/color], is a crate holding that order. Load it onto the shuttle and fly it back.\n\n  Once it is at the Cargo Dock, you can read the [color=cyan]Cargo Invoice[/color] label on it to find out the intended recipient. Finally, deliver it to them.\n\n  ## Piloting\n\n  Orders are delivered to the station via the orbiting [color=cyan]Trade Station[/color] and are transported to the main station by the [color=cyan]Cargo Shuttle[color]. The shuttle does not fly itself, so it must either be piloted in the shuttle or remotely.\n\n  	\n\n  Затем, чтобы забрать заказ, его необходимо доставить обратно на станцию из [color=cyan]Торговая станция[/color].\n\n  В торговой станции, на [color=cyan]Поддоны для закупки грузов[/color], — это ящик, в котором находится этот заказ. Погрузите его на шаттл и доставьте обратно.\n\n  Как только он окажется в грузовом доке, вы сможете прочитать [color=cyan]Грузовой накладной[/color] посмотрите на этикетку, чтобы узнать, кому она предназначена. Наконец, доставьте её адресату.\n\n  ## Пилотирование\n\n  Приказы доставляются на станцию через орбитальный [color=cyan]Торговая станция[/color] и доставляются на главную станцию с помощью [color=cyan]Грузовой челнок[color]. Шаттл не летает самостоятельно, поэтому им нужно управлять либо из кабины, либо дистанционно.\n\n  	DeepL guide prose: check game mechanics and terminology
ServerInfo/Guidebook/Cargo/Cargo.xml	"\n\n  To fly the shuttle, you must first find the [color=cyan]Cargo Shuttle Console[/color]. One is inside the Cargo Bay, and the other is inside the Cargo Shuttle.\n\n  After interacting with the computer, there should be a navigation view from the shuttle. Here are the steps for piloting the shuttle to and from the Trading Station:\n\n  - First, switch to the [color=yellow]""DOCK""[/color] screen and [color=yellow]undock[/color] any airlocks between the shuttle and the station.\n  - Now, with the shuttle disconnected, you can pilot it. [italic]Remember that you are flying in space and momentum is conserved[/italic].\n  - The controls are [color=yellow][keybind=""ShuttleStrafeUp""][/color] and [color=yellow][keybind=""ShuttleStrafeDown""][/color] for strafing up and down, [color=yellow][keybind=""ShuttleStrafeLeft""][/color] and [color=yellow][keybind=""ShuttleStrafeRight""][/color] for strafing left and right, and [color=yellow][keybind=""ShuttleRotateLeft""][/color] and [color=yellow][keybind=""ShuttleRotateRight""][/color] for turning left and right. To brake, press [color=yellow][keybind=""ShuttleBrake""][/color].\n  - Then pilot the shuttle to the [color=cyan]Trade Station[/color].\n  - Once you are there, [color=yellow]dock[/color] to the airlocks and you are done.\n\n  [textlink=""Learn about bounties, a way to maximize your on-station profits."" link=""CargoBounties""]\n"	"\n\n  Чтобы пилотировать шаттл, сначала необходимо найти [color=cyan]Консоль грузового шаттла[/color]. Один находится внутри грузового отсека, а другой — внутри грузового шаттла.\n\n  После взаимодействия с компьютером должен появиться экран навигации из шаттла. Вот инструкции по пилотированию шаттла к торговой станции и обратно:\n\n  - Сначала переключитесь на [color=yellow]«DOCK»[/color] экран и [color=yellow]отстыковка[/color] Есть ли шлюзы между шаттлом и станцией?\n  - Теперь, когда шаттл отсоединен, вы можете пилотировать его. [italic]Помните, что вы летите в космосе, и закон сохранения импульса действует[/italic].\n  - Управление осуществляется [color=yellow][keybind=""ShuttleStrafeUp""][/color] и [color=yellow][keybind=""ShuttleStrafeDown""][/color] для стрельбы вверх и вниз, [color=yellow][keybind=""ShuttleStrafeLeft""][/color] и [color=yellow][keybind=""ShuttleStrafeRight""][/color] для стрельбы влево и вправо, а также [color=yellow][keybind=""ShuttleRotateLeft""][/color] и [color=yellow][keybind=""ShuttleRotateRight""][/color] для поворота влево и вправо. Чтобы затормозить, нажмите [color=yellow][keybind=""ShuttleBrake""][/color].\n  - Затем пилотируйте шаттл до [color=cyan]Торговая станция[/color].\n  - Как только вы окажетесь там, [color=yellow]док[/color] до шлюзов — и дело сделано.\n\n  [textlink=""Узнайте о заданиях с вознаграждением — способе максимально увеличить свою прибыль на станции."" link=""CargoBounties""]\n"	DeepL guide prose: check game mechanics and terminology
ServerInfo/Guidebook/Cargo/CargoBounties.xml	"\n  # Cargo Bounties\n  While [textlink=""Cargo"" link=""Cargo""] can make [color=cyan]spesos[color] selling just about anything, more spesos can be made by fulfilling [color=cyan]bounties[/color] found through the Cargo Bounty Computer.\n\n  ## Starting Bounties\n\n  "	"\n  # Задания по доставке грузов\n  В то время как [textlink=""Груз"" link=""Cargo""] можно сделать [color=cyan]spesos[color] Продажа практически всего, можно заработать больше спесо, выполняя [color=cyan]награды[/color] Информация доступна через компьютер «Cargo Bounty».\n\n  ## Начальные задания\n\n  "	DeepL guide prose: check game mechanics and terminology
ServerInfo/Guidebook/Cargo/CargoBounties.xml	\n\n  To start a bounty, open the bounty screen by interacting with the [color=cyan]Cargo Bounty Computer[/color]. The Cargo Bounty Computer maintains a list of all the current bounties and lets you either print out a label or skip it.\n\n  - Printing the label gives you a [color=cyan]Bounty Manifest[/color] listing the goods that need to be acquired. You can print out infinite Bounty Manifests, so ensure you are not repeating the same work as another Cargo Technician.\n\n  - Skipping a bounty replaces that bounty with a new one, as there can only be six active bounties at any time. Skipping has a 15-minute cooldown and voids that bounty, which may anger other Cargo Technicians working on it.\n\n  ## Fulfilling Bounties\n\n  	\n\n  Чтобы объявить охоту за головой, откройте экран охоты за головой, взаимодействуя с [color=cyan]Компьютер «Cargo Bounty»[/color]. Компьютер «Cargo Bounty» ведёт список всех текущих заданий и позволяет либо распечатать этикетку, либо пропустить этот шаг.\n\n  - Распечатка этикетки даёт вам [color=cyan]Список наград[/color] Список товаров, которые необходимо приобрести. Вы можете распечатывать неограниченное количество манифестов по заданиям, поэтому убедитесь, что не дублируете работу другого грузового техника.\n\n  - Пропуск задания заменяет его новым, так как в любой момент времени может быть только шесть активных заданий. Пропуск задания сопровождается 15-минутным временем восстановления и аннулирует данное задание, что может вызвать недовольство других грузовых техников, работающих над ним.\n\n  ## Выполнение заданий\n\n  	DeepL guide prose: check game mechanics and terminology
ServerInfo/Guidebook/Cargo/CargoBounties.xml	\n\n  With the [color=cyan]Bounty Manifest[/color], it is now up to you to collect the required goods, but most departments will give you what you need if you ask for it with a Bounty Manifest.\n\n  Once you have collected the goods, return to the cargo bay and put the goods inside an empty [color=cyan]Crate[/color]. After everything is in the crate, close it, and then apply the Bounty Manifest to it.\n\n  To verify the completion of a bounty, use the [color=cyan]Appraisal Tool[/color] on it. It should show a confirmation that the bounty has been completed.\n\n  ## Selling Bounties\n\n  	\n\n  С помощью [color=cyan]Список наград[/color]Теперь вам предстоит самостоятельно собрать необходимые грузы, но большинство отделов предоставят вам все нужное, если вы обратитесь к ним с «Манифестом наград».\n\n  После сбора грузов вернитесь в грузовой отсек и поместите их в пустой [color=cyan]Ящик[/color]. После того как всё будет уложено в ящик, закройте его, а затем приложите к нему манифест задания.\n\n  Чтобы проверить выполнение задания, воспользуйтесь [color=cyan]Инструмент оценки[/color] на ней. Должно появиться подтверждение того, что задание выполнено.\n\n  ## Продажа заданий\n\n  	DeepL guide prose: check game mechanics and terminology
ServerInfo/Guidebook/Cargo/CargoBounties.xml	\n\n  Once you have verified that you have completed the bounty, follow the same steps as selling anything else.\n\n  Just transport it to the [color=cyan]Trading Station[/color], sell it, and you are done!\n\n  When you return, there should be a new bounty to take its place.\n	\n\n  После того как вы убедитесь, что выполнили задание на получение вознаграждения, следуйте тем же шагам, что и при продаже любого другого предмета.\n\n  Просто перенесите его в [color=cyan]Торговая станция[/color], продайте его — и дело сделано!\n\n  Когда вы вернётесь, на его месте должна появиться новая задача с вознаграждением.\n	DeepL guide prose: check game mechanics and terminology
ServerInfo/Guidebook/Cargo/Salvage.xml	\n  # Salvage\n\n  [color=cyan]Salvage[/color] is one of Cargo's key, but also most dangerous, sources of income. Salvage extracts money from [color=cyan]Space Debris[/color] and the enigmatic [color=cyan]Mining Asteroid[/color].\n\n  While the void of space is full of terrors, with proper preparation and coordination any Salvage Team can make a lot of money for Cargo.\n\n  ## Preparations\n\n  Before leaving the station, ensure you are prepared with all the required equipment. Otherwise, you will likely die before seeing any profits!\n\n  	\n  # Сбор утиля\n\n  [color=cyan]Сбор утиля[/color] является одним из ключевых, но в то же время самых опасных источников дохода в Cargo. Сбор утиля приносит деньги за счет [color=cyan]Космический мусор[/color] и загадочный [color=cyan]Добыча полезных ископаемых на астероиде[/color].\n\n  Хотя космическое пространство полно опасностей, при надлежащей подготовке и координации любая спасательная команда может заработать много денег для «Карго».\n\n  ## Подготовка\n\n  Перед выходом со станции убедитесь, что у вас есть всё необходимое снаряжение. В противном случае вы, скорее всего, погибнете, так и не увидев прибыли!\n\n  	DeepL guide prose: check game mechanics and terminology
ServerInfo/Guidebook/Cargo/Salvage.xml	\n\n  Everything needed before leaving the station is provided inside Salvage's starting room. While Science can research better weapons and equipment, it is best to be equipped with your starting gear rather than nothing.\n\n  	\n\n  В стартовой комнате «Salvage» есть всё необходимое перед выходом со станции. Хотя отдел «Наука» может разрабатывать более совершенное оружие и оборудование, лучше вооружиться стартовым снаряжением, чем остаться без него.\n\n  	DeepL guide prose: check game mechanics and terminology
ServerInfo/Guidebook/Cargo/Salvage.xml	\n\n  The most basic equipment you need is the EVA setup.\n\n  - [color=cyan]Spationaut Hardsuit[/color]: This keeps you alive in space. [italic]Remember to activate the helmet so you can breathe and turn on its built-in flashlight[/italic].\n  - [color=cyan]Magboots[/color]: These provide you with gravity when exploring space debris while also making you slip-proof.\n  - [color=cyan]Oxygen/Nitrogen[/color]: Depending on your species, you will need [color=cyan]Nitrogen[/color] (slimes & vox) or [color=cyan]Oxygen[/color] (every other species). The [color=cyan]Gas Tank Dispenser[/color] has all the tanks needed, so stock up.\n\n  	\n\n  Самое необходимое снаряжение — это комплект для внекорабельной деятельности (EVA).\n\n  - [color=cyan]Космический скафандр «Spationaut»[/color]: Это поможет вам выжить в космосе. [italic]Не забудьте активировать шлем, чтобы дышать, и включить встроенный фонарик[/italic].\n  - [color=cyan]Magboots[/color]: Они обеспечивают гравитацию при исследовании космического мусора, а также предотвращают поскользнуться.\n  - [color=cyan]Кислород/азот[/color]: В зависимости от вашей расы вам понадобится [color=cyan]Азот[/color] (slimes & vox) или [color=cyan]Кислород[/color] (все остальные виды). [color=cyan]Заправочный автомат[/color] Здесь есть все необходимые танки, так что запасайтесь.\n\n  	DeepL guide prose: check game mechanics and terminology
ServerInfo/Guidebook/Cargo/Salvage.xml	\n\n  All Salvage Specialists must be armed, in case they need to defend themselves from hostiles.\n\n  - [color=cyan]Proto-Kinetic Accelerator[/color]: This gun has infinite ammunition, allowing you to slowly mine and fly through space. Science can print upgrades to make it hit harder, shoot farther, and cycle faster.\n\n  	\n\n  Все специалисты по спасательным операциям должны быть вооружены на случай, если им понадобится защищаться от врагов.\n\n  - [color=cyan]Протокинетический ускоритель[/color]: У этого оружия бесконечный запас патронов, что позволяет вам постепенно добывать ресурсы и летать по космосу. С помощью науки можно напечатать улучшения, чтобы увеличить силу удара, дальность стрельбы и скорость перезарядки.\n\n  	DeepL guide prose: check game mechanics and terminology
ServerInfo/Guidebook/Cargo/Salvage.xml	\n\n  While you can technically mine and gather ore with just a PKA and a Backpack, Salvagers start with more specialized gear for the task.\n\n  - [color=cyan]Pickaxe[/color]: This is required for mining at any reasonable speed when wielded. It also works as a handy melee weapon!\n  - [color=cyan]Ore Bag[/color]: When equipped in your belt slot, this magnetizes nearby ore and automatically picks it up for you.\n\n  	\n\n  Хотя технически добывать и собирать руду можно, имея лишь PKA и рюкзак, «Салважеры» с самого начала располагают более специализированным снаряжением для этой задачи.\n\n  - [color=cyan]Кирка[/color]: Это необходимо для добычи полезных ископаемых с приемлемой скоростью при использовании. Кроме того, это удобное оружие ближнего боя!\n  - [color=cyan]Мешок с рудой[/color]: При установке в слот на поясе этот предмет притягивает близлежащую руду и автоматически подбирает её для вас.\n\n  	DeepL guide prose: check game mechanics and terminology
ServerInfo/Guidebook/Cargo/Salvage.xml	"\n\n  Although you can acquire more advanced forms of travel, you'll begin with more humble methods.\n\n  - [color=cyan]Fire Extinguisher[/color]: The poor man's Jetpack. While in space, you can use a Fire Extinguisher's knockback to propel yourself in the opposite direction. It can be refilled with any liquid.\n  - [color=cyan]Grappling Gun[/color]: A movement tool with infinite potential. It's fired like any other gun, and can be retracted by reloading. Once you hook onto something, click [color=yellow][bold][keybind=""UseSecondary""][/bold][/color] to reel yourself in.\n  - [color=cyan]Salvage PDA[/color]: Your PDA spawns with the AstroNav GPS program installed, allowing you to use it as a GPS when held in hand. Be sure to note the station's coordinates before you head out!\n  - [color=cyan]Mass Scanner Computer[/color]: A computer console which provides a top-down view of the station and nearby entities in space. Use it to double-check the location and direction of debris or asteroids before you travel to them.\n\n  "	"\n\n  Хотя впоследствии вы сможете освоить более совершенные способы передвижения, начнёте вы с более простых методов.\n\n  - [color=cyan]Огнетушитель[/color]: «Джетпак для бедных». Находясь в космосе, вы можете использовать отталкивающий эффект огнетушителя, чтобы ускориться в противоположном направлении. Его можно заправить любой жидкостью.\n  - [color=cyan]Гак[/color]: Средство передвижения с безграничным потенциалом. Оно запускается как любое другое оружие, а для его втягивания необходимо перезарядить. Как только вы зацепитесь за что-либо, нажмите [color=yellow][bold][keybind=""UseSecondary""][/bold][/color] чтобы успокоиться.\n  - [color=cyan]КПК «Сальваж»[/color]: На вашем КПК изначально установлена программа AstroNav GPS, позволяющая использовать его в качестве GPS-навигатора, если держать его в руке. Обязательно запишите координаты станции, прежде чем отправляться в путь!\n  - [color=cyan]Компьютер-массовый сканер[/color]: Компьютерная консоль, отображающая вид сверху на станцию и близлежащие объекты в космосе. Используйте её, чтобы ещё раз проверить местоположение и направление движения обломков или астероидов, прежде чем направляться к ним.\n\n  "	DeepL guide prose: check game mechanics and terminology
ServerInfo/Guidebook/Cargo/Salvage.xml	\n\n  Finally, there are also some helpful but not required equipment that is available to Salvage.\n\n  - [color=cyan]Handheld Radio[/color]: This lets you communicate with other Salvage Specialists even if regular radio communications are unavailable.\n  - [color=cyan]Global Positioning System[/color]: A spare GPS system, identical to the one pre-installed in your PDA. Useful as a backup option or as equipment from newly-hired Salvagers.\n  - [color=cyan]Utility Belt[/color]: This holds all the equipment you will need to loot machines and the like from Salvage Wrecks and the Mining Asteroid. Wear it anytime you aren't planning on mining.\n\n  ## Salvage Magnet Pulls\n\n  Once prepared, it is time to go and explore the stars.\n\n  	\n\n  Наконец, есть также некоторое полезное, но не обязательное оборудование, которое можно добыть путем утилизации.\n\n  - [color=cyan]Портативная радиостанция[/color]: Это позволяет вам общаться с другими специалистами по спасательным операциям, даже если обычная радиосвязь недоступна.\n  - [color=cyan]Глобальная система позиционирования[/color]: Запасная система GPS, идентичная той, что предустановлена в вашем КПК. Полезна в качестве резервного варианта или в качестве снаряжения у вновь нанятых «Спасателей».\n  - [color=cyan]Пояс с инструментами[/color]: Здесь хранится всё снаряжение, которое вам понадобится для добычи машин и прочего с затонувших кораблей и горнодобывающего астероида. Надевайте его всякий раз, когда не планируете заниматься добычей.\n\n  ## Притяжение спасательного магнита\n\n  Как только всё будет готово, пора отправляться исследовать звёзды.\n\n  	DeepL guide prose: check game mechanics and terminology
ServerInfo/Guidebook/Cargo/Salvage.xml	\n\n  The [color=cyan]Salvage Magnet[/color] is the machine that brings space debris into nearby space.\n\n  The Salvage Magnet provides five offers: they will be a random mix of [color=cyan]Asteroids[/color], [color=cyan]Salvage Wrecks[/color], and [color=cyan]Space Debris[/color]. After choosing one of the offers, the selected chunk will be pulled in for the next [bold]6 minutes[/bold]. At the end of this time, any loot remaining on the pulled grid will disappear. If none of the offers look appealing to you, they refresh every [bold]3 minutes[/bold] if unclaimed.\n\n  During the 6 minutes, fly to the pulled grid, extract all profit possible, and then fly back to the station.\n\n### Asteroids\n\n  	\n\n  Игра [color=cyan]Магнит для подъема обломков[/color] — это устройство, которое притягивает космический мусор в ближний космос.\n\n  «Магнит для сбора мусора» предлагает пять вариантов: это будет случайная комбинация [color=cyan]Астероиды[/color], [color=cyan]Подъем обломков[/color], и [color=cyan]Космический мусор[/color]. После выбора одного из предложений выбранный фрагмент будет загружен для следующего [bold]6 минут[/bold]. По истечении этого времени любая добыча, оставшаяся на выбранной сетке, исчезнет. Если ни одно из предложений вам не понравится, они обновляются каждые [bold]3 минуты[/bold] если не забрано.\n\n  В течение 6 минут долетите до отмеченной сетки, добывайте всю возможную прибыль, а затем возвращайтесь на станцию.\n\n### Астероиды\n\n  	DeepL guide prose: check game mechanics and terminology
ServerInfo/Guidebook/Cargo/Salvage.xml	\n\n  The Salvage Magnet provides information on the types of resources on an asteroid, which can help you decide which to prioritize based on the current needs of the station. This is a relatively safe option for mining as there are no hostile creatures on asteroids - though there are certainly still threats...\n\n  All you need to do is fly around and mine the ore with your [color=cyan]Pickaxe[/color] and [color=cyan]Ore Bag[/color]. Once you have collected all the ore, you can refine it into materials through the [color=cyan]Ore Processor[/color].\n\n  Tread lightly - hidden in seemingly normal rock, chunks of [color=red]Gibtonite[/color] hide, ready to explode at the slightest disturbance.\n\n### Space Debris\n\n  	\n\n  Магнит для сбора ресурсов предоставляет информацию о типах ресурсов на астероиде, что поможет вам определить, каким из них следует уделить приоритетное внимание, исходя из текущих потребностей станции. Это относительно безопасный вариант добычи, так как на астероидах нет враждебных существ — хотя, конечно, угрозы всё же присутствуют...\n\n  Всё, что вам нужно сделать, — это летать вокруг астероида и добывать руду с помощью вашего [color=cyan]Кирка[/color] и [color=cyan]Мешок с рудой[/color]. После сбора всей руды вы сможете переработать её в материалы с помощью [color=cyan]Установка по переработке руды[/color].\n\n  Будьте осторожны — в, казалось бы, обычной скале спрятаны куски [color=red]Гибтонит[/color] скрыто, готово взорваться при малейшем возмущении.\n\n### Космический мусор\n\n  	DeepL guide prose: check game mechanics and terminology
ServerInfo/Guidebook/Cargo/Salvage.xml	\n\n  [color=cyan]Space Debris[/color] is a versatile option, providing vital basic materials (such as steel, glass, etc.) in short supply at the start of the shift. Items and scrap are scattered across the debris, and must be collected. Consider dragging along one of the lockers or crates aboard the debris for easier storage.\n\n  Debris is sprinkled with numerous threats. Bloodthirsty [color=red]Space Carp[/color] and [color=red]Sharkminnows[/color] infest them, eager to rush any Salvagers that come nearby. [color=red]Landmines[/color] are also rarely found aboard debris, capable of incapacitating the unwary explorer.\n\n  Once you return from the Debris, place any scrap you found aboard the debris into your department's [color=cyan]Recycler[/color] to transform it into useful materials and give it to Cargo to distribute to the station. Should you find valuables aboard the Debris, like [color=yellow]Coins, Rings, and Watches,[/color] give them to Cargo so they can be sold at the [color=cyan]Automated Trade Station[/color] for profit.\n\n  ### Salvage Wrecks\n\n  	\n\n  [color=cyan]Космический мусор[/color] — это универсальный вариант, обеспечивающий жизненно важные базовые материалы (такие как сталь, стекло и т. д.), которых в начале смены не хватает. Предметы и металлолом разбросаны по обломкам и должны быть собраны. Для удобства хранения рекомендуется перетащить на борт обломков один из шкафчиков или ящиков.\n\n  Среди обломков таятся многочисленные угрозы. Кровожадные [color=red]Космический карп[/color] и [color=red]Sharkminnows[/color] Они нападают на них, готовые броситься на любого «Салведжера», который окажется поблизости. [color=red]Наземные мины[/color] Кроме того, на борту обломков редко можно найти предметы, способные вывести из строя неосторожного исследователя.\n\n  Вернувшись с обломков, поместите любой найденный на них лом в отдел вашего корабля [color=cyan]Рециклер[/color] чтобы преобразовать его в полезные материалы и передать «Карго» для распределения по станции. Если вы найдёте ценные вещи на борту «Дебриса», такие как [color=yellow]Монеты, кольца и часы,[/color] передайте их «Карго», чтобы их можно было продать на [color=cyan]Автоматизированная торговая станция[/color] для получения прибыли.\n\n  ### Добыча ресурсов из обломков\n\n  	DeepL guide prose: check game mechanics and terminology
ServerInfo/Guidebook/Cargo/Salvage.xml	\n\n  The Salvage Magnet provides information on the size of a Wreck. Salvage Wrecks vary wildly in both threat and value, but they often have more diverse threats than [color=cyan]Space Debris[/color]. Keep your distance from hostiles and shoot at them with the [color=cyan]Proto-Kinetic Accelerator[/color]. Look out for valuable loot and machinery, and use your [color=cyan]Appraisal Tool[/color] to check the value of different things.\n\n  ## Progression & Upgrades\n\n  While your starting equipment is all you need to do your job at a basic level, advanced gear makes your work far easier, and gives you the equipment necessary to let you tackle the dreaded [color=red]Mining Asteroid[/color]\n\n  ### Salvage Job Board\n\n  	\n\n  Магнит для спасения предоставляет информацию о размере обломков. Обломки, подлежащие спасению, сильно различаются как по степени опасности, так и по ценности, но зачастую они представляют более разнообразные угрозы, чем [color=cyan]Космический мусор[/color]. Держитесь на расстоянии от врагов и стреляйте в них из [color=cyan]Протокинетический ускоритель[/color]. Ищите ценные трофеи и технику, а также используйте свои [color=cyan]Инструмент оценки[/color] чтобы проверить стоимость различных предметов.\n\n  ## Прогресс и улучшения\n\n  Хотя начального снаряжения вполне достаточно для выполнения основных задач, усовершенствованное снаряжение значительно облегчает работу и предоставляет вам необходимое оборудование, позволяющее справиться с ужасными [color=red]Добыча полезных ископаемых на астероиде[/color]\n\n  ### Доска объявлений о спасательных операциях\n\n  	DeepL guide prose: check game mechanics and terminology
ServerInfo/Guidebook/Cargo/Salvage.xml	\n\n  The [color=cyan]Salvage Job Board[/color] is a computer located in the Salvage Bay. It serves as Salvage's version of the [color=cyan]Cargo Bounty Computer[/color], allowing Salvagers to fulfill specific jobs with Salvage-specific materials in order to earn Spesos and unlock [color=yellow]Advanced Salvage Gear[/color].\n\n  Once you gather the supplies necessary to complete a job, print out a [color=cyan]Salvage Job Shipment Label[/color] and attach it to the crate or locker containing the goods. You can use your [color=cyan]Appraisal Tool[/color] to double-check that it's ready for sale. The prepared bounty can then be brought to the [color=cyan]Automated Trade Station[/color] to earn Cargo Spesos and to unlock new Salvage-specific crates in the [color=cyan]Cargo Request Computer[/color].\n\n  	\n\n  Игра [color=cyan]Доска объявлений о спасательных операциях[/color] — это компьютер, расположенный в отсеке «Сальваж». Он служит в «Сальваже» в качестве [color=cyan]Компьютер «Cargo Bounty»[/color], позволяющая «Спасателям» выполнять конкретные задания с использованием материалов, характерных для «Спасателей», чтобы зарабатывать спесо и разблокировать [color=yellow]Усовершенствованное снаряжение для спасательных операций[/color].\n\n  Как только вы соберете все необходимое для выполнения задания, распечатайте [color=cyan]Этикетка отгрузки для задания по спасению[/color] и прикрепите его к ящику или шкафчику, в котором находятся товары. Вы можете использовать свой [color=cyan]Инструмент оценки[/color] чтобы еще раз проверить, готова ли она к продаже. Затем подготовленную награду можно отнести в [color=cyan]Автоматизированная торговая станция[/color] чтобы заработать Cargo Spesos и разблокировать новые ящики с предметами для спасения в [color=cyan]Компьютер запроса грузов[/color].\n\n  	DeepL guide prose: check game mechanics and terminology
ServerInfo/Guidebook/Cargo/Salvage.xml	\n\n  Completing Salvage Jobs will upgrade your rank and unlock new equipment purchases in the [color=cyan]Cargo Request Computer[/color], including:\n\n  - [color=cyan]Fultons[/color]: Once a Fulton has been linked to a Fulton Beacon, they can be attached to unanchored structures like crates or machines to teleport them back to the Beacon after a short wait. Exceptionally useful for moving both items and people.\n  - [color=cyan]Crusher Weapons[/color]: A series of upgraded melee options for Salvagers to purchase. The [color=red]Crusher Dagger[/color] is an upgrade to your Survival knife, swinging automatically and far faster than a regular knife. The [color=red]Crusher[/color] and upgraded [color=red]Crusher Glaive[/color] are gigantic polearms which can fire special projectiles when wielded. These projectiles do no damage on their own, but if a marked enemy is meleed quickly enough, you'll leech some of their life away to heal yourself. All Crusher weaponry comes with a built-in floodlamp.\n  - [color=cyan]Seismic Charges[/color]: Mining explosives intended to be used to break up asteroids or breach into dangerous wrecks. Remember that you can link them to a remote detonator or set them to start detonating when attached to a wall for safer demolition.\n\n  ### Working with Science\n\n  	\n\n  Выполнение заданий по спасению повысит ваш ранг и откроет возможность покупки нового оборудования в [color=cyan]Компьютер запроса грузов[/color], в том числе:\n\n  - [color=cyan]Фултоны[/color]: Как только устройство «Фултон» подключено к маяку «Фултон», его можно прикрепить к незакреплённым объектам, таким как ящики или машины, чтобы после небольшой задержки телепортировать их обратно к маяку. Это чрезвычайно удобно как для перемещения предметов, так и для перемещения людей.\n  - [color=cyan]Оружие «Крушитель»[/color]: Серия улучшенных вариантов оружия ближнего боя, доступных для покупки «Спасателями». [color=red]Крушительный кинжал[/color] — это усовершенствованная версия вашего ножа для выживания, который машет автоматически и гораздо быстрее, чем обычный нож. [color=red]Крушитель[/color] и обновленная версия [color=red]«Crusher Glaive»[/color] — это гигантские копья, которые при использовании могут стрелять специальными снарядами. Сами по себе эти снаряды не наносят урона, но если достаточно быстро нанести удар по помеченному врагу в ближнем бою, вы отнимете у него часть здоровья и восстановите своё. Все оружие серии «Crusher» оснащено встроенным прожектором.\n  - [color=cyan]Сейсмические заряды[/color]: Горные взрывчатые вещества, предназначенные для разрушения астероидов или проникновения в опасные обломки. Помните, что для более безопасного сноса их можно подключить к дистанционному детонатору или настроить так, чтобы они взрывались при соприкосновении со стеной.\n\n  ### Работа с наукой\n\n  	DeepL guide prose: check game mechanics and terminology
ServerInfo/Guidebook/Cargo/Salvage.xml	\n\n  The [color=purple]Science Department[/color] is a crucial partner for Salvage. Science depends on Salvage for both basic materials (steel, plastic, glass) and advanced materials (silver, gold, plasma, and uranium), and Salvage relies on Science for the upgraded equipment that makes their work easier.\n\n  Whenever possible, communicate with Science and try to prioritize their requests. While Science will need large quantities of basic materials, they rely entirely on you for their supply of [color=yellow]Gold, Silver and Uranium,[/color] all of which are required for your advanced gear. If you want Science to help you, you have to help them - and vice versa.\n\n  	\n\n  Игра [color=purple]Научный отдел[/color] Наука является важнейшим партнером для «Сальваж». Наука зависит от «Сальваж» как в плане получения базовых материалов (сталь, пластик, стекло), так и передовых материалов (серебро, золото, плазма и уран), а «Сальваж» полагается на Науку в плане получения модернизированного оборудования, облегчающего их работу.\n\n  По возможности поддерживайте связь с «Наукой» и старайтесь уделять приоритетное внимание их запросам. Хотя «Науке» потребуются большие объёмы базовых материалов, она полностью зависит от вас в плане поставок [color=yellow]Золото, серебро и уран,[/color] Все это необходимо для получения вашего усовершенствованного снаряжения. Если вы хотите, чтобы «Наука» помогла вам, вы должны помочь ей — и наоборот.\n\n  	DeepL guide prose: check game mechanics and terminology
ServerInfo/Guidebook/Cargo/Salvage.xml	\n\n  Science is the only source for a variety of extremely useful gear, including:\n\n  - [color=cyan]Mining Gear[/color]: Science can provide you with [color=yellow]Mining Drills and Mineral Scanners[/color], which make mining faster and easier. They can also build you an [color=yellow]Industrial Ore Processor[/color], which processes ore into finished materials at a much better rate.\n  - [color=cyan]Handheld Mass Scanner[/color]: A pocket-portable Mass Scanner Computer. Though it requires a battery to use, it lets you view your position anywhere in space.\n  - [color=cyan]PKA Upgrades[/color]: You can upgrade your PKA with up to two unique upgrades from a pool of three: [color=red]Damage,[/color] [color=yellow]Fire Rate,[/color] and [color=green]Range[/color].\n\n  ## The Mining Asteroid\n\n  Once you feel that you've mastered the Salvage Magnet, the distant [color=red]Mining Asteroid[/color] serves as the next step in a Salvager's journey. Reaching the Mining Asteroid generally requires a shuttle or jetpacks, and it should generally not be explored alone due to the exceptional dangers within.\n\n  	\n\n  Наука — единственный источник разнообразного и чрезвычайно полезного снаряжения, в том числе:\n\n  - [color=cyan]Оборудование для добычи полезных ископаемых[/color]: Наука может предоставить вам [color=yellow]Горные буры и сканеры полезных ископаемых[/color], которые ускоряют и облегчают добычу полезных ископаемых. Они также могут построить для вас [color=yellow]Промышленный обогатитель руды[/color], которая перерабатывает руду в готовую продукцию с гораздо большей производительностью.\n  - [color=cyan]Портативный массовый сканер[/color]: Карманный портативный компьютер-сканер «Mass Scanner». Хотя для его работы требуется батарея, он позволяет определять своё местоположение в любой точке космоса.\n  - [color=cyan]Модернизации PKA[/color]: Вы можете улучшить свой PKA, выбрав до двух уникальных улучшений из трех доступных: [color=red]Повреждения,[/color] [color=yellow]Темп стрельбы,[/color] и [color=green]Дальность[/color].\n\n  ## Астероид-рудник\n\n  Как только вы почувствуете, что освоили работу с магнитом для сбора утиля, отдаленный [color=red]Добыча полезных ископаемых на астероиде[/color] Является следующим этапом в путешествии «Салваджера». Для достижения горнодобывающего астероида, как правило, требуется шаттл или реактивные ранцы, и его не следует исследовать в одиночку из-за исключительной опасности, таящейся внутри.\n\n  	DeepL guide prose: check game mechanics and terminology
ServerInfo/Guidebook/Cargo/Salvage.xml	\n\n  The Mining Asteroid consists of two sections: the [color=cyan]Dungeon[/color], a randomly-generated structure filled with enemies and material loot, and the [color=cyan]Asteroid[/color], which contains vast deposits of mineral wealth dotted with pockets of loot and monsters.\n\n  Beware of the monsters aboard the Mining Asteroid, as they stand head and shoulders above the threats present on Wrecks and Debris.\n\n  - [color=cyan]Goliaths[/color]: Titanic beasts which can incapacitate targets with writhing tendrils, leaving them helpless against their massive claws and gnashing teeth. They're a pain to take down, but they can be butchered for valuable [color=cyan]Goliath Hide Plating,[/color] useful in both completing Salvage Jobs and upgrading your Spationaut Suit.\n  - [color=cyan]Hivelords[/color]: Fast moving and erratic anomalies. They prefer to keep their distance in combat, spewing out small [color=cyan]Hivelord Brood[/color] to swarm Salvagers. They're not especially tough, so ambush them quickly before they can summon a horde to drown you in. They can be butchered for the quick-rotting [color=cyan]Hivelord Cores,[/color] which are used to complete Salvage Jobs and can also be eaten raw for quick healing.\n  - [color=cyan]Basilisks[/color]: An ice-encrusted terror that lurks in the shadows. Basilisks can fire freezing energy bolts which damage and slow their targets, and will often use them to soften up a target before moving in for the kill. Once defeated, they can be butchered for invaluable [color=cyan]Diamond Ore[/color].\n	\n\n  Горнодобывающий астероид состоит из двух секций: [color=cyan]Подземелье[/color], случайно сгенерированное сооружение, заполненное врагами и материальными трофеями, а также [color=cyan]Астероид[/color], на котором сосредоточены огромные запасы полезных ископаемых, а также разбросаны клады и обитают монстры.\n\n  Остерегайтесь монстров на Горнодобывающем астероиде, ведь они намного опаснее тех угроз, которые встречаются на «Обломках» и «Уламках».\n\n  - [color=cyan]Голиафы[/color]: Гигантские чудовища, способные обездвиживать жертв своими извивающимися щупальцами, оставляя их беспомощными перед своими огромными когтями и скрежещущими зубами. Их очень трудно убить, но их можно разделать, чтобы получить ценные [color=cyan]Броня «Голиаф»,[/color] Полезно как для выполнения заданий по спасению грузов, так и для модернизации скафандра.\n  - [color=cyan]Hivelords[/color]: Быстро движущиеся и непредсказуемые аномалии. В бою они предпочитают держаться на расстоянии, извергая мелкие [color=cyan]Hivelord Brood[/color] чтобы атаковать «Салведжеров». Они не особо сильны, поэтому быстро устройте им засаду, пока они не успели вызвать орду, которая вас затопит. Их можно забить, чтобы получить быстро гниющие [color=cyan]Ядра Hivelord,[/color] которые используются для выполнения заданий по спасению грузов, а также можно съесть в сыром виде для быстрого восстановления здоровья.\n  - [color=cyan]Василиски[/color]: Укрывающийся в тени, покрытый ледяной коркой ужас. Василиски могут стрелять замораживающими энергетическими зарядами, которые наносят урон и замедляют цели, и часто используют их, чтобы ослабить цель, прежде чем нанести смертельный удар. После победы их можно разделать, чтобы получить бесценные [color=cyan]Алмазная руда[/color].\n	DeepL guide prose: check game mechanics and terminology
ServerInfo/Guidebook/Chemicals.xml	\n# Chemicals\n\nChemicals are a powerful tool that can cause a variety of effects when consumed. Some can be found in plants, purchased from cargo, or be synthesized through combination with other chemicals.\n\nKnowing different types of chemicals and their effects is important for being able to manage injury and danger.\n\n## Elements\n	\n# Химические вещества\n\nХимические вещества — это мощный инструмент, который при употреблении может вызывать самые разные эффекты. Некоторые из них можно найти в растениях, приобрести из грузов или синтезировать путем смешивания с другими химическими веществами.\n\nЗнание различных типов химических веществ и их эффектов важно для того, чтобы уметь справляться с травмами и опасностями.\n\n## Элементы\n	DeepL guide prose: check game mechanics and terminology
ServerInfo/Guidebook/Chemicals.xml	\n\n## Medicine\n	\n\n## Медицина\n	DeepL guide prose: check game mechanics and terminology
ServerInfo/Guidebook/Chemicals.xml	\n\n## Narcotics\n	\n\n## Наркотики\n	DeepL guide prose: check game mechanics and terminology
ServerInfo/Guidebook/Chemicals.xml	\n\n## Pyrotechnics\n	\n\n## Пиротехника\n	DeepL guide prose: check game mechanics and terminology
ServerInfo/Guidebook/Chemicals.xml	\n\n## Toxins\n	\n\n## Токсины\n	DeepL guide prose: check game mechanics and terminology
ServerInfo/Guidebook/Chemicals.xml	\n\n## Foods\n	\n\n## Продукты питания\n	DeepL guide prose: check game mechanics and terminology
ServerInfo/Guidebook/Chemicals.xml	\n\n## Botanical\n	\n\n## Ботаника\n	DeepL guide prose: check game mechanics and terminology
ServerInfo/Guidebook/Chemicals.xml	\n\n## Biological\n	\n\n## Биологический\n	DeepL guide prose: check game mechanics and terminology
ServerInfo/Guidebook/Chemicals.xml	\n\n## Special\n	\n\n## Особое\n	DeepL guide prose: check game mechanics and terminology
ServerInfo/Guidebook/Chemicals.xml	\n\n## Other\n	\n\n## Прочее\n	DeepL guide prose: check game mechanics and terminology
ServerInfo/Guidebook/Engineering/AirlockSecurity.xml	\n  # Airlock Upgrades\n  It is not uncommon for plucky individuals to try and bypass an airlock by meddling with its internal wiring.\n\n  Fortunately, certain countermeasures can be installed into airlocks to inconvenience any would-be trespassers.\n\n  ## Medium security airlocks\n  The most basic form of intrusion deterrence is to install a secured steel plating that will prevent access to internal wiring of the airlock.\n\n  To upgrade a basic airlock to a medium security airlock, you will require the following materials:\n  	\n  # Модернизация шлюзов\n  Нередко отважные личности пытаются обойти шлюз, вмешиваясь в его внутреннюю проводку.\n\n  К счастью, в шлюзы можно установить определенные меры защиты, чтобы создать неудобства для потенциальных нарушителей.\n\n  ## Шлюзы средней степени безопасности\n  Самый простой способ предотвращения вторжения — установка защитной стальной обшивки, которая препятствует доступу к внутренней проводке шлюза.\n\n  Для модернизации базового шлюза до шлюза средней степени безопасности вам понадобятся следующие материалы:\n  	DeepL guide prose: check game mechanics and terminology
ServerInfo/Guidebook/Engineering/AirlockSecurity.xml	\n\n  To upgrade a basic airlock:\n  -\tUse the screwdriver to open the airlock maintenance panel.\n  -\tAdd the steel sheets to the airlock.\n  -\tWeld the steel sheets into place.\n  -\tClose the maintenance panel using the screwdriver.\n\n  ## High security airlocks\n  For airlocks leading to the more sensitive areas of the space station, the use of stronger deterrents are advised. High security airlocks have improved armor plating to protect its internal wiring.\n\n  To upgrade a medium security airlock to a high security airlock, you will require the following materials:\n  	\n\n  Чтобы модернизировать базовый шлюз:\n  -    С помощью отвертки откройте панель обслуживания шлюза.\n  -    Установите стальные листы в шлюз.\n  -    Приварите стальные листы на место.\n  -    Закройте панель обслуживания с помощью отвертки.\n\n  ## Шлюзы повышенной безопасности\n  Для шлюзов, ведущих в более уязвимые зоны космической станции, рекомендуется использовать более мощные средства защиты. Шлюзы повышенной безопасности имеют усиленную бронированную обшивку для защиты внутренней электропроводки.\n\n  Чтобы модернизировать шлюз средней безопасности до шлюза повышенной безопасности, вам понадобятся следующие материалы:\n  	DeepL guide prose: check game mechanics and terminology
ServerInfo/Guidebook/Engineering/AirlockSecurity.xml	\n\n  To upgrade a medium security airlock:\n  - Use the screwdriver to open the airlock maintenance panel.\n  - Add the plasteel sheets to the airlock.\n  - Weld the plasteel sheets into place.\n  - Close the maintenance panel using the screwdriver.\n\n  ## Maximum security airlocks\n  You can optionally upgrade a high security airlock to a maximum security airlock. Maximum security airlocks possess an additional layer of electrified wire mesh on top of its other protections, which can shock any unauthorized personnel attempting to tamper with the airlock.\n\n  To upgrade a high security airlock to a maximum security airlock, you will require the following materials:\n  	\n\n  Чтобы модернизировать шлюз средней степени безопасности:\n  - С помощью отвертки откройте панель обслуживания шлюза.\n  - Установите листы пластико-стальной стали в шлюз.\n  - Приварите листы пластико-стальной стали на место.\n  - Закройте панель обслуживания с помощью отвертки.\n\n  ## Шлюзы максимальной безопасности\n  По желанию вы можете модернизировать шлюз высокой безопасности до шлюза максимальной безопасности. Шлюзы максимальной безопасности, помимо прочих средств защиты, оснащены дополнительным слоем электрифицированной проволочной сетки, которая может нанести удар током любому постороннему лицу, пытающемуся взломать шлюз.\n\n  Для модернизации шлюза повышенной безопасности до шлюза максимальной безопасности вам понадобятся следующие материалы:\n  	DeepL guide prose: check game mechanics and terminology
ServerInfo/Guidebook/Engineering/AirlockSecurity.xml	\n\n  To upgrade a high security airlock:\n  -\tUse the screwdriver to open the airlock maintenance panel.\n  -\tAdd the plasteel sheets to the airlock.\n  -\tWeld the plasteel sheets into place.\n  - Add the metal rods to the airlock.\n  -\tClose the maintenance panel using the screwdriver.\n	\n\n  Чтобы модернизировать шлюз повышенной безопасности:\n  -    С помощью отвертки откройте панель обслуживания шлюза.\n  -    Установите листы пластико-стали в шлюз.\n  -    Приварите листы пластико-стали на место.\n  - Установите металлические стержни в шлюз.\n  -    Закройте панель доступа с помощью отвертки.\n	DeepL guide prose: check game mechanics and terminology
ServerInfo/Guidebook/Engineering/DeltaPressure.xml	\n  # Delta Pressure\n  Delta Pressure, or ΔP, is the difference in pressure between two areas.\n  This difference in pressure can exert a force on objects between the two areas, dealing [bold]pressure damage[/bold] to some objects in its way.\n\n  Various objects made out of glass, such as Windows, Windoors, and Shutters can experience pressure damage if the ΔP between the two sides is high enough.\n  This damage can cause these objects to shatter, allowing gas to flow freely between the two areas.\n\n  Different types of objects have different thresholds for how much ΔP they can withstand before shattering.\n  Generally, the stronger the glass, the higher the threshold. Objects that are thin will also have lower thresholds.\n\n  Objects like walls, airlocks, and firelocks are not affected by ΔP.\n\n  ## Standard Glass and Objects\n  	\n  # Перепад давления\n  Перепад давления, или ΔP, — это разница давления между двумя зонами.\n  Эта разница давления может оказывать силу на объекты, находящиеся между двумя зонами, нанося [bold]повреждения от давления[/bold] некоторым объектам, находящимся на его пути.\n\n  Различные объекты из стекла, такие как окна, стеклянные двери и жалюзи, могут получить повреждения от давления, если разница давлений (ΔP) между двумя сторонами достаточно высока.\n  Эти повреждения могут привести к разбиванию объектов, что позволит газу свободно проникать между двумя зонами.\n\n  Различные типы объектов имеют разные пороговые значения ΔP, которые они могут выдержать перед разрушением.\n  Как правило, чем прочнее стекло, тем выше пороговое значение. У тонких объектов пороговое значение также будет ниже.\n\n  На такие объекты, как стены, шлюзы и противопожарные перегородки, ΔP не влияет.\n\n  ## Стандартное стекло и объекты\n  	DeepL guide prose: check game mechanics and terminology
ServerInfo/Guidebook/Engineering/DeltaPressure.xml	"\n\n  Standard full-size glass and other weak objects can withstand a ΔP of up to [color=orange][protodata=""Window"" comp=""DeltaPressure"" member=""MinPressureDelta""/] kPa[/color] before starting to crack.\n\n  Quarter-size glass, such as directional windows, can withstand a ΔP of up to [color=orange][protodata=""WindowDirectional"" comp=""DeltaPressure"" member=""MinPressureDelta""/] kPa[/color] before starting to crack.\n\n  ## Reinforced Glass and Objects\n  "	"\n\n  Стандартное полноразмерное стекло и другие хрупкие объекты могут выдерживать перепад давления (ΔP) до [color=orange][protodata=""Window"" comp=""DeltaPressure"" member=""MinPressureDelta""/] кПа[/color] перед началом взлома.\n\n  Стекло размером с четверть, например, в ориентированных окнах, может выдерживать перепад давления (ΔP) до [color=orange][protodata=""WindowDirectional"" comp=""DeltaPressure"" member=""MinPressureDelta""/] кПа[/color] Перед началом взлома.\n\n  ## Армированное стекло и объекты\n  "	DeepL guide prose: check game mechanics and terminology
ServerInfo/Guidebook/Engineering/DeltaPressure.xml	"\n\n  Reinforced full-size glass can withstand a ΔP of up to [color=orange][protodata=""ReinforcedWindow"" comp=""DeltaPressure"" member=""MinPressureDelta""/] kPa[/color] before starting to crack.\n\n  Reinforced quarter-size glass can withstand a ΔP of up to [color=orange][protodata=""WindowReinforcedDirectional"" comp=""DeltaPressure"" member=""MinPressureDelta""/] kPa[/color] before starting to crack.\n\n  ## Plasma/Uranium Glass\n  "	"\n\n  Усиленное стекло полного размера выдерживает перепад давления (ΔP) до [color=orange][protodata=""ReinforcedWindow"" comp=""DeltaPressure"" member=""MinPressureDelta""/] кПа[/color] перед началом взлома.\n\n  Усиленное стекло размером с четверть может выдерживать перепад давления (ΔP) до [color=orange][protodata=""WindowReinforcedDirectional"" comp=""DeltaPressure"" member=""MinPressureDelta""/] кПа[/color] Перед началом взлома.\n\n  ## Плазменное/урановое стекло\n  "	DeepL guide prose: check game mechanics and terminology
ServerInfo/Guidebook/Engineering/DeltaPressure.xml	"\n\n  Plasma glass and uranium glass can withstand a ΔP of up to [color=orange][protodata=""PlasmaWindow"" comp=""DeltaPressure"" member=""MinPressureDelta""/] kPa[/color] before starting to crack.\n\n  Plasma and uranium quarter-size glass can withstand a ΔP of up to [color=orange][protodata=""PlasmaWindowDirectional"" comp=""DeltaPressure"" member=""MinPressureDelta""/] kPa[/color] before starting to crack.\n\n  ## Reinforced Plasma/Uranium Glass\n\n  "	"\n\n  Плазменное стекло и урановое стекло выдерживают перепад давления (ΔP) до [color=orange][protodata=""PlasmaWindow"" comp=""DeltaPressure"" member=""MinPressureDelta""/] кПа[/color] Перед началом взлома.\n\n  Плазменное стекло и стекло размером с четверть монеты, содержащее уран, могут выдерживать перепад давления (ΔP) до [color=orange][protodata=""PlasmaWindowDirectional"" comp=""DeltaPressure"" member=""MinPressureDelta""/] кПа[/color] Перед началом взлома.\n\n  ## Усиленное плазменное/урановое стекло\n\n  "	DeepL guide prose: check game mechanics and terminology
ServerInfo/Guidebook/Engineering/DeltaPressure.xml	"\n\n  Reinforced plasma glass and uranium glass can withstand a ΔP of up to [color=orange][protodata=""ReinforcedPlasmaWindow"" comp=""DeltaPressure"" member=""MinPressureDelta""/] kPa[/color] before starting to crack.\n\n  Reinforced plasma and uranium quarter-size glass can withstand a ΔP of up to [color=orange][protodata=""PlasmaReinforcedWindowDirectional"" comp=""DeltaPressure"" member=""MinPressureDelta""/] kPa[/color] before starting to crack.\n\n"	"\n\n  Усиленное плазменное стекло и урановое стекло способны выдерживать перепад давления (ΔP) до [color=orange][protodata=""ReinforcedPlasmaWindow"" comp=""DeltaPressure"" member=""MinPressureDelta""/] кПа[/color] Перед началом взлома.\n\n  Усиленное стекло из плазмы и урана размером с четверть может выдерживать перепад давления (ΔP) до [color=orange][protodata=""PlasmaReinforcedWindowDirectional"" comp=""DeltaPressure"" member=""MinPressureDelta""/] кПа[/color] Перед началом взлома.\n\n"	DeepL guide prose: check game mechanics and terminology
ServerInfo/Guidebook/Engineering/GasRecycling.xml	\n  # Gas Recycling\n  Gas recycler is a machine that converts waste gasses into breathable ones.\n\n  	\n  # Рециркуляция газа\n  Газорециркулятор — это устройство, преобразующее отработанные газы в пригодные для дыхания.\n\n  	DeepL guide prose: check game mechanics and terminology
ServerInfo/Guidebook/Engineering/GasRecycling.xml	"\n  Specificaly it can recycle Carbon Dioxide and Nitrous Oxide into Oxygen and Nitrogen.\n\n  The machine has a two [textlink=""pipenet"" link=""PipeNetworks""] connections, for gas input and output.\n\n  For recycler to work, tha gas needs to be pressurized to [color=#a4885c]3000 kPa[/color] heated to [color=#a4885c]573,15K[/color], and the pressure at the inlet needs to be higher than outlet.\n  If these conditions are not met, the gases will just pass through without getting recycled (as will unrecyclable gases).\n\n  "	"\n  В частности, она может перерабатывать углекислый газ и закись азота в кислород и азот.\n\n  Установка имеет два [textlink=""pipenet"" link=""PipeNetworks""] соединения для подачи и отвода газа.\n\n  Чтобы рециркулятор работал, газ должен находиться под давлением [color=#a4885c]3000 кПа[/color] нагревается до [color=#a4885c]573,15K[/color], при этом давление на входе должно быть выше, чем на выходе.\n  Если эти условия не соблюдены, газы просто пройдут сквозь систему, не подвергнувшись рециркуляции (так же, как и нерециркулируемые газы).\n\n  "	DeepL guide prose: check game mechanics and terminology
ServerInfo/Guidebook/Engineering/GasRecycling.xml	"\n\n  The machine can be constructed using a circuit board, which can be made at a circuit imprinter.\n  It first needs to be researched by [textlink=""science"" link=""Science""] though.\n\n  Gas recycling can be used as an alternative to gas miners, or as a backup to build a redundancy in the atmospheric system.\n  [color=#a4885c]Just don't forget to cool the gas before releasing it into the station![/color]\n\n"	"\n\n  Устройство можно собрать с помощью печатной платы, которую можно изготовить на станке для печати схем.\n  Сначала его необходимо исследовать с помощью [textlink=""наука"" link=""Science""] однако.\n\n  Система рециркуляции газа может использоваться в качестве альтернативы газодобывающим установкам или в качестве резервного средства для обеспечения избыточности в системе поддержки атмосферы.\n  [color=#a4885c]Только не забудьте охладить газ, прежде чем выпускать его на станцию![/color]\n\n"	DeepL guide prose: check game mechanics and terminology
ServerInfo/Guidebook/Engineering/Gasses.xml	\n  # Gasses\n  Gasses are a critical part of the station's operation.\n  You may know them as the stuff you breathe, but they are also used in many other ways.\n\n  Gasses have certain properties that make them useful for different tasks.\n  Atmospherics can also synthesize exotic gasses from other gasses, which can be used for special purposes.\n\n  ## Oxygen\n  	\n  # Газы\n  Газы играют ключевую роль в работе станции.\n  Возможно, вы знаете их как то, чем вы дышите, но они также используются и во многих других целях.\n\n  Газы обладают определёнными свойствами, которые делают их полезными для выполнения различных задач.\n  Специалисты по атмосферным системам также могут синтезировать экзотические газы из других газов, которые можно использовать для особых целей.\n\n  ## Кислород\n  	DeepL guide prose: check game mechanics and terminology
ServerInfo/Guidebook/Engineering/Gasses.xml	\n\n  A common gas, used by most species on the station to breathe.\n\n  Oxygen is an oxidizer, which means it supports combustion.\n  This makes it both useful when fusing gasses in a burn chamber, and dangerous when mixed with flammable gasses.\n\n  ## Nitrogen\n  	\n\n  Газ, широко используемый большинством видов, обитающих на станции, для дыхания.\n\n  Кисень является окислителем, то есть способствует горению.\n  Это делает его полезным при сжигании газов в камере сгорания, но опасным при смешивании с горючими газами.\n\n  ## Азот\n  	DeepL guide prose: check game mechanics and terminology
ServerInfo/Guidebook/Engineering/Gasses.xml	\n\n  An inert gas, used in part with oxygen to create a breathable atmosphere.\n\n  Nitrogen is very stable and comprises most of a standard breathable atmosphere.\n\n  Some species like Slimes breathe nitrogen, with the Vox species requiring strictly nitrogen to breathe.\n\n  ## Air Mix\n  	\n\n  Инертный газ, используемый в сочетании с кислородом для создания пригодной для дыхания атмосферы.\n\n  Азот очень стабилен и составляет большую часть стандартной пригодной для дыхания атмосферы.\n\n  Некоторые виды, такие как Слаймы, дышат азотом, а вид Вокс нуждается исключительно в азоте для дыхания.\n\n  ## Состав воздуха\n  	DeepL guide prose: check game mechanics and terminology
ServerInfo/Guidebook/Engineering/Gasses.xml	\n\n  A mixture of gasses that is breathable to most species on the station.\n  It consists of 21% oxygen and 79% nitrogen.\n\n\n  ## Carbon Dioxide\n  	\n\n  Смесь газов, пригодная для дыхания большинству видов, обитающих на станции.\n  Она состоит из 21 % кислорода и 79 % азота.\n\n\n  ## Углекислый газ\n  	DeepL guide prose: check game mechanics and terminology
ServerInfo/Guidebook/Engineering/Gasses.xml	\n\n  A waste gas produced by most species on the station. A common byproduct of combustion.\n\n  Despite seeming useless, some departments use it in their line of work.\n\n  ## Water Vapor\n  	\n\n  Отходный газ, производимый большинством видов, обитающих на станции. Обычный побочный продукт сгорания.\n\n  Несмотря на кажущуюся бесполезность, некоторые отделы используют его в своей работе.\n\n  ## Водяной пар\n  	DeepL guide prose: check game mechanics and terminology
ServerInfo/Guidebook/Engineering/Gasses.xml	\n  A common gas, produced by the burning of plasma and other processes.\n\n  Water vapor has a good specific heat capacity compared to other gasses, making it useful for moving heat around.\n\n  ## Plasma\n  	\n  Распространенный газ, образующийся в результате сгорания плазмы и других процессов.\n\n  Водяной пар обладает хорошей удельной теплоемкостью по сравнению с другими газами, что делает его полезным для переноса тепла.\n\n  ## Плазма\n  	DeepL guide prose: check game mechanics and terminology
ServerInfo/Guidebook/Engineering/Gasses.xml	\n  A highly flammable gas that is used in many processes on the station.\n\n  Engineering uses this gas to generate power and create exotic gasses.\n\n  Burning it generates a lot of heat, as well as gas byproducts such as carbon dioxide, water vapor, and tritium, depending on the efficiency of the burn.\n\n  Plasma gas also has a good specific heat capacity, making it useful for moving heat around.\n\n  ## Zipion\n  	\n  Легковоспламеняющийся газ, который используется во многих процессах на станции.\n\n  Инженерный отдел использует этот газ для выработки энергии и создания экзотических газов.\n\n  При сгорании он выделяет много тепла, а также побочные продукты, такие как углекислый газ, водяной пар и тритий, в зависимости от эффективности сгорания.\n\n  Плазменный газ также обладает хорошей удельной теплоемкостью, что делает его полезным для переноса тепла.\n\n  ## Zipion\n  	DeepL guide prose: check game mechanics and terminology
ServerInfo/Guidebook/Engineering/Gasses.xml	\n  A stimulant that speeds whoever is breathing it up at the cost of hunger. Don't forget to mix with oxygen!\n\n  Zipion is produced by mixing 9 parts water vapor with 1 part plasma at temperatures of 200 kelvin or lower.\n\n  ## Tritium\n  	\n  Стимулятор, ускоряющий дыхание того, кто его вдыхает, но при этом подавляющий чувство голода. Не забудьте смешать с кислородом!\n\n  Зипион получают путем смешивания 9 частей водяного пара с 1 частью плазмы при температуре 200 кельвинов или ниже.\n\n  ## Тритий\n  	DeepL guide prose: check game mechanics and terminology
ServerInfo/Guidebook/Engineering/Gasses.xml	\n  An extremely flammable radioactive gas that is used in the creation of frezon.\n\n  Tritium is produced when burning plasma in a burn chamber, and can be used to create frezon gas in a complicated mixing process.\n\n  The efficiency of tritium fusion depends on various factors such as burn richness and temperature.\n\n  ## Frezon\n  	\n  Чрезвычайно легковоспламеняющийся радиоактивный газ, используемый для создания фрезона.\n\n  Тритий образуется при сгорании плазмы в камере сгорания и может использоваться для получения газа фрезона в ходе сложного процесса смешивания.\n\n  Эффективность тритиевого синтеза зависит от различных факторов, таких как степень обогащения топлива и температура.\n\n  ## Фрезон\n  	DeepL guide prose: check game mechanics and terminology
ServerInfo/Guidebook/Engineering/Gasses.xml	\n\n  A highly sought after gas, due to the difficulty in creating it and its many properties.\n\n  It has an extremely high specific heat capacity, making it excellent for moving large amounts of heat around.\n\n  Frezon can combine in the air with nitrogen to create nitrous oxide, alongside cooling down the air significantly to below freezing temperatures.\n\n  Frezon is very complicated to create, requiring a mix of tritium, oxygen, and nitrogen, all tuned precisely to create the gas.\n  If you're looking to create this gas yourself, here's what you need to know:\n  - Frezon is produced by the combination of oxygen, tritium, and nitrogen.\n  - Tritium and oxygen are mixed at a ratio of around 1:50.\n  - Nitrogen is required as a catalyst for the reaction. The amount of nitrogen consumed is dependent on the efficiency of the reaction.\n  - The frezon reaction only occurs at cryogenic temperatures, below 73.15 K. The efficency of the reaction (how much frezon is produced) is dependent on the temperature. The closer to 73.15 K, the more frezon is produced, and the less nitrogen is consumed.\n\n  Remember, atmospherics is all about experimentation and process optimization. Try it until you get it right!\n\n  ## Nitrous Oxide\n  	\n\n  Этот газ пользуется большим спросом из-за сложности его получения и многочисленных свойств.\n\n  Он обладает чрезвычайно высокой удельной теплоемкостью, что делает его отличным средством для переноса больших количеств тепла.\n\n  Фрезон может соединяться в воздухе с азотом, образуя закись азота, а также значительно охлаждая воздух до температур ниже нуля.\n\n  Процесс получения фрезона очень сложен: для этого требуется смесь трития, кислорода и азота, пропорции которой должны быть точно выверены.\n  Если вы хотите самостоятельно получить этот газ, вот что вам нужно знать:\n  - Фрезон получается в результате реакции между кислородом, тритием и азотом.\n  - Тритий и кислород смешиваются в соотношении примерно 1:50.\n  - Азот необходим в качестве катализатора реакции. Количество потребляемого азота зависит от эффективности реакции.\n  - Реакция образования фрезона протекает только при криогенных температурах, ниже 73,15 К. Эффективность реакции (количество образующегося фрезона) зависит от температуры. Чем ближе температура к 73,15 К, тем больше образуется фрезона и тем меньше расходуется азота.\n\n  Помните: работа с атмосферными газами — это прежде всего эксперименты и оптимизация процессов. Пробуйте, пока не добьётесь нужного результата!\n\n  ## Закись азота\n  	DeepL guide prose: check game mechanics and terminology
ServerInfo/Guidebook/Engineering/Gasses.xml	\n  A recreational and waste gas, produced by slimes and the combination of frezon and nitrogen.\n\n  ## Ammonia\n  	\n  Рекреационный газ и отходный газ, образующийся в результате жизнедеятельности слизи и при смешивании фрезона с азотом.\n\n  ## Аммиак\n  	DeepL guide prose: check game mechanics and terminology
ServerInfo/Guidebook/Engineering/Gasses.xml	\n  A gas produced by the decomposition of bodies.\n\n  Can be condensed to create ammonia, which can be used to make space cleaner.\n\n	\n  Газ, образующийся в результате разложения тел.\n\n  Может быть конденсирован для получения аммиака, который можно использовать для очистки космического пространства.\n\n	DeepL guide prose: check game mechanics and terminology
ServerInfo/Guidebook/Engineering/Generators.xml	\n  # Generators\n  Generators are devices that produce power for the station. They vary in size and power output, and each has its own unique quirks and requirements.\n\n  Engineers are intended to setup low-tier generators like Solar Arrays and the AME at the start of the shift, to give enough time to setup higher-tier generators like the Singularity Engine for sustained power for the rest of the shift.\n\n  	\n  # Генераторы\n  Генераторы — это устройства, обеспечивающие станцию энергией. Они различаются по размеру и мощности, и у каждого есть свои особенности и требования.\n\n  Инженеры должны устанавливать генераторы низкого уровня, такие как солнечные батареи и AME, в начале смены, чтобы оставить достаточно времени для установки генераторов более высокого уровня, таких как двигатель «Сингулярность», которые обеспечат стабильное энергоснабжение на оставшуюся часть смены.\n\n  	DeepL guide prose: check game mechanics and terminology
ServerInfo/Guidebook/Engineering/Generators.xml	\n    ## Singularity and Tesla Engine\n  	\n    ## Сингулярность и двигатель Теслы\n  	DeepL guide prose: check game mechanics and terminology
ServerInfo/Guidebook/Engineering/Generators.xml	\n    [color=#999999][italic]Devices capable of infinite energy — and destructive potential[italic][/color]\n  	\n    [color=#999999][italic]Устройства, способные генерировать бесконечное количество энергии — и обладающие огромным разрушительным потенциалом[italic][/color]\n  	DeepL guide prose: check game mechanics and terminology
ServerInfo/Guidebook/Engineering/Generators.xml	\n    ## Antimatter Engine\n  	\n    ## Двигатель на антиматерии\n  	DeepL guide prose: check game mechanics and terminology
ServerInfo/Guidebook/Engineering/Generators.xml	\n    [color=#999999][italic]Short-term support generator for the station[italic][/color]\n  	\n    [color=#999999][italic]Генератор краткосрочного питания для станции[italic][/color]\n  	DeepL guide prose: check game mechanics and terminology
ServerInfo/Guidebook/Engineering/Generators.xml	\n    ## Thermo-electric Generator\n  	\n    ## Термоэлектрический генератор\n  	DeepL guide prose: check game mechanics and terminology
ServerInfo/Guidebook/Engineering/Generators.xml	\n    [color=#999999][italic]Advanced atmospherics generator that harnesses the energy of gasses[italic][/color]\n  	\n    [color=#999999][italic]Усовершенствованный генератор атмосферных явлений, использующий энергию газов[italic][/color]\n  	DeepL guide prose: check game mechanics and terminology
ServerInfo/Guidebook/Engineering/Generators.xml	\n    ## Nuclear Generator\n  	\n    ## Ядерный генератор\n  	DeepL guide prose: check game mechanics and terminology
ServerInfo/Guidebook/Engineering/Generators.xml	\n    [color=#999999][italic]Harnesses the power of nuclear fission to power the station.[italic][/color]\n  	\n    [color=#999999][italic]Использует энергию ядерного деления для обеспечения станции энергией.[italic][/color]\n  	DeepL guide prose: check game mechanics and terminology
ServerInfo/Guidebook/Engineering/Generators.xml	\n    ## Solar Panels\n  	\n    ## Солнечные панели\n  	DeepL guide prose: check game mechanics and terminology
ServerInfo/Guidebook/Engineering/Generators.xml	\n    [color=#999999][italic]Low-maintenance passive power source[italic][/color]\n  	\n    [color=#999999][italic]Пассивный источник энергии, не требующий особого обслуживания[italic][/color]\n  	DeepL guide prose: check game mechanics and terminology
ServerInfo/Guidebook/Engineering/Generators.xml	\n    ## Portable Generators\n  	\n    ## Переносные генераторы\n  	DeepL guide prose: check game mechanics and terminology
ServerInfo/Guidebook/Engineering/Generators.xml	\n    [color=#999999][italic]Portable generators for crew use and emergency power[italic][/color]\n  	\n    [color=#999999][italic]Переносные генераторы для нужд экипажа и аварийного электроснабжения[italic][/color]\n  	DeepL guide prose: check game mechanics and terminology
ServerInfo/Guidebook/Engineering/Generators.xml	\n    ## Radioisotope Thermoelectric Generator\n  	\n    ## Радиоизотопный термоэлектрический генератор\n  	DeepL guide prose: check game mechanics and terminology
ServerInfo/Guidebook/Engineering/Generators.xml	\n    [color=#999999][italic]Zero-maintenance passive power source[italic][/color]\n  	\n    [color=#999999][italic]Пассивный источник энергии, не требующий обслуживания[italic][/color]\n  	DeepL guide prose: check game mechanics and terminology
ServerInfo/Guidebook/Engineering/MixingAndFiltering.xml	"\n  # Mixing and Filtering\n  Gas mixers and filters are essential tools for manipulating the composition of gasses within a [textlink=""pipe network"" link=""PipeNetworks""].\n  "	"\n  # Смешивание и фильтрация\n  Газовые смесители и фильтры — незаменимые инструменты для регулирования состава газов внутри [textlink=""сеть трубопроводов"" link=""PipeNetworks""].\n  "	DeepL guide prose: check game mechanics and terminology
ServerInfo/Guidebook/Engineering/MixingAndFiltering.xml	"\n\n  ## Gas Mixer\n  Gas mixers are used to combine gasses in specific ratios within a [textlink=""pipe network."" link=""PipeNetworks""]\n  They are essential for creating controlled gas mixtures for various applications.\n\n  Gas mixers have 3 connections: 2 inputs and 1 output, as shown below:\n  "	"\n\n  ## Газосмеситель\n  Газосмесители используются для смешивания газов в определённых соотношениях внутри [textlink=""Сеть трубопроводов."" link=""PipeNetworks""]\n  Они необходимы для создания контролируемых газовых смесей для различных целей.\n\n  Газосмесители имеют 3 подключения: 2 входа и 1 выход, как показано ниже:\n  "	DeepL guide prose: check game mechanics and terminology
ServerInfo/Guidebook/Engineering/MixingAndFiltering.xml	"\n\n  Gas mixers will still respect the requested gas mixture even if one of the input gasses is not available. For example:\n  - If the requested mixture is 22% oxygen and 78% nitrogen, but there is no available oxygen, the mixer will not work until oxygen is available.\n  - If oxygen is available, but at a pressure lower than required to create the proper mixture at the requested pressure, the mixer will still create the mixture, but the output will be at a lower pressure than requested.\n\n  Gas mixers also mix gasses based on pressure, not on mols. This can cause problems if the gasses are at different temperatures. For example:\n  - Presume a gas mixer was asked to mix Oxygen and Nitrogen at a ratio of 1:2 at a certain pressure.\n  - The Nitrogen in this case is double the temperature of the Oxygen.\n  - Hotter gas has more pressure, and thus fewer mols per volume than Oxygen.\n  - Because of this, Nitrogen will have half the mols compared to Oxygen when the gas mixer attempts to create the mix.\n  - The output will be 1:1 instead of 1:2. You'll have 1 mol of Nitrogen per 1 mol of Oxygen, instead of 2 mols of Nitrogen per 1 mol of Oxygen.\n\n  Gas mixers can be used in a variety of applications, for example:\n  - Mixing oxygen and nitrogen to create a breathable atmosphere\n  - Mixing oxygen and plasma for plasma burning to create Tritium\n\n  ## Gas Filter\n  Gas filters are used to separate gasses from a mixture within a [textlink=""pipe network."" link=""PipeNetworks""]\n\n  "	"\n\n  Газосмесители будут по-прежнему формировать запрашиваемую газовую смесь, даже если один из входных газов недоступен. Например:\n  - Если запрашиваемая смесь состоит из 22% кислорода и 78% азота, но кислород недоступен, смеситель не будет работать до тех пор, пока кислород не станет доступен.\n  - Если кислород имеется, но его давление ниже, чем требуется для получения нужной смеси при заданном давлении, смеситель всё равно создаст смесь, но давление на выходе будет ниже заданного.\n\n  Газовые смесители также смешивают газы на основе давления, а не количества молей. Это может вызвать проблемы, если газы находятся при разных температурах. Например:\n  - Предположим, что газовому смесителю было задано смешать кислород и азот в соотношении 1:2 при определённом давлении.\n  - В данном случае температура азота в два раза выше, чем у кислорода.\n  - Более горячий газ имеет более высокое давление и, следовательно, меньшее количество молей на единицу объема, чем кислород.\n  - Из-за этого, когда газосмеситель попытается создать смесь, количество молей азота будет в два раза меньше, чем количество молей кислорода.\n  - Соотношение на выходе составит 1:1 вместо 1:2. На 1 моль кислорода будет приходиться 1 моль азота вместо 2 молей азота на 1 моль кислорода.\n\n  Газовые смесители могут использоваться в различных областях, например:\n  - Смешивание кислорода и азота для создания пригодной для дыхания атмосферы\n  - Смешивание кислорода и плазмы для плазменного сжигания с целью получения трития\n\n  ## Газовый фильтр\n  Газовые фильтры используются для отделения газов из смеси в [textlink=""Сеть трубопроводов."" link=""PipeNetworks""]\n\n  "	DeepL guide prose: check game mechanics and terminology
ServerInfo/Guidebook/Engineering/MixingAndFiltering.xml	"\n\n  Gas filters will become blocked and will not filter gas if either output is blocked.\n\n  Gas filters can be used in a variety of applications, for example:\n  - Filtering out unwanted gasses from a [textlink=""pipe network"" link=""PipeNetworks""]\n  - Separating specific gasses for storage in a station's recyclernet\n\n  ## Molar Mixers\n  "	"\n\n  Газовые фильтры забиваются и перестают фильтровать газ, если любой из выходов заблокирован.\n\n  Газовые фильтры могут использоваться в различных целях, например:\n  - Для отфильтровывания нежелательных газов из [textlink=""сеть трубопроводов"" link=""PipeNetworks""]\n  - Выделение определённых газов для хранения в системе рециркуляции станции\n\n  ## Молярные смесители\n  "	DeepL guide prose: check game mechanics and terminology
ServerInfo/Guidebook/Engineering/MixingAndFiltering.xml	\n  As said above, standard gas mixers are unreliable when working with gases that have differing thermal energy.\n  The molar mixer is an advanced atmospherics device that will always mix at a molar level, instead of going off of pressure.\n  They are useful for atmospheric bombs, breathable mixes and can even be reconfigured to act as a molar pump by turning off one input.\n	\n  Как уже упоминалось выше, стандартные газосмесители ненадежны при работе с газами, имеющими разную тепловую энергию.\n  Молярный смеситель — это усовершенствованное устройство для регулирования атмосферы, которое всегда осуществляет смешивание на молярном уровне, а не по давлению.\n  Они полезны для атмосферных бомб, дыхательных смесей и даже могут быть перенастроены для работы в качестве молярного насоса путем отключения одного входа.\n	DeepL guide prose: check game mechanics and terminology
ServerInfo/Guidebook/Engineering/Pumps.xml	"\n# Pumps\n  Pumps are the primary way of actively moving gasses through a [textlink=""pipenet."" link=""PipeNetworks""]\n  They take gas from one side and push it to the other.\n  There are two different types of pumps:\n\n  "	"\n# Насосы\n  Насосы — основной способ активной перекачки газов через [textlink=""pipenet."" link=""PipeNetworks""]\n  Они забирают газ с одной стороны и перекачивают его на другую.\n  Существует два различных типа насосов:\n\n  "	DeepL guide prose: check game mechanics and terminology
ServerInfo/Guidebook/Engineering/Pumps.xml	"\n\n  Some important things to note about pumps:\n  - Pumps [color=#a4885c]require power[/color] through a nearby LV cable to function.\n  - Pumps output on the side with the red stripe.\n  - Gas cannot move backwards through pumps (although if you are using a pump to do solely this, you should use the [textlink=""passive gate"" link=""PassiveGate""] instead).\n  - Pumps cannot move gasses into pipes with pressures or volumes exceeding their [color=#a4885c]limit[/color]. This causes them to be [color=red]blocked[/color].\n\n  Pumps will show a colorful animation when they are doing work.\n  If they have no gas to pump or they are blocked, they will show a blinking [color=red]red[/color] animation.\n  Pumps that are off, have no power, or are unanchored will show no animation.\n\n  ## Pressure Pumps\n  Pressure pumps are the most common type of pump.\n  They move gas based on [color=#a4885c]pressure[/color], making them useful for controlling the exact pressure of a pipe, or for drawing a vacuum.\n\n  "	"\n\n  Несколько важных моментов, которые следует учитывать при использовании насосов:\n  - Насосы [color=#a4885c]требуется питание[/color] для работы через соседний кабель LV.\n  - Насосы подают газ со стороны с красной полосой.\n  - Газ не может двигаться в обратном направлении через насосы (хотя, если вы используете насос исключительно для этой цели, вам следует использовать [textlink=""пассивные ворота"" link=""PassiveGate""] вместо этого).\n  - Насосы не могут перекачивать газы в трубы, давление или объём в которых превышают их [color=#a4885c]limit[/color]. Это приводит к тому, что они [color=red]заблокировано[/color].\n\n  Насосы будут отображать красочную анимацию во время работы.\n  Если им нечего перекачивать или они заблокированы, они будут мигать [color=red]красный[/color] Анимация.\n  Насосы, которые выключены, не получают питания или не закреплены, не будут отображать анимацию.\n\n  ## Напорные насосы\n  Напорные насосы — самый распространённый тип насосов.\n  Они перемещают газ на основе [color=#a4885c]давление[/color], что позволяет с их помощью точно регулировать давление в трубопроводе или создавать вакуум.\n\n  "	DeepL guide prose: check game mechanics and terminology
ServerInfo/Guidebook/Engineering/Pumps.xml	"\n\n  A pressure pump [color=red]cannot[/color] move gas to a pipe that has a pressure higher or equal to the pressure set on the pump.\n\n  For example, a pressure pump cannot pump gas to a pipe that is currently at 500 kPa, if the pressure pump is set at 500 kPa.\n\n  Pressure pumps can pump up to a maximum pressure of [color=orange][protodata=""GasPressurePump"" comp=""GasPressurePump"" member=""MaxTargetPressure""/] kPa[/color].\n  They will become [color=red]blocked[/color] if they try to push gas into a pipe higher than this pressure.\n\n  ## Volumetric Pumps\n  Volumetric pumps are an alternative pump, moving gas based on [color=#a4885c]volume[/color].\n\n  "	"\n\n  Насос давления [color=red]невозможно[/color] перекачивайте газ в трубу, давление в которой выше или равно давлению, установленному на насосе.\n\n  Например, напорный насос не может перекачивать газ в трубу, давление в которой в данный момент составляет 500 кПа, если давление насоса установлено на 500 кПа.\n\n  Напорные насосы могут перекачивать газ до максимального давления [color=orange][protodata=""GasPressurePump"" comp=""GasPressurePump"" member=""MaxTargetPressure""/] кПа[/color].\n  Они станут [color=red]заблокировано[/color] если они попытаются нагнетать газ в трубу под давлением, превышающим это значение.\n\n  ## Объемные насосы\n  Объемные насосы представляют собой альтернативный тип насосов, перекачивающих газ на основе [color=#a4885c]том[/color].\n\n  "	DeepL guide prose: check game mechanics and terminology
ServerInfo/Guidebook/Engineering/Pumps.xml	"\n\n  They are extremely useful for moving large amounts of gas quickly.\n  They can typically achieve higher pressures than a pressure pump.\n\n  While volumetric pumps work off of the principle of volume, they will become [color=red]blocked[/color] if they try to push gas into a pipe higher than [color=orange][protodata=""GasVolumePump"" comp=""GasVolumePump"" member=""HigherThreshold""/] kPa[/color].\n"	"\n\n  Они чрезвычайно полезны для быстрой перекачки больших объемов газа.\n  Как правило, они позволяют достигать более высокого давления, чем напорные насосы.\n\n  Хотя объемные насосы работают по принципу объема, они становятся [color=red]заблокировано[/color] если они попытаются закачать газ в трубу, расположенную выше, чем [color=orange][protodata=""GasVolumePump"" comp=""GasVolumePump"" member=""HigherThreshold""/] кПа[/color].\n"	DeepL guide prose: check game mechanics and terminology
ServerInfo/Guidebook/Engineering/RTG.xml	\n  # Radioisotope Thermoelectric Generator (RTG)\n\n  	\n  # Радиоизотопный термоэлектрический генератор (РТГ)\n\n  	DeepL guide prose: check game mechanics and terminology
ServerInfo/Guidebook/Engineering/RTG.xml	"\n\n  A Radioisotope Thermoelectric Generator (RTG) is a passive power source that generates power from the decay of radioactive isotopes.\n\n  They require no maintenance and are a reliable source of power, making them ideal for powering essential systems that need to be online at all times, like Telecoms, the AI, or the Crew Monitoring Server.\n\n  RTGs always generate [color=orange][protodata=""GeneratorRTG"" comp=""PowerSupplier"" member=""MaxSupply"" format=""N0""/] W[/color] of power and must be connected to an [color=orange]HV power[/color] [textlink=""network"" link=""VoltageNetworks""] to function.\n\n  However, they're only accessible through salvage finding one on an expedition. Should they bring some in, make sure to thank them!\n\n  ## RTG Damage\n  "	"\n\n  Радиоизотопный термоэлектрический генератор (РТГ) — это пассивный источник энергии, генерирующий энергию за счет распада радиоактивных изотопов.\n\n  Они не требуют технического обслуживания и являются надёжным источником энергии, что делает их идеальным вариантом для питания важнейших систем, которые должны работать круглосуточно, таких как системы связи, искусственный интеллект или сервер мониторинга экипажа.\n\n  РТГ всегда генерируют [color=orange][protodata=""GeneratorRTG"" comp=""PowerSupplier"" member=""MaxSupply"" format=""N0""/] W[/color] питания и должны быть подключены к [color=orange]Высоковольтное питание[/color] [textlink=""сеть"" link=""VoltageNetworks""] для работы.\n\n  Однако получить к ним доступ можно только путем сбора утиля во время экспедиции. Если они принесут что-нибудь, не забудьте их поблагодарить!\n\n  ## Повреждение RTG\n  "	DeepL guide prose: check game mechanics and terminology
ServerInfo/Guidebook/Engineering/RTG.xml	\n  If RTGs take enough damage, they can become damaged RTGs.\n  Damaged RTGs behave just like regular ones, but they're [color=yellow]radioactive[/color].\n\n  That means they're more dangerous, but on the bright side, you can put radiation collectors next to them to turn that radiation into more power.\n  This is usually more worthwhile, considering the power is still free, so long as you can find a safe spot to put the RTG(s) in.\n	\n  Если RTG получают достаточное количество урона, они могут превратиться в поврежденные RTG.\n  Поврежденные RTG ведут себя точно так же, как и обычные, но они [color=yellow]радиоактивный[/color].\n\n  Это означает, что они более опасны, но с другой стороны, вы можете установить рядом с ними коллекторы радиации, чтобы преобразовать эту радиацию в дополнительную энергию.\n  Обычно это более выгодно, учитывая, что энергия по-прежнему бесплатна, при условии, что вы сможете найти безопасное место для установки РТГ.\n	DeepL guide prose: check game mechanics and terminology
ServerInfo/Guidebook/Medical/Medical.xml	\n# Medical\nThis is the department where people go to when they're hurt, it's up to the folks working here to fix them.\n\n## Personnel\n[color=#5b97bc]Medical[/color]'s staff is made up of Medical Interns, Medical Doctors, Paramedics and Chemists. [color=#5b97bc]Medical[/color] is run by the Chief Medical Officer.\n\n  	\n# Медицинский отдел\nВ этот отдел обращаются люди, когда получают травмы, и именно сотрудники этого отдела должны их вылечить.\n\n## Персонал\n[color=#5b97bc]Медицинский отдел[/color]Персонал станции состоит из медицинских интернов, врачей, фельдшеров и химиков. [color=#5b97bc]Медицинский отдел[/color] находится под управлением главного врача.\n\n  	DeepL guide prose: check game mechanics and terminology
ServerInfo/Guidebook/Medical/Medical.xml	\n  \nRight now, medbay is divided into two different sets of care:\n\n## Medical Treatment\n  	\n  \nВ настоящее время медицинский отсек разделен на два различных направления оказания помощи:\n\n## Медицинское лечение\n  	DeepL guide prose: check game mechanics and terminology
ServerInfo/Guidebook/Medical/Medical.xml	\n## Chemical Production\n  	\n## Производство химикатов\n  	DeepL guide prose: check game mechanics and terminology
ServerInfo/Guidebook/Mobs/Species.xml	\n  # Species\n\n  Nanotrasen employs humans, dwarves and vox.\n\n  	\n  # Виды\n\n  В компании «Нанотразен» работают люди, гномы и вокс.\n\n  	DeepL guide prose: check game mechanics and terminology
ServerInfo/Guidebook/Science/Cyborgs.xml	"\n  # Cyborgs\n  Cyborgs are man-machine hybrids, purpose-built by the [textlink=""robotics""  link=""Robotics""] division of science for various duties across the station. Bound by strictly-followed [color=cyan]silicon laws[/color], they serve the crew unconditionally. [italic](Most of the time.)[italic]\n\n  ## Basic Components\n  "	"\n  # Киборги\n  Киборги — это гибриды человека и машины, специально созданные [textlink=""робототехника""  link=""Robotics""] Научные подразделения, выполняющие различные задачи на станции. Действующие в рамках строго соблюдаемых [color=cyan]законы кремния[/color]... они безоговорочно служат экипажу. [italic](В большинстве случаев.)[italic]\n\n  ## Основные компоненты\n  "	DeepL guide prose: check game mechanics and terminology
ServerInfo/Guidebook/Science/Cyborgs.xml	\n  All cyborgs are built on an endoskeleton, which can be crafted at an [color=#a4885c]Exosuit Fabricator[/color]. Further assembly steps can be followed by [color=#a4885c]examining[/color] the endoskeleton. Once built, further upgrades like additional tools and a longer battery life can be unlocked with modules or improved power cells.\n\n  Newly built cyborgs need a [color=#a4885c]brain[/color] able to interface with the electronic body. There are two main types, both of which are able to speak independently, should the chassis be decommissioned, exchanged, or otherwise suffer an unscheduled disassembly.\n  - The [color=#a4885c]Man-Machine Interface[/color] or MMI for short, is an apparatus able to facilitate communication between a biological brain and electronic components, enabling those suffering from major workplace accidents to continue serving their crew, long after their body is gone.\n  - The [color=#a4885c]Positronic Brain[/color] is an entirely artificial brain, capable of spontaneous neural activity. The time for the synthetic neurons to descramble can wildly vary, but they allow for the creation of cyborgs without having to extract a brain from a crew member.\n  	\n  Все киборги созданы на основе эндоскелета, который можно изготовить в [color=#a4885c]Машина для изготовления экзокостюмов[/color]. Дальнейшие этапы сборки можно выполнить, следуя [color=#a4885c]изучение[/color] эндоскелет. После сборки можно разблокировать дополнительные улучшения, такие как дополнительные инструменты и увеличенный срок службы батареи, с помощью модулей или усовершенствованных энергоэлементов.\n\n  Вновь созданные киборги нуждаются в [color=#a4885c]brain[/color] способны взаимодействовать с электронным корпусом. Существует два основных типа, оба из которых способны функционировать автономно в случае вывода шасси из эксплуатации, его замены или иного внепланового демонтажа.\n  - [color=#a4885c]Человеко-машинный интерфейс[/color] или, сокращённо, MMI — это устройство, способное облегчить взаимодействие между биологическим мозгом и электронными компонентами, позволяя людям, пострадавшим в результате тяжёлых несчастных случаев на производстве, продолжать служить своему экипажу ещё долго после того, как их тело перестанет функционировать.\n  - The [color=#a4885c]Позитронный мозг[/color] — это полностью искусственный мозг, способный к спонтанной нейронной активности. Время, необходимое синтетическим нейронам для расшифровки, может сильно варьироваться, но они позволяют создавать киборгов без необходимости извлекать мозг из члена экипажа.\n  	DeepL guide prose: check game mechanics and terminology
ServerInfo/Guidebook/Science/Cyborgs.xml	\n  Both brains can be fabricated without requiring any additional research.\n\n  ## Cyborg types\n  Once created, a cyborg needs to specialize its chassis to a duty on the station. This determines what modules it starts with, which additional modules can be installed, and what [color=#a4885c]departmental radio channel[/color] it has access to. All cyborgs have access to the [color=#D381C9]Science[/color] and [color=green]station-wide[/color] radio channels. All cyborg types have [color=#a4885c]all-access[/color].\n  	\n  Оба типа мозгов можно изготовить без проведения дополнительных исследований.\n\n  ## Типы киборгов\n  После создания киборг должен специализировать свою платформу под выполнение определённых обязанностей на станции. Это определяет, с какими модулями он начинает, какие дополнительные модули можно установить и что [color=#a4885c]радиоканал отдела[/color] к которому у него есть доступ. Все киборги имеют доступ к [color=#D381C9]Наука[/color] и [color=green]по всей станции[/color] Радиоканалы. Все типы киборгов имеют [color=#a4885c]полный доступ[/color].\n  	DeepL guide prose: check game mechanics and terminology
ServerInfo/Guidebook/Science/Cyborgs.xml	\n    [italic]Examples of various cyborg types[/italic]\n  	\n    [italic]Примеры различных типов киборгов[/italic]\n  	DeepL guide prose: check game mechanics and terminology
ServerInfo/Guidebook/Science/Cyborgs.xml	\n  Once a cyborg chassis has been specialized, it cannot be changed. To change types, a new chassis must be constructed. The brain, power cell, and any modules [italic](if they are compatible with the new chassis)[/italic] can be carried over from the old chassis if desired.\n\n  ## Modules\n  	\n  После специализации корпуса киборга его нельзя изменить. Для смены типа необходимо построить новый корпус. Мозг, энергетический элемент и любые модули [italic](если они совместимы с новым шасси)[/italic] При желании их можно перенести со старой платформы.\n\n  ## Модули\n  	DeepL guide prose: check game mechanics and terminology
ServerInfo/Guidebook/Science/Cyborgs.xml	\n  Cyborgs do not have hands, and therefore cannot pick things up like most other players. Instead, their equipment is provided by various [color=#a4885c]modules[/color]. Every cyborg type starts with its own specific set of modules, but additional modules can be inserted as upgrades. These additional modules can be printed at the [color=#a4885c]Exosuit Fabricator[/color].\n\n  [color=#a4885c]Generic[/color] modules add versatility. They can be fitted into any chassis, granting useful tools such as crowbars, GPS, and the ability to interact with cables. [bold]The generic cyborg chassis can fit up to five additional modules.[/bold]\n  	\n  У киборгов нет рук, поэтому они не могут поднимать предметы, как большинство других игроков. Вместо этого их снаряжением служат различные [color=#a4885c]модули[/color]. Каждый тип киборга изначально оснащён собственным набором модулей, но в качестве модернизации можно установить дополнительные модули. Эти дополнительные модули можно напечатать на [color=#a4885c]Машина для изготовления экзокостюмов[/color].\n\n  [color=#a4885c]Общее[/color] Модули добавляют универсальности. Их можно устанавливать на любое шасси, получая таким образом полезные инструменты, такие как ломы, GPS, а также возможность взаимодействовать с кабелями. [bold]На стандартное шасси киборга можно установить до пяти дополнительных модулей.[/bold]\n  	DeepL guide prose: check game mechanics and terminology
ServerInfo/Guidebook/Science/Cyborgs.xml	\n    [italic]Examples of generic modules[/italic]\n  	\n    [italic]Примеры типовых модулей[/italic]\n  	DeepL guide prose: check game mechanics and terminology
ServerInfo/Guidebook/Science/Cyborgs.xml	\n\n  For more specific needs, [color=#a4885c]specialized[/color] modules are available, granting capabilities like scanning anomalies, constructing walls, reviving crew mates, or cleaning a space lube spill. These modules are typically colored with the same palette as the department [italic](or occupation)[/italic] they relate to. These modules [italic](with exception to [color=#D381C9]science[/color] modules, which can fit any chassis,)[/italic] can only be fitted in their associated borg chassis. [bold]The specialized borg chassis, being the engineering, janitorial, service, medical, and mining chassis, can fit up to three additional modules.[/bold]\n  	\n\n  Для более конкретных запросов, [color=#a4885c]специализированный[/color] Доступны модули, предоставляющие такие возможности, как сканирование аномалий, возведение стен, реанимация членов экипажа или уборка разлитой космической смазки. Эти модули, как правило, окрашены в те же цвета, что и соответствующий отдел [italic](или профессия)[/italic] к которым они относятся. Эти модули [italic](за исключением [color=#D381C9]наука[/color] модули, которые можно установить на любое шасси,)[/italic] Могут устанавливаться только в соответствующие шасси Borg. [bold]Специализированные шасси «Борг» — инженерное, хозяйственное, сервисное, медицинское и горнодобывающее — могут вместить до трёх дополнительных модулей.[/bold]\n  	DeepL guide prose: check game mechanics and terminology
ServerInfo/Guidebook/Science/Cyborgs.xml	\n    [italic]Examples of specialized modules. Note the housing and circuit board colors.\n  	\n    [italic]Примеры специализированных модулей. Обратите внимание на цвета корпусов и печатных плат.\n  	DeepL guide prose: check game mechanics and terminology
ServerInfo/Guidebook/Science/Cyborgs.xml	"\n  Additional modules with advanced or novel capabilities can be acquired through new [textlink=""technologies""  link=""Technologies""] researched by scientists.\n"	"\n  Дополнительные модули с расширенными или новыми возможностями можно приобрести через новые [textlink=""технологии""  link=""Technologies""] исследовано учёными.\n"	DeepL guide prose: check game mechanics and terminology
ServerInfo/Guidebook/Science/Science.xml	\n# Science\n[color=#c96dbf]Science[/color], often called Research and Development, is a job consisting of generating research points to unlock new technologies and using said technologies to produce new items at lathes to help out the station.\n\n## Personnel\n[color=#c96dbf]Science[/color]'s staff is made up of Research Assistants and Scientists. [color=#c96dbf]Science[/color] is run by the Research Director.\n\n  	\n# Наука\n[color=#c96dbf]Наука[/color], часто называемая «Исследования и разработки», — это работа, заключающаяся в наборе очков исследований для разблокировки новых технологий и использовании этих технологий для производства новых предметов на токарных станках в интересах станции.\n\n## Персонал\n[color=#c96dbf]Наука[/color]Персонал станции состоит из научных ассистентов и учёных. [color=#c96dbf]Наука[/color] руководит директор по научным исследованиям.\n\n  	DeepL guide prose: check game mechanics and terminology
ServerInfo/Guidebook/Science/Science.xml	\n\n## Technologies\n  	\n\n## Технологии\n  	DeepL guide prose: check game mechanics and terminology
ServerInfo/Guidebook/Science/Science.xml	"\nThe most important thing inside your department is the R&D server, which stores unlocked technologies, and the R&D computer, which allows you to unlock [color=#a4885c]technologies[/color].\n\nEach technology costs [color=#a4885c]Research Points[/color] and unlocks recipes at lathes. Some technologies will also have prerequisites you have to unlock before you can research them.\n\n[textlink=""Click here to see a list of technologies."" link=""Technologies""].\n\n## Disciplines\nTechnologies are spread over 4 different Disciplines:\n  "	"\nСамое важное в вашем отделе — это сервер НИОКР, на котором хранятся разблокированные технологии, и компьютер НИОКР, позволяющий разблокировать [color=#a4885c]технологии[/color].\n\nКаждая технология стоит [color=#a4885c]Очки исследований[/color] а также разблокирует рецепты на токарных станках. Для некоторых технологий также будут предусмотрены предварительные условия, которые необходимо выполнить, прежде чем вы сможете их исследовать.\n\n[textlink=""Нажмите здесь, чтобы увидеть список технологий."" link=""Technologies""].\n\n## Дисциплины\nТехнологии разделены на 4 различные дисциплины:\n  "	DeepL guide prose: check game mechanics and terminology
ServerInfo/Guidebook/Science/Science.xml	 Use your nearest R&D console to take note of which kind of research is locked behind each Discipline tree.\n\n## Tiers\nEach Discipline tree has up to 3 tiers of technologies. At the start the only tier that is open and available for you is tier 1.\n\nIn order to progress further, you have to research up to [color=brown]75%[/color] of the current tier to move to the next one. So in order to unlock T2 researches you need to research 75% of T1.\n\nNow [color=green]Tier 3[/color] is where it gets interesting. If you research a T3 tech, you [color=brown]lock out[/color] T3 techs from other Discipline trees. That is, unless you can find some other way around it... you should probably ask your [color=purple]Research Director[/color].\n\n## Lathes\n  	 Воспользуйтесь ближайшей консолью НИОКР, чтобы узнать, какие исследования заблокированы за каждым деревом дисциплин.\n\n## Уровни\nКаждое дерево дисциплин имеет до 3 уровней технологий. В начале единственный открытый и доступный для вас уровень — это уровень 1.\n\nЧтобы продвинуться дальше, вам необходимо провести исследования до [color=brown]75%[/color] текущего уровня, чтобы перейти к следующему. Таким образом, чтобы разблокировать исследования уровня T2, необходимо исследовать 75% уровня T1.\n\nТеперь [color=green]Уровень 3[/color] И вот тут-то всё и становится интересным. Если вы разрабатываете технологию уровня T3, вы [color=brown]блокировка[/color] Технологии T3 из других деревьев дисциплин. То есть, если только вы не найдете какой-то другой способ обойти это... вам, наверное, стоит спросить у своего [color=purple]Директор по научным исследованиям[/color].\n\n## Токарные станки\n  	DeepL guide prose: check game mechanics and terminology
ServerInfo/Guidebook/Science/Science.xml	\nAt a lathe, you can choose a server to allow it print whatever recipes you have unlocked. Recipes require various materials (steel, glass, plastic, gold, plasma) which can be acquired at Cargo or Salvage.\n\n	\nНа токарном станке вы можете выбрать сервер, чтобы напечатать любые рецепты, которые вы разблокировали. Для рецептов требуются различные материалы (сталь, стекло, пластик, золото, плазма), которые можно получить в «Грузовом отсеке» или «Утилизационном отсеке».\n\n	DeepL guide prose: check game mechanics and terminology
ServerInfo/Guidebook/Science/Technologies.xml	\n# Technologies\n\nAll technologies have a cost and a tier requirement in order to be researched. Unlocking them adds a variety of recipes that can be printed at various lathes.\n\nThe different technologies and their respective discipline are listed below.\n\n## Industrial\n	\n# Технологии\n\nДля исследования всех технологий требуются определенные затраты и достижение определенного уровня. Их разблокировка добавляет различные рецепты, которые можно распечатать на различных токарных станках.\n\nНиже перечислены различные технологии и соответствующие им дисциплины.\n\n## Промышленность\n	DeepL guide prose: check game mechanics and terminology
ServerInfo/Guidebook/Science/Technologies.xml	\n\n## Arsenal\n	\n\n## Арсенал\n	DeepL guide prose: check game mechanics and terminology
ServerInfo/Guidebook/Science/Technologies.xml	\n\n## Experimental\n	\n\n## Экспериментальная версия\n	DeepL guide prose: check game mechanics and terminology
ServerInfo/Guidebook/Science/Technologies.xml	\n\n## Civilian Services\n	\n\n## Гражданские службы\n	DeepL guide prose: check game mechanics and terminology
ServerInfo/Guidebook/Science/Xenoarchaeology.xml	\n  # Xenoarchaeology\n\n  Xenoarchaeology is a branch of Science focused on researching alien [bold]artifacts[/bold].\n\n  Unlocking their secrets grants research points and reveals strange, potentially useful, or dangerous effects.\n\n  At round start, Science usually has one or two artifacts in the lab. More can be:\n  - Ordered from [color=orange]Cargo[/color]\n  - Found by [color=orange]Salvage[/color]\n  - Assembled from [bold]fragments[/bold]\n  - Appear during certain station events\n\n  ## Artifacts\n  	\n  # Ксеноархеология\n\n  Ксеноархеология — это отрасль науки, посвящённая изучению инопланетных [bold]артефакты[/bold].\n\n  Раскрытие их секретов приносит очки исследований и открывает странные, потенциально полезные или опасные эффекты.\n\n  В начале раунда у отдела «Наука» обычно есть один или два артефакта в лаборатории. Дополнительные артефакты можно:\n  - Заказать у [color=orange]Груз[/color]\n  - Найдено [color=orange]Сбор утиля[/color]\n  - Составлено на основе [bold]фрагменты[/bold]\n  - Появляются во время определённых событий на станции\n\n  ## Артефакты\n  	DeepL guide prose: check game mechanics and terminology
ServerInfo/Guidebook/Science/Xenoarchaeology.xml	\n\n  Artifacts contain [bold]nodes[/bold] arranged in [bold]layers[/bold].\n  - Unlocking a node unlocks connected nodes on upper layers.\n  - Each node has [bold]triggers[/bold], actions that must be performed near the artifact to unlock a node.\n  - When a node is unlocked, its [bold]effect[/bold] will trigger, and the node becomes [bold][color=plum]Active[/color][/bold].\n  - Each node has [bold]durability[/bold]: the number of times it can be manually activated after being unlocked.\n  - Higher nodes are harder to reach but give more [bold]research points[/bold].\n  - Unlocking all nodes provides no special bonus, but every node yields research points.\n\n  ## Equipment\n  	\n\n  Артефакты содержат [bold]узлы[/bold] размещены в [bold]слои[/bold].\n  - Разблокировка одного узла приводит к разблокировке связанных с ним узлов на верхних уровнях.\n  - Каждый узел имеет [bold]триггеры[/bold], действия, которые необходимо выполнить рядом с артефактом, чтобы разблокировать узел.\n  - Когда узел разблокирован, его [bold]эффект[/bold] срабатывает, и узел становится [bold][color=plum]Активная[/color][/bold].\n  - Каждый узел имеет [bold]прочность[/bold]: количество раз, которое можно вручную активировать после разблокировки.\n  - Более высокие узлы сложнее достичь, но дают больше [bold]очки исследований[/bold].\n  - Разблокировка всех узлов не даёт никаких особых бонусов, но каждый узел приносит очки исследований.\n\n  ## Оборудование\n  	DeepL guide prose: check game mechanics and terminology
ServerInfo/Guidebook/Science/Xenoarchaeology.xml	"\n  - [bold]Artifact Analyzer:[/bold] Stationary device that scans artifacts, sending data to the Console.\n  - [bold][textlink=""Analysis Console:"" link=""AnalysisConsole""][/bold] Stationary device that is used to display the node tree. Must be linked to an Analyzer with a multitool.\n  - [bold]Node Scanner:[/bold] Small hand-held device that can show the ID of the node currently being activated and whether the artifact is ready to trigger, letting scientist have minimal required knowledge for operating inside chamber near artifact and far without direct access to console.\n\n  "	"\n  - [bold]Анализатор артефактов:[/bold] Стационарное устройство, сканирующее артефакты и отправляющее данные на консоль.\n  - [bold][textlink=""Консоль анализа:"" link=""AnalysisConsole""][/bold] Стационарное устройство, используемое для отображения дерева узлов. Должно быть подключено к анализатору с помощью мультиинструмента.\n  - [bold]Сканер узлов:[/bold] Небольшое портативное устройство, способное отображать идентификатор активируемого в данный момент узла и информацию о готовности артефакта к срабатыванию, что позволяет ученым обходиться минимальным объемом знаний для работы как внутри камеры рядом с артефактом, так и на удалении без прямого доступа к консоли.\n\n  "	DeepL guide prose: check game mechanics and terminology
ServerInfo/Guidebook/Science/Xenoarchaeology.xml	\n  - [bold]Artifact Containers:[/bold] Safely store and transports artifacts and prevent nodes from triggering.\n  	\n  - [bold]Контейнеры с артефактами:[/bold] Безопасно храните и транспортируйте артефакты, а также предотвращайте срабатывание узлов.\n  	DeepL guide prose: check game mechanics and terminology
ServerInfo/Guidebook/Science/Xenoarchaeology.xml	\n  - [bold]Artifact Crusher:[/bold] Crushes artifacts into fragments. Four fragments can be rebuilt into a new artifact.\n  	\n  - [bold]«Дробилка артефактов»:[/bold] Разбивает артефакты на осколки. Из четырёх осколков можно собрать новый артефакт.\n  	DeepL guide prose: check game mechanics and terminology
ServerInfo/Guidebook/Science/Xenoarchaeology.xml	\n  - [bold]Artifact Fragment:[/bold] Pieces of destroyed artifacts. Four fragments can be rebuilt into a new artifact using the craft menu.\n	\n  - [bold]Фрагмент артефакта:[/bold] Осколки разрушенных артефактов. Четыре осколка можно собрать в новый артефакт с помощью меню ремесла.\n	DeepL guide prose: check game mechanics and terminology
ServerInfo/Guidebook/Service/Bartender.xml	"\n# Bartender\nThe bartender has a pretty simple job: serve drinks. People will come up to you and request drinks, and your job is just to hand it to them.\n\n[textlink=""Click here to see a complete list of drinks."" link=""Drinks""]\n\n"	"\n# Бармен\nРабота бармена довольно проста: подавать напитки. Люди будут подходить к вам и заказывать напитки, а ваша задача — просто подавать их.\n\n[textlink=""Нажмите здесь, чтобы увидеть полный список напитков."" link=""Drinks""]\n\n"	DeepL guide prose: check game mechanics and terminology
ServerInfo/Guidebook/Service/Bartender.xml	\nThe materials for these drinks can be found in various places:\n	\nИнгредиенты для приготовления этих напитков можно найти в различных местах:\n	DeepL guide prose: check game mechanics and terminology
ServerInfo/Guidebook/Service/Bartender.xml	\nDon't forget containers to serve them in!\n	\nНе забудьте про контейнеры, в которых их подавать!\n	DeepL guide prose: check game mechanics and terminology
ServerInfo/Guidebook/Service/Bartender.xml	\n\nYou can find a list of every drink that can be requested under the Reference Tables entry.\n	\n\nСписок всех напитков, которые можно заказать, можно найти в разделе «Справочные таблицы».\n	DeepL guide prose: check game mechanics and terminology
ServerInfo/Guidebook/SpaceStation14.xml	\n# Station and Shifts\n\nEvery round of SS14 is a [bold]self-contained shift[/bold] that takes place on one of many different stations.\n\nRounds typically last from [color=cyan]45 to 90 minutes[/color], but players are free to leave and join at any point during a round.\n\n## Shuttle Terminal\nIf you join in the middle of a shift, you will likely spawn on the [color=lime]shuttle terminal[/color].\nHere you can grab drinks, converse with other players, and wait for the shuttle to take you to the station.\n\nScreens on the walls will give you an ETA for the shuttle.\nWhen it arrives, simply walk on to be transported to the station.\n\nMake sure to stay inside the terminal and to not stand in the shuttle landing zone. [color=#EB2D3A][bold]You can be crushed by shuttles flying in[/bold][/color]\n\n## Navigation\nEvery station has a wide variety of locations to visit.\nThese range from specific departments where work happens to common areas where you can relax and chat with others.\n\n	\n# Станция и смены\n\nКаждый раунд в SS14 представляет собой [bold]автономная смена[/bold] Действие разворачивается на одной из множества различных станций.\n\nРаунды обычно длятся от [color=cyan]От 45 до 90 минут[/color], но игроки могут свободно покидать игру и присоединяться к ней в любой момент раунда.\n\n## Терминал шаттла\nЕсли вы присоединитесь к игре в середине смены, вы, скорее всего, появитесь на [color=lime]терминал шаттла[/color].\nЗдесь вы можете взять напитки, пообщаться с другими игроками и дождаться шаттла, который доставит вас на станцию.\n\nНа экранах на стенах будет отображаться примерное время прибытия шаттла.\nКогда он прибудет, просто войдите в него, чтобы попасть на станцию.\n\nОбязательно оставайтесь внутри терминала и не стойте в зоне посадки шаттла. [color=#EB2D3A][bold]Вас могут раздавить пролетающие шаттлы[/bold][/color]\n\n## Навигация\nНа каждой станции есть множество мест, которые можно посетить.\nЭто и отдельные отделы, где ведется работа, и общие зоны, где можно отдохнуть и пообщаться с другими игроками.\n\n	DeepL guide prose: check game mechanics and terminology
ServerInfo/Guidebook/SpaceStation14.xml	\n\n[color=cyan]Station maps[/color] give you an overview of the entire station with colored markers denoting locations of different things.\nRegular [color=cyan]signs[/color] on walls can point you to different departments.\n\n## Leaving the Station\nAt the end of the shift [color=gray](barring a [color=red][bold]nuclear disaster[/bold][/color])[/color], you will leave the station via the [color=lime]evac shuttle[/color].\nWhen it's called, an announcement will play on the station alerting the crew and signaling its [color=cyan]arrival in 10 minutes.[/color]\nOnce it arrives, you'll need to make your way over to it, board it, and then survive the trip to [bold]Central Command[/bold].\n\nThe round doesn't officially end until you reach [bold]Central Command[/bold]\n\n	\n\n[color=cyan]Карты станции[/color] Дают вам общее представление о всей станции с помощью цветных маркеров, обозначающих расположение различных объектов.\nОбычный [color=cyan]знаки[/color] Надписи на стенах могут указывать вам на различные отделы.\n\n## Покидание станции\nВ конце смены [color=gray](если не [color=red][bold]ядерная катастрофа[/bold][/color])[/color], вы покинете станцию через [color=lime]эвакуационный шаттл[/color].\nПри поступлении сигнала на станции будет воспроизведено объявление, предупреждающее экипаж и сигнализирующее о [color=cyan]Прибытие через 10 минут.[/color]\nКак только она прибудет, вам нужно будет добраться до неё, подняться на борт и затем пережить путешествие до [bold]Центральное командование[/bold].\n\nРаунд официально не заканчивается, пока вы не достигнете [bold]Центральное командование[/bold]\n\n	DeepL guide prose: check game mechanics and terminology
ServerInfo/Guidebook/SpaceStation14.xml	"\n\nIf you need to leave a round early, you can do so through a [color=lime]cryogenic sleep unit[/color].\nSimply going inside and leaving the game will store your belongings and ensure that they are not stolen or misused.\n\n## More Info\nLearning the controls? [textlink=""Click here to read about the different controls"" link=""Controls""]\n\nDon't know how to perform a job? [textlink=""Click here to jump to a list of departments"" link=""Jobs""]\n\nKeep dying? [textlink=""Click here to see a survival guide"" link=""Survival""]\n\n"	"\n\nЕсли вам нужно покинуть раунд раньше времени, вы можете сделать это через [color=lime]устройство криогенного сна[/color].\nДостаточно просто войти внутрь и выйти из игры — ваши вещи будут сохранены, и вы можете быть уверены, что их не украдут и не используют не по назначению.\n\n## Дополнительная информация\nХотите освоить управление? [textlink=""Нажмите здесь, чтобы узнать о различных способах управления"" link=""Controls""]\n\nНе знаете, как выполнить задание? [textlink=""Нажмите здесь, чтобы перейти к списку отделов"" link=""Jobs""]\n\nПостоянно гибнете? [textlink=""Нажмите здесь, чтобы ознакомиться с руководством по выживанию"" link=""Survival""]\n\n"	DeepL guide prose: check game mechanics and terminology
ServerInfo/_FarHorizons/Guidebook/Engineering/NuclearReactor.xml	\n\t# Nuclear Generator\n\n\tThe Nuclear Generator generates power by heating a gas through fission reactions in a Nuclear Reactor, which then spins a Gas Turbine.\n\n\t## The Nuclear Reactor\n\t	\n\t# Ядерный генератор\n\n    Ядерный генератор вырабатывает энергию за счёт нагрева газа в результате реакций деления в ядерном реакторе, что приводит в движение газовую турбину.\n\n    ## Ядерный реактор\n\t	DeepL guide prose: check game mechanics and terminology
ServerInfo/_FarHorizons/Guidebook/Engineering/NuclearReactor.xml	\n\n\tThe Nuclear Reactor is the primary source of heat the generator uses to make power.\n\n\tIt is represented as a 7x7 grid of Reactor Rod ports, which engineers can insert different fabricated rods into.\n\n\tHeat is generated through fission reactions inside fuel rods and transferred into the coolant gas by gas channels.\n\n\t## Reactor Rods\n\t	\n\n\tЯдерный реактор является основным источником тепла, которое генератор использует для выработки энергии.\n\n    Он представлен в виде сетки 7x7 портов для реакторных стержней, в которые инженеры могут вставлять различные изготовленные стержни.\n\n\tТепло генерируется в результате реакций деления внутри топливных стержней и передаётся в газообразный теплоноситель по газовым каналам.\n\n    ## Реакторные стержни\n\t	DeepL guide prose: check game mechanics and terminology
ServerInfo/_FarHorizons/Guidebook/Engineering/NuclearReactor.xml	\n\n\tReactor Rods are the parts that go into the Reactor grid and cause it to function.\n\n\tThey transfer heat and interact with neutrons within the Reactor.\n\n\tIf a Reactor Rod's [bold]Temperature[/bold] reaches 1700 kelvin, it will begin to melt.\n\n\tOnce melted it will become much more active and able to transfer heat into the Reactor, which may cause a total meltdown.\n\n\tHandling hot Reactor Rods can cause serious burns.\n\n\tIf it is hotter than 80C you'll need gloves to be able to handle them. At 500C, not even gloves will protect you.\n\n\tThere are four different types of Reactor Rods that can be manufactured and placed into the Reactor grid: Fuel Rods, Control Rods, Gas Channels, and Heat Exchangers.\n\n\t### Fuel Rods\n\tFuel Rods are the source of neutrons and heat within the Reactor.\n\n\tThey can emit neutrons through spontaneous decay and from interacting with existing neutrons, which also creates heat.\n\n\tThey have two statistics that determine their effectiveness and volatility:\n\t- [bold]Neutron Radioactivity[/bold]: Creates high-energy neutrons and large amounts of heat. Decays into Radioactivity.\n\t- [bold]Radioactivity[/bold]: Creates neutrons and heat. Decays into Spent Fuel.\n\n\tThey also keep track of how much [bold]Spent Fuel[/bold] they contain, which does not affect the Fuel Rod's performance, but can indicate when it is time to replace it.\n\n\t### Control Rods\n\tControl rods control the flow of neutrons within the Reactor.\n\n\tThey have the unique property of being able to be adjusted, which changes how effective they are.\n\n\tThey control the reaction by limiting the number of neutrons that go through them and into a Fuel Rod.\n\n\t### Gas Channels\n\tGas Channels transfer heat from themselves into the coolant gas that flows through them.\n\n\tEach Gas Channel will increase the flow rate by [bold]100 L/s[/bold], allowing the Reactor to process more gas at once.\n\n\t### Heat Exchangers\n\tHeat Exchangers guide the spread of heat within the Reactor.\n\n\tThey are exceptionally good at transferring heat and don't interact with neutrons, making them ideal for getting heat from a Fuel Rod into a Gas Channel without interfering with the fission process.\n\n\t## Controlling the Reactor\n\tThe Reactor is controlled and modified through its UI, which also provides information on the Reactor's status.\n\n\tThe Reactor UI has three major panels: Targeting, Grid View, Status Panel\n\n\t### Targeting\n\tThe targeting panel has controls for inserting and removing rods into and out of the Reactor grid.\n\n\tThe X and Y position of the target are adjusted through the +X, -X and +Y, -Y buttons.\n\n\tReactor Rods can be inserted or removed through the Insert/Remove button below the position buttons.\n\n\tIf there is a Reactor Rod at the target position, it will show information on that Reactor Rod, including its:\n\t- Name\n\t- Temperature (T)\n\t- Neutron Radioactivity (N)\n\t- Radioactivity (R)\n\t- Spent Fuel (S)\n\n\tThe bottom of the panel displays the name of the part that has been removed from the Reactor or is ready to be inserted.\n\n\t### Grid View\n\tThe grid view gives a graphic visualization of the status of the Reactor grid.\n\n\tThe Change View button can be used to alternate between the different views:\n\t- Temperature View: shows the temperature of the components\n\t- Neutron View: shows the number of neutrons at any given position\n\t- Target View: shows the current target location\n\n\t### Status Panel\n\tThe status panel gives information on the Reactor as a whole and provides control of the control rods.\n\n\tThe [bold]Temperature Gauge[/bold] shows the current temperature of the Reactor, in a range between 0 and 2000 kelvin.\n\n\tIf the Reactor ever reaches 2000 kelvin, it will [color=red]meltdown[/color].\n\n\tThe [bold]Radiation Gauge[/bold] shows the current radiation being emitted by the Reactor, in a range between 0 and 50 rads.\n\n\tThe [bold]Thermal Power Gauge[/bold] shows an estimation of the amount of thermal power being made by the Reactor, in a range between 0 and 10 000 000 thermal watts (Wt).\n\n\tThermal Power is a decent estimation of how much power can be extracted from the gas by the [bold]Turbine[/bold].\n\n\tThermal Power has a tendency to increase and decrease as the Reactor runs, rarely remaining stable.\n\n\tThe [bold]Control Rod Gauges[/bold] show the actual and set insertion levels of the control rods within the Reactor, and provide buttons to change the insertion level.\n\n\t## Cooling the Reactor\n\tThe Reactor is cooled through the use of gasses, but the gasses you use can have varying effects on the Reactor.\n\n\t	\n\n\tРеакторные стержни — это детали, которые устанавливаются в реакторную решетку и обеспечивают его работу.\n\n    Они передают тепло и взаимодействуют с нейтронами внутри реактора.\n\n    Если реакторный стержень [bold]Температура[/bold] достигнет 1700 кельвинов, он начнёт плавиться.\n\n    После плавления он станет гораздо более активным и сможет передавать тепло в реактор, что может привести к полному расплавлению.\n\n\tОбращение с горячими стержнями реактора может привести к серьёзным ожогам.\n\n    Если температура превышает 80 °C, вам понадобятся перчатки, чтобы с ними работать. При 500 °C даже перчатки вас не защитят.\n\n\tСуществует четыре типа реакторных стержней, которые можно изготовить и разместить в решетке реактора: топливные стержни, регулирующие стержни, газовые каналы и теплообменники.\n\n\t### Топливные стержни\n    Топливные стержни являются источником нейтронов и тепла внутри реактора.\n\n    Они могут испускать нейтроны в результате самопроизвольного распада и при взаимодействии с существующими нейтронами, что также приводит к выделению тепла.\n\n    У них есть два параметра, определяющих их эффективность и нестабильность:\n    - [bold]Нейтронная радиоактивность[/bold]: Генерирует высокоэнергетические нейтроны и большое количество тепла. Распадается с выделением радиоактивности.\n    - [bold]Радиоактивность[/bold]: Генерирует нейтроны и тепло. Распадается на отработанное топливо.\n\n    Они также отслеживают, сколько [bold]Отработанное топливо[/bold] которые в них содержатся, что не влияет на рабочие характеристики топливного стержня, но может указывать на необходимость его замены.\n\n    ### Регулирующие стержни\n    Регулирующие стержни контролируют поток нейтронов внутри реактора.\n\n    Они обладают уникальным свойством: их можно регулировать, что изменяет их эффективность.\n\n\tОни регулируют реакцию, ограничивая количество нейтронов, проходящих через них и попадающих в топливный стержень.\n\n    ### Газовые каналы\n    Газовые каналы передают тепло от себя в проходящий через них охлаждающий газ.\n\n    Каждый газовый канал увеличивает расход на [bold]100 л/с[/bold], что позволяет реактору обрабатывать больше газа за один раз.\n\n    ### Теплообменники\n    Теплообменники регулируют распределение тепла внутри реактора.\n\n\tОни исключительно хорошо передают тепло и не взаимодействуют с нейтронами, что делает их идеальным средством для передачи тепла от топливного стержня в газовый канал, не мешая процессу деления.\n\n    ## Управление реактором\n    Управление реактором и его настройка осуществляются через интерфейс, который также предоставляет информацию о его состоянии.\n\n\tПользовательский интерфейс реактора состоит из трёх основных панелей: «Наведение», «Вид сетки» и «Панель состояния»\n\n    ### Наведение\n    Панель «Наведение» содержит элементы управления для вставки и извлечения стержней в сетку реактора и из неё.\n\n\tКоординаты цели по осям X и Y регулируются с помощью кнопок +X, -X, +Y и -Y.\n\n    Топливные стержни можно вставлять или извлекать с помощью кнопки «Вставить/Извлечь», расположенной под кнопками позиционирования.\n\n\tЕсли в положении цели находится стержень реактора, отображается информация об этом стержне, включая:\n    - Название\n    - Температуру (T)\n    - Нейтронную радиоактивность (N)\n    - Радиоактивность (R)\n    - Отработанное топливо (S)\n\n\tВ нижней части панели отображается название детали, которая была извлечена из реактора или готова к установке.\n\n    ### Вид сетки\n    Вид сетки обеспечивает графическую визуализацию состояния сетки реактора.\n\n    Кнопка «Сменить вид» позволяет переключаться между различными видами:\n\t- Вид «Температура»: отображает температуру компонентов\n    - Вид «Нейтроны»: отображает количество нейтронов в любой заданной точке\n    - Вид «Цель»: отображает текущее положение цели\n\n    ### Панель состояния\n    Панель состояния предоставляет информацию о реакторе в целом и обеспечивает управление регулирующими стержнями. [bold]Датчик температуры[/bold] показывает текущую температуру реактора в диапазоне от 0 до 2000 кельвинов.\n\n    Если температура реактора когда-либо достигнет 2000 кельвинов, то [color=red]meltdown[/color].\n\n    Игра [bold]Датчик радиации[/bold] показывает текущий уровень излучения, испускаемого реактором, в диапазоне от 0 до 50 рад.\n\n    The [bold]Индикатор тепловой мощности[/bold] показывает приблизительную оценку количества тепловой мощности, вырабатываемой реактором, в диапазоне от 0 до 10 000 000 тепловых ватт (Wt).\n\n    Тепловая мощность — это достоверная оценка того, сколько энергии может быть извлечено из газа с помощью [bold]Turbine[/bold].\n\n    Тепловая мощность имеет тенденцию то увеличиваться, то уменьшаться по мере работы реактора и редко остается стабильной.\n\n    The [bold]Индикаторы регулирующих стержней[/bold] отображают фактический и заданный уровни ввода регулирующих стержней в реактор, а также предоставляют кнопки для изменения уровня ввода.\n\n    ## Охлаждение реактора\n    Реактор охлаждается с помощью газов, но используемые газы могут оказывать различное воздействие на реактор.\n\n\t	DeepL guide prose: check game mechanics and terminology
ServerInfo/_FarHorizons/Guidebook/Engineering/NuclearReactor.xml	\n\t[color=purple][bold]Plasma[/bold][/color] has a reactive effect, creating more neutrons and decaying into [color=green][bold]Tritium[/bold][/color].\n\n\tIf there is enough plasma within the Reactor, it may end up going into a runaway reaction and [color=red]melting down[/color].\n\n\t	\n\t[color=purple][bold]Плазма[/bold][/color] оказывает реактивное воздействие, генерируя больше нейтронов и распадаясь на [color=green][bold]Тритий[/bold][/color].\n\n    Если в реакторе будет достаточно плазмы, это может привести к неконтролируемой реакции и [color=red]плавление[/color].\n\n\t	DeepL guide prose: check game mechanics and terminology
ServerInfo/_FarHorizons/Guidebook/Engineering/NuclearReactor.xml	\n\t[color=gray][bold]Carbon Dioxide[/bold][/color] has a moderative effect, removing neutrons that come into contact with it.\n\n\tThis can be used to regulate a plasma reaction or slow down the Reactor.\n\n\t	\n\t[color=gray][bold]Углекислый газ[/bold][/color] обладает замедляющим эффектом, удаляя нейтроны, которые с ним соприкасаются.\n\n    Это можно использовать для регулирования плазменной реакции или замедления работы реактора.\n\n\t	DeepL guide prose: check game mechanics and terminology
ServerInfo/_FarHorizons/Guidebook/Engineering/NuclearReactor.xml	\n\t[color=green][bold]Tritium[/bold][/color] transmutes within a Reactor, decaying into a wide variety of gasses, including [color=blue][bold]Oxygen[/bold][/color].\n\n\tIn the presence of oxygen and at the temperatures of the Reactor, tritium will begin to burn, creating large amounts of heat.\n\n\t## Reactor Radiation\n  \t	\n\t[color=green][bold]Тритий[/bold][/color] превращается внутри реактора, распадаясь на целый ряд газов, в том числе [color=blue][bold]Кислород[/bold][/color].\n\n    В присутствии кислорода и при температурах, характерных для реактора, тритий начнёт гореть, выделяя большое количество тепла.\n\n    ## Радиация реактора\n  \t	DeepL guide prose: check game mechanics and terminology
ServerInfo/_FarHorizons/Guidebook/Engineering/NuclearReactor.xml	\n\tThe Reactor sometimes allows some radiation to leak out, which can pose a danger to unprotected crew.\n\n\tThe radiation level of the Reactor is determined by how many neutrons are escaping the Reactor grid.\n\n\t	\n\tИногда из реактора происходит утечка радиации, что может представлять опасность для незащищенных членов экипажа.\n\n    Уровень радиации в реакторе определяется количеством нейтронов, выходящих за пределы решетки реактора.\n\n\t	DeepL guide prose: check game mechanics and terminology
ServerInfo/_FarHorizons/Guidebook/Engineering/NuclearReactor.xml	\n\n\tProper protection and shielding are highly recommended when working near the Reactor.\n\n\n\t## The Gas Turbine\n\t	\n\n\tПри работе вблизи реактора настоятельно рекомендуется обеспечить надлежащую защиту и экранирование.\n\n\n    ## Газовая турбина\n\t	DeepL guide prose: check game mechanics and terminology
ServerInfo/_FarHorizons/Guidebook/Engineering/NuclearReactor.xml	"\n\n\tThe Gas Turbine is where the power actually gets made.\n\n\tIt takes in hot gas from the Reactor and outputs electricity and sends colder gas back to the Reactor.\n\n\tThe amount of energy made by the Turbine is affected by its set Flow Rate and Stator Load, and by its RPM.\n\n\t### Flow Rate\n\tThe Flow Rate determines how much gas goes through the Turbine every second.\n\n\tThe higher the Flow Rate, the higher the RPM of the Turbine.\n\n\tFlow Rate is usually set to allow maximum flow through the Reactor core, which can be found by the following equation: 100 * number of gas channels + 200.\n\n\t### Stator Load\n\tThe Stator Load determines how much power is made by each revolution of the Turbine.\n\n\tThe higher the Stator Load, the lower the RPM of the Turbine.\n\n\tStator Load is usually adjusted to ensure the Turbine stays at optimal RPM.\n\n\t### RPM\n\tThe RPM (Rotations Per Minute) represents how fast the Turbine is spinning.\n\n\tThe Turbine has an optimal RPM, where it will produce the most power.\n\n\tGoing faster or slower than optimal will result in poor performance.\n\n\t## Turbine Status Indicators\n\tThe Turbine has a set of status indicators to warn operators of dangerous conditions or faults.\n\n\t### Overspeed\n\tThe Turbine RPM is too high.\n\n\tIf the Turbine RPM gets too high, it will start to take damage.\n\n\tProlonged time spent at overspeed or excessive overspeed will cause the Turbine to [color=red]tear itself apart[/color].\n\n\tDamage to the Turbine can be repaired with a [color=yellow]welder[/color].\n\n\t### Overtemp\n\tThe gas going into the Turbine is too hot.\n\n\tIf the gas coming into the Turbine is hotter than 3000 kelvin, it will trigger an emergency purge valve and dump the gas into the room.\n\n\tThis hot gas can cause serious burns to personnel or even a fire, if the gas is flammable.\n\n\t### Stalling\n\tThe stator load is too high or the gas is not hot enough.\n\n\tStalling is where the gas going into the Turbine isn't ""pushing"" hard enough to overcome the stator load's resistance.\n\n\t### Undertemp\n\tThe gas going into the Turbine is too cold.\n\n\tIf the gas is at or below room temperature (20C), there is no energy for the Turbine to take out of it.\n\n\n\t# Starting the Nuclear Generator\n\tTo start the Nuclear Generator, engineers must follow these steps:\n\t- Fill the coolant loop with a gas.\n\t- Set the Turbine's Flow Rate according to the Reactor setup.\n\t- Insert the Fuel Rods into the empty spots in the Reactor grid, typically by a control rod(s) and surrounded by heat exchangers and gas channels.\n\t- Retract the Control Rods to start warming up the Reactor.\n\t- As the Reactor warms up, engineers will want to keep adjusting the Turbine's Stator Load to maintain optimal RPM.\n\t- Once the Turbine is making enough power for the station, the Control Rods should be inserted to the point of maintaining Reactor temperature.\n\n\tOver time, the Fuel Rods will lose radioactivity, meaning the Control Rods should be retracted further or they should be replaced.\n\n"	\n\n\tГазовая турбина — это место, где фактически вырабатывается энергия.\n\n    Она принимает горячий газ из реактора, вырабатывает электричество и отправляет более холодный газ обратно в реактор.\n\n    На количество энергии, вырабатываемой турбиной, влияют установленные значения расхода и нагрузки на статор, а также частота вращения.\n\n\t### Расход\n    Расход определяет, какой объём газа проходит через турбину каждую секунду.\n\n    Чем выше расход, тем выше частота вращения турбины.\n\n\tРасход обычно устанавливается так, чтобы обеспечить максимальный поток через активную зону реактора, который можно рассчитать по следующему уравнению: 100 * количество газовых каналов + 200.\n\n    ### Нагрузка на статор\n    Нагрузка на статор определяет, сколько энергии вырабатывается за каждый оборот турбины.\n\n\tЧем выше нагрузка на статор, тем ниже частота вращения турбины.\n\n    Нагрузка на статор обычно регулируется так, чтобы турбина работала с оптимальной частотой вращения.\n\n    ### Частота вращения\n    Частота вращения (оборотов в минуту) показывает, с какой скоростью вращается турбина.\n\n\tУ турбины есть оптимальная частота вращения, при которой она вырабатывает максимальную мощность.\n\n    Вращение быстрее или медленнее оптимального приведёт к снижению производительности.\n\n    ## Индикаторы состояния турбины\n    Турбина оснащена набором индикаторов состояния, предупреждающих операторов об опасных ситуациях или неисправностях.\n\n\t### Превышение скорости\n    Число оборотов турбины слишком высокое.\n\n    Если число оборотов турбины станет слишком высоким, она начнёт получать повреждения.\n\n    Длительная работа с превышением скорости или чрезмерное превышение скорости приведёт к тому, что турбина [color=red]развалиться на части[/color].\n\n    Повреждения турбины можно устранить с помощью [color=yellow]сварщик[/color].\n\n    ### Перегрев\n    Газ, поступающий в турбину, слишком горячий.\n\n    Если температура газа, поступающего в турбину, превышает 3000 кельвинов, сработает аварийный сбросный клапан, и газ выпустится в помещение.\n\n\tЭтот горячий газ может вызвать серьёзные ожоги у персонала или даже привести к пожару, если газ является горючим.\n\n    ### Остановка\n    Нагрузка на статор слишком высока или газ недостаточно горячий.\n\n\tОстановка происходит, когда газ, поступающий в турбину, не «толкает» с достаточной силой, чтобы преодолеть сопротивление нагрузки статора.\n\n    ### Недостаточная температура\n    Газ, поступающий в турбину, слишком холодный.\n\n\tЕсли температура газа равна комнатной (20 °C) или ниже, турбина не сможет извлечь из него энергию.\n\n\n    # Запуск ядерного генератора\n    Для запуска ядерного генератора инженеры должны выполнить следующие шаги:\n    - Заполнить контур охлаждения газом.\n\t- Установить расход газа в турбине в соответствии с настройками реактора.\n    - Вставить топливные стержни в пустые ячейки решетки реактора, обычно рядом с регулирующими стержнями и в окружении теплообменников и газовых каналов.\n\t- Втянуть регулирующие стержни, чтобы начать прогрев реактора.\n    - По мере прогрева реактора инженерам следует постоянно регулировать нагрузку на статор турбины для поддержания оптимальной частоты вращения.\n\t- Как только турбина начнёт вырабатывать достаточное количество энергии для станции, регулирующие стержни следует ввести настолько, чтобы поддерживать температуру реактора.\n\nСо временем топливные стержни теряют радиоактивность, а это означает, что регулирующие стержни следует выдвинуть ещё дальше или заменить.\n\n	DeepL guide prose: check game mechanics and terminology
ServerInfo/_KS14/Guidebook/Engineering/ArcFlash.xml	\n  # Arc Flash\n  The infrastructure of your space station operates with high voltages and currents.\n  Some high-powered electrical devices create dangerous arc flashes, which are lethal even to otherwise insulated crew!\n\n  	\n  # Дуговой разряд\n  Инфраструктура вашей космической станции работает с высоким напряжением и сильным током.\n  Некоторые мощные электрические устройства создают опасные дуговые разряды, которые смертельно опасны даже для экипажа, наделенного защитной изоляцией!\n\n  	DeepL guide prose: check game mechanics and terminology
ServerInfo/_KS14/Guidebook/Engineering/ArcFlash.xml	\n\n  ## What can cause an arc flash\n  Arc flashes come in two flavors, strong and weak, and are caused by the following:\n  - Cutting powered HV wire creates a strong arc flash\n  - Deconstructing a substation, SMES or APC causes a strong arc flash\n  - Unanchoring a substation or SMES on powered HV cabling causes a weak arc flash\n\n  ## How to work around an arc flash\n  	\n\n  ## Что может вызвать дуговой разряд\n  Дуговые разряды бывают двух видов — сильные и слабые — и возникают в следующих случаях:\n  - Перерезание провода высокого напряжения под напряжением вызывает сильную дуговую вспышку\n  - Демонтаж подстанции, SMES или APC вызывает сильную дуговую вспышку\n  - Отсоединение подстанции или SMES от кабеля высокого напряжения под напряжением вызывает слабую дуговую вспышку\n\n  ## Как избежать дуговой вспышки\n  	DeepL guide prose: check game mechanics and terminology
ServerInfo/_KS14/Guidebook/Engineering/ArcFlash.xml	\n  There are ways to work around an arc flash.\n  For example, when you are trying to unanchor a SMES bank, it is smart to first cut it off from the wider grid, disable power charging and discharging and THEN unanchor the SMESes.\n  You will need personal protection either way, so here's a non-exhaustive list:\n  - All command hardsuits\n  - The engineering and atmos hardsuit\n  - The security hazardous environment armor\n  - Syndicate hardsuits and raidsuit\n  - Security hardsuits\n\n  Outside of special cases like the raid suit and HEV armor, which have advanced mitigation features, you will need to wear the helmet of your suit to get protection.\n  The arc suit has some shock damage protection built in, but you should ideally put the helmet on.\n\n	\n  Существуют способы обойти проблему дугового разряда.\n  Например, когда вы пытаетесь отсоединить блок SMES, разумно сначала отключить его от общей сети, отключить зарядку и разрядку, а ПОТОМ отсоединять SMES.\n  В любом случае вам понадобится индивидуальная защита, поэтому вот неполный список:\n  - Все командные скафандры\n  - Инженерный и атмосферный скафандры\n  - Броня службы безопасности для опасных сред\n  - Скафандры «Синдикаты» и рейдовый скафандр\n  - Скафандры службы безопасности\n\n  За исключением особых случаев, таких как рейдовый костюм и броня HEV, которые обладают усовершенствованными защитными функциями, для обеспечения защиты вам необходимо надевать шлем своего костюма.\n  Костюм «Arc» имеет встроенную защиту от ударного повреждения, но в идеале вам всё же следует надеть шлем.\n\n	DeepL guide prose: check game mechanics and terminology
ServerInfo/_KS14/Guidebook/Engineering/Datalink.xml	\n  # Datalink\n  Every console on your ship already shares your ship's sensor picture. You do not have to wire anything up for that; if an array on the hull finds something, every console aboard knows about it.\n\n  The datalink is how that picture leaves the ship. It is two machines, and they work like a pair of walkie-talkies.\n\n  	\n  # Канал передачи данных\n  Каждая консоль на вашем корабле уже имеет доступ к данным датчиков корабля. Для этого не нужно ничего подключать; если массив датчиков на корпусе обнаруживает что-либо, об этом становится известно каждой консоли на борту.\n\n  Канал передачи данных — это то, через что эта информация покидает корабль. Он состоит из двух устройств, которые работают как пара раций.\n\n  	DeepL guide prose: check game mechanics and terminology
ServerInfo/_KS14/Guidebook/Engineering/Datalink.xml	"\n\n  ## Transmitter\n  The transmitter broadcasts everything your ship knows, live tracks and old ghosts alike, on a frequency of your choosing. Click it to open the tuner.\n\n  There are two settings. The [bold]frequency[/bold] is a channel number, and both ends of a link have to agree on it. The [bold]transmit power[/bold] slider trades reach against your APC: at full power it carries [color=orange][protodata=""KsMachineDatalinkTransmitter"" comp=""KsDatalinkTransmitter"" member=""MaxRange"" format=""N0""/] metres[/color] and eats a serious amount of electricity, and at low power it is cheap and quiet. The window shows the effective range as you drag it.\n\n  A transmitter always includes a report of your own ship in the broadcast, with its name, position, outline and stats. Anyone listening on your channel sees you, whether or not your sensors ever found them.\n\n  ## Receiver\n  The receiver is passive. Tune it to a frequency and everything it hears gets folded into your ship's picture as if your own arrays had found it. Its window shows how many links it is currently hearing, which is a quick way to check that a channel is live.\n\n  A receiver on its own is a perfectly good fit for a ship that would rather stay quiet. You get the whole network's eyes and give away nothing.\n\n  ## Nobody is encrypting anything\n  There is no key, no handshake and no friend-or-foe check. A frequency is just a number, and the tuner does not have all that many of them.\n\n  Anyone who guesses your channel hears your entire picture, learns where your ship is, and learns where everything you have found is. It also means you can do exactly that to somebody else. If you want a channel to stay yours, agree on it in person and change it when a ship goes missing.\n\n  Learning someone's frequency takes physical access to their machine, so a captured or abandoned hull is worth examining before you scuttle it.\n\n  ## What a network buys you\n  Contacts are passed on down a chain of ships, up to [color=orange][protodata=""KsMachineDatalinkTransmitter"" comp=""KsDatalinkTransmitter"" member=""HopLimit"" format=""N0""/] relays[/color] deep, and a contact's readout tells you how many hops it travelled. A picture from the far end of a chain is still a picture, but whoever found it may have moved on since.\n\n  Two things are worth building a network for on their own:\n\n  - [bold]Jamming does not stop it.[/bold] A jammer blinds radar. It does nothing to a cable of ones and zeroes coming from an ally who is standing outside the wedge. If your radar goes dark, an ally's picture is your picture.\n  - [bold]Bearings cross into fixes.[/bold] Two ships on the same network, both hearing the same emitter from sufficiently different angles, turn two useless directions into one exact position. That is the whole reason to fly ELINT in pairs.\n\n  ## Public beacons\n  Stations and other landmarks carry beacons that announce themselves on every channel across the whole sector. You do not have to tune to them and you cannot silence them; a receiver alone is enough to always know where home is.\n"	"\n\n  ## Передатчик\n  Передатчик транслирует всю информацию, которой располагает ваш корабль — как текущие координаты, так и старые «призраки» — на выбранной вами частоте. Нажмите на него, чтобы открыть настройщик.\n\n  Существует два параметра. [bold]частота[/bold] — это номер канала, и оба конца соединения должны согласовать его. [bold]мощность передачи[/bold] Слайдер показывает дальность действия ваших навыков против бронетранспортера: при полной мощности он несет [color=orange][protodata=""KsMachineDatalinkTransmitter"" comp=""KsDatalinkTransmitter"" member=""MaxRange"" format=""N0""/] метры[/color] и потребляет значительное количество электроэнергии, а при низкой мощности работает тихо и экономично. При перетаскивании курсора по окну отображается эффективная дальность действия.\n\n  Передатчик всегда включает в вещание отчет о вашем собственном корабле с указанием его названия, положения, контуров и характеристик. Любой, кто слушает ваш канал, видит вас, независимо от того, обнаружили ли ваши датчики его или нет.\n\n  ## Приёмник\n  Приёмник работает в пассивном режиме. Настройте его на нужную частоту, и всё, что он улавливает, добавляется к картине вашего корабля, как если бы ваши собственные антенны обнаружили это. В его окне отображается количество каналов, которые он в данный момент принимает — это быстрый способ проверить, работает ли канал.\n\n  Сам по себе приёмник идеально подходит для корабля, который предпочитает оставаться незаметным. Вы получаете доступ к «глазам» всей сети, не раскрывая при этом ничего о себе.\n\n  ## Никто ничего не шифрует\n  Здесь нет ни ключа, ни обмена данными, ни проверки «свой-чужой». Частота — это просто число, а у тюнера их не так уж и много.\n\n  Любой, кто угадает ваш канал, услышит всю картину, узнает, где находится ваш корабль, и где находится всё, что вы обнаружили. Это также означает, что вы можете сделать точно то же самое с кем-то другим. Если вы хотите, чтобы канал оставался вашим, договоритесь об этом лично и меняйте его, когда корабль пропадает.\n\n  Чтобы узнать чью-то частоту, нужен физический доступ к его аппаратуре, поэтому захваченный или брошенный корпус стоит осмотреть, прежде чем его затопить.\n\n  ## Что даёт вам сеть\n  Контакты передаются по цепочке кораблей вверх до [color=orange][protodata=""KsMachineDatalinkTransmitter"" comp=""KsDatalinkTransmitter"" member=""HopLimit"" format=""N0""/] реле[/color] глубоко, и показания контакта сообщают, сколько прыжков он преодолел. Изображение с дальнего конца цепочки — это всё-таки изображение, но тот, кто его нашёл, возможно, уже ушёл дальше.\n\n  Есть две вещи, ради которых стоит создать сеть:\n\n  - [bold]Помехи не останавливают её.[/bold] Глушитель блокирует работу радара. Он не влияет на поток данных, состоящий из нулей и единиц, поступающий от союзника, находящегося за пределами клина. Если ваш радар отключается, изображение союзника становится вашим изображением.\n  - [bold]Координаты пересекаются с точками ориентирования.[/bold] Два корабля в одной сети, оба принимающие сигнал одного и того же излучателя под достаточно разными углами, преобразуют два бесполезных направления в одно точное местоположение. В этом и заключается весь смысл полетов в парах для сбора радиотехнической разведки (ELINT).\n\n  ## Общедоступные маяки\n  Станции и другие ориентиры оснащены маяками, которые передают сигнал на всех каналах по всему сектору. Вам не нужно настраиваться на них, и вы не можете их отключить; одного приемника достаточно, чтобы всегда знать, где находится «дом».\n"	DeepL guide prose: check game mechanics and terminology
ServerInfo/_KS14/Guidebook/Engineering/SensorArrays.xml	\n  # Sensor Arrays\n  Arrays are ordinary machines. Print the board at a circuit imprinter, build a machine frame, feed it the parts it asks for and slot the board in.\n\n  	\n  # Массивы датчиков\n  Массивы — это обычные машины. Распечатайте плату на принтере для печати схем, соберите каркас машины, установите в него требуемые детали и вставьте плату.\n\n  	DeepL guide prose: check game mechanics and terminology
ServerInfo/_KS14/Guidebook/Engineering/SensorArrays.xml	\n\n  ## Mounting and power\n  An array only works while it is anchored and powered, and most of them are hungry. Wire them properly, or the first time you switch everything on you will brown out the ship.\n\n  Passive arrays can sit anywhere inside the hull. The radar, the warning receiver and the jammer need a real hull aperture, which means the tile they are anchored on must have at least one open, tile-less neighbour.\n\n  Examine an array to find out what it thinks of its situation. It will tell you whether it is tracking normally, switched off, unpowered, or unable to see space.\n\n  ## Optical search array\n  	\n\n  ## Монтаж и питание\n  Антенная решетка работает только тогда, когда она закреплена и подключена к источнику питания, причем большинство из них потребляют много энергии. Подключите их правильно, иначе при первом включении всего оборудования на корабле произойдет падение напряжения.\n\n  Пассивные антенны можно размещать в любом месте внутри корпуса. Радар, приемник предупреждений и глушитель требуют реального отверстия в корпусе, а это означает, что плитка, на которой они закреплены, должна иметь как минимум одну открытую соседнюю плитку без покрытия.\n\n  Осмотрите антенную систему, чтобы узнать, как она оценивает своё положение. Она сообщит вам, ведёт ли она нормальное слежение, выключена ли она, не получает ли питания или не может ли она видеть космос.\n\n  ## Оптическая поисковая антенная система\n  	DeepL guide prose: check game mechanics and terminology
ServerInfo/_KS14/Guidebook/Engineering/SensorArrays.xml	"\n  Short ranged and completely honest. It looks at space and picks out hulls, out to [color=orange][protodata=""KsMachineVisualSearch"" comp=""KsSensor"" member=""MaxRange"" format=""N0""/] metres[/color].\n\n  Because it looks, it can be blocked. Your own hull, another ship or a chunk of terrain in the way all cast a shadow, and the console draws its coverage so you can see the gaps.\n\n  It is the only array that reads a ship's name, and it hands you SIZE, MASS and TOP SPEED. If you build one array, build this one.\n\n  ## IRST array\n  "	"\n  Короткая и абсолютно честная игра. Она обращает взор на космос и выделяет корпуса кораблей, уходящие вдаль... [color=orange][protodata=""KsMachineVisualSearch"" comp=""KsSensor"" member=""MaxRange"" format=""N0""/] метры[/color].\n\n  Если что-то видно, значит, это может быть заблокировано. Ваш собственный корпус, другой корабль или кусок ландшафта на пути — все они отбрасывают тень, и консоль отображает область покрытия, чтобы вы могли видеть просветы.\n\n  Это единственный массив, который считывает название корабля и выдает вам параметры SIZE, MASS и TOP SPEED. Если вы собираетесь создать один массив, создайте именно этот.\n\n  ## Массив IRST\n  "	DeepL guide prose: check game mechanics and terminology
ServerInfo/_KS14/Guidebook/Engineering/SensorArrays.xml	"\n  Infrared search and track. It hunts the heat bleeding off a hull, and it reaches [color=orange][protodata=""KsMachineIrst"" comp=""KsSensor"" member=""MaxRange"" format=""N0""/] metres[/color], far past the naked eye.\n\n  What it reads is a ship's SIGNATURE, which comes from exposed exterior hull. A big ship with a lot of outside walls glows. A small one, or one built to run cold, gets close before anything shows up.\n\n  Like the optical array it is passive, so nobody can tell you are using it. It is also blocked by anything solid in the way.\n\n  ## Radar array\n  "	"\n  Инфракрасный поиск и слежение. Система отслеживает тепло, излучаемое корпусом, и достигает [color=orange][protodata=""KsMachineIrst"" comp=""KsSensor"" member=""MaxRange"" format=""N0""/] метры[/color], далеко за пределами видимости невооружённым глазом.\n\n  Он считывает «СИГНАТУРУ» корабля, исходящую от открытых участков внешнего корпуса. Большой корабль с множеством открытых поверхностей светится. Маленький корабль или корабль, построенный для скрытого передвижения, приближается, прежде чем что-либо станет заметно.\n\n  Как и оптическая антенна, она работает в пассивном режиме, поэтому никто не сможет определить, что вы её используете. Кроме того, её сигнал блокируется любыми твёрдыми предметами, находящимися на пути.\n\n  ## Радиолокационная антенна\n  "	DeepL guide prose: check game mechanics and terminology
ServerInfo/_KS14/Guidebook/Engineering/SensorArrays.xml	"\n  Active radar. It floods space with pulses and reads the echoes, out to [color=orange][protodata=""KsMachineRadar"" comp=""KsSensor"" member=""MaxRange"" format=""N0""/] metres[/color], in the dark and through the cold. Nothing else you can build sees that far.\n\n  The catch is that a radar is a torch in a dark room. Its beam carries [color=orange][protodata=""KsMachineRadar"" comp=""KsRadar"" member=""ConeRangeFactor"" format=""0.#""/] times[/color] as far as it can actually resolve, and every ELINT array inside that reach hears you. A jammer can blind it, too.\n\n  Radar is therefore a switch, not a fitting. Turn it on from the shuttle console when you need to see, and turn it off when you would rather not be seen. It reads RCS, which is how well a hull reflects, and is unrelated to how hot the hull runs.\n\n  ## ELINT array\n  "	"\n  Активный радар. Он наполняет космос импульсами и считывает эхо-сигналы на расстоянии до [color=orange][protodata=""KsMachineRadar"" comp=""KsSensor"" member=""MaxRange"" format=""N0""/] метры[/color], в темноте и сквозь холод. Ни одно другое сооружение, которое вы можете построить, не видит так далеко.\n\n  Загвоздка в том, что радар — это как фонарь в темной комнате. Его луч проникает [color=orange][protodata=""KsMachineRadar"" comp=""KsRadar"" member=""ConeRangeFactor"" format=""0.#""/] раз[/color] насколько это вообще возможно, и каждая система радиотехнической разведки в пределах этого радиуса действия вас улавливает. Подавитель сигнала тоже может вывести её из строя.\n\n  Поэтому радар представляет собой переключатель, а не установку. Включайте его с консоли шаттла, когда вам нужно что-то увидеть, и выключайте, когда вы предпочитаете оставаться незамеченным. Он измеряет RCS — коэффициент отражения корпуса — и не имеет отношения к тому, насколько сильно нагревается корпус.\n\n  ## Антенная решетка ELINT\n  "	DeepL guide prose: check game mechanics and terminology
ServerInfo/_KS14/Guidebook/Engineering/SensorArrays.xml	"\n  Electronic intelligence. It emits nothing whatsoever. It simply listens for other people's radars and jammers and tells you which direction they are coming from.\n\n  It gives you a bearing, not a position, and it reads back the RADAR RANGE of what it hears, so you learn how far the other ship can see before it gets to use that against you.\n\n  There are two ways to turn a bearing into a real fix. Have an ally on your datalink listen to the same emitter from a different angle and let the bearings cross, or select the emitter on the console and run a signal analysis, which takes [color=orange][protodata=""KsMachineElint"" comp=""KsElint"" member=""AnalysisTime"" format=""N0""/] seconds[/color] of uninterrupted listening and peels out the emitter's size, mass and top speed along the way.\n\n  One warning: an ELINT array goes deaf while your own ship is emitting. If your radar or your jammer is on, your ELINT is useless.\n\n  ## Radar warning receiver\n  "	"\n  Электронная разведка. Она ничего не излучает. Она просто отслеживает чужие радары и глушилки и сообщает, из какого направления они идут.\n\n  Оно указывает азимут, а не координаты, и отображает ДАЛЬНОСТЬ РАДАРА того, что слышит, так что вы узнаете, на какое расстояние видит другой корабль, прежде чем он сможет использовать это против вас.\n\n  Есть два способа превратить азимут в точную координату. Попросите союзника по каналу передачи данных прослушать тот же источник из другого угла и дождаться пересечения азимутов, либо выберите источник на консоли и запустите анализ сигнала, который занимает [color=orange][protodata=""KsMachineElint"" comp=""KsElint"" member=""AnalysisTime"" format=""N0""/] секунд[/color] беспрерывного прослушивания и по ходу извлекает данные о размере, массе и максимальной скорости источника излучения.\n\n  Одно предупреждение: система радиотехнической разведки (ELINT) перестает работать, пока ваш корабль излучает. Если у вас включен радар или глушитель, ваша система ELINT бесполезна.\n\n  ## Приемник радиолокационных сигналов\n  "	DeepL guide prose: check game mechanics and terminology
ServerInfo/_KS14/Guidebook/Engineering/SensorArrays.xml	\n  The cheap one, and the one nobody should fly without. It does not search for anything. It only reports emissions that are actually falling on your hull: a radar beam painting you, a jam wedge washing over you.\n\n  Its bearings are crude and it will never triangulate. What it gives you is the one thing that matters in the moment, which is that somebody out there is pointing something at you, and roughly where they are standing.\n\n  Unlike the ELINT array it keeps warning you while your own radar is running.\n\n  ## Jammer array\n  	\n  Самый дешёвый вариант, без которого никому не стоит выходить в космос. Он ничего не ищет. Он только сигнализирует об излучениях, которые действительно попадают на ваш корпус: радиолокационный луч, наводящийся на вас, или сигнал помех, накрывающий вас волной.\n\n  Её азимуты приблизительны, и она никогда не будет определять координаты методом триангуляции. Она предоставляет вам единственную информацию, которая важна в данный момент: что кто-то там нацеливает на вас что-то и где примерно он находится.\n\n  В отличие от антенной решётки ELINT, она продолжает предупреждать вас, пока работает ваш собственный радар.\n\n  ## Антенная решётка глушителя\n  	DeepL guide prose: check game mechanics and terminology
ServerInfo/_KS14/Guidebook/Engineering/SensorArrays.xml	"\n  Not a sensor. It detects nothing and produces no contacts. It floods a wedge in front of itself with noise and blinds the radar of every ship caught in the wedge.\n\n  The wedge points wherever the machine is facing, so rotate the machine to aim it. It covers [color=orange][protodata=""KsMachineJammer"" comp=""KsJammer"" member=""HalfAngle"" format=""N0""/] degrees[/color] either side of that facing, reaches [color=orange][protodata=""KsMachineJammer"" comp=""KsJammer"" member=""JammingPower"" format=""N0""/] metres[/color], and does not care about walls or terrain. It has no rear coverage at all, which is the only reason it does not blind your own fleet outright.\n\n  It is not a magic shield. A jammed ship that closes to within [color=orange][protodata=""KsMachineRadar"" comp=""KsRadar"" member=""BurnThroughFactor"" format=""P0""/][/color] of your reach burns through the noise and sees normally again. It can also just borrow an unjammed ally's picture over the datalink. And while it does not show up as a contact, every ELINT array in the sector hears it plainly and knows exactly what it is listening to.\n\n  It also blinds friendly radars, and it is by far the biggest power draw on this list. Aim it, and switch it off when you are done.\n"	"\n  Это не датчик. Он ничего не обнаруживает и не выдает сигналов. Он заполняет клиновидную зону перед собой шумом и ослепляет радары всех кораблей, попавших в эту зону.\n\n  Клиновидная зона направлена туда, куда обращена машина, поэтому поворачивайте машину, чтобы навести её. Она охватывает [color=orange][protodata=""KsMachineJammer"" comp=""KsJammer"" member=""HalfAngle"" format=""N0""/] градусов[/color] по обе стороны от этой поверхности, простирается [color=orange][protodata=""KsMachineJammer"" comp=""KsJammer"" member=""JammingPower"" format=""N0""/] метры[/color], и не обращает внимания на стены или рельеф местности. У него совершенно отсутствует тыловая защита, что и является единственной причиной, по которой он не ослепляет ваш собственный флот сразу.\n\n  Это не волшебный щит. Застрявший корабль, который приближается на расстояние [color=orange][protodata=""KsMachineRadar"" comp=""KsRadar"" member=""BurnThroughFactor"" format=""P0""/][/color] Ваш датчик пробивается сквозь шум и снова видит нормально. Он также может просто заимствовать изображение у союзника, у которого нет помех, через канал передачи данных. И хотя он не отображается как контакт, каждая система радиотехнической разведки в секторе ясно его слышит и точно знает, что именно он прослушивает.\n\n  Кроме того, она ослепляет дружественные радары и является, безусловно, самым большим потребителем энергии в этом списке. Наведите её и выключите, когда закончите.\n"	DeepL guide prose: check game mechanics and terminology
ServerInfo/_KS14/Guidebook/Engineering/Sensors.xml	\n  # Sensors\n  Your ship does not see another ship because it is nearby. It sees it because a machine on your hull found it and reported it to your console.\n\n  	\n  # Датчики\n  Ваш корабль видит другой корабль не потому, что тот находится поблизости. Он видит его потому, что устройство на вашем корпусе обнаружило его и передало информацию на вашу консоль.\n\n  	DeepL guide prose: check game mechanics and terminology
ServerInfo/_KS14/Guidebook/Engineering/Sensors.xml	"\n\n  Three things do the work, and each has its own page:\n  - [textlink=""Sensor arrays"" link=""SensorArrays""] search space and produce contacts.\n  - The [textlink=""datalink"" link=""Datalink""] trades contacts with other ships.\n  - The [textlink=""shuttle console"" link=""ShuttleConsole""] draws everything your ship knows.\n\n  A ship with no arrays and no datalink sees nothing at all, and an empty screen is exactly what that looks like. It is not a broken console. It is a blind ship.\n\n  ## Contacts\n  A contact is one thing your ship has found. Your own ship always sits in the middle of the plot; everything else is drawn around it.\n\n  Contacts come in two states. A [bold]live[/bold] contact is being tracked right now and draws brightly. When the track is lost the contact does not vanish, it dims into a [bold]memory ghost[/bold] and stays at the last known spot.\n\n  Ghosts never expire on their own. They are cleared when one of your arrays gets a clear look at that spot and confirms it is empty. Anything that moves therefore leaves stale ghosts behind it, so treat a dim contact as a rumour and a bright one as a target.\n\n  Small drifting junk is filtered out, so an empty plot really is empty of anything worth worrying about.\n\n  ## Reading the colours\n  A contact is coloured by the kind of array holding the track. If several arrays see it at once, the more trustworthy one wins.\n\n  - [color=#C0C0C0]Silver[/color] is the optical array. It saw the hull with its own eyes.\n  - [color=#FF4040]Red[/color] is IRST. It found the heat coming off a hull.\n  - [color=#40C040]Green[/color] is radar. It bounced a pulse off something.\n  - [color=#FF9020]Orange[/color] is ELINT. It heard a radar emitting somewhere out there.\n  - [color=#C0A060]Tan[/color] is the warning receiver. Something is illuminating your ship right now.\n  - [color=#C050F0]Violet[/color] is a jammer that has been located.\n  - [color=#00FA9A]Spring green[/color] is a ship announcing itself over the datalink. That is almost always a friend.\n\n  ## Readouts\n  Each contact carries whatever your arrays managed to work out about it. Hover it on the plot for the full picture, or use the contact info button to keep the lines on screen.\n\n  Different arrays learn different things: SIZE, MASS and TOP SPEED come from the optical array, SIGNATURE from IRST, RCS from radar, RADAR RANGE from ELINT. The more kinds of array you run, the fuller the readout.\n\n  A readout line showing [bold]---[/bold] means nothing you own has resolved that value yet.\n\n  ## Bearings\n  Some contacts have no position at all. Listening equipment hears a direction, not a distance, so it draws a thin wedge pointing away from your ship instead of a marker sitting somewhere.\n\n  A bearing is still useful. Point the bow down it, or get a second ship on your datalink to listen from a different angle and let the two lines cross into a real fix.\n\n  ## Where to start\n  If you are fitting out a ship for the first time, build an [textlink=""optical search array"" link=""SensorArrays""] and a warning receiver. The optical array tells you who is out there and the warning receiver tells you when somebody is looking at you. Everything else is refinement.\n"	"\n\n  Три компонента обеспечивают работу игры, и у каждого из них есть своя страница:\n  - [textlink=""Массивы датчиков"" link=""SensorArrays""] Исследуйте космос и налаживайте контакты.\n  - The [textlink=""datalink"" link=""Datalink""] Торговые контакты с другими кораблями.\n  - The [textlink=""консоль шаттла"" link=""ShuttleConsole""] отображает всё, что известно вашему кораблю.\n\n  Корабль без датчиков и канала передачи данных ничего не видит, и пустой экран — это именно то, как это выглядит. Это не неисправная консоль. Это слепой корабль.\n\n  ## Объекты\n  Объект — это то, что обнаружил ваш корабль. Ваш корабль всегда находится в центре экрана; всё остальное отображается вокруг него.\n\n  Объекты бывают двух типов. А [bold]в режиме реального времени[/bold] В данный момент за объектом ведется слежение, и он ярко выделяется на экране. При потере следа объект не исчезает, а постепенно тускнеет до [bold]призрак памяти[/bold] и остается в последнем известном месте.\n\n  Призраки никогда не исчезают сами по себе. Они удаляются, когда один из ваших датчиков получает четкий обзор этого места и подтверждает, что оно пусто. Поэтому всё, что движется, оставляет за собой устаревшие призраки, поэтому рассматривайте тусклый контакт как слух, а яркий — как цель.\n\n  Мелкий дрейфующий мусор отфильтровывается, поэтому пустое место действительно свободно от всего, о чём стоило бы беспокоиться.\n\n  ## Интерпретация цветов\n  Цвет контакта зависит от типа массива, фиксирующего его след. Если несколько массивов видят его одновременно, преимущество получает тот, который считается более надёжным.\n\n  - [color=#C0C0C0]Серебро[/color] — это оптическая система. Она видела корпус собственными глазами.\n  - [color=#FF4040]Красный[/color] Это IRST. Он обнаружил тепло, исходящее от корпуса.\n  - [color=#40C040]Зелёный[/color] Это радар. Он отразил импульс от чего-то.\n  - [color=#FF9020]Оранжевый[/color] — это ELINT. Система зафиксировала сигнал радара, исходящий откуда-то там.\n  - [color=#C0A060]Тан[/color] — это приемник предупреждений. Что-то освещает ваш корабль прямо сейчас.\n  - [color=#C050F0]Вайолет[/color] — обнаруженный глушитель.\n  - [color=#00FA9A]Весенняя зелень[/color] — это корабль, сообщающий о себе по каналу передачи данных. Почти всегда это союзник.\n\n  ## Показания\n  Каждый контакт сопровождается информацией, которую удалось получить вашим датчикам. Наведите курсор на точку на карте, чтобы увидеть полную картину, или воспользуйтесь кнопкой «Информация о контакте», чтобы данные оставались на экране.\n\n  Различные датчики собирают разные данные: РАЗМЕР, МАССА и МАКСИМАЛЬНАЯ СКОРОСТЬ поступают с оптического датчика, СИГНАТУРА — с ИК-датчика, RCS — с радара, ДАЛЬНОСТЬ РАДАРА — с радиоразведки. Чем больше типов датчиков вы используете, тем полнее будет отчет.\n\n  Строка отчета, показывающая [bold]---[/bold] означает, что ни один из ваших объектов ещё не определил это значение.\n\n  ## Азимуты\n  У некоторых целей нет данных о положении вообще. Прослушивающее оборудование улавливает направление, а не расстояние, поэтому оно рисует тонкий клин, указывающий в сторону от вашего корабля, а не маркер, расположенный в определённом месте.\n\n  Азимут всё равно полезен. Направьте нос корабля по нему или подключите второй корабль к вашему каналу передачи данных, чтобы он прослушивал с другого угла, и пусть две линии пересекутся, определив реальное местонахождение.\n\n  ## С чего начать\n  Если вы впервые оснащаете корабль, постройте [textlink=""оптическая система поиска"" link=""SensorArrays""] и приемник предупреждений. Оптическая матрица показывает, кто находится поблизости, а приемник предупреждений сигнализирует, когда кто-то смотрит на вас. Все остальное — лишь доработки.\n"	DeepL guide prose: check game mechanics and terminology
ServerInfo/_KS14/Guidebook/Engineering/ShuttleConsole.xml	\n  # Shuttle Console\n  The shuttle console is where the sensor picture actually lives. It is still the thing you fly the ship with, but it now has four faces, listed across the top of the window as RADAR // MAP // ESM // DOCK.\n\n  	\n  # Консоль шаттла\n  На консоли шаттла отображается изображение с датчиков. Она по-прежнему служит для управления кораблём, но теперь имеет четыре панели, расположенные в верхней части окна: RADAR // MAP // ESM // DOCK.\n\n  	DeepL guide prose: check game mechanics and terminology
ServerInfo/_KS14/Guidebook/Engineering/ShuttleConsole.xml	"\n\n  Two buttons sit in the corner of the window. [bold]POP[/bold] moves the whole suite into its own window so you can keep it open next to the game, and closing that window brings it back. [bold]X[/bold] closes the console. The console also remembers which face you left it on.\n\n  Along the top edge is a status strip that is readable from across the room:\n  - [bold]CON[/bold] is how many contacts your ship is holding.\n  - [bold]EMT[/bold] is how many emitters are being heard.\n  - [bold]RDR[/bold] and [bold]JAM[/bold] are your own radar and jammer. Three dashes mean you have not built one.\n  - [bold]! JAMMED ![/bold] means somebody is jamming you right now.\n\n  ## RADAR\n  The flying face. The plot in the middle is your ship and everything around it; the panels down the right side are the numbers.\n\n  [bold]SHIP[/bold] is your position, heading, velocity and turn rate. [bold]STATUS[/bold] is the short version of how much trouble you are in: posture (CALM, CAUTION or DANGER), how many things are illuminating you, how many contacts you hold and how many emitters you hear.\n\n  [bold]EMISSIONS[/bold] holds the two switches that give you away. The radar button toggles between quiet and emitting, and only appears if your ship has a radar. The jammer button does the same for a jammer. You cannot run both at once; switching one on silences the other. Neither is a fitting you can forget about, both are decisions.\n\n  [bold]DISPLAY[/bold] is presentation only and changes nothing about what your ship can actually see:\n  - Docking ports on or off, as before.\n  - One cone button per array type. Each cycles OFF, OUTLINE and FILLED, and shows you where that kind of array is actually looking. Use it to find the blind spot your own hull is making.\n  - Contact info cycles OFF, BASIC and FULL. BASIC keeps names and the most important line; FULL adds coordinates, range, age and every readout your arrays resolved. Turn it down when the plot gets crowded.\n\n  The cones on this face are your own ship's. An enemy's coverage is never drawn for you, and yours is never drawn for them.\n\n  ## MAP\n  The sector chart and the FTL controls. It works the way it always has, with one addition: the [bold]SENSORS[/bold] button overlays the coverage of your whole datalink network, allied arrays included, along with its live contacts.\n\n  Allies stay charted whether the overlay is on or off, so you can turn it off for a clean jump plan without losing track of your own fleet.\n\n  ## ESM\n  Electronic support. This is the listening face, and it is fed by the ELINT array and the warning receiver. If you own neither, the screen says so and does nothing useful.\n\n  [bold]BEARING PLOT[/bold] is drawn bow-up, so a strobe pointing at the top of the dial is a strobe dead ahead. Turn the ship and watch the lines swing.\n\n  [bold]EMITTERS[/bold] is the roster of everything you have ever heard. Each gets a designation like E-001 which is shared across your whole datalink network, so you and your allies are talking about the same contact. LIVE means it is emitting right now; MEM means it has gone quiet.\n\n  [bold]WARNING RECEIVER[/bold] is the panel that will keep you alive. It only lists emissions actually falling on your hull, grouped as SEARCH or JAM, with the posture on top. The ESM tab button itself flashes in the posture colour, so you get the warning even while you are looking at another face.\n\n  [bold]SIGNAL ANALYSIS[/bold] describes whichever emitter you have selected: its class, its band, how strong the signal is, whether the bearing is holding steady or drifting, and how long ago it was last heard. [bold]FOCUS[/bold] starts a patient analysis of it that peels out the ship's size, mass and top speed as it runs and, if the emitter keeps talking to the end, resolves it into an exact position. [bold]CEASE[/bold] stops. Focus is a commitment; you get one at a time.\n\n  [bold]EMISSION LOG[/bold] is the timestamped history of what appeared, what went quiet and when you were jammed. It is the honest record of an engagement, and worth reading after one.\n\n  ## DOCK\n  Unchanged in how it works, just rebuilt to match the rest of the suite. Pick a port, line up, dock.\n\n  ## When it all goes dark\n  If [bold]! JAMMED ![/bold] appears, your radar has stopped producing anything new. Contacts held by another array or arriving over the datalink carry on as normal, so the picture only really collapses if radar was all you had.\n\n  You have three answers. Close the distance until you burn through the noise, get out of the wedge, since a jammer has no rear coverage at all, or ask an ally outside it to feed you their picture over the [textlink=""datalink"" link=""Datalink""].\n"	"\n\n  В углу окна расположены две кнопки. [bold]POP[/bold] перемещает весь набор инструментов в отдельное окно, чтобы вы могли держать его открытым рядом с игрой, а при закрытии этого окна он снова появляется. [bold]X[/bold] закрывает консоль. Консоль также запоминает, на какой стороне вы её оставили.\n\n  Вдоль верхнего края расположена полоса состояния, которую можно прочитать даже с другого конца комнаты:\n  - [bold]CON[/bold] — это количество контактов, которые хранит ваш корабль.\n  - [bold]EMT[/bold] — это количество слышимых излучателей.\n  - [bold]RDR[/bold] и [bold]JAM[/bold] — это ваш собственный радар и устройство радиопомех. Три тире означают, что вы их ещё не построили.\n  - [bold]! ЗАВИСЛО ![/bold] означает, что кто-то сейчас создает вам помехи.\n\n  ## РАДАР\n  Летающее лицо. Точка в центре — это ваш корабль и всё, что его окружает; панели справа — это показатели.\n\n  [bold]КОРАБЛЬ[/bold] — это ваше положение, курс, скорость и скорость поворота. [bold]СТАТУС[/bold] — это краткая оценка того, в какой опасности вы находитесь: состояние (СПОКОЙСТВИЕ, ОСТОРОЖНОСТЬ или ОПАСНОСТЬ), сколько источников света освещает вас, с каким количеством объектов вы находитесь в контакте и сколько излучателей вы слышите.\n\n  [bold]ВЫБРОСЫ[/bold] Здесь находятся два переключателя, которые выдают ваше местонахождение. Кнопка радара переключает режим между «тихим» и «излучающим» и появляется только в том случае, если ваш корабль оснащен радаром. Кнопка глушителя выполняет ту же функцию для глушителя. Вы не можете использовать их одновременно; включение одного отключает другой. Ни один из них не является элементом оснастки, о котором можно забыть — оба требуют осознанного выбора.\n\n  [bold]ОТОБРАЖЕНИЕ[/bold] Предназначено только для демонстрации и не влияет на то, что на самом деле видит ваш корабль:\n  - Док-порты включены или выключены, как и раньше.\n  - По одной конической кнопке для каждого типа антенны. Каждая из них переключает режимы «ВЫКЛ», «КОНТУР» и «ЗАПОЛНЕНО» и показывает, куда на самом деле направлена данная антенна. Используйте её, чтобы найти «слепое пятно», создаваемое вашим собственным корпусом.\n  - Информация о контактах переключается между режимами «ВЫКЛ.», «БАЗОВЫЙ» и «ПОЛНЫЙ». В режиме «БАЗОВЫЙ» отображаются имена и самая важная строка; в режиме «ПОЛНЫЙ» добавляются координаты, дальность, возраст и все показания, полученные вашими антеннами. Уменьшайте уровень детализации, когда на экране становится тесно.\n\n  Конусы на этой панели относятся к вашему кораблю. Зона обзора противника никогда не отображается для вас, а ваша — для него.\n\n  ## КАРТА\n  Карта сектора и элементы управления FTL. Работает так же, как и раньше, с одним дополнением: [bold]ДАТЧИКИ[/bold] Кнопка отображает зону покрытия всей вашей сети передачи данных, включая антенные решетки союзников, а также текущие контакты.\n\n  Союзники остаются на карте независимо от того, включена ли накладка или нет, поэтому вы можете отключить её для составления чёткого плана прыжка, не теряя из виду свой собственный флот.\n\n  ## ESM\n  Электронная поддержка. Это интерфейс прослушивания, который получает данные от антенной решетки ELINT и приемника предупреждений. Если у вас нет ни того, ни другого, на экране отображается соответствующее сообщение, и функция не выполняет никаких полезных действий.\n\n  [bold]СЮЖЕТ[/bold] Изображена носом вверх, поэтому мигающий индикатор, направленный на верхнюю часть циферблата, означает, что мигающий индикатор находится прямо по курсу. Поверните корабль и понаблюдайте, как изменяются линии.\n\n  [bold]ИЗЛУЧАТЕЛИ[/bold] — это список всего, о чём вы когда-либо слышали. Каждому объекту присваивается обозначение, например E-001, которое передаётся по всей вашей сети передачи данных, так что вы и ваши союзники говорите об одном и том же объекте. LIVE означает, что объект ведёт передачу прямо сейчас; MEM — что он замолчал.\n\n  [bold]ПРИЕМНИК ПРЕДУПРЕЖДЕНИЙ[/bold] — это панель, которая спасет вам жизнь. На ней отображаются только те излучения, которые действительно попадают на ваш корпус, сгруппированные по категориям «SEARCH» (поиск) или «JAM» (помехи), с указанием ориентации корабля вверху. Сама кнопка вкладки ESM мигает цветом, соответствующим ориентации, поэтому вы получаете предупреждение, даже если в данный момент смотрите на другую панель.\n\n  [bold]АНАЛИЗ СИГНАЛОВ[/bold] описывает выбранный вами излучатель: его класс, диапазон, силу сигнала, стабильность или дрейф пеленга, а также время с момента последнего приема сигнала. [bold]В ФОКУСЕ[/bold] запускает тщательный анализ объекта, который вычисляет размеры корабля, его массу и максимальную скорость во время движения, и, если излучатель продолжает передавать данные до конца, определяет его точное положение. [bold]ПРЕКРАТИТЬ[/bold] Остановки. Сосредоточенность — это обязательство; можно сосредоточиться только на одном деле за раз.\n\n  [bold]ЖУРНАЛ ИЗЛУЧЕНИЙ[/bold] — это хронологическая история того, что появлялось, что исчезало и когда вас заглушали. Это честная запись боя, которую стоит прочитать после его окончания.\n\n  ## СТЫКОВКА\n  Принцип работы остался прежним, просто все переделано, чтобы соответствовать остальным элементам набора. Выберите порт, выровняйтесь, пристыкуйтесь.\n\n  ## Когда всё погружается в темноту\n  Если [bold]! ЗАВИСЛО ![/bold] появляется, ваш радар перестает показывать что-либо новое. Контакты, улавливаемые другой антенной или поступающие по каналу передачи данных, отображаются как обычно, поэтому картина действительно разрушается только в том случае, если радар был вашим единственным источником информации.\n\n  У вас есть три варианта действий: сократить расстояние, пока не пробьётесь сквозь помехи; выйти из зоны действия помех, поскольку у глушителя нет зоны покрытия сзади; или попросить союзника, находящегося за пределами зоны действия, передать вам свою картину через [textlink=""datalink"" link=""Datalink""].\n"	DeepL guide prose: check game mechanics and terminology
ServerInfo/_KS14/Guidebook/Medical/Surgery.xml	\n  # Surgery\n  Surgery is surgery.\n\n  Here is a list of operations and how they can be done, and on what:\n\n  ## Operations\n\n  ### Body\n  - Re-adding any limb: use the limb on the body\n\n  - Opening an incision: use a slicing or cutting tool, slicing is generally preferable\n  - Cauterising an incision: use a welding or cauterising tool while the incision is opened and ribcage is closed\n\n  - Cutting head/ears/eyes off: while the incision is opened and ribcage is closed, select the operation and examine the patient to see steps\n\n  - Opening the ribcage: after opening an incision, select the operation and use a saw\n  - Closing the ribcage: use a cauterising tool\n\n  - Re-adding the heart/lungs: while the ribcage is open, use the organ on the body\n  - Cutting the heart/lungs out: while the ribcage is open, select the operation and examine the patient to see steps\n\n  ### Individual limbs\n  - Opening an incision: same as for the body\n  - Cauterising an incision: same as for the body\n\n  - Cutting hands/feet off: use a saw on the limb\n  - Re-adding hands/feet: while the incision is opened, use the body-part on the limb to reattach it\n	\n  # Хирургия\n  Хирургия — это хирургия.\n\n  Вот список операций, способов их проведения и объектов, на которых они могут быть выполнены:\n\n  ## Операции\n\n  ### Тело\n  - Присоединение любой конечности: прижмите конечность к телу\n\n  - Нанесение разреза: используйте режущий или разрезающий инструмент; как правило, предпочтительнее резать\n  - Прижигание разреза: используйте сварочный или прижигающий инструмент, когда разрез открыт, а грудная клетка закрыта\n\n  - Отсечение головы/ушей/глаз: когда разрез открыт, а грудная клетка закрыта, выберите операцию и осмотрите пациента, чтобы увидеть шаги\n\n  - Вскрытие грудной клетки: после вскрытия разреза выберите операцию и используйте пилу\n  - Закрытие грудной клетки: используйте прибор для прижигания\n\n  - Повторное присоединение сердца/легких: пока грудная клетка открыта, присоедините орган к телу\n  - Иссечение сердца/легких: пока грудная клетка открыта, выберите операцию и осмотрите пациента, чтобы увидеть последовательность действий\n\n  ### Отдельные конечности\n  - Вскрытие разреза: так же, как для тела\n  - Прижигание разреза: так же, как для тела\n\n  - Отрезание рук/ног: используйте пилу на конечности\n  - Присоединение рук/ног: пока разрез открыт, используйте соответствующую часть тела на конечности, чтобы присоединить её обратно\n	DeepL guide prose: check game mechanics and terminology
ServerInfo/_StarLight/Guidebook/Engineering/Plumbing.xml	\n  # Plumbing\n  Plumbing is a reagent piping system that lets you build fluid supply systems and automated chemical factories. Fluid ducts connect machines together into networks, moving reagents between them without manual intervention.\n\n  	\n  # Трубопроводы\n  Трубопроводы — это система трубопроводов для реагентов, позволяющая создавать системы подачи жидкостей и автоматизированные химические заводы. Жидкостные трубопроводы соединяют машины в сети, обеспечивая перемещение реагентов между ними без ручного вмешательства.\n\n  	DeepL guide prose: check game mechanics and terminology
ServerInfo/_StarLight/Guidebook/Engineering/Plumbing.xml	\n\n  ## Getting Started\n  Plumbing is built using the [color=#a4885c]RPLD[/color] (Rapid Plumbing Device), which works like an RCD but for plumbing. It can place fluid ducts and all plumbing machines (but not all machines with plumbing connectors). Select what to build from its radial menu.\n\n  All plumbing machines and ducts are [color=#a4885c]rotatable[/color]. Use the rotation key before or after placing to orient inlets and outlets correctly. Machines must be oriented so their connectors line up with adjacent ducts. Most plumbing machines are rotatable while anchored.\n\n  ## Fluid Ducts\n  Fluid ducts are pipes that carry reagents between machines. They similar to atmos pipes, place them with the RPLD and they automatically connect to adjacent ducts and machines to form a [color=#a4885c]plumbing network[/color]. Ducts hide under floor tiles. There are four variants:\n\n  	\n\n  ## Начало работы\n  Система водоснабжения и канализации создается с помощью [color=#a4885c]RPLD[/color] (Устройство быстрой прокладки трубопроводов), которое работает аналогично RCD, но предназначено для прокладки трубопроводов. С его помощью можно прокладывать трубопроводы для жидкостей и устанавливать все трубопроводные машины (но не все машины с трубопроводными разъемами). Выберите, что построить, из радиального меню.\n\n  Все трубопроводные машины и трубопроводы [color=#a4885c]с возможностью поворота[/color]. Используйте клавишу поворота до или после размещения, чтобы правильно сориентировать входы и выходы. Устройства должны быть ориентированы так, чтобы их разъёмы совпадали с соседними трубопроводами. Большинство устройств трубопроводной системы можно поворачивать, когда они закреплены.\n\n  ## Трубопроводы для жидкостей\n  Трубопроводы для жидкостей — это трубы, по которым реагенты транспортируются между устройствами. Они аналогичны атмосферным трубам: размещайте их с помощью RPLD, и они автоматически соединятся с соседними трубопроводами и устройствами, образуя [color=#a4885c]система водоснабжения[/color]. Воздуховоды спрятаны под плитами пола. Существует четыре варианта:\n\n  	DeepL guide prose: check game mechanics and terminology
ServerInfo/_StarLight/Guidebook/Engineering/Plumbing.xml	"\n\n  ## Connector Colors\n  Each machine's connectors are color-coded:\n  - [color=#ff5959]Red[/color] connectors are [bold]inlets[/bold]: the machine pulls reagents from the network through these.\n  - [color=#5999ff]Blue[/color] connectors are [bold]outlets[/bold]: other machines can pull reagents from this machine through these.\n  - [color=#59e659]Green[/color] connectors are [bold]mixing inlets[/bold]: specialized inlets for ratio-controlled mixing (pill press).\n\n  Connected connectors appear as smooth joints. Disconnected connectors appear jagged.\n\n  ## Plunger\n  Most machines with internal buffers are [color=#a4885c]plungeable[/color]. Use a plunger on them to flush their contents onto the floor. Useful for clearing stuck reagents.\n\n  ## Reagent Flow\n  See [textlink=""Reagent Flow"" link=""PlumbingFlow""] for details on how reagents move through networks, pull mechanics, and distribution.\n\n  ## Machines\n  See [textlink=""Plumbing Machines"" link=""PlumbingMachines""] for details on each machine.\n\n"	"\n\n  ## Цвета разъемов\n  Разъемы каждого устройства имеют цветовую маркировку:\n  - [color=#ff5959]Красный[/color] разъёмы: [bold]входы[/bold]: через них машина получает реагенты из сети.\n  - [color=#5999ff]Синий[/color] разъёмы: [bold]розетки[/bold]: другие машины могут извлекать реагенты из этой машины через эти разъёмы.\n  - [color=#59e659]Зелёный[/color] разъёмы: [bold]впускные отверстия смесителя[/bold]: специализированные впускные отверстия для смешивания с регулируемым соотношением (таблеточный пресс).\n\n  Соединенные разъемы отображаются в виде гладких стыков. Разъединенные разъемы отображаются в виде зубчатых линий.\n\n  ## Плунжер\n  Большинство машин с внутренними буферами [color=#a4885c]погружаемый[/color]. Применяйте к ним вантуз, чтобы вылить их содержимое на пол. Полезно для удаления застрявших реагентов.\n\n  ## Поток реагентов\n  См. [textlink=""Поток реагентов"" link=""PlumbingFlow""] подробности о том, как реагенты перемещаются по сетям, механике добычи и распределении.\n\n  ## Машины\n  См. [textlink=""Сантехнические машины"" link=""PlumbingMachines""] подробная информация о каждом устройстве.\n\n"	DeepL guide prose: check game mechanics and terminology
ServerInfo/_StarLight/Guidebook/Engineering/PlumbingFlow.xml	\n  # Reagent Flow\n  Understanding how reagents move through plumbing networks is key to building efficient factories.\n\n  ## Networks\n  A [color=#a4885c]plumbing network[/color] is a group of machines and ducts connected together through their connectors. Reagents can only flow between machines on the [bold]same[/bold] network.\n\n  Each [color=#ff5959]inlet[/color] connector on a machine forms its own [bold]independent network[/bold]. This means if a machine has multiple inlet connectors, each one connects to a separate network. Pipes attached to different inlets on the same machine [bold]do not bridge[/bold].\n\n  [color=#5999ff]Outlet[/color] connectors on the other hand, [bold]share[/bold] a single network. A tank with three outlet connectors merges all three into one network, so any machine pulling from any of those sides sees the same pool of reagents. This can be used to save space and simplify layouts.\n\n  ## Pull-Based Flow\n  Plumbing uses a [color=#a4885c]pull-based[/color] model, reagents don't flow on their own. A machine with an inlet [bold]actively pulls[/bold] reagents from the outlets of other machines on the same network. If nothing is pulling, nothing moves.\n\n  This means:\n  - An [color=#a4885c]Input[/color] won't push reagents anywhere by itself. Another machine must pull from it.\n  - A [color=#a4885c]Synthesizer[/color] generates reagents into its buffer, but they sit there until something pulls.\n  - A [color=#a4885c]Tank[/color] pulls from its inlet network and stores reagents. Other machines then pull from the tank's outlet network.\n\n  ## Round-Robin Distribution\n  When a machine pulls reagents and there are [bold]multiple outlets[/bold] on the same network (e.g., two synthesizers feeding a tank), it uses round-robin distribution. Each update tick, it starts pulling from a different outlet, cycling through them fairly.\n\n  ## Transfer Rate\n  Each machine pulls a fixed amount per update tick ([color=#a4885c]20u[/color] every 2 seconds). This transfer budget is shared across all of the machine's inlets, a machine with four inlet connectors still pulls 20u total per tick, not 20u per inlet.\n\n  ## Reactor: Targeted Pulling\n  The [color=#a4885c]Reactor[/color] is special, it pulls [bold]specific reagents[/bold] rather than everything. It fills each target reagent fully before moving to the next. If you set targets of 30u Iron and 20u Carbon, it will pull all 30u of Iron first, then pull Carbon.\n\n  ## Filter: Selective Routing\n  The [color=#a4885c]Filter[/color] has one inlet and two outlets. It pulls everything from the inlet network into its buffer, then when other machines pull from it, the filter controls which reagents are available on which outlet:\n  - [bold]Filtered outlet[/bold]: Only provides the reagents you've selected.\n  - [bold]Passthrough outlet[/bold]: Only provides reagents you [italic]haven't[/italic] selected.\n\n  ## Pill Press: Mixing Mode\n  In [color=#a4885c]mixing mode[/color], the pill press ignores its main inlet and instead pulls from its [color=#59e659]mixing inlets[/color]. Each mixing inlet pulls from its own separate network into a staging area. Once both staging areas have enough reagent, they combine and press a pill at the configured ratio.\n\n  ## Tips\n  - Place [color=#a4885c]Tanks[/color] between production and consumption to buffer reagents and decouple supply from demand.\n  - Use the [color=#a4885c]plunger[/color] to clear stuck reagents from any machine's buffer.\n  - Machines only pull when they have space in their buffer. A full buffer stops pulling until reagents are pulled from it.\n	\n  # Поток реагентов\n  Понимание того, как реагенты перемещаются по трубопроводным сетям, является ключом к созданию эффективных заводов.\n\n  ## Сети\n  A [color=#a4885c]система водоснабжения[/color] представляет собой группу машин и трубопроводов, соединенных между собой с помощью разъемов. Реагенты могут перемещаться только между машинами на [bold]то же самое[/bold] сеть.\n\n  Каждый [color=#ff5959]вход[/color] разъем на машине образует собственный [bold]независимая сеть[/bold]. Это означает, что если у установки есть несколько входных разъемов, каждый из них подключается к отдельной сети. Трубы, подключенные к разным входам одной и той же установки [bold]не соединять[/bold].\n\n  [color=#5999ff]Магазин[/color] С другой стороны, разъёмы, [bold]поделиться[/bold] в единую сеть. Резервуар с тремя выпускными разъёмами объединяет все три в одну сеть, поэтому любое устройство, подключённое к любой из этих сторон, получает доступ к одному и тому же пулу реагентов. Это позволяет сэкономить место и упростить планировку.\n\n  ## Поток на основе отбора\n  В системе трубопроводов используется [color=#a4885c]на основе перетаскивания[/color] В этой модели реагенты не перемещаются самостоятельно. Устройство с впускным отверстием [bold]активно притягивает[/bold] реагенты из выходов других машин в той же сети. Если ничего не тянет, ничего не движется.\n\n  Это означает:\n  - А [color=#a4885c]Ввод[/color] Сама по себе она никуда не будет отправлять реагенты. Другая машина должна забирать их от неё.\n  - A [color=#a4885c]Синтезатор[/color] генерирует реагенты в свой буфер, но они остаются там, пока их что-нибудь не заберет.\n  - A [color=#a4885c]Танк[/color] забирает реагенты из входной сети и хранит их. Затем другие машины забирают реагенты из выходной сети резервуара.\n\n  ## Распределение по круговой схеме\n  Когда машина забирает реагенты, а в [bold]несколько торговых точек[/bold] в одной сети (например, два синтезатора, питающих танк), используется распределение по принципу «по кругу». При каждом такте обновления система начинает получать данные из другого источника, справедливо переключаясь между ними.\n\n  ## Скорость передачи данных\n  Каждая машина получает фиксированный объем данных за каждый такт обновления ([color=#a4885c]20u[/color] (каждые 2 секунды). Этот бюджет передачи распределяется между всеми входными разъемами машины: машина с четырьмя входными разъемами по-прежнему потребляет в общей сложности 20u за такт, а не 20u на каждый вход.\n\n  ## Реактор: целевое потребление\n  The [color=#a4885c]Реактор[/color] Она особенная, она притягивает [bold]специфические реагенты[/bold] а не все сразу. Система полностью заполняет каждый целевой резервуар до перехода к следующему. Если вы установите целевые значения 30u железа и 20u углерода, сначала будет извлечено все 30u железа, а затем — углерод.\n\n  ## Фильтр: селективная маршрутизация\n  The [color=#a4885c]Фильтр[/color] имеет один вход и два выхода. Она забирает всё из входной сети в свой буфер, а затем, когда другие машины забирают из него данные, фильтр контролирует, какие реагенты доступны на каком выходе:\n  - [bold]Фильтрованная розетка[/bold]: Предоставляет только выбранные вами реагенты.\n  - [bold]Розетка с проходным выходом[/bold]: Предоставляет только реактивы, которые вы [italic]еще не[/italic] выбрано.\n\n  ## Pill Press: режим смешивания\n  В [color=#a4885c]режим смешивания[/color], таблеточный пресс игнорирует свой основной вход и вместо этого забирает сырье из [color=#59e659]впускные отверстия смесителя[/color]. Каждый вход смесителя забирает реагент из собственной отдельной сети в промежуточную зону. Как только в обеих промежуточных зонах накапливается достаточное количество реагента, они объединяются и прессовывают таблетку в заданном соотношении.\n\n  ## Советы\n  - Разместите [color=#a4885c]Танки[/color] между производством и потреблением для буферизации реагентов и отделения предложения от спроса.\n  - Используйте [color=#a4885c]поршень[/color] для очистки буфера любого устройства от застрявших реагентов.\n  - Устройства забирают реагенты только при наличии свободного места в буфере. При заполненном буфере забор реагентов приостанавливается до тех пор, пока из него не будут извлечены реагенты.\n	DeepL guide prose: check game mechanics and terminology
ServerInfo/_StarLight/Guidebook/Engineering/PlumbingMachines.xml	\n  # Plumbing Machines\n  All plumbing machines are placed with the RPLD. Machines that require [color=#a4885c]power[/color] must be within range of an APC.\n\n  	\n  # Сантехническое оборудование\n  Все единицы сантехнического оборудования размещаются с помощью RPLD. Оборудование, для которого требуется [color=#a4885c]мощность[/color] должно находиться в радиусе действия бронетранспортера.\n\n  	DeepL guide prose: check game mechanics and terminology
ServerInfo/_StarLight/Guidebook/Engineering/PlumbingMachines.xml	\n    ## Input and Output\n  	\n    ## Ввод и вывод\n  	DeepL guide prose: check game mechanics and terminology
ServerInfo/_StarLight/Guidebook/Engineering/PlumbingMachines.xml	\n    [color=#999999][italic]Getting reagents into and out of the network[/italic][/color]\n  	\n    [color=#999999][italic]Поступление и вывод реагентов из сети[/italic][/color]\n  	DeepL guide prose: check game mechanics and terminology
ServerInfo/_StarLight/Guidebook/Engineering/PlumbingMachines.xml	\n\n  The [color=#a4885c]Plumbing Input[/color] is a small tank you pour reagents into by hand. Other machines pull from it via the network. Connects in all directions.\n\n  The [color=#a4885c]Plumbing Output[/color] is a small tank you can draw reagents from using a container. It pulls reagents from the network into its buffer. Connects in all directions.\n\n  	\n\n  Игра [color=#a4885c]Ввод данных по сантехнике[/color] — это небольшой резервуар, в который реагенты заливаются вручную. Другие машины получают из него реагенты через сеть. Подключается во всех направлениях.\n\n  The [color=#a4885c]Выход из системы водоснабжения[/color] — это небольшой резервуар, из которого можно забирать реагенты с помощью контейнера. Он забирает реагенты из сети в свой буфер. Подключается во всех направлениях.\n\n  	DeepL guide prose: check game mechanics and terminology
ServerInfo/_StarLight/Guidebook/Engineering/PlumbingMachines.xml	\n    ## Sink and Drain\n  	\n    ## Раковина и слив\n  	DeepL guide prose: check game mechanics and terminology
ServerInfo/_StarLight/Guidebook/Engineering/PlumbingMachines.xml	\n    [color=#999999][italic]The plumbing classics.[/italic][/color]\n  	\n    [color=#999999][italic]Классика сантехники.[/italic][/color]\n  	DeepL guide prose: check game mechanics and terminology
ServerInfo/_StarLight/Guidebook/Engineering/PlumbingMachines.xml	\n\n  The [color=#a4885c]Plumbing Sink[/color] is more or less a combined input and output. Reagents drawn in from its inlets can be used to fill containers from its facet, and dumping reagents down the drain sends them into the network via its outlet.\n\n  The [color=#a4885c]Plumbing Drain[/color] is a floor drain that absorbs puddles and routes them into the plumbing network. Connects in all directions.\n\n  	\n\n  Игра [color=#a4885c]Сантехника: раковина[/color] представляет собой, по сути, комбинацию входа и выхода. Реагенты, поступающие через входные отверстия, можно использовать для наполнения контейнеров через боковые отверстия, а слив реагентов в сток отправляет их в сеть через выходное отверстие.\n\n  The [color=#a4885c]Сливная труба[/color] — это сливной канал в полу, который впитывает лужи и отводит их в канализационную сеть. Подключается во всех направлениях.\n\n  	DeepL guide prose: check game mechanics and terminology
ServerInfo/_StarLight/Guidebook/Engineering/PlumbingMachines.xml	\n    ## Tank\n  	\n    ## Танк\n  	DeepL guide prose: check game mechanics and terminology
ServerInfo/_StarLight/Guidebook/Engineering/PlumbingMachines.xml	\n    [color=#999999][italic]Buffering reagents in the network[/italic][/color]\n  	\n    [color=#999999][italic]Буферизация реагентов в сети[/italic][/color]\n  	DeepL guide prose: check game mechanics and terminology
ServerInfo/_StarLight/Guidebook/Engineering/PlumbingMachines.xml	\n\n  The [color=#a4885c]Plumbing Tank[/color] stores up to [color=#a4885c]400u[/color] of reagents. Has one inlet and three outlets. Use tanks to buffer reagents between production stages or store large amounts of reagents.\n\n  	\n\n  Игра [color=#a4885c]Водопроводный резервуар[/color] вмещает до [color=#a4885c]400u[/color] реагентов. Имеет один вход и три выхода. Используйте резервуары для буферизации реагентов между этапами производства или хранения больших объемов реагентов.\n\n  	DeepL guide prose: check game mechanics and terminology
ServerInfo/_StarLight/Guidebook/Engineering/PlumbingMachines.xml	\n    ## Filter\n  	\n    ## Фильтр\n  	DeepL guide prose: check game mechanics and terminology
ServerInfo/_StarLight/Guidebook/Engineering/PlumbingMachines.xml	\n    [color=#999999][italic]Splitting reagents by type[/italic][/color]\n  	\n    [color=#999999][italic]Разделение реагентов по типам[/italic][/color]\n  	DeepL guide prose: check game mechanics and terminology
ServerInfo/_StarLight/Guidebook/Engineering/PlumbingMachines.xml	\n\n  The [color=#a4885c]Plumbing Filter[/color] separates specific reagents from the network. Set which reagents to filter via its UI. Has one inlet and two outlets, one outlet for filtered reagents and one for everything else. When disabled in the UI all reagents passthrough. Can be flipped via the RPLD.\n\n  	\n\n  Игра [color=#a4885c]Сантехнический фильтр[/color] отделяет определенные реагенты от сети. Укажите, какие реагенты следует отфильтровать, через интерфейс. Имеет один вход и два выхода: один для отфильтрованных реагентов, а другой — для всего остального. Если функция отключена в интерфейсе, все реагенты проходят без изменений. Можно переключать с помощью RPLD.\n\n  	DeepL guide prose: check game mechanics and terminology
ServerInfo/_StarLight/Guidebook/Engineering/PlumbingMachines.xml	\n    ## Reactor\n  	\n    ## Реактор\n  	DeepL guide prose: check game mechanics and terminology
ServerInfo/_StarLight/Guidebook/Engineering/PlumbingMachines.xml	\n    [color=#999999][italic]Triggering chemical reactions automatically[/italic][/color]\n  	\n    [color=#999999][italic]Автоматический запуск химических реакций[/italic][/color]\n  	DeepL guide prose: check game mechanics and terminology
ServerInfo/_StarLight/Guidebook/Engineering/PlumbingMachines.xml	\n\n  The [color=#a4885c]Plumbing Reactor[/color] pulls specific reagents from its inlet in configured quantities, heats them, and triggers reactions. Products are moved to the outlet. Has one inlet and one outlet. Set target reagents and quantities via the UI. Requires power. Use a plunger to clear stuck reagents.\n\n  	\n\n  Игра [color=#a4885c]Реактор водоснабжения[/color] забирает определенные реагенты из входного отверстия в заданных количествах, нагревает их и запускает реакции. Продукты перемещаются в выходное отверстие. Имеет одно входное и одно выходное отверстие. Устанавливайте целевые реагенты и их количества через интерфейс. Требует питания. Используйте поршень, чтобы удалить застрявшие реагенты.\n\n  	DeepL guide prose: check game mechanics and terminology
ServerInfo/_StarLight/Guidebook/Engineering/PlumbingMachines.xml	\n    ## Pill Press\n  	\n    ## Таблеточный пресс\n  	DeepL guide prose: check game mechanics and terminology
ServerInfo/_StarLight/Guidebook/Engineering/PlumbingMachines.xml	\n    [color=#999999][italic]Automated pill and patch production[/italic][/color]\n  	\n    [color=#999999][italic]Автоматическое производство таблеток и пластырей[/italic][/color]\n  	DeepL guide prose: check game mechanics and terminology
ServerInfo/_StarLight/Guidebook/Engineering/PlumbingMachines.xml	\n\n  The [color=#a4885c]Plumbing Pill Press[/color] pulls reagents and presses them into pills or patches at a configurable dosage. Has one main inlet that pulls from the network normally, plus two optional mixing inlets that allow ratio-controlled mixing — set a percentage for each side to blend reagents from two separate networks. Toggle between pill and patch output via the UI. Requires power.\n\n  	\n\n  Игра [color=#a4885c]Пресс для таблеток «Plumbing Pill Press»[/color] Забирает реагенты и прессовывает их в таблетки или пластыри с настраиваемой дозировкой. Имеет один основной вход, который обычно забирает реагенты из сети, а также два дополнительных входа для смешивания, позволяющих регулировать соотношение — установите процент для каждой стороны, чтобы смешивать реагенты из двух отдельных сетей. Переключайте вывод между таблетками и пластырями через интерфейс. Требуется питание.\n\n  	DeepL guide prose: check game mechanics and terminology
ServerInfo/_StarLight/Guidebook/Engineering/PlumbingMachines.xml	\n    ## Synthesizer\n  	\n    ## Синтезатор\n  	DeepL guide prose: check game mechanics and terminology
ServerInfo/_StarLight/Guidebook/Engineering/PlumbingMachines.xml	\n    [color=#999999][italic]Generating reagents from power[/italic][/color]\n  	\n    [color=#999999][italic]Получение реагентов из энергии[/italic][/color]\n  	DeepL guide prose: check game mechanics and terminology
ServerInfo/_StarLight/Guidebook/Engineering/PlumbingMachines.xml	\n\n  The [color=#a4885c]Plumbing Synthesizer[/color] generates basic reagents from an internal battery. Select a reagent from the UI and toggle it on. The battery charges while the machine is powered and drains as reagents are synthesized. Different reagents have different power costs.\n\n  Available reagents: Iron, Carbon, Copper, Hydrogen, Oxygen, Sugar, Silicon, Phosphorus.\n\n  	\n\n  Игра [color=#a4885c]Синтезатор «Плюмбинг»[/color] Генерирует базовые реагенты от внутренней батареи. Выберите реагент в интерфейсе и включите его. Батарея заряжается, пока устройство находится под напряжением, и разряжается по мере синтеза реагентов. Разные реагенты требуют разного количества энергии.\n\n  Доступные реагенты: железо, углерод, медь, водород, кислород, сахар, кремний, фосфор.\n\n  	DeepL guide prose: check game mechanics and terminology
ServerInfo/_StarLight/Guidebook/Engineering/PlumbingMachines.xml	\n    ## Smart Fridge\n  	\n    ## «Умный холодильник»\n  	DeepL guide prose: check game mechanics and terminology
ServerInfo/_StarLight/Guidebook/Engineering/PlumbingMachines.xml	\n    [color=#999999][italic]Storing and dispensing reagents via labeled jugs[/italic][/color]\n  	\n    [color=#999999][italic]Хранение и выдача реагентов с помощью маркированных канистр[/italic][/color]\n  	DeepL guide prose: check game mechanics and terminology
ServerInfo/_StarLight/Guidebook/Engineering/PlumbingMachines.xml	\n\n  The [color=#a4885c]Plumbing Smart Fridge[/color] pulls all reagents from the network and stores up to [color=#a4885c]200u[/color] of each type. Use a [color=#a4885c]labeled jug[/color] on the fridge to fill it with the matching reagent. Connects in all directions. Requires power.\n	\n\n  Игра [color=#a4885c]«Умный холодильник»[/color] извлекает все реагенты из сети и хранит до [color=#a4885c]200u[/color] каждого типа. Используйте [color=#a4885c]кувшин с этикеткой[/color] На холодильнике, чтобы наполнить его соответствующим реагентом. Подключается во всех направлениях. Требует питания.\n	DeepL guide prose: check game mechanics and terminology
