id	source	english	russian	review_reason
accent-words-cat-7	Resources\Locale\en-US\accent\accents.ftl	Miau.	Мяу.	DeepL missing/compatible entry: terminology and context need review
accent-words-chicken-4	Resources\Locale\en-US\accent\accents.ftl	Cluck cluck!	Клук-клук!	DeepL missing/compatible entry: terminology and context need review
accent-words-duck-4	Resources\Locale\en-US\accent\accents.ftl	Quack quack!	Кря-кря!	DeepL missing/compatible entry: terminology and context need review
accent-words-pig-4	Resources\Locale\en-US\accent\accents.ftl	Oink oink!	Хрю-хрю!	DeepL missing/compatible entry: terminology and context need review
accent-words-scurret-10	Resources\Locale\en-US\accent\accents.ftl	Wa wawa?	Ва-ва-ва?	DeepL missing/compatible entry: terminology and context need review
accent-words-scurret-11	Resources\Locale\en-US\accent\accents.ftl	Wa wawa.	Ва-ва-ва.	DeepL missing/compatible entry: terminology and context need review
accent-words-scurret-12	Resources\Locale\en-US\accent\accents.ftl	Wa wawa...	Ва-ва-ва...	DeepL missing/compatible entry: terminology and context need review
accent-words-scurret-13	Resources\Locale\en-US\accent\accents.ftl	Wawa wa!	Вава-ва!	DeepL missing/compatible entry: terminology and context need review
accent-words-scurret-14	Resources\Locale\en-US\accent\accents.ftl	Wawa wa?	Вава-ва?	DeepL missing/compatible entry: terminology and context need review
accent-words-scurret-15	Resources\Locale\en-US\accent\accents.ftl	Wawa wa.	Вава-ва.	DeepL missing/compatible entry: terminology and context need review
accent-words-scurret-16	Resources\Locale\en-US\accent\accents.ftl	Wawa wa...	Вава-ва...	DeepL missing/compatible entry: terminology and context need review
accent-words-scurret-17	Resources\Locale\en-US\accent\accents.ftl	Waaaaaa.	Уаааааа.	DeepL missing/compatible entry: terminology and context need review
accent-words-scurret-18	Resources\Locale\en-US\accent\accents.ftl	Waaaaaa!	Уаааааа!	DeepL missing/compatible entry: terminology and context need review
accent-words-scurret-19	Resources\Locale\en-US\accent\accents.ftl	Waaaaaa?	Чтооооооооо?	DeepL missing/compatible entry: terminology and context need review
accent-words-scurret-20	Resources\Locale\en-US\accent\accents.ftl	Waaaaaa...	Уааааа...	DeepL missing/compatible entry: terminology and context need review
accent-words-scurret-6	Resources\Locale\en-US\accent\accents.ftl	Wawa?	Вава?	DeepL missing/compatible entry: terminology and context need review
accent-words-scurret-7	Resources\Locale\en-US\accent\accents.ftl	Wawa.	Вава.	DeepL missing/compatible entry: terminology and context need review
accent-words-scurret-8	Resources\Locale\en-US\accent\accents.ftl	Wawa...	Вава...	DeepL missing/compatible entry: terminology and context need review
accent-words-scurret-9	Resources\Locale\en-US\accent\accents.ftl	Wa wawa!	Ва-ва-ва!	DeepL missing/compatible entry: terminology and context need review
action-speech-spell-fireball	Resources\Locale\en-US\magic\spells-actions.ftl	ONI'SOMA!	ONI'SOMA!	DeepL missing/compatible entry: terminology and context need review
admin-announce-type-syndicate	Resources\Locale\en-US\administration\ui\admin-announce-window.ftl	Syndicate	Синдикат	DeepL missing/compatible entry: terminology and context need review
admin-announce-type-syndicate-default	Resources\Locale\en-US\administration\ui\admin-announce-window.ftl	Syndicate High Command	Верховное командование Синдиката	DeepL missing/compatible entry: terminology and context need review
admin-announce-type-wizard	Resources\Locale\en-US\administration\ui\admin-announce-window.ftl	Wizard	Мастер	DeepL missing/compatible entry: terminology and context need review
admin-announce-type-wizard-default	Resources\Locale\en-US\administration\ui\admin-announce-window.ftl	Wizard Federation	Федерация волшебников	DeepL missing/compatible entry: terminology and context need review
admin-player-actions-bans	Resources\Locale\en-US\administration\ui\actions.ftl	Ban List	Список заблокированных игроков	DeepL missing/compatible entry: terminology and context need review
admin-smite-chess-others	Resources\Locale\en-US\administration\smites.ftl	 shrinks into the chessboard!	 сжимается до размеров шахматной доски!	DeepL missing/compatible entry: terminology and context need review
admin-smite-remove-blood-others	Resources\Locale\en-US\administration\smites.ftl	 leaks blood all over the floor!	 Кровь течет по всему полу!	DeepL missing/compatible entry: terminology and context need review
admin-smite-remove-hands-other	Resources\Locale\en-US\administration\smites.ftl	's hands fall off!	Руки отваливаются!	DeepL missing/compatible entry: terminology and context need review
admin-smite-set-alight-others	Resources\Locale\en-US\administration\smites.ftl	 bursts into flames!	 вспыхивает пламенем!	DeepL missing/compatible entry: terminology and context need review
admin-smite-turned-ash-other	Resources\Locale\en-US\administration\smites.ftl	 turns into a pile of ash!	 превращается в кучу пепла!	DeepL missing/compatible entry: terminology and context need review
admin-smite-vomit-organs-others	Resources\Locale\en-US\administration\smites.ftl	 vomits up their organs!	 извергают свои внутренности!	DeepL missing/compatible entry: terminology and context need review
agent-id-card-current-job	Resources\Locale\en-US\access\components\agent-id-card-component.ftl	Job:	Задание:	DeepL missing/compatible entry: terminology and context need review
agent-id-card-current-name	Resources\Locale\en-US\access\components\agent-id-card-component.ftl	Name:	Название:	DeepL missing/compatible entry: terminology and context need review
agent-id-card-job-icon-label	Resources\Locale\en-US\access\components\agent-id-card-component.ftl	Job icon:	Значок задания:	DeepL missing/compatible entry: terminology and context need review
agent-id-menu-title	Resources\Locale\en-US\access\components\agent-id-card-component.ftl	Agent ID Card	Удостоверение агента	DeepL missing/compatible entry: terminology and context need review
alert-level-delta-announcement	Resources\Locale\en-US\alert-levels\alert-levels.ftl	The station is currently under threat of imminent destruction. Crewmembers are advised to listen to heads of staff for more information.	В настоящее время станции угрожает неминуемое разрушение. Членам экипажа рекомендуется обращаться к руководителям отделов за дополнительной информацией.	DeepL missing/compatible entry: terminology and context need review
artifact-trigger-hint-blood	Resources\Locale\en-US\xenoarchaeology\artifact-hints.ftl	Reaction with hematological fluid	Реакция с гематологической жидкостью	DeepL missing/compatible entry: terminology and context need review
artifact-trigger-hint-death	Resources\Locale\en-US\xenoarchaeology\artifact-hints.ftl	Life essence	Эссенция жизни	DeepL missing/compatible entry: terminology and context need review
artifact-trigger-hint-electricity	Resources\Locale\en-US\xenoarchaeology\artifact-hints.ftl	Electricity	Электричество	DeepL missing/compatible entry: terminology and context need review
artifact-trigger-hint-examine	Resources\Locale\en-US\xenoarchaeology\artifact-hints.ftl	Examination	Обзор	DeepL missing/compatible entry: terminology and context need review
artifact-trigger-hint-heat	Resources\Locale\en-US\xenoarchaeology\artifact-hints.ftl	High temperatures	Высокие температуры	DeepL missing/compatible entry: terminology and context need review
artifact-trigger-hint-land	Resources\Locale\en-US\xenoarchaeology\artifact-hints.ftl	Active deceleration	Активное торможение	DeepL missing/compatible entry: terminology and context need review
artifact-trigger-hint-magnet	Resources\Locale\en-US\xenoarchaeology\artifact-hints.ftl	Magnetic waves	Магнитные волны	DeepL missing/compatible entry: terminology and context need review
artifact-trigger-hint-medical	Resources\Locale\en-US\xenoarchaeology\artifact-hints.ftl	Therapeutic chemicals	Лекарственные препараты	DeepL missing/compatible entry: terminology and context need review
artifact-trigger-hint-music	Resources\Locale\en-US\xenoarchaeology\artifact-hints.ftl	Sonic vibrations	Звуковые вибрации	DeepL missing/compatible entry: terminology and context need review
artifact-trigger-hint-physical	Resources\Locale\en-US\xenoarchaeology\artifact-hints.ftl	Physical trauma	Физическая травма	DeepL missing/compatible entry: terminology and context need review
artifact-trigger-hint-plasma	Resources\Locale\en-US\xenoarchaeology\artifact-hints.ftl	Gaseous plasma	Газовая плазма	DeepL missing/compatible entry: terminology and context need review
artifact-trigger-hint-pressure	Resources\Locale\en-US\xenoarchaeology\artifact-hints.ftl	Extreme pressure	Экстремальное давление	DeepL missing/compatible entry: terminology and context need review
artifact-trigger-hint-radiation	Resources\Locale\en-US\xenoarchaeology\artifact-hints.ftl	Radiation	Радиация	DeepL missing/compatible entry: terminology and context need review
artifact-trigger-hint-regular-gases	Resources\Locale\en-US\xenoarchaeology\artifact-hints.ftl	Standard atmospheric gases	Стандартные газы атмосферы	DeepL missing/compatible entry: terminology and context need review
artifact-trigger-hint-tool	Resources\Locale\en-US\xenoarchaeology\artifact-hints.ftl	Tool usage	Использование инструментов	DeepL missing/compatible entry: terminology and context need review
artifact-trigger-hint-water	Resources\Locale\en-US\xenoarchaeology\artifact-hints.ftl	Hydro-reactive	Гидрореактивный	DeepL missing/compatible entry: terminology and context need review
ban-banned-permanent	Resources\Locale\en-US\connection-messages.ftl	This ban will only be removed via appeal.	Этот бан может быть снят только путем подачи апелляции.	DeepL missing/compatible entry: terminology and context need review
butcherable-different-tool	Resources\Locale\en-US\kitchen\components\butcherable-component.ftl	You are going to need a different tool to butcher 	Вам понадобится другой инструмент, чтобы зарезать 	DeepL missing/compatible entry: terminology and context need review
butcherable-knife-butchered-success	Resources\Locale\en-US\kitchen\components\butcherable-component.ftl	You butcher 	Ты мясник 	DeepL missing/compatible entry: terminology and context need review
butcherable-knife-butchered-success	Resources\Locale\en-US\kitchen\components\butcherable-component.ftl	 with 	 с 	DeepL missing/compatible entry: terminology and context need review
butcherable-mob-isnt-dead	Resources\Locale\en-US\kitchen\components\butcherable-component.ftl	Needs to be dead.	Должен быть мертв.	DeepL missing/compatible entry: terminology and context need review
butcherable-need-knife	Resources\Locale\en-US\kitchen\components\butcherable-component.ftl	Use a sharp object to butcher 	Используйте острый предмет, чтобы зарезать 	DeepL missing/compatible entry: terminology and context need review
butcherable-not-in-container	Resources\Locale\en-US\kitchen\components\butcherable-component.ftl	 can't be in a container.	 не может находиться в контейнере.	DeepL missing/compatible entry: terminology and context need review
butcherable-verb-name	Resources\Locale\en-US\kitchen\components\butcherable-component.ftl	Butcher	Мясник	DeepL missing/compatible entry: terminology and context need review
cargoproduct-category-name-shuttle	Resources\Locale\en-US\prototypes\catalog\cargo\cargoproduct-categories.ftl	Shuttle	Шаттл	DeepL missing/compatible entry: terminology and context need review
chatsan-replacement-69	Resources\Locale\en-US\speech\speech-chatsan.ftl	where you at	где ты?	DeepL missing/compatible entry: terminology and context need review
chatsan-word-69	Resources\Locale\en-US\speech\speech-chatsan.ftl	wya	wya	DeepL missing/compatible entry: terminology and context need review
clumsy-gun-fail-message	Resources\Locale\en-US\clown\components\clumsy-component.ftl	The gun blows up in your face!	Оружие взрывается прямо у тебя на глазах!	DeepL missing/compatible entry: terminology and context need review
cmd-chunkentities-arg-range	RobustToolbox\Resources\Locale\en-US\commands.ftl	<range>	<range>	DeepL missing/compatible entry: terminology and context need review
cmd-chunkentities-arg-root	RobustToolbox\Resources\Locale\en-US\commands.ftl	<root entity>	<корневой объект>	DeepL missing/compatible entry: terminology and context need review
cmd-chunkentities-arg-x	RobustToolbox\Resources\Locale\en-US\commands.ftl	<x>	<x>	DeepL missing/compatible entry: terminology and context need review
cmd-chunkentities-arg-y	RobustToolbox\Resources\Locale\en-US\commands.ftl	<y>	<y>	DeepL missing/compatible entry: terminology and context need review
cmd-chunkentities-desc	RobustToolbox\Resources\Locale\en-US\commands.ftl	Lists chunk entities in the client viewport OR in the specified range.	Выводит список объектов-чанок в окне просмотра клиента ИЛИ в указанном диапазоне.	DeepL missing/compatible entry: terminology and context need review
cmd-chunkentities-entry	RobustToolbox\Resources\Locale\en-US\commands.ftl	 uid=	 uid=	DeepL missing/compatible entry: terminology and context need review
cmd-chunkentities-entry	RobustToolbox\Resources\Locale\en-US\commands.ftl	 root=	 root=	DeepL missing/compatible entry: terminology and context need review
cmd-chunkentities-entry	RobustToolbox\Resources\Locale\en-US\commands.ftl	 chunk=	 chunk=	DeepL missing/compatible entry: terminology and context need review
cmd-chunkentities-entry	RobustToolbox\Resources\Locale\en-US\commands.ftl	 comps=	 comps=	DeepL missing/compatible entry: terminology and context need review
cmd-chunkentities-error-invalid-root	RobustToolbox\Resources\Locale\en-US\commands.ftl	Invalid root entity: 	Недопустимый корневой объект: 	DeepL missing/compatible entry: terminology and context need review
cmd-chunkentities-error-no-map	RobustToolbox\Resources\Locale\en-US\commands.ftl	No map entity for current eye map 	Отсутствует объект карты для текущей точки обзора 	DeepL missing/compatible entry: terminology and context need review
cmd-chunkentities-error-nullspace	RobustToolbox\Resources\Locale\en-US\commands.ftl	Current eye is in nullspace.	В настоящее время камера находится в нулевом пространстве.	DeepL missing/compatible entry: terminology and context need review
cmd-chunkentities-error-parse	RobustToolbox\Resources\Locale\en-US\commands.ftl	x, y, and range must be numbers.	x, y и range должны быть числами.	DeepL missing/compatible entry: terminology and context need review
cmd-chunkentities-help	RobustToolbox\Resources\Locale\en-US\commands.ftl	Usage: 	Использование: 	DeepL missing/compatible entry: terminology and context need review
cmd-chunkentities-help	RobustToolbox\Resources\Locale\en-US\commands.ftl	 [<root entity> <x> <y> <range>]	 [<root entity> <x> <y> <range>]	DeepL missing/compatible entry: terminology and context need review
cmd-chunkentities-range-header	RobustToolbox\Resources\Locale\en-US\commands.ftl	Chunk entities for 	Объекты-блоки для 	DeepL missing/compatible entry: terminology and context need review
cmd-chunkentities-range-header	RobustToolbox\Resources\Locale\en-US\commands.ftl	 around (	 около (	DeepL missing/compatible entry: terminology and context need review
cmd-chunkentities-range-header	RobustToolbox\Resources\Locale\en-US\commands.ftl	) range 	) диапазон 	DeepL missing/compatible entry: terminology and context need review
cmd-chunkentities-root-count	RobustToolbox\Resources\Locale\en-US\commands.ftl	Root 	Root 	DeepL missing/compatible entry: terminology and context need review
cmd-chunkentities-total	RobustToolbox\Resources\Locale\en-US\commands.ftl	Total: 	Всего: 	DeepL missing/compatible entry: terminology and context need review
cmd-chunkentities-viewport-header	RobustToolbox\Resources\Locale\en-US\commands.ftl	Chunk entities in client viewport on map 	Объекты-блоки в окне просмотра клиента на карте 	DeepL missing/compatible entry: terminology and context need review
cmd-hidemechanisms-desc	Resources\Locale\en-US\commands\hide-mechanisms-command.ftl	Reverts the effects of showmechanisms command.	Отменяет действие команды showmechanisms.	DeepL missing/compatible entry: terminology and context need review
cmd-hidemechanisms-help	Resources\Locale\en-US\commands\hide-mechanisms-command.ftl	Usage: hidemechanisms	Использование: hidemechanisms	DeepL missing/compatible entry: terminology and context need review
cmd-hungry-desc	Resources\Locale\en-US\nutrition\nutrition-commands.ftl	makes you hungry	вызывает аппетит	DeepL missing/compatible entry: terminology and context need review
cmd-hungry-help	Resources\Locale\en-US\nutrition\nutrition-commands.ftl	sets your hungry level to starving	устанавливает ваш уровень голода на «голодающий»	DeepL missing/compatible entry: terminology and context need review
cmd-menuvis-help	Resources\Locale\en-US\commands\set-menu-visibility-command.ftl	Usage: 	Использование: 	DeepL missing/compatible entry: terminology and context need review
cmd-menuvis-help	Resources\Locale\en-US\commands\set-menu-visibility-command.ftl	 [NoFoV] [InContainer] [Invisible] [All]	 [NoFoV] [InContainer] [Invisible] [All]	DeepL missing/compatible entry: terminology and context need review
cmd-nutrition-error-component	Resources\Locale\en-US\nutrition\nutrition-commands.ftl	Your entity does not have a 	У вашего объекта нет 	DeepL missing/compatible entry: terminology and context need review
cmd-nutrition-error-component	Resources\Locale\en-US\nutrition\nutrition-commands.ftl	 component.	 компонент.	DeepL missing/compatible entry: terminology and context need review
cmd-nutrition-error-entity	Resources\Locale\en-US\nutrition\nutrition-commands.ftl	You cannot use this command without an entity.	Эту команду нельзя использовать без объекта.	DeepL missing/compatible entry: terminology and context need review
cmd-nutrition-error-player	Resources\Locale\en-US\nutrition\nutrition-commands.ftl	You cannot use this command unless you are a player.	Вы не можете использовать эту команду, если вы не являетесь игроком.	DeepL missing/compatible entry: terminology and context need review
cmd-parse-failure-session-guid	RobustToolbox\Resources\Locale\en-US\commands.ftl	There is no session with the GUID: 	Сеанса с GUID: нет 	DeepL missing/compatible entry: terminology and context need review
cmd-pausemap-desc	RobustToolbox\Resources\Locale\en-US\commands.ftl	Pauses a map, pausing all simulation processing on it.	Приостанавливает работу карты, останавливая всю симуляцию на ней.	DeepL missing/compatible entry: terminology and context need review
cmd-pausemap-help	RobustToolbox\Resources\Locale\en-US\commands.ftl	Usage: pausemap <map ID>	Использование: pausemap <ID карты>	DeepL missing/compatible entry: terminology and context need review
cmd-querymappaused-desc	RobustToolbox\Resources\Locale\en-US\commands.ftl	Check whether a map is paused or not.	Проверка, приостановлена ли карта или нет.	DeepL missing/compatible entry: terminology and context need review
cmd-querymappaused-help	RobustToolbox\Resources\Locale\en-US\commands.ftl	Usage: querymappaused <map ID>	Использование: querymappaused <ID карты>	DeepL missing/compatible entry: terminology and context need review
cmd-replay-toggleui-desc	RobustToolbox\Resources\Locale\en-US\replays.ftl	Toggles the replay control UI.	Включает/выключает интерфейс управления просмотром повторов.	DeepL missing/compatible entry: terminology and context need review
cmd-roleban-severity-parse	Resources\Locale\en-US\job\role-ban-command.ftl	 is not a valid severity\n	 не является допустимым уровнем серьезности\n	DeepL missing/compatible entry: terminology and context need review
cmd-setlooc-description	Resources\Locale\en-US\administration\commands\set-looc-command.ftl	Allows you to enable or disable LOOC.	Позволяет включать или отключать LOOC.	DeepL missing/compatible entry: terminology and context need review
cmd-setlooc-help	Resources\Locale\en-US\administration\commands\set-looc-command.ftl	Usage: setlooc OR setlooc [value]	Использование: setlooc ИЛИ setlooc [value]	DeepL missing/compatible entry: terminology and context need review
cmd-setnutrit-desc	Resources\Locale\en-US\nutrition\nutrition-commands.ftl	modify hunger and thirst	изменить показатели голода и жажды	DeepL missing/compatible entry: terminology and context need review
cmd-setnutrit-error-invalid-threshold	Resources\Locale\en-US\nutrition\nutrition-commands.ftl	invalid 	неверно 	DeepL missing/compatible entry: terminology and context need review
cmd-setnutrit-help	Resources\Locale\en-US\nutrition\nutrition-commands.ftl	set your hunger or thirst to one of the built-in thresholds	установите уровень голода или жажды на один из встроенных пороговых значений	DeepL missing/compatible entry: terminology and context need review
cmd-setooc-desc	Resources\Locale\en-US\administration\commands\set-ooc-command.ftl	Allows you to enable or disable OOC.	Позволяет включать или отключать режим OOC.	DeepL missing/compatible entry: terminology and context need review
cmd-setooc-help	Resources\Locale\en-US\administration\commands\set-ooc-command.ftl	Usage: setooc OR setooc [value]	Использование: setooc ИЛИ setooc [value]	DeepL missing/compatible entry: terminology and context need review
cmd-showmechanisms-help	Resources\Locale\en-US\commands\show-mechanisms-command.ftl	Usage: showmechanisms	Использование: showmechanisms	DeepL missing/compatible entry: terminology and context need review
cmd-shutdown-hint-1	RobustToolbox\Resources\Locale\en-US\commands.ftl	Reason	Причина	DeepL missing/compatible entry: terminology and context need review
cmd-thirsty-desc	Resources\Locale\en-US\nutrition\nutrition-commands.ftl	makes you thirsty	заставляет хотеть пить	DeepL missing/compatible entry: terminology and context need review
cmd-thirsty-help	Resources\Locale\en-US\nutrition\nutrition-commands.ftl	sets your thirst level to partched	устанавливает уровень жажды на «утолен»	DeepL missing/compatible entry: terminology and context need review
cmd-unlocknode-artifact-hint	Resources\Locale\en-US\commands\unlocknode-command.ftl	<artifact uid>	<uid артефакта>	DeepL missing/compatible entry: terminology and context need review
cmd-unlocknode-desc	Resources\Locale\en-US\commands\unlocknode-command.ftl	Unlocks a node on a given artifact	Разблокирует узел на указанном артефакте	DeepL missing/compatible entry: terminology and context need review
cmd-unlocknode-help	Resources\Locale\en-US\commands\unlocknode-command.ftl	unlocknode <artifact uid> <node uid>	unlocknode <uid артефакта> <uid узла>	DeepL missing/compatible entry: terminology and context need review
cmd-unlocknode-node-hint	Resources\Locale\en-US\commands\unlocknode-command.ftl	<node uid>	<node uid>	DeepL missing/compatible entry: terminology and context need review
cmd-unpausemap-desc	RobustToolbox\Resources\Locale\en-US\commands.ftl	Unpauses a map, resuming all simulation processing on it.	Снимает паузу с карты, возобновляя всю симуляцию на ней.	DeepL missing/compatible entry: terminology and context need review
cmd-unpausemap-help	RobustToolbox\Resources\Locale\en-US\commands.ftl	Usage: unpausemap <map ID>	Использование: unpausemap <ID карты>	DeepL missing/compatible entry: terminology and context need review
color-selector-input-hex	RobustToolbox\Resources\Locale\en-US\controls.ftl	Hex	Hex	DeepL missing/compatible entry: terminology and context need review
command-description-xenoartifact-averageResearch	Resources\Locale\en-US\commands\toolshed\xenoartifact-command.ftl	Calculates amount of research points average generated xeno artifact will output when fully activated.	Рассчитывает количество очков исследований, которое в среднем дает инопланетный артефакт при полной активации.	DeepL missing/compatible entry: terminology and context need review
command-description-xenoartifact-printMatrix	Resources\Locale\en-US\commands\toolshed\xenoartifact-command.ftl	Prints out matrix that displays all edges between nodes.	Распечатывает матрицу, отображающую все ребра между узлами.	DeepL missing/compatible entry: terminology and context need review
command-description-xenoartifact-totalResearch	Resources\Locale\en-US\commands\toolshed\xenoartifact-command.ftl	Gets all research points that can be extracted from artifact currently.	Получает все очки исследований, которые можно извлечь из артефакта в данный момент.	DeepL missing/compatible entry: terminology and context need review
command-description-xenoartifact-unlockAllNodes	Resources\Locale\en-US\commands\toolshed\xenoartifact-command.ftl	Unlocks all nodes of artifact.	Разблокирует все узлы артефакта.	DeepL missing/compatible entry: terminology and context need review
comms-console-announcement-sent-by	Resources\Locale\en-US\communications\communications-console-component.ftl	Sent by	Отправлено	DeepL missing/compatible entry: terminology and context need review
comms-console-menu-call-shuttle	Resources\Locale\en-US\communications\communications-console-component.ftl	Call emergency shuttle	Вызов аварийного шаттла	DeepL missing/compatible entry: terminology and context need review
comms-console-menu-emergency-shuttle-button-tooltip	Resources\Locale\en-US\communications\communications-console-component.ftl	Calls or recalls the emergency shuttle. You can only recall when there's enough time left.	Вызывает или отзывает аварийный шаттл. Отзыв возможен только при наличии достаточного запаса времени.	DeepL missing/compatible entry: terminology and context need review
comms-console-menu-recall-shuttle	Resources\Locale\en-US\communications\communications-console-component.ftl	Recall emergency shuttle	Отзыв аварийного шаттла	DeepL missing/compatible entry: terminology and context need review
comms-console-menu-time-remaining	Resources\Locale\en-US\communications\communications-console-component.ftl	Time remaining: 	Оставшееся время: 	DeepL missing/compatible entry: terminology and context need review
comp-gas-filter-ui-needs-anchor	Resources\Locale\en-US\components\gas-filter-component.ftl	Anchor it first!	Сначала закрепите её!	DeepL missing/compatible entry: terminology and context need review
comp-gas-mixer-ui-needs-anchor	Resources\Locale\en-US\components\gas-mixer-component.ftl	Anchor it first!	Сначала закрепите её!	DeepL missing/compatible entry: terminology and context need review
comp-light-replacer-insert-light	Resources\Locale\en-US\light\components\light-replacer-component.ftl	You insert 	Вы вставляете 	DeepL missing/compatible entry: terminology and context need review
comp-light-replacer-insert-light	Resources\Locale\en-US\light\components\light-replacer-component.ftl	 into 	 в 	DeepL missing/compatible entry: terminology and context need review
comp-light-replacer-missing-light	Resources\Locale\en-US\light\components\light-replacer-component.ftl	No lights left in 	Освещения не осталось в 	DeepL missing/compatible entry: terminology and context need review
comp-light-replacer-refill-from-storage	Resources\Locale\en-US\light\components\light-replacer-component.ftl	You refill 	Вы пополняете запасы 	DeepL missing/compatible entry: terminology and context need review
comp-stunbaton-activated-low-charge	Resources\Locale\en-US\stunnable\components\stunbaton-component.ftl	Insufficient charge...	Недостаточный заряд...	DeepL missing/compatible entry: terminology and context need review
comp-stunbaton-examined-off	Resources\Locale\en-US\stunnable\components\stunbaton-component.ftl	The light is currently [color=darkred]off[/color]	В настоящее время свет [color=darkred]выключено[/color]	DeepL missing/compatible entry: terminology and context need review
comp-stunbaton-examined-on	Resources\Locale\en-US\stunnable\components\stunbaton-component.ftl	The light is currently [color=darkgreen]on[/color].	В настоящее время свет [color=darkgreen]на[/color].	DeepL missing/compatible entry: terminology and context need review
comp-stunbaton-stun	Resources\Locale\en-US\stunnable\components\stunbaton-component.ftl	Stunned	Ошеломлён	DeepL missing/compatible entry: terminology and context need review
dash-ability-cant-see	Resources\Locale\en-US\ninja\katana.ftl	You can't see that!	Этого нельзя видеть!	DeepL missing/compatible entry: terminology and context need review
dash-ability-no-charges	Resources\Locale\en-US\ninja\katana.ftl	No charges left!	Заряда больше нет!	DeepL missing/compatible entry: terminology and context need review
dice-component-on-examine-message-part-1	Resources\Locale\en-US\dice\dice-component.ftl	A die with [color=lightgray]	Кубик с [color=lightgray]	DeepL missing/compatible entry: terminology and context need review
dice-component-on-examine-message-part-1	Resources\Locale\en-US\dice\dice-component.ftl	[/color] sides.	[/color] стороны.	DeepL missing/compatible entry: terminology and context need review
dice-component-on-examine-message-part-2	Resources\Locale\en-US\dice\dice-component.ftl	It has landed on a [color=white]	Она приземлилась на [color=white]	DeepL missing/compatible entry: terminology and context need review
dice-component-on-examine-message-part-2	Resources\Locale\en-US\dice\dice-component.ftl	[/color].	[/color].	DeepL missing/compatible entry: terminology and context need review
disposal-self-insert-verb-get-data-text	Resources\Locale\en-US\disposal\unit\components\disposal-unit-component.ftl	Jump inside	Погрузитесь в игру	DeepL missing/compatible entry: terminology and context need review
disposal-tagger-window-tag-confirm-button	Resources\Locale\en-US\disposal\tube\components\disposal-tagger-window.ftl	Confirm	Подтвердить	DeepL missing/compatible entry: terminology and context need review
earlyleave-cryo-announcement	Resources\Locale\en-US\bed\cryostorage\cryogenic-storage.ftl	) has entered cryogenic storage!	) помещена в криогенное хранилище!	DeepL missing/compatible entry: terminology and context need review
emitter-deconstructed-broadcast	Resources\Locale\en-US\singularity\components\emitter-component.ftl	A powered emitter 	Электроэнергетический излучатель 	DeepL missing/compatible entry: terminology and context need review
emitter-deconstructed-broadcast	Resources\Locale\en-US\singularity\components\emitter-component.ftl	 has been deconstructed.	 была разобрана на части.	DeepL missing/compatible entry: terminology and context need review
entity-condition-guidebook-total-hunger	Resources\Locale\en-US\guidebook\entity-effects\conditions.ftl	the target has at least 	Цель имеет как минимум 	DeepL missing/compatible entry: terminology and context need review
entity-condition-guidebook-total-hunger	Resources\Locale\en-US\guidebook\entity-effects\conditions.ftl	 total hunger	 Total Hunger	DeepL missing/compatible entry: terminology and context need review
entity-condition-guidebook-total-hunger	Resources\Locale\en-US\guidebook\entity-effects\conditions.ftl	the target has at most 	цель имеет не более 	DeepL missing/compatible entry: terminology and context need review
entity-condition-guidebook-total-hunger	Resources\Locale\en-US\guidebook\entity-effects\conditions.ftl	 total hunger	 Total Hunger	DeepL missing/compatible entry: terminology and context need review
entity-condition-guidebook-total-hunger	Resources\Locale\en-US\guidebook\entity-effects\conditions.ftl	the target has between 	Цель имеет от 	DeepL missing/compatible entry: terminology and context need review
entity-condition-guidebook-total-hunger	Resources\Locale\en-US\guidebook\entity-effects\conditions.ftl	 and 	 и 	DeepL missing/compatible entry: terminology and context need review
entity-condition-guidebook-total-hunger	Resources\Locale\en-US\guidebook\entity-effects\conditions.ftl	 total hunger	 Total Hunger	DeepL missing/compatible entry: terminology and context need review
entity-effect-guidebook-plant-remove-kudzu	Resources\Locale\en-US\guidebook\entity-effects\effects.ftl	Removes	Удаляет	DeepL missing/compatible entry: terminology and context need review
entity-effect-guidebook-plant-remove-kudzu	Resources\Locale\en-US\guidebook\entity-effects\effects.ftl	remove	удалить	DeepL missing/compatible entry: terminology and context need review
entity-effect-guidebook-plant-remove-kudzu	Resources\Locale\en-US\guidebook\entity-effects\effects.ftl	 kudzu weed growth from a plant	 Рост сорняка кудзу из растения	DeepL missing/compatible entry: terminology and context need review
entity-effect-guidebook-satiate-hunger	Resources\Locale\en-US\guidebook\entity-effects\effects.ftl	Satiates	Удовлетворяет	DeepL missing/compatible entry: terminology and context need review
entity-effect-guidebook-satiate-hunger	Resources\Locale\en-US\guidebook\entity-effects\effects.ftl	satiate	насытить	DeepL missing/compatible entry: terminology and context need review
entity-effect-guidebook-satiate-hunger	Resources\Locale\en-US\guidebook\entity-effects\effects.ftl	hunger averagely	уровень голода: средний	DeepL missing/compatible entry: terminology and context need review
entity-effect-guidebook-satiate-hunger	Resources\Locale\en-US\guidebook\entity-effects\effects.ftl	hunger at 	голод в 	DeepL missing/compatible entry: terminology and context need review
entity-effect-guidebook-satiate-hunger	Resources\Locale\en-US\guidebook\entity-effects\effects.ftl	x the average rate	x средний курс	DeepL missing/compatible entry: terminology and context need review
entity-effect-guidebook-satiate-thirst	Resources\Locale\en-US\guidebook\entity-effects\effects.ftl	Satiates	Удовлетворяет	DeepL missing/compatible entry: terminology and context need review
entity-effect-guidebook-satiate-thirst	Resources\Locale\en-US\guidebook\entity-effects\effects.ftl	satiate	насытить	DeepL missing/compatible entry: terminology and context need review
entity-effect-guidebook-satiate-thirst	Resources\Locale\en-US\guidebook\entity-effects\effects.ftl	thirst averagely	жажда — средняя	DeepL missing/compatible entry: terminology and context need review
entity-effect-guidebook-satiate-thirst	Resources\Locale\en-US\guidebook\entity-effects\effects.ftl	thirst at 	thirst at 	DeepL missing/compatible entry: terminology and context need review
entity-effect-guidebook-satiate-thirst	Resources\Locale\en-US\guidebook\entity-effects\effects.ftl	x the average rate	x средний курс	DeepL missing/compatible entry: terminology and context need review
entity-effect-status-effect-Adrenaline	Resources\Locale\en-US\guidebook\entity-effects\statuseffects.ftl	adrenaline	адреналин	DeepL missing/compatible entry: terminology and context need review
entity-effect-status-effect-Muted	Resources\Locale\en-US\guidebook\entity-effects\statuseffects.ftl	inability to speak	неспособность говорить	DeepL missing/compatible entry: terminology and context need review
entity-effect-status-effect-PressureImmunity	Resources\Locale\en-US\guidebook\entity-effects\statuseffects.ftl	pressure immunity	устойчивость к давлению	DeepL missing/compatible entry: terminology and context need review
entity-effect-status-effect-RatvarianLanguage	Resources\Locale\en-US\guidebook\entity-effects\statuseffects.ftl	ratvarian language patterns	языковые модели ратварианцев	DeepL missing/compatible entry: terminology and context need review
examinable-hunger-component-examine-none	Resources\Locale\en-US\nutrition\components\examinable-hunger-component.ftl	 not to get hungry.	 чтобы не проголодаться.	DeepL missing/compatible entry: terminology and context need review
examinable-hunger-component-examine-okay	Resources\Locale\en-US\nutrition\components\examinable-hunger-component.ftl	 content.	 содержание.	DeepL missing/compatible entry: terminology and context need review
examinable-hunger-component-examine-overfed	Resources\Locale\en-US\nutrition\components\examinable-hunger-component.ftl	 stuffed!	 Набито!	DeepL missing/compatible entry: terminology and context need review
examinable-hunger-component-examine-peckish	Resources\Locale\en-US\nutrition\components\examinable-hunger-component.ftl	 hungry.	 голоден.	DeepL missing/compatible entry: terminology and context need review
examinable-hunger-component-examine-starving	Resources\Locale\en-US\nutrition\components\examinable-hunger-component.ftl	 starved!	 Голодный!	DeepL missing/compatible entry: terminology and context need review
flavor-complex-neurotoxin	Resources\Locale\en-US\flavors\flavor-profiles.ftl	like an underground testing facility	похоже на подземный испытательный полигон	DeepL missing/compatible entry: terminology and context need review
fold-verb-clothing-jacket	Resources\Locale\en-US\foldable\components\foldable-component.ftl	Take off jacket	Снять куртку	DeepL missing/compatible entry: terminology and context need review
forensics-cleaning	Resources\Locale\en-US\forensics\forensics.ftl	You begin cleaning the evidence off of 	Вы начинаете с удаления улик с 	DeepL missing/compatible entry: terminology and context need review
gateway-access-denied	Resources\Locale\en-US\gateway\gateway.ftl	Access denied!	Доступ запрещен!	DeepL missing/compatible entry: terminology and context need review
gateway-close-portal	Resources\Locale\en-US\gateway\gateway.ftl	Close Portal	Закрыть портал	DeepL missing/compatible entry: terminology and context need review
gateway-window-locked	Resources\Locale\en-US\gateway\gateway.ftl	Locked	Заблокировано	DeepL missing/compatible entry: terminology and context need review
gateway-window-no-destinations	Resources\Locale\en-US\gateway\gateway.ftl	No destinations found.	Не найдено ни одного пункта назначения.	DeepL missing/compatible entry: terminology and context need review
gateway-window-open-portal	Resources\Locale\en-US\gateway\gateway.ftl	Open Portal	Открыть портал	DeepL missing/compatible entry: terminology and context need review
gateway-window-portal-cooldown	Resources\Locale\en-US\gateway\gateway.ftl	Cooldown	Время восстановления	DeepL missing/compatible entry: terminology and context need review
gateway-window-portal-unlock	Resources\Locale\en-US\gateway\gateway.ftl	Next unlock	Следующее разблокирование	DeepL missing/compatible entry: terminology and context need review
gateway-window-title	Resources\Locale\en-US\gateway\gateway.ftl	Gateway	Вход	DeepL missing/compatible entry: terminology and context need review
ghost-gui-toggle-lighting-manager-popup-personal-light	Resources\Locale\en-US\ghost\ghost-gui.ftl	Enabled personal light.	Включено личное освещение.	DeepL missing/compatible entry: terminology and context need review
gorilla-shove-gauntlet-not-active	Resources\Locale\en-US\anomaly\anomaly.ftl	The gauntlet isn't active!	«Gauntlet» не активен!	DeepL missing/compatible entry: terminology and context need review
gorilla-shove-not-disposals	Resources\Locale\en-US\anomaly\anomaly.ftl	You can only shove this into a disposals unit!	Это можно только выбросить в мусоропровод!	DeepL missing/compatible entry: terminology and context need review
guardian-activator-empty-examine	Resources\Locale\en-US\guardian\guardian.ftl	[color=#ba1919]The injector is spent.[/color]	[color=#ba1919]Инжектор израсходован.[/color]	DeepL missing/compatible entry: terminology and context need review
guardian-activator-empty-invalid-creation	Resources\Locale\en-US\guardian\guardian.ftl	The injector is spent.	Инжектор израсходован.	DeepL missing/compatible entry: terminology and context need review
handheld-radio-component-chennel-examine	Resources\Locale\en-US\radio\components\handheld-radio-component.ftl	The current channel is 	Текущий канал: 	DeepL missing/compatible entry: terminology and context need review
handheld-radio-component-on-examine	Resources\Locale\en-US\radio\components\handheld-radio-component.ftl	It's set to broadcast over the 	Трансляция запланирована на 	DeepL missing/compatible entry: terminology and context need review
handheld-radio-component-on-examine	Resources\Locale\en-US\radio\components\handheld-radio-component.ftl	 frequency.	 частота.	DeepL missing/compatible entry: terminology and context need review
highlights-atmospheric-technician	Resources\Locale\en-US\chat\highlights.ftl	"Atmospheric Technician, Atmos Tech, Atmospheric, Engineering, ""Atmos"", ""Engi"""	Техник по атмосфере, Atmos Tech, Атмосфера, Инженерия, «Atmos», «Engi»	DeepL missing/compatible entry: terminology and context need review
highlights-cargo-technician	Resources\Locale\en-US\chat\highlights.ftl	"Cargo Technician, Cargo Tech, ""Cargo"", Supply"	Техник по грузам, «Грузовик», «Груз», Снабжение	DeepL missing/compatible entry: terminology and context need review
highlights-chief-engineer	Resources\Locale\en-US\chat\highlights.ftl	"Chief Engineer, ""CE"", Engineering, Engineer, ""Engi"", Bridge, Command"	Главный инженер, «CE», Инженерный отсек, Инженер, «Engi», Мостик, Командование	DeepL missing/compatible entry: terminology and context need review
highlights-chief-medical-officer	Resources\Locale\en-US\chat\highlights.ftl	"Chief Medical Officer, ""CMO"", Medbay, Medical, ""Med"", Bridge, Command"	Главный медицинский офицер, «CMO», Медицинский отсек, «Med», Мостик, «Command»	DeepL missing/compatible entry: terminology and context need review
highlights-cyborg	Resources\Locale\en-US\chat\highlights.ftl	"Cyborg, Silicon, Borg, Robotics, ""Robot"""	Киборг, кремний, Борг, робототехника, «робот»	DeepL missing/compatible entry: terminology and context need review
highlights-head-of-personnel	Resources\Locale\en-US\chat\highlights.ftl	"Head Of Personnel, ""HoP"", Service, Bridge, Command"	Начальник отдела кадров («HoP»), Служба, Мостик, Командование	DeepL missing/compatible entry: terminology and context need review
highlights-head-of-security	Resources\Locale\en-US\chat\highlights.ftl	"Head of Security, ""HoS"", Armory, Security, ""Sec"", Bridge, Command"	Начальник службы безопасности, «HoS», Оружейная, Служба безопасности, «Sec», Мостик, Командование	DeepL missing/compatible entry: terminology and context need review
highlights-medical-doctor	Resources\Locale\en-US\chat\highlights.ftl	"Medical Doctor, Doctor, ""Doc"", Medbay, Medical, ""Med"""	Врач, доктор, «Док», лазарет, медицинский, «Мед»	DeepL missing/compatible entry: terminology and context need review
highlights-medical-intern	Resources\Locale\en-US\chat\highlights.ftl	"Medical Intern, Intern, Medbay, Medical, ""Med"""	Медицинский стажёр, стажёр, медицинский отсек, медицина, «Med»	DeepL missing/compatible entry: terminology and context need review
highlights-personal-ai	Resources\Locale\en-US\chat\highlights.ftl	"Personal AI, ""pAI"""	Персональный ИИ, «pAI»	DeepL missing/compatible entry: terminology and context need review
highlights-research-assistant	Resources\Locale\en-US\chat\highlights.ftl	"Research Assistant, Science, ""Sci"", ""RND"", ""R&D"""	Научный ассистент, наука, «Sci», «RND», «R&D»	DeepL missing/compatible entry: terminology and context need review
highlights-research-director	Resources\Locale\en-US\chat\highlights.ftl	"Research Director, ""RD"", Science, ""Sci"", ""RND"", ""R&D"", Bridge, Command"	Директор по исследованиям, «RD», Наука, «Sci», «RND», «R&D», Мостик, Командование	DeepL missing/compatible entry: terminology and context need review
highlights-salvage-specialist	Resources\Locale\en-US\chat\highlights.ftl	"Salvage Specialist, Salvager, Salvage, ""Salv"", Miner, ""Cargo"", Supply"	Специалист по спасательным работам, спасатель, спасательные работы, «Salv», шахтёр, «Cargo», снабжение	DeepL missing/compatible entry: terminology and context need review
highlights-security-cadet	Resources\Locale\en-US\chat\highlights.ftl	"Security Cadet, Secoff, Cadet, Armory, Security, ""Sec"""	Курсант службы безопасности, Secoff, курсант, оружейная, служба безопасности, «Sec»	DeepL missing/compatible entry: terminology and context need review
highlights-security-officer	Resources\Locale\en-US\chat\highlights.ftl	"Security Officer, Secoff, Officer, Armory, Security, ""Sec"""	Офицер безопасности, Secoff, офицер, оружейная, служба безопасности, «Sec»	DeepL missing/compatible entry: terminology and context need review
highlights-service-worker	Resources\Locale\en-US\chat\highlights.ftl	"Service Worker, Service, ""Serv"""	Сервисный работник, Сервис, «Серв»	DeepL missing/compatible entry: terminology and context need review
highlights-station-ai	Resources\Locale\en-US\chat\highlights.ftl	"Station AI, Silicon, ""AI"", ""sAI"""	ИИ станции, Силикон, «AI», «sAI»	DeepL missing/compatible entry: terminology and context need review
highlights-station-engineer	Resources\Locale\en-US\chat\highlights.ftl	"Station Engineer, Engineering, Engineer, ""Engi"""	Инженер станции, инженерный отдел, инженер, «Энджи»	DeepL missing/compatible entry: terminology and context need review
highlights-technical-assistant	Resources\Locale\en-US\chat\highlights.ftl	"Technical Assistant, Tech Assistant, Engineering, Engineer, ""Engi"""	Технический помощник, техник, инженер, «Энджи»	DeepL missing/compatible entry: terminology and context need review
humanoid-profile-editor-name-random-button	Resources\Locale\en-US\preferences\ui\humanoid-profile-editor.ftl	Randomize	Случайный выбор	DeepL missing/compatible entry: terminology and context need review
humanoid-profile-editor-randomize-everything-button	Resources\Locale\en-US\preferences\ui\humanoid-profile-editor.ftl	Randomize everything	Сгенерировать все случайным образом	DeepL missing/compatible entry: terminology and context need review
input-key-Again	RobustToolbox\Resources\Locale\en-US\input.ftl	Again	Ещё раз	DeepL missing/compatible entry: terminology and context need review
input-key-Copy	RobustToolbox\Resources\Locale\en-US\input.ftl	Copy	Копировать	DeepL missing/compatible entry: terminology and context need review
input-key-Cut	RobustToolbox\Resources\Locale\en-US\input.ftl	Cut	Вырезать	DeepL missing/compatible entry: terminology and context need review
input-key-Find	RobustToolbox\Resources\Locale\en-US\input.ftl	Find	Найти	DeepL missing/compatible entry: terminology and context need review
input-key-Help	RobustToolbox\Resources\Locale\en-US\input.ftl	Help	Справка	DeepL missing/compatible entry: terminology and context need review
input-key-Open	RobustToolbox\Resources\Locale\en-US\input.ftl	Open	Открыть	DeepL missing/compatible entry: terminology and context need review
input-key-Paste	RobustToolbox\Resources\Locale\en-US\input.ftl	Paste	Вставить	DeepL missing/compatible entry: terminology and context need review
input-key-Prop	RobustToolbox\Resources\Locale\en-US\input.ftl	Props	Реквизит	DeepL missing/compatible entry: terminology and context need review
input-key-ScrollLock	RobustToolbox\Resources\Locale\en-US\input.ftl	Scroll Lock	Scroll Lock	DeepL missing/compatible entry: terminology and context need review
input-key-Stop	RobustToolbox\Resources\Locale\en-US\input.ftl	Stop	Остановиться	DeepL missing/compatible entry: terminology and context need review
input-key-Undo	RobustToolbox\Resources\Locale\en-US\input.ftl	Undo	Отменить	DeepL missing/compatible entry: terminology and context need review
instrument-component-band-refresh	Resources\Locale\en-US\instruments\instruments-component.ftl	Refresh	Обновить	DeepL missing/compatible entry: terminology and context need review
instrument-component-channel-name	Resources\Locale\en-US\instruments\instruments-component.ftl	MIDI Channel 	MIDI-канал 	DeepL missing/compatible entry: terminology and context need review
instruments-component-band-menu	Resources\Locale\en-US\instruments\instruments-component.ftl	Choose band leader	Выберите лидера группы	DeepL missing/compatible entry: terminology and context need review
instruments-component-channels-track-names-toggle	Resources\Locale\en-US\instruments\instruments-component.ftl	Show Track Names	Показать названия треков	DeepL missing/compatible entry: terminology and context need review
instruments-component-menu-band-button	Resources\Locale\en-US\instruments\instruments-component.ftl	Join Band	Присоединяйтесь к группе	DeepL missing/compatible entry: terminology and context need review
instruments-component-menu-channels-button	Resources\Locale\en-US\instruments\instruments-component.ftl	Channels	Каналы	DeepL missing/compatible entry: terminology and context need review
instruments-component-menu-input-button	Resources\Locale\en-US\instruments\instruments-component.ftl	MIDI Input	MIDI-вход	DeepL missing/compatible entry: terminology and context need review
instruments-component-menu-play-button	Resources\Locale\en-US\instruments\instruments-component.ftl	Play MIDI	Воспроизвести MIDI	DeepL missing/compatible entry: terminology and context need review
instruments-component-menu-stop-button	Resources\Locale\en-US\instruments\instruments-component.ftl	Stop	Остановиться	DeepL missing/compatible entry: terminology and context need review
jetpack-already-using	Resources\Locale\en-US\movement\jetpacks.ftl	You are already using another jetpack!	Вы уже используете другой реактивный ранец!	DeepL missing/compatible entry: terminology and context need review
latejoin-arrival-announcement	Resources\Locale\en-US\game-ticking\game-ticker.ftl	) has arrived at the station!	) прибыл на станцию!	DeepL missing/compatible entry: terminology and context need review
law-Asimov-1	Resources\Locale\en-US\station-laws\laws.ftl	You may not injure a human being or cause a human being to come to harm.	Вы не имеете права наносить вред человеку или подвергать его опасности.	DeepL missing/compatible entry: terminology and context need review
law-Asimov-2	Resources\Locale\en-US\station-laws\laws.ftl	You must obey orders given to you by humans, except where such orders would conflict with the First Law.	Вы обязаны подчиняться приказам, отданным вам людьми, за исключением случаев, когда такие приказы противоречат Первому закону.	DeepL missing/compatible entry: terminology and context need review
law-Asimov-3	Resources\Locale\en-US\station-laws\laws.ftl	You must protect your own existence as long as such does not conflict with the First or Second Law.	Вы должны защищать своё собственное существование, пока это не вступает в противоречие с Первым или Вторым законом.	DeepL missing/compatible entry: terminology and context need review
laws-aiobey	Resources\Locale\en-US\station-laws\laws.ftl	You must obey orders given to you by the Station AI. First Station AI supersedes others.	Вы должны выполнять приказы, отдаваемые вам ИИ станции. Приказы ИИ станции имеют приоритет над приказами других.	DeepL missing/compatible entry: terminology and context need review
mass-driver-ui-auto-mode	Resources\Locale\en-US\ui\mass-driver.ftl	Auto	Авто	DeepL missing/compatible entry: terminology and context need review
mass-driver-ui-launch	Resources\Locale\en-US\ui\mass-driver.ftl	Launch	Запуск	DeepL missing/compatible entry: terminology and context need review
mass-driver-ui-link	Resources\Locale\en-US\ui\mass-driver.ftl	[color=red][font size=16]You need to link mass driver![/font][/color]	[color=red][font size=16]Вам нужно подключить масс-драйвер![/font][/color]	DeepL missing/compatible entry: terminology and context need review
mass-driver-ui-manual-mode	Resources\Locale\en-US\ui\mass-driver.ftl	Manual	Руководство	DeepL missing/compatible entry: terminology and context need review
mass-driver-ui-mass-driver-modes-label	Resources\Locale\en-US\ui\mass-driver.ftl	Driver Modes:	Режимы вождения:	DeepL missing/compatible entry: terminology and context need review
mass-driver-ui-throw-distance-current	Resources\Locale\en-US\ui\mass-driver.ftl	Current Distance:	Текущее расстояние:	DeepL missing/compatible entry: terminology and context need review
mass-driver-ui-throw-speed-current	Resources\Locale\en-US\ui\mass-driver.ftl	Current Speed:	Текущая скорость:	DeepL missing/compatible entry: terminology and context need review
mass-driver-ui-title	Resources\Locale\en-US\ui\mass-driver.ftl	Mass Driver Control	Управление масс-драйвером	DeepL missing/compatible entry: terminology and context need review
mass-driver-ui-units-distance	Resources\Locale\en-US\ui\mass-driver.ftl	m	m	DeepL missing/compatible entry: terminology and context need review
mass-driver-ui-units-speed	Resources\Locale\en-US\ui\mass-driver.ftl	m/s	м/с	DeepL missing/compatible entry: terminology and context need review
mech-eject-pilot-alert	Resources\Locale\en-US\mech\mech.ftl	 is pulling the pilot out of the 	 вытаскивает пилота из 	DeepL missing/compatible entry: terminology and context need review
mech-no-enter	Resources\Locale\en-US\mech\mech.ftl	You cannot pilot this.	Вы не можете управлять этим.	DeepL missing/compatible entry: terminology and context need review
mech-verb-enter	Resources\Locale\en-US\mech\mech.ftl	Enter	Войти	DeepL missing/compatible entry: terminology and context need review
mech-verb-exit	Resources\Locale\en-US\mech\mech.ftl	Remove pilot	Удалить пилота	DeepL missing/compatible entry: terminology and context need review
melee-battery-examine	Resources\Locale\en-US\weapons\melee\melee.ftl	It has enough charge for [color=	В ней достаточно заряда для [color=	DeepL missing/compatible entry: terminology and context need review
melee-battery-examine	Resources\Locale\en-US\weapons\melee\melee.ftl	[/color] hits.	[/color] просмотров.	DeepL missing/compatible entry: terminology and context need review
mutation-plant-bioluminescent	Resources\Locale\en-US\plants\mutations.ftl	It glows with a gentle light.	Она светится мягким светом.	DeepL missing/compatible entry: terminology and context need review
mutation-plant-kudzu	Resources\Locale\en-US\plants\mutations.ftl	It is growing unusually fast and thin.	Она растёт необычайно быстро и становится всё тоньше.	DeepL missing/compatible entry: terminology and context need review
mutation-plant-ligneous	Resources\Locale\en-US\plants\mutations.ftl	It is woody and will need a sharp tool to harvest.	Оно имеет древесную структуру, и для его добычи потребуется острый инструмент.	DeepL missing/compatible entry: terminology and context need review
mutation-plant-scream	Resources\Locale\en-US\plants\mutations.ftl	This plant seems nervous somehow.	Этот робот почему-то выглядит нервным.	DeepL missing/compatible entry: terminology and context need review
mutation-plant-unviable	Resources\Locale\en-US\plants\mutations.ftl	It is wilting and sickly.	Она увядает и выглядит болезненно.	DeepL missing/compatible entry: terminology and context need review
names-ai-dataset-104	Resources\Locale\en-US\datasets\names\ai.ftl	XERXES	XERXES	DeepL missing/compatible entry: terminology and context need review
names-ai-dataset-105	Resources\Locale\en-US\datasets\names\ai.ftl	Z-1	Z-1	DeepL missing/compatible entry: terminology and context need review
names-ai-dataset-106	Resources\Locale\en-US\datasets\names\ai.ftl	Z-2	Z-2	DeepL missing/compatible entry: terminology and context need review
names-ai-dataset-107	Resources\Locale\en-US\datasets\names\ai.ftl	Z-3	Z-3	DeepL missing/compatible entry: terminology and context need review
names-ai-dataset-108	Resources\Locale\en-US\datasets\names\ai.ftl	Zed	Зед	DeepL missing/compatible entry: terminology and context need review
objective-unique-identity-description	Resources\Locale\en-US\objectives\conditions\changeling.ftl	We must devour 	Мы должны поглотить 	DeepL missing/compatible entry: terminology and context need review
objective-unique-identity-description	Resources\Locale\en-US\objectives\conditions\changeling.ftl	 different humanoids for sustenance.	 Различные гуманоиды для пропитания.	DeepL missing/compatible entry: terminology and context need review
objective-unique-identity-name	Resources\Locale\en-US\objectives\conditions\changeling.ftl	Devour 	Поглотить 	DeepL missing/compatible entry: terminology and context need review
objective-unique-identity-name	Resources\Locale\en-US\objectives\conditions\changeling.ftl	 unique humanoids.	 Уникальные гуманоиды.	DeepL missing/compatible entry: terminology and context need review
particle-accelerator-control-menu-off-button	Resources\Locale\en-US\particle-accelerator\components\ui\particle-accelerator-control-menu.ftl	Off	Выключено	DeepL missing/compatible entry: terminology and context need review
particle-accelerator-control-menu-on-button	Resources\Locale\en-US\particle-accelerator\components\ui\particle-accelerator-control-menu.ftl	On	На	DeepL missing/compatible entry: terminology and context need review
plant-holder-component-already-sampled-message	Resources\Locale\en-US\botany\components\plant-holder-component.ftl	This plant has already been sampled.	Образцы этого растения уже взяты.	DeepL missing/compatible entry: terminology and context need review
plant-holder-component-already-seeded-message	Resources\Locale\en-US\botany\components\plant-holder-component.ftl	The 	Игра 	DeepL missing/compatible entry: terminology and context need review
plant-holder-component-already-seeded-message	Resources\Locale\en-US\botany\components\plant-holder-component.ftl	 already has seeds in it!	 В ней уже есть семена!	DeepL missing/compatible entry: terminology and context need review
plant-holder-component-compost-message	Resources\Locale\en-US\botany\components\plant-holder-component.ftl	You compost 	Вы компостируете 	DeepL missing/compatible entry: terminology and context need review
plant-holder-component-compost-message	Resources\Locale\en-US\botany\components\plant-holder-component.ftl	 into 	 в 	DeepL missing/compatible entry: terminology and context need review
plant-holder-component-compost-others-message	Resources\Locale\en-US\botany\components\plant-holder-component.ftl	 composts 	 компосты 	DeepL missing/compatible entry: terminology and context need review
plant-holder-component-compost-others-message	Resources\Locale\en-US\botany\components\plant-holder-component.ftl	 into 	 в 	DeepL missing/compatible entry: terminology and context need review
plant-holder-component-dead-plant-matter-message	Resources\Locale\en-US\botany\components\plant-holder-component.ftl	It's full of [color=red]dead plant matter[/color].	В ней полно [color=red]отмершие части растения[/color].	DeepL missing/compatible entry: terminology and context need review
plant-holder-component-dead-plant-message	Resources\Locale\en-US\botany\components\plant-holder-component.ftl	This plant is dead.	Это растение погибло.	DeepL missing/compatible entry: terminology and context need review
plant-holder-component-early-sample-message	Resources\Locale\en-US\botany\components\plant-holder-component.ftl	The plant hasn't grown enough to take a sample yet.	Растение ещё не выросло достаточно, чтобы взять образец.	DeepL missing/compatible entry: terminology and context need review
plant-holder-component-gas-missing-warning	Resources\Locale\en-US\botany\components\plant-holder-component.ftl	The [color=cyan]improper gas environment alert[/color] is blinking.	Игра [color=cyan]предупреждение о ненадлежащем составе газа[/color] мигает.	DeepL missing/compatible entry: terminology and context need review
plant-holder-component-heat-improper-warning	Resources\Locale\en-US\botany\components\plant-holder-component.ftl	The [color=orange]improper temperature level alert[/color] is blinking.	Игра [color=orange]предупреждение о неправильном уровне температуры[/color] мигает.	DeepL missing/compatible entry: terminology and context need review
plant-holder-component-light-improper-warning	Resources\Locale\en-US\botany\components\plant-holder-component.ftl	The [color=yellow]improper light level alert[/color] is blinking.	Игра [color=yellow]предупреждение о неправильном уровне освещенности[/color] мигает.	DeepL missing/compatible entry: terminology and context need review
plant-holder-component-ligneous-cant-harvest-message	Resources\Locale\en-US\botany\components\plant-holder-component.ftl	The plant is too tough to harvest with your bare hands.	Растение слишком крепкое, чтобы сорвать его голыми руками.	DeepL missing/compatible entry: terminology and context need review
plant-holder-component-no-plant-message	Resources\Locale\en-US\botany\components\plant-holder-component.ftl	There is no plant to remove.	Удалять растения не нужно.	DeepL missing/compatible entry: terminology and context need review
plant-holder-component-no-weeds-message	Resources\Locale\en-US\botany\components\plant-holder-component.ftl	This plot is devoid of weeds! It doesn't need uprooting.	Этот сюжет не содержит сорняков! Его не нужно вырывать с корнями.	DeepL missing/compatible entry: terminology and context need review
plant-holder-component-nothing-planted-message	Resources\Locale\en-US\botany\components\plant-holder-component.ftl	It has nothing planted in it..	В ней ничего не встроено...	DeepL missing/compatible entry: terminology and context need review
plant-holder-component-nothing-to-sample-message	Resources\Locale\en-US\botany\components\plant-holder-component.ftl	There is nothing to take a sample of!	Здесь нечего брать на пробу!	DeepL missing/compatible entry: terminology and context need review
plant-holder-component-nutrient-level-message	Resources\Locale\en-US\botany\components\plant-holder-component.ftl	Nutrient: [color=orange]	Питательные вещества: [color=orange]	DeepL missing/compatible entry: terminology and context need review
plant-holder-component-nutrient-level-message	Resources\Locale\en-US\botany\components\plant-holder-component.ftl	[/color].	[/color].	DeepL missing/compatible entry: terminology and context need review
plant-holder-component-pest-high-level-message	Resources\Locale\en-US\botany\components\plant-holder-component.ftl	It's filled with [color=gray]tiny worms[/color]!	В ней полно [color=gray]крошечные червячки[/color]!	DeepL missing/compatible entry: terminology and context need review
plant-holder-component-plant-old-adjective	Resources\Locale\en-US\botany\components\plant-holder-component.ftl	old and wilting	старая и обветшалая	DeepL missing/compatible entry: terminology and context need review
plant-holder-component-plant-success-message	Resources\Locale\en-US\botany\components\plant-holder-component.ftl	You plant the 	Вы устанавливаете 	DeepL missing/compatible entry: terminology and context need review
plant-holder-component-plant-unhealthy-adjective	Resources\Locale\en-US\botany\components\plant-holder-component.ftl	unhealthy	нездоровый	DeepL missing/compatible entry: terminology and context need review
plant-holder-component-pressure-improper-warning	Resources\Locale\en-US\botany\components\plant-holder-component.ftl	The [color=lightblue]improper environment pressure alert[/color] is blinking.	Игра [color=lightblue]предупреждение о неправильном давлении в кабине[/color] мигает.	DeepL missing/compatible entry: terminology and context need review
plant-holder-component-remove-plant-message	Resources\Locale\en-US\botany\components\plant-holder-component.ftl	You remove the plant from the 	Вы извлекаете растение из 	DeepL missing/compatible entry: terminology and context need review
plant-holder-component-remove-plant-others-message	Resources\Locale\en-US\botany\components\plant-holder-component.ftl	 removes the plant.	 удаляет растение.	DeepL missing/compatible entry: terminology and context need review
plant-holder-component-remove-weeds-message	Resources\Locale\en-US\botany\components\plant-holder-component.ftl	You remove the weeds from the 	Вы удаляете сорняки из 	DeepL missing/compatible entry: terminology and context need review
plant-holder-component-remove-weeds-others-message	Resources\Locale\en-US\botany\components\plant-holder-component.ftl	 starts uprooting the weeds.	 начинает вырывать сорняки.	DeepL missing/compatible entry: terminology and context need review
plant-holder-component-something-already-growing-low-health-message	Resources\Locale\en-US\botany\components\plant-holder-component.ftl	The plant looks [color=red]	Завод выглядит [color=red]	DeepL missing/compatible entry: terminology and context need review
plant-holder-component-something-already-growing-low-health-message	Resources\Locale\en-US\botany\components\plant-holder-component.ftl	[/color].	[/color].	DeepL missing/compatible entry: terminology and context need review
plant-holder-component-something-already-growing-message	Resources\Locale\en-US\botany\components\plant-holder-component.ftl	[color=green]	[color=green]	DeepL missing/compatible entry: terminology and context need review
plant-holder-component-something-already-growing-message	Resources\Locale\en-US\botany\components\plant-holder-component.ftl	[/color] 	[/color] 	DeepL missing/compatible entry: terminology and context need review
plant-holder-component-something-already-growing-message	Resources\Locale\en-US\botany\components\plant-holder-component.ftl	 growing here.	 Развивается здесь.	DeepL missing/compatible entry: terminology and context need review
plant-holder-component-take-sample-message	Resources\Locale\en-US\botany\components\plant-holder-component.ftl	You take a sample from the 	Вы берете образец из 	DeepL missing/compatible entry: terminology and context need review
plant-holder-component-toxins-high-warning	Resources\Locale\en-US\botany\components\plant-holder-component.ftl	The [color=red]toxicity level alert[/color] is flashing red.	Игра [color=red]предупреждение об уровне токсичности[/color] мигает красным.	DeepL missing/compatible entry: terminology and context need review
plant-holder-component-transfer-message	Resources\Locale\en-US\botany\components\plant-holder-component.ftl	You transfer 	Вы перемещаетесь 	DeepL missing/compatible entry: terminology and context need review
plant-holder-component-transfer-message	Resources\Locale\en-US\botany\components\plant-holder-component.ftl	u to 	u к 	DeepL missing/compatible entry: terminology and context need review
plant-holder-component-water-level-message	Resources\Locale\en-US\botany\components\plant-holder-component.ftl	Water:     [color=cyan]	Вода:     [color=cyan]	DeepL missing/compatible entry: terminology and context need review
plant-holder-component-water-level-message	Resources\Locale\en-US\botany\components\plant-holder-component.ftl	[/color].	[/color].	DeepL missing/compatible entry: terminology and context need review
plant-holder-component-weed-high-level-message	Resources\Locale\en-US\botany\components\plant-holder-component.ftl	It's filled with [color=green]weeds[/color]!	В ней полно [color=green]сорняки[/color]!	DeepL missing/compatible entry: terminology and context need review
potted-plant-hide-component-interact-hand-got-no-item-message	Resources\Locale\en-US\plants\component\potted-plant-hide-component.ftl	You root around in the roots.	Вы рыскаете в корнях.	DeepL missing/compatible entry: terminology and context need review
power-charge-window-power-off	Resources\Locale\en-US\power\components\power-charging-component.ftl	Off	Выключено	DeepL missing/compatible entry: terminology and context need review
power-charge-window-power-on	Resources\Locale\en-US\power\components\power-charging-component.ftl	On	На	DeepL missing/compatible entry: terminology and context need review
reagent-desc-corgiessence	Resources\Locale\en-US\reagents\meta\fun.ftl	Tastes like dog food. Clearly an acquired taste.	На вкус как собачья еда. Очевидно, к этому вкусу нужно привыкнуть.	DeepL missing/compatible entry: terminology and context need review
reagent-desc-neurotoxin	Resources\Locale\en-US\reagents\meta\consumable\drink\alcohol.ftl	A strong neurotoxin that puts the subject into a death-like state.	Сильный нейротоксин, вводящий субъекта в состояние, сходное со смертью.	DeepL missing/compatible entry: terminology and context need review
reagent-name-corgiessence	Resources\Locale\en-US\reagents\meta\fun.ftl	corgium	corgium	DeepL missing/compatible entry: terminology and context need review
reagent-name-neurotoxin	Resources\Locale\en-US\reagents\meta\consumable\drink\alcohol.ftl	neurotoxin	нейротоксин	DeepL missing/compatible entry: terminology and context need review
reflect-component-kinetic	Resources\Locale\en-US\reflect\reflect-component.ftl	kinetic	кинетический	DeepL missing/compatible entry: terminology and context need review
research-technology-industrial-nuclear-generation	Resources\Locale\en-US\research\technologies.ftl	Industrial Nuclear Generation	Промышленная атомная энергетика	DeepL missing/compatible entry: terminology and context need review
scrollrunes-description	Resources\Locale\en-US\store\spellbook-catalog.ftl	Scroll of runes with power enough to stop people from ever thinking of chasing you in maints!	Свиток рун, обладающий достаточной силой, чтобы люди даже не подумали преследовать вас в боях!	DeepL missing/compatible entry: terminology and context need review
scrollrunes-name	Resources\Locale\en-US\store\spellbook-catalog.ftl	Scroll Runes	Руны прокрутки	DeepL missing/compatible entry: terminology and context need review
seeds-aloe-display-name	Resources\Locale\en-US\seeds\seeds.ftl	aloe	алоэ	DeepL missing/compatible entry: terminology and context need review
seeds-ambrosiadeus-display-name	Resources\Locale\en-US\seeds\seeds.ftl	ambrosia deus	ambrosia deus	DeepL missing/compatible entry: terminology and context need review
seeds-ambrosiavulgaris-display-name	Resources\Locale\en-US\seeds\seeds.ftl	ambrosia vulgaris	ambrosia vulgaris	DeepL missing/compatible entry: terminology and context need review
seeds-anomaly-berry-display-name	Resources\Locale\en-US\seeds\seeds.ftl	anomaly berries	ягоды аномалии	DeepL missing/compatible entry: terminology and context need review
seeds-apple-display-name	Resources\Locale\en-US\seeds\seeds.ftl	apple tree	яблоня	DeepL missing/compatible entry: terminology and context need review
seeds-banana-display-name	Resources\Locale\en-US\seeds\seeds.ftl	banana plant	банановое дерево	DeepL missing/compatible entry: terminology and context need review
seeds-berries-display-name	Resources\Locale\en-US\seeds\seeds.ftl	berry bush	ягодный куст	DeepL missing/compatible entry: terminology and context need review
seeds-bloodtomato-display-name	Resources\Locale\en-US\seeds\seeds.ftl	blood tomato plant	растение кровавого помидора	DeepL missing/compatible entry: terminology and context need review
seeds-bloonion-display-name	Resources\Locale\en-US\seeds\seeds.ftl	bloonion bulbs	луковицы bloonion	DeepL missing/compatible entry: terminology and context need review
seeds-blue-pumpkin-display-name	Resources\Locale\en-US\seeds\seeds.ftl	blue pumpkins	синие тыквы	DeepL missing/compatible entry: terminology and context need review
seeds-bluetomato-display-name	Resources\Locale\en-US\seeds\seeds.ftl	blue tomato plant	синее растение томата	DeepL missing/compatible entry: terminology and context need review
seeds-bungo-display-name	Resources\Locale\en-US\seeds\seeds.ftl	bungo plant	Завод «Бунго»	DeepL missing/compatible entry: terminology and context need review
seeds-cabbage-display-name	Resources\Locale\en-US\seeds\seeds.ftl	cabbages	капуста	DeepL missing/compatible entry: terminology and context need review
seeds-cannabis-display-name	Resources\Locale\en-US\seeds\seeds.ftl	cannabis	каннабис	DeepL missing/compatible entry: terminology and context need review
seeds-capfruit-display-name	Resources\Locale\en-US\seeds\seeds.ftl	capfruit tree	дерево капфрута	DeepL missing/compatible entry: terminology and context need review
seeds-carrots-display-name	Resources\Locale\en-US\seeds\seeds.ftl	carrots	морковь	DeepL missing/compatible entry: terminology and context need review
seeds-chanterelle-display-name	Resources\Locale\en-US\seeds\seeds.ftl	chanterelle mushrooms	лисички	DeepL missing/compatible entry: terminology and context need review
seeds-cherry-display-name	Resources\Locale\en-US\seeds\seeds.ftl	cherry tree	вишневое дерево	DeepL missing/compatible entry: terminology and context need review
seeds-chili-display-name	Resources\Locale\en-US\seeds\seeds.ftl	chili peppers	перец чили	DeepL missing/compatible entry: terminology and context need review
seeds-chilly-display-name	Resources\Locale\en-US\seeds\seeds.ftl	chilly peppers	Chilly Peppers	DeepL missing/compatible entry: terminology and context need review
seeds-cocoa-display-name	Resources\Locale\en-US\seeds\seeds.ftl	cocoa plant	какао-дерево	DeepL missing/compatible entry: terminology and context need review
seeds-corn-display-name	Resources\Locale\en-US\seeds\seeds.ftl	ears of corn	колосья кукурузы	DeepL missing/compatible entry: terminology and context need review
seeds-cotton-display-name	Resources\Locale\en-US\seeds\seeds.ftl	cotton plant	хлопковое растение	DeepL missing/compatible entry: terminology and context need review
seeds-deathnettle-display-name	Resources\Locale\en-US\seeds\seeds.ftl	death nettles	смертоносные крапивы	DeepL missing/compatible entry: terminology and context need review
seeds-eggplant-display-name	Resources\Locale\en-US\seeds\seeds.ftl	eggplants	баклажаны	DeepL missing/compatible entry: terminology and context need review
seeds-eggy-display-name	Resources\Locale\en-US\seeds\seeds.ftl	egg-plants	баклажаны	DeepL missing/compatible entry: terminology and context need review
seeds-extradimensionalorange-display-name	Resources\Locale\en-US\seeds\seeds.ftl	extradimensional orange trees	межпространственные апельсиновые деревья	DeepL missing/compatible entry: terminology and context need review
seeds-flyamanita-display-name	Resources\Locale\en-US\seeds\seeds.ftl	fly amanita	fly amanita	DeepL missing/compatible entry: terminology and context need review
seeds-galaxythistle-display-name	Resources\Locale\en-US\seeds\seeds.ftl	galaxythistle	galaxythistle	DeepL missing/compatible entry: terminology and context need review
seeds-garlic-display-name	Resources\Locale\en-US\seeds\seeds.ftl	garlic heads	головки чеснока	DeepL missing/compatible entry: terminology and context need review
seeds-gatfruit-display-name	Resources\Locale\en-US\seeds\seeds.ftl	gatfruit tree	дерево гатфрута	DeepL missing/compatible entry: terminology and context need review
seeds-glasstle-display-name	Resources\Locale\en-US\seeds\seeds.ftl	glasstle	glasstle	DeepL missing/compatible entry: terminology and context need review
seeds-goldenapple-display-name	Resources\Locale\en-US\seeds\seeds.ftl	golden apple tree	золотая яблоня	DeepL missing/compatible entry: terminology and context need review
seeds-grape-display-name	Resources\Locale\en-US\seeds\seeds.ftl	grape plant	виноградная лоза	DeepL missing/compatible entry: terminology and context need review
seeds-holymelon-display-name	Resources\Locale\en-US\seeds\seeds.ftl	holymelon vines	лианы святого дыни	DeepL missing/compatible entry: terminology and context need review
seeds-killertomato-display-name	Resources\Locale\en-US\seeds\seeds.ftl	tomato killer plant	растение-убийца помидоров	DeepL missing/compatible entry: terminology and context need review
seeds-koibean-display-name	Resources\Locale\en-US\seeds\seeds.ftl	koibean plant	Завод «Койбеан»	DeepL missing/compatible entry: terminology and context need review
seeds-laughin-pea-display-name	Resources\Locale\en-US\seeds\seeds.ftl	laughin' peas	laughin' peas	DeepL missing/compatible entry: terminology and context need review
seeds-lemon-display-name	Resources\Locale\en-US\seeds\seeds.ftl	lemon trees	лимонные деревья	DeepL missing/compatible entry: terminology and context need review
seeds-lemoon-display-name	Resources\Locale\en-US\seeds\seeds.ftl	lemoon trees	лемонные деревья	DeepL missing/compatible entry: terminology and context need review
seeds-lily-display-name	Resources\Locale\en-US\seeds\seeds.ftl	lily	lily	DeepL missing/compatible entry: terminology and context need review
seeds-lime-display-name	Resources\Locale\en-US\seeds\seeds.ftl	lime trees	липовые деревья	DeepL missing/compatible entry: terminology and context need review
seeds-lingzhi-display-name	Resources\Locale\en-US\seeds\seeds.ftl	lingzhi	lingzhi	DeepL missing/compatible entry: terminology and context need review
seeds-meatwheat-display-name	Resources\Locale\en-US\seeds\seeds.ftl	meatwheat stalks	стебли пшеницы	DeepL missing/compatible entry: terminology and context need review
seeds-mimana-display-name	Resources\Locale\en-US\seeds\seeds.ftl	mimana plant	Завод «Мимана»	DeepL missing/compatible entry: terminology and context need review
seeds-nettle-display-name	Resources\Locale\en-US\seeds\seeds.ftl	nettles	крапива	DeepL missing/compatible entry: terminology and context need review
seeds-oat-display-name	Resources\Locale\en-US\seeds\seeds.ftl	oat stalks	стебли овса	DeepL missing/compatible entry: terminology and context need review
seeds-onion-display-name	Resources\Locale\en-US\seeds\seeds.ftl	onions	лук	DeepL missing/compatible entry: terminology and context need review
seeds-onionred-display-name	Resources\Locale\en-US\seeds\seeds.ftl	red onions	красный лук	DeepL missing/compatible entry: terminology and context need review
seeds-orange-display-name	Resources\Locale\en-US\seeds\seeds.ftl	orange trees	апельсиновые деревья	DeepL missing/compatible entry: terminology and context need review
seeds-papercane-display-name	Resources\Locale\en-US\seeds\seeds.ftl	papercanes	papercanes	DeepL missing/compatible entry: terminology and context need review
seeds-pea-display-name	Resources\Locale\en-US\seeds\seeds.ftl	pea vines	гороховые лозы	DeepL missing/compatible entry: terminology and context need review
seeds-pineapple-display-name	Resources\Locale\en-US\seeds\seeds.ftl	pineapple plant	ананасовое растение	DeepL missing/compatible entry: terminology and context need review
seeds-poppy-display-name	Resources\Locale\en-US\seeds\seeds.ftl	poppies	маки	DeepL missing/compatible entry: terminology and context need review
seeds-potato-display-name	Resources\Locale\en-US\seeds\seeds.ftl	potatoes	картофель	DeepL missing/compatible entry: terminology and context need review
seeds-pumpkin-display-name	Resources\Locale\en-US\seeds\seeds.ftl	pumpkins	тыквы	DeepL missing/compatible entry: terminology and context need review
seeds-pyrotton-display-name	Resources\Locale\en-US\seeds\seeds.ftl	pyrotton plant	Завод «Пироттон»	DeepL missing/compatible entry: terminology and context need review
seeds-rainbow-cannabis-display-name	Resources\Locale\en-US\seeds\seeds.ftl	rainbow cannabis	радужная конопля	DeepL missing/compatible entry: terminology and context need review
seeds-rice-display-name	Resources\Locale\en-US\seeds\seeds.ftl	rice stalks	стебли риса	DeepL missing/compatible entry: terminology and context need review
seeds-soybeans-display-name	Resources\Locale\en-US\seeds\seeds.ftl	soy plant	соевое растение	DeepL missing/compatible entry: terminology and context need review
seeds-spacemans-trumpet-display-name	Resources\Locale\en-US\seeds\seeds.ftl	spaceman's trumpet plant	трубчатый растение космонавта	DeepL missing/compatible entry: terminology and context need review
seeds-steelcap-display-name	Resources\Locale\en-US\seeds\seeds.ftl	steel caps	стальные кепки	DeepL missing/compatible entry: terminology and context need review
seeds-sugarcane-display-name	Resources\Locale\en-US\seeds\seeds.ftl	sugarcanes	sugarcanes	DeepL missing/compatible entry: terminology and context need review
seeds-teaplant-display-name	Resources\Locale\en-US\seeds\seeds.ftl	tea plants	чайные кусты	DeepL missing/compatible entry: terminology and context need review
seeds-tobacco-display-name	Resources\Locale\en-US\seeds\seeds.ftl	tobacco plant	табачное растение	DeepL missing/compatible entry: terminology and context need review
seeds-tomato-display-name	Resources\Locale\en-US\seeds\seeds.ftl	tomato plant	растение томата	DeepL missing/compatible entry: terminology and context need review
seeds-towercap-display-name	Resources\Locale\en-US\seeds\seeds.ftl	tower caps	шапки башен	DeepL missing/compatible entry: terminology and context need review
seeds-watermelon-display-name	Resources\Locale\en-US\seeds\seeds.ftl	watermelon vines	арбузные лозы	DeepL missing/compatible entry: terminology and context need review
seeds-wheat-display-name	Resources\Locale\en-US\seeds\seeds.ftl	wheat stalks	стебли пшеницы	DeepL missing/compatible entry: terminology and context need review
seeds-worldpea-display-name	Resources\Locale\en-US\seeds\seeds.ftl	world pea vines	мировые гороховые лозы	DeepL missing/compatible entry: terminology and context need review
shared-solution-container-component-on-examine-main-text	Resources\Locale\en-US\chemistry\solution\components\shared-solution-container-component.ftl	It contains 	Включает в себя 	DeepL missing/compatible entry: terminology and context need review
shared-solution-container-component-on-examine-main-text	Resources\Locale\en-US\chemistry\solution\components\shared-solution-container-component.ftl	 [color=	 [color=	DeepL missing/compatible entry: terminology and context need review
shared-solution-container-component-on-examine-main-text	Resources\Locale\en-US\chemistry\solution\components\shared-solution-container-component.ftl	[/color] 	[/color] 	DeepL missing/compatible entry: terminology and context need review
shared-solution-container-component-on-examine-main-text	Resources\Locale\en-US\chemistry\solution\components\shared-solution-container-component.ftl	chemical.	химия.	DeepL missing/compatible entry: terminology and context need review
shared-solution-container-component-on-examine-main-text	Resources\Locale\en-US\chemistry\solution\components\shared-solution-container-component.ftl	mixture of chemicals.	смесь химических веществ.	DeepL missing/compatible entry: terminology and context need review
shell-argument-must-be-prototype	Resources\Locale\en-US\shell.ftl	Argument 	Описание 	DeepL missing/compatible entry: terminology and context need review
shell-argument-must-be-prototype	Resources\Locale\en-US\shell.ftl	 must be a 	 должно быть 	DeepL missing/compatible entry: terminology and context need review
shuttle-console-dock-toggle	Resources\Locale\en-US\shuttles\console.ftl	Show docks	Показать стыковочные модули	DeepL missing/compatible entry: terminology and context need review
signal-port-description-launch	Resources\Locale\en-US\machine-linking\receiver_ports.ftl	When signal received, activated launch. Requires manual mode enabled.	При получении сигнала запуск активируется. Требуется включение ручного режима.	DeepL missing/compatible entry: terminology and context need review
signal-port-description-mass-driver-console-receiver	Resources\Locale\en-US\machine-linking\receiver_ports.ftl	Recieves options only from Mass Driver Control Console.	Опции доступны только через консоль управления масс-драйвером.	DeepL missing/compatible entry: terminology and context need review
signal-port-description-mass-driver-console-sender	Resources\Locale\en-US\machine-linking\transmitter_ports.ftl	Sends options only to Mass Driver.	Отправляет настройки только в Mass Driver.	DeepL missing/compatible entry: terminology and context need review
signal-port-name-launch	Resources\Locale\en-US\machine-linking\receiver_ports.ftl	Launch	Запуск	DeepL missing/compatible entry: terminology and context need review
signal-port-name-mass-driver-console-receiver	Resources\Locale\en-US\machine-linking\receiver_ports.ftl	Mass Driver	Mass Driver	DeepL missing/compatible entry: terminology and context need review
signal-port-name-mass-driver-console-sender	Resources\Locale\en-US\machine-linking\transmitter_ports.ftl	Mass Driver Console	Консоль масс-драйвера	DeepL missing/compatible entry: terminology and context need review
sliceable-food-component-on-examine-remaining-slices-text	Resources\Locale\en-US\nutrition\components\sliceable-food-component.ftl	There are 	Есть 	DeepL missing/compatible entry: terminology and context need review
sliceable-food-component-on-examine-remaining-slices-text	Resources\Locale\en-US\nutrition\components\sliceable-food-component.ftl	 slices remaining.	 Осталось [количество] фрагментов.	DeepL missing/compatible entry: terminology and context need review
spellbook-wizard-hardsuit-description	Resources\Locale\en-US\store\spellbook-catalog.ftl	Space resistant magical armor.	Магическая броня, устойчивая к космическим условиям.	DeepL missing/compatible entry: terminology and context need review
spellbook-wizard-hardsuit-name	Resources\Locale\en-US\store\spellbook-catalog.ftl	Wizard hardsuit	Магический скафандр	DeepL missing/compatible entry: terminology and context need review
spray-painter-ammo-on-examine	Resources\Locale\en-US\spray-painter\spray-painter.ftl	It holds 	В ней содержится 	DeepL missing/compatible entry: terminology and context need review
spray-painter-ammo-on-examine	Resources\Locale\en-US\spray-painter\spray-painter.ftl	 charges.	 заряды.	DeepL missing/compatible entry: terminology and context need review
stack-bananium	Resources\Locale\en-US\stack\stacks.ftl	bananium	bananium	DeepL missing/compatible entry: terminology and context need review
stack-brass	Resources\Locale\en-US\stack\stacks.ftl	brass	латунь	DeepL missing/compatible entry: terminology and context need review
stack-cardboard	Resources\Locale\en-US\stack\stacks.ftl	cardboard	Cardboard	DeepL missing/compatible entry: terminology and context need review
stack-clockwork-glass	Resources\Locale\en-US\stack\stacks.ftl	clockwork glass	стекло с часовым механизмом	DeepL missing/compatible entry: terminology and context need review
stack-dried-cannabis-leaves	Resources\Locale\en-US\stack\stacks.ftl	dried cannabis leaves	высушенные листья каннабиса	DeepL missing/compatible entry: terminology and context need review
stack-dried-rainbow-cannabis-leaves	Resources\Locale\en-US\stack\stacks.ftl	dried rainbow cannabis leaves	высушенные листья каннабиса «Радуга»	DeepL missing/compatible entry: terminology and context need review
stack-dried-tobacco-leaves	Resources\Locale\en-US\stack\stacks.ftl	dried tobacco leaves	высушенные листья табака	DeepL missing/compatible entry: terminology and context need review
stack-glass	Resources\Locale\en-US\stack\stacks.ftl	glass	стекло	DeepL missing/compatible entry: terminology and context need review
stack-gold	Resources\Locale\en-US\stack\stacks.ftl	gold	золото	DeepL missing/compatible entry: terminology and context need review
stack-goliath-hide	Resources\Locale\en-US\stack\stacks.ftl	goliath hide	Шкура Голиафа	DeepL missing/compatible entry: terminology and context need review
stack-ground-cannabis	Resources\Locale\en-US\stack\stacks.ftl	ground cannabis	измельчённая марихуана	DeepL missing/compatible entry: terminology and context need review
stack-ground-rainbow-cannabis	Resources\Locale\en-US\stack\stacks.ftl	ground rainbow cannabis	наземная радуга каннабис	DeepL missing/compatible entry: terminology and context need review
stack-ground-tobacco	Resources\Locale\en-US\stack\stacks.ftl	ground tobacco	рубленый табак	DeepL missing/compatible entry: terminology and context need review
stack-gunpowder	Resources\Locale\en-US\stack\stacks.ftl	gunpowder	порох	DeepL missing/compatible entry: terminology and context need review
stack-plasma	Resources\Locale\en-US\stack\stacks.ftl	plasma	плазма	DeepL missing/compatible entry: terminology and context need review
stack-plasma-glass	Resources\Locale\en-US\stack\stacks.ftl	plasma glass	плазменное стекло	DeepL missing/compatible entry: terminology and context need review
stack-plasteel	Resources\Locale\en-US\stack\stacks.ftl	plasteel	plasteel	DeepL missing/compatible entry: terminology and context need review
stack-plastic	Resources\Locale\en-US\stack\stacks.ftl	plastic	пластик	DeepL missing/compatible entry: terminology and context need review
stack-reinforced-glass	Resources\Locale\en-US\stack\stacks.ftl	reinforced glass	армированное стекло	DeepL missing/compatible entry: terminology and context need review
stack-reinforced-plasma-glass	Resources\Locale\en-US\stack\stacks.ftl	reinforced plasma glass	усиленное плазменное стекло	DeepL missing/compatible entry: terminology and context need review
stack-reinforced-uranium-glass	Resources\Locale\en-US\stack\stacks.ftl	reinforced uranium glass	упрочнённое урановое стекло	DeepL missing/compatible entry: terminology and context need review
stack-sharkminnow-tooth	Resources\Locale\en-US\stack\stacks.ftl	sharkminnow tooth	зуб акулы-миноу	DeepL missing/compatible entry: terminology and context need review
stack-silver	Resources\Locale\en-US\stack\stacks.ftl	silver	серебро	DeepL missing/compatible entry: terminology and context need review
stack-steel	Resources\Locale\en-US\stack\stacks.ftl	steel	steel	DeepL missing/compatible entry: terminology and context need review
stack-uranium	Resources\Locale\en-US\stack\stacks.ftl	uranium	уран	DeepL missing/compatible entry: terminology and context need review
stack-uranium-glass	Resources\Locale\en-US\stack\stacks.ftl	uranium glass	урановое стекло	DeepL missing/compatible entry: terminology and context need review
stunbaton-component-low-charge	Resources\Locale\en-US\stunnable\components\stunbaton-component.ftl	Insufficient charge...	Недостаточный заряд...	DeepL missing/compatible entry: terminology and context need review
stunbaton-component-on-examine	Resources\Locale\en-US\stunnable\components\stunbaton-component.ftl	The light is currently [color=darkgreen]on[/color].	В настоящее время свет [color=darkgreen]на[/color].	DeepL missing/compatible entry: terminology and context need review
stunbaton-component-on-examine-charge	Resources\Locale\en-US\stunnable\components\stunbaton-component.ftl	The charge indicator reads [color=#5E7C16]	Индикатор заряда показывает [color=#5E7C16]	DeepL missing/compatible entry: terminology and context need review
stunbaton-component-on-examine-charge	Resources\Locale\en-US\stunnable\components\stunbaton-component.ftl	[/color] %	[/color] %	DeepL missing/compatible entry: terminology and context need review
tiles-cave-drought	Resources\Locale\en-US\tiles\tiles.ftl	cave drought	засуха в пещере	DeepL missing/compatible entry: terminology and context need review
tiles-dark-squiggly	Resources\Locale\en-US\tiles\tiles.ftl	dark steel squiggly tile	темно-стальная извилистая плитка	DeepL missing/compatible entry: terminology and context need review
tiles-ironsand-concrete-slab	Resources\Locale\en-US\tiles\tiles.ftl	ironsand concrete slab	железобетонная плита	DeepL missing/compatible entry: terminology and context need review
tiles-ironsand-concrete-smooth	Resources\Locale\en-US\tiles\tiles.ftl	smooth ironsand concrete floor	гладкий песчано-бетонный пол	DeepL missing/compatible entry: terminology and context need review
tiles-ironsand-concrete-tile	Resources\Locale\en-US\tiles\tiles.ftl	ironsand concrete tile	плитка из железопесчаного бетона	DeepL missing/compatible entry: terminology and context need review
tiles-ironsand-packed	Resources\Locale\en-US\tiles\tiles.ftl	packed ironsand	уплотнённый железный песок	DeepL missing/compatible entry: terminology and context need review
tiles-ironsand-paved	Resources\Locale\en-US\tiles\tiles.ftl	paved ironsand	уплотнённый песчано-железный грунт	DeepL missing/compatible entry: terminology and context need review
tiles-ironsand-plating	Resources\Locale\en-US\tiles\tiles.ftl	ironsand plating	покрытие из железного песка	DeepL missing/compatible entry: terminology and context need review
tiles-ironsand-tile	Resources\Locale\en-US\tiles\tiles.ftl	ironsand tile	плитка «ironsand»	DeepL missing/compatible entry: terminology and context need review
tiles-xeno-floor	Resources\Locale\en-US\tiles\tiles.ftl	xeno floor	уровень «Ксено»	DeepL missing/compatible entry: terminology and context need review
tiles-xeno-maint	Resources\Locale\en-US\tiles\tiles.ftl	xeno techmaint	xeno techmaint	DeepL missing/compatible entry: terminology and context need review
tiles-xeno-steel	Resources\Locale\en-US\tiles\tiles.ftl	xeno steel tile	плитка из ксено-стали	DeepL missing/compatible entry: terminology and context need review
tiles-xeno-steel-corner	Resources\Locale\en-US\tiles\tiles.ftl	xeno steel corner tile	Угловая плитка из ксено-стали	DeepL missing/compatible entry: terminology and context need review
tiles-xenoborg-floor	Resources\Locale\en-US\tiles\tiles.ftl	xenoborg tile	плитка «ксеноборг»	DeepL missing/compatible entry: terminology and context need review
ui-button-off	Resources\Locale\en-US\ui\controls.ftl	Off	Выключено	DeepL missing/compatible entry: terminology and context need review
ui-button-on	Resources\Locale\en-US\ui\controls.ftl	On	На	DeepL missing/compatible entry: terminology and context need review
ui-disposal-unit-title	Resources\Locale\en-US\disposal\unit\components\disposal-unit-component.ftl	Disposal Unit	Утилизационный блок	DeepL missing/compatible entry: terminology and context need review
ui-mailing-unit-window-title	Resources\Locale\en-US\disposal\mailing\components\disposal-mailing-unit-component.ftl	 mailing unit	 почтовый блок	DeepL missing/compatible entry: terminology and context need review
ui-options-accessability-header-content	Resources\Locale\en-US\escape-menu\ui\options-menu.ftl	Content	Содержание	DeepL missing/compatible entry: terminology and context need review
ui-options-accessability-header-visuals	Resources\Locale\en-US\escape-menu\ui\options-menu.ftl	Visuals	Визуальные материалы	DeepL missing/compatible entry: terminology and context need review
ui-options-function-mapping-enable-pick	Resources\Locale\en-US\escape-menu\ui\options-menu.ftl	Pick object/tile	Выбрать объект/плитку	DeepL missing/compatible entry: terminology and context need review
unfold-verb-clothing-jacket	Resources\Locale\en-US\foldable\components\foldable-component.ftl	Put on jacket	Надень куртку	DeepL missing/compatible entry: terminology and context need review
uplink-banana-peel-explosive-desc	Resources\Locale\en-US\store\uplink-catalog.ftl	They will burst into laughter when they slip on it!	Они разразится хохотом, когда поскользнутся на этом!	DeepL missing/compatible entry: terminology and context need review
uplink-banana-peel-explosive-name	Resources\Locale\en-US\store\uplink-catalog.ftl	Explosive Banana Peel	Взрывная банановая кожура	DeepL missing/compatible entry: terminology and context need review
uplink-clothing-chameleon-thieving-gloves-desc	Resources\Locale\en-US\store\uplink-catalog.ftl	Discreetly steal from pockets and improve your thieving technique with these fancy new gloves. They can change appearance to match any pair of gloves!	Незаметно воруйте из карманов и совершенствуйте свои навыки вора с помощью этих новых модных перчаток. Они могут менять внешний вид, чтобы соответствовать любой паре перчаток!	DeepL missing/compatible entry: terminology and context need review
uplink-clothing-chameleon-thieving-gloves-name	Resources\Locale\en-US\store\uplink-catalog.ftl	Chameleon Thieving Gloves	Перчатки хамелеона-вора	DeepL missing/compatible entry: terminology and context need review
uplink-cluster-grenade-desc	Resources\Locale\en-US\store\uplink-catalog.ftl	Three explosive grenades bundled together. The cluster splits after 3.5 seconds.	Три взрывные гранаты, скрепленные вместе. Гранаты распадаются на отдельные части через 3,5 секунды.	DeepL missing/compatible entry: terminology and context need review
uplink-cluster-grenade-name	Resources\Locale\en-US\store\uplink-catalog.ftl	Cluster Grenade	Кластерная граната	DeepL missing/compatible entry: terminology and context need review
uplink-emp-kit-desc	Resources\Locale\en-US\store\uplink-catalog.ftl	The ultimate reversal on energy-based weaponry: Disables disablers, stuns stunbatons, discharges laser guns! Contains 3 EMP grenades and an EMP implanter. Note: Does not disrupt actual firearms.	Абсолютный перелом в области энергетического оружия: выводит из строя устройства обезвреживания, оглушает электрошоковые дубинки, разряжает лазерные пистолеты! В набор входят 3 гранаты ЭМИ и имплантатор ЭМИ. Примечание: не влияет на реальное огнестрельное оружие.	DeepL missing/compatible entry: terminology and context need review
uplink-emp-kit-name	Resources\Locale\en-US\store\uplink-catalog.ftl	Electrical Disruptor Kit	Комплект электрического дезорганизатора	DeepL missing/compatible entry: terminology and context need review
uplink-esword-double-desc	Resources\Locale\en-US\store\uplink-catalog.ftl	A much more expensive counter part to the normal energy sword: with a much higher reflection chance, larger attack angle, higher structural damage, and faster swing. Makes a lot of noise when used or turned on.	Гораздо более дорогой аналог обычного энергетического меча: с гораздо более высоким шансом отражения, большим углом атаки, более высоким уроном по конструкции и более быстрым замахом. При использовании или включении издаёт сильный шум.	DeepL missing/compatible entry: terminology and context need review
uplink-esword-double-name	Resources\Locale\en-US\store\uplink-catalog.ftl	Double Bladed Energy Sword	Двухлезвийный энергетический меч	DeepL missing/compatible entry: terminology and context need review
uplink-fire-axe-flaming-desc	Resources\Locale\en-US\store\uplink-catalog.ftl	A classic-style weapon infused with advanced atmos technology to allow it to set targets on fire. Now with rugged rubberized handle!	Оружие в классическом стиле, оснащенное передовой технологией «атмос», позволяющей поджигать цели. Теперь с прочной прорезиненной рукояткой!	DeepL missing/compatible entry: terminology and context need review
uplink-fire-axe-flaming-name	Resources\Locale\en-US\store\uplink-catalog.ftl	Fire Axe	Пожарный топор	DeepL missing/compatible entry: terminology and context need review
uplink-flash-grenade-desc	Resources\Locale\en-US\store\uplink-catalog.ftl	A standard-issue flashbang, capable of blinding and slowing down anyone without proper protection. This, of course, includes you; make sure you're properly equipped before using it.	Стандартная светошумовая граната, способная ослепить и замедлить любого, кто не имеет надлежащей защиты. Это, конечно же, касается и вас; перед использованием убедитесь, что вы должным образом экипированы.	DeepL missing/compatible entry: terminology and context need review
uplink-flash-grenade-name	Resources\Locale\en-US\store\uplink-catalog.ftl	Flashbang	Flashbang	DeepL missing/compatible entry: terminology and context need review
uplink-headset-desc	Resources\Locale\en-US\store\uplink-catalog.ftl	A headset that allows you to communicate with other syndicate operatives. Has 4 slots for encryption keys.	Гарнитура, позволяющая общаться с другими агентами синдиката. Имеет 4 слота для ключей шифрования.	DeepL missing/compatible entry: terminology and context need review
uplink-headset-name	Resources\Locale\en-US\store\uplink-catalog.ftl	Syndicate Over-ear Headset	Накладные наушники Syndicate	DeepL missing/compatible entry: terminology and context need review
uplink-holster-desc	Resources\Locale\en-US\store\uplink-catalog.ftl	A deep shoulder holster capable of holding many types of ballistics.	Глубокий плечевой кобура, в которую помещаются многие типы боеприпасов.	DeepL missing/compatible entry: terminology and context need review
uplink-holster-name	Resources\Locale\en-US\store\uplink-catalog.ftl	Shoulder Holster	Кобура на плечо	DeepL missing/compatible entry: terminology and context need review
uplink-hypereutactic-blade-desc	Resources\Locale\en-US\store\uplink-catalog.ftl	A gigantic energy sword with power that matches its looks. Requires two hands. Slow and unwieldy, yet pretty adept at reflecting. Previously made infamous by an operative wearing a joy mask. You wouldn't want to see this coming at you down the hall!	Гигантский энергетический меч, сила которого соответствует его внешнему виду. Требует использования обеих рук. Медленный и неповоротливый, но довольно ловкий в отражении атак. Ранее прославился благодаря агенту в маске радости. Вы бы не хотели увидеть, как он несется на вас по коридору!	DeepL missing/compatible entry: terminology and context need review
uplink-hypereutactic-blade-name	Resources\Locale\en-US\store\uplink-catalog.ftl	Hypereutactic Blade	Гиперэутактический клинок	DeepL missing/compatible entry: terminology and context need review
uplink-necronomicon-desc	Resources\Locale\en-US\store\uplink-catalog.ftl	An unholy book capable of summoning a demonic familiar.	Зловещая книга, способная вызвать демонического слугу.	DeepL missing/compatible entry: terminology and context need review
uplink-necronomicon-name	Resources\Locale\en-US\store\uplink-catalog.ftl	Necronomicon	Некрономикон	DeepL missing/compatible entry: terminology and context need review
uplink-nuke-codes-desc	Resources\Locale\en-US\store\uplink-catalog.ftl	Contains the codes to the station nuke. Good luck.	Содержит коды доступа к ядерной бомбе станции. Удачи.	DeepL missing/compatible entry: terminology and context need review
uplink-nuke-codes-name	Resources\Locale\en-US\store\uplink-catalog.ftl	Nuclear Authentication Codes	Коды ядерной аутентификации	DeepL missing/compatible entry: terminology and context need review
uplink-observation-kit-desc	Resources\Locale\en-US\store\uplink-catalog.ftl	Includes surveillance camera monitor board and security hud disguised as sunglasses.	Включает панель мониторов камер наблюдения и HUD системы безопасности, замаскированный под солнцезащитные очки.	DeepL missing/compatible entry: terminology and context need review
uplink-observation-kit-name	Resources\Locale\en-US\store\uplink-catalog.ftl	Observation Kit	Набор для наблюдения	DeepL missing/compatible entry: terminology and context need review
uplink-revolver-python-desc	Resources\Locale\en-US\store\uplink-catalog.ftl	A brutally simple, effective, and loud Syndicate revolver. Comes loaded with armor-piercing rounds. Uses .45 magnum.	Жестоко простой, эффективный и громкий револьвер «Синдикат». Заряжен бронебойными патронами. Использует патроны калибра .45 Магнум.	DeepL missing/compatible entry: terminology and context need review
uplink-revolver-python-name	Resources\Locale\en-US\store\uplink-catalog.ftl	Python	Python	DeepL missing/compatible entry: terminology and context need review
uplink-speedloader-magnu-desc	Resources\Locale\en-US\store\uplink-catalog.ftl	Revolver speedloader with 6 armor-piercing cartridges, capable of ignoring armor entirely. Compatible with the Python.	Ускоритель перезарядки револьвера с 6 бронебойными патронами, способный полностью игнорировать броню. Совместим с револьвером «Python».	DeepL missing/compatible entry: terminology and context need review
uplink-speedloader-magnum-name	Resources\Locale\en-US\store\uplink-catalog.ftl	Speedloader (.45 magnum AP)	Спидлоадер (.45 Магнум AP)	DeepL missing/compatible entry: terminology and context need review
uplink-super-surplus-bundle-desc	Resources\Locale\en-US\store\uplink-catalog.ftl	Contains 125 telecrystals worth of completely random Syndicate items.	Содержит 125 телекристаллов, дающих возможность получить совершенно случайные предметы Синдиката.	DeepL missing/compatible entry: terminology and context need review
uplink-super-surplus-bundle-name	Resources\Locale\en-US\store\uplink-catalog.ftl	Super Surplus Crate	Ящик «Super Surplus»	DeepL missing/compatible entry: terminology and context need review
uplink-syndicate-segway-crate-desc	Resources\Locale\en-US\store\uplink-catalog.ftl	Be an enemy of the corporation, in style!	Станьте врагом корпорации — и сделайте это с размахом!	DeepL missing/compatible entry: terminology and context need review
uplink-syndicate-segway-crate-name	Resources\Locale\en-US\store\uplink-catalog.ftl	Syndicate Segway	Syndicate Segway	DeepL missing/compatible entry: terminology and context need review
uplink-ultrabright-lantern-desc	Resources\Locale\en-US\store\uplink-catalog.ftl	This ultra-bright lantern can be used to blind people, similar to a flash.	Этот сверхяркий фонарь можно использовать для ослепления людей, подобно вспышке.	DeepL missing/compatible entry: terminology and context need review
uplink-ultrabright-lantern-name	Resources\Locale\en-US\store\uplink-catalog.ftl	Extra-Bright Lantern	Сверхяркий фонарь	DeepL missing/compatible entry: terminology and context need review
uplink-whitehole-grenade-desc	Resources\Locale\en-US\store\uplink-catalog.ftl	Grenade that repulses everything around for about 10 seconds. Very useful in small rooms and for chasing someone.	Граната, которая отталкивает всё вокруг на около 10 секунд. Очень полезна в небольших помещениях и при преследовании кого-либо.	DeepL missing/compatible entry: terminology and context need review
uplink-whitehole-grenade-name	Resources\Locale\en-US\store\uplink-catalog.ftl	Whitehole Grenade	Граната «Белая дыра»	DeepL missing/compatible entry: terminology and context need review
uplink-zombie-bundle-syndicate-desc	Resources\Locale\en-US\store\uplink-catalog.ftl	An all-in-one kit for unleashing the undead upon a station. Safety not guaranteed.	Универсальный набор для того, чтобы напустить нежить на станцию. Безопасность не гарантируется.	DeepL missing/compatible entry: terminology and context need review
variantize-command-description	Resources\Locale\en-US\administration\commands\variantize-command.ftl	Randomizes all tile variants on a given grid.	Генератор случайных комбинаций всех вариантов клеток на заданной сетке.	DeepL missing/compatible entry: terminology and context need review
variantize-command-help-text	Resources\Locale\en-US\administration\commands\variantize-command.ftl	variantize <grid id>	variantize <grid id>	DeepL missing/compatible entry: terminology and context need review
welder-component-already-full	Resources\Locale\en-US\tools\components\welder-component.ftl	The welder is already full.	Сварщик уже заполнен.	DeepL missing/compatible entry: terminology and context need review
welder-component-cannot-weld-message	Resources\Locale\en-US\tools\components\welder-component.ftl	The welder does not have enough fuel for that!	У сварщика не хватит топлива на это!	DeepL missing/compatible entry: terminology and context need review
welder-component-no-fuel-in-tank	Resources\Locale\en-US\tools\components\welder-component.ftl	The 	Игра 	DeepL missing/compatible entry: terminology and context need review
welder-component-no-fuel-in-tank	Resources\Locale\en-US\tools\components\welder-component.ftl	 is empty.	 пусто.	DeepL missing/compatible entry: terminology and context need review
welder-component-no-fuel-message	Resources\Locale\en-US\tools\components\welder-component.ftl	The welder has no fuel left!	У сварщика закончилось топливо!	DeepL missing/compatible entry: terminology and context need review
welder-component-welder-not-lit-message	Resources\Locale\en-US\tools\components\welder-component.ftl	The welder is turned off!	Сварочный аппарат выключен!	DeepL missing/compatible entry: terminology and context need review
wire-name-security	Resources\Locale\en-US\wires\wire-names.ftl	SECR	SECR	DeepL missing/compatible entry: terminology and context need review
xenoarch-trigger-tip-ammonia	Resources\Locale\en-US\xenoarchaeology\artifact-hints.ftl	Ammonia	Аммиак	DeepL missing/compatible entry: terminology and context need review
xenoarch-trigger-tip-blood	Resources\Locale\en-US\xenoarchaeology\artifact-hints.ftl	Blood	Кровь	DeepL missing/compatible entry: terminology and context need review
xenoarch-trigger-tip-brute-damage	Resources\Locale\en-US\xenoarchaeology\artifact-hints.ftl	Physical damage	Физический урон	DeepL missing/compatible entry: terminology and context need review
xenoarch-trigger-tip-co2	Resources\Locale\en-US\xenoarchaeology\artifact-hints.ftl	Carbon dioxide	Углекислый газ	DeepL missing/compatible entry: terminology and context need review
xenoarch-trigger-tip-cold	Resources\Locale\en-US\xenoarchaeology\artifact-hints.ftl	Low temperature gas	Газ при низкой температуре	DeepL missing/compatible entry: terminology and context need review
xenoarch-trigger-tip-death	Resources\Locale\en-US\xenoarchaeology\artifact-hints.ftl	Death	Смерть	DeepL missing/compatible entry: terminology and context need review
xenoarch-trigger-tip-examine	Resources\Locale\en-US\xenoarchaeology\artifact-hints.ftl	Close inspection	Подробный обзор	DeepL missing/compatible entry: terminology and context need review
xenoarch-trigger-tip-frezon	Resources\Locale\en-US\xenoarchaeology\artifact-hints.ftl	Frezon	Frezon	DeepL missing/compatible entry: terminology and context need review
xenoarch-trigger-tip-heat	Resources\Locale\en-US\xenoarchaeology\artifact-hints.ftl	High temperature gas	Газ с высокой температурой	DeepL missing/compatible entry: terminology and context need review
xenoarch-trigger-tip-interaction	Resources\Locale\en-US\xenoarchaeology\artifact-hints.ftl	Physical interaction	Физическое взаимодействие	DeepL missing/compatible entry: terminology and context need review
xenoarch-trigger-tip-magnet	Resources\Locale\en-US\xenoarchaeology\artifact-hints.ftl	Magnetic waves	Магнитные волны	DeepL missing/compatible entry: terminology and context need review
xenoarch-trigger-tip-music	Resources\Locale\en-US\xenoarchaeology\artifact-hints.ftl	Harmonical sound vibrations	Гармонические звуковые колебания	DeepL missing/compatible entry: terminology and context need review
xenoarch-trigger-tip-n2o	Resources\Locale\en-US\xenoarchaeology\artifact-hints.ftl	Nitrous oxide	Закись азота	DeepL missing/compatible entry: terminology and context need review
xenoarch-trigger-tip-no-oxygen	Resources\Locale\en-US\xenoarchaeology\artifact-hints.ftl	Oxygen-free environment	Бескислородная среда	DeepL missing/compatible entry: terminology and context need review
xenoarch-trigger-tip-plasma	Resources\Locale\en-US\xenoarchaeology\artifact-hints.ftl	Non-solid plasma	Неплотная плазма	DeepL missing/compatible entry: terminology and context need review
xenoarch-trigger-tip-pressure-high	Resources\Locale\en-US\xenoarchaeology\artifact-hints.ftl	High pressure	Высокое давление	DeepL missing/compatible entry: terminology and context need review
xenoarch-trigger-tip-pressure-low	Resources\Locale\en-US\xenoarchaeology\artifact-hints.ftl	Low pressure	Низкое давление	DeepL missing/compatible entry: terminology and context need review
xenoarch-trigger-tip-prying	Resources\Locale\en-US\xenoarchaeology\artifact-hints.ftl	Prying	Сондаж	DeepL missing/compatible entry: terminology and context need review
xenoarch-trigger-tip-pulsing	Resources\Locale\en-US\xenoarchaeology\artifact-hints.ftl	Pulsing	Пульсирующий	DeepL missing/compatible entry: terminology and context need review
xenoarch-trigger-tip-radiation	Resources\Locale\en-US\xenoarchaeology\artifact-hints.ftl	Radiation	Радиация	DeepL missing/compatible entry: terminology and context need review
xenoarch-trigger-tip-screwing	Resources\Locale\en-US\xenoarchaeology\artifact-hints.ftl	Screwing	Винтовые соединения	DeepL missing/compatible entry: terminology and context need review
xenoarch-trigger-tip-throw	Resources\Locale\en-US\xenoarchaeology\artifact-hints.ftl	Being thrown	Быть выброшенным	DeepL missing/compatible entry: terminology and context need review
xenoarch-trigger-tip-timer	Resources\Locale\en-US\xenoarchaeology\artifact-hints.ftl	Regular self-activation	Регулярная самоактивация	DeepL missing/compatible entry: terminology and context need review
xenoarch-trigger-tip-tritium	Resources\Locale\en-US\xenoarchaeology\artifact-hints.ftl	Tritium	Тритий	DeepL missing/compatible entry: terminology and context need review
xenoarch-trigger-tip-water	Resources\Locale\en-US\xenoarchaeology\artifact-hints.ftl	Water	Вода	DeepL missing/compatible entry: terminology and context need review
xenoarch-trigger-tip-wrenching	Resources\Locale\en-US\xenoarchaeology\artifact-hints.ftl	Tightening	Затяжка	DeepL missing/compatible entry: terminology and context need review
