id	reason	source
-guidebook-corporatelaw-article	unreferenced message	corvax\guidebook\corporatelaw\articles.ftl
-guidebook-corporatelaw-note	unreferenced message	corvax\guidebook\corporatelaw\articles.ftl
JobBrigmedic	unreferenced message	job\job-names.ftl
JobIAA	unreferenced message	corvax\job\job-names.ftl
JobMagistrate	unreferenced message	corvax\job\job-names.ftl
JobPilot	unreferenced message	corvax\job\job-names.ftl
JobSeniorEngineer	unreferenced message	corvax\job\job-names.ftl
JobSeniorOfficer	unreferenced message	corvax\job\job-names.ftl
JobSeniorPhysician	unreferenced message	corvax\job\job-names.ftl
JobSeniorResearcher	unreferenced message	corvax\job\job-names.ftl
accent-italian-words-1001	unreferenced message	corvax\accent\italian.ftl
accent-italian-words-1101	unreferenced message	corvax\accent\italian.ftl
accent-italian-words-1102	unreferenced message	corvax\accent\italian.ftl
accent-italian-words-1103	unreferenced message	corvax\accent\italian.ftl
accent-italian-words-1501	unreferenced message	corvax\accent\italian.ftl
accent-italian-words-1701	unreferenced message	corvax\accent\italian.ftl
accent-italian-words-1702	unreferenced message	corvax\accent\italian.ftl
accent-italian-words-1703	unreferenced message	corvax\accent\italian.ftl
accent-italian-words-1801	unreferenced message	corvax\accent\italian.ftl
accent-italian-words-1901	unreferenced message	corvax\accent\italian.ftl
accent-italian-words-2001	unreferenced message	corvax\accent\italian.ftl
accent-italian-words-2002	unreferenced message	corvax\accent\italian.ftl
accent-italian-words-2003	unreferenced message	corvax\accent\italian.ftl
accent-italian-words-2101	unreferenced message	corvax\accent\italian.ftl
accent-italian-words-2801	unreferenced message	corvax\accent\italian.ftl
accent-italian-words-3001	unreferenced message	corvax\accent\italian.ftl
accent-italian-words-3002	unreferenced message	corvax\accent\italian.ftl
accent-italian-words-301	unreferenced message	corvax\accent\italian.ftl
accent-italian-words-3101	unreferenced message	corvax\accent\italian.ftl
accent-italian-words-3102	unreferenced message	corvax\accent\italian.ftl
accent-italian-words-3201	unreferenced message	corvax\accent\italian.ftl
accent-italian-words-3202	unreferenced message	corvax\accent\italian.ftl
accent-italian-words-3203	unreferenced message	corvax\accent\italian.ftl
accent-italian-words-3401	unreferenced message	corvax\accent\italian.ftl
accent-italian-words-3402	unreferenced message	corvax\accent\italian.ftl
accent-italian-words-3701	unreferenced message	corvax\accent\italian.ftl
accent-italian-words-3801	unreferenced message	corvax\accent\italian.ftl
accent-italian-words-401	unreferenced message	corvax\accent\italian.ftl
accent-italian-words-402	unreferenced message	corvax\accent\italian.ftl
accent-italian-words-403	unreferenced message	corvax\accent\italian.ftl
accent-italian-words-4301	unreferenced message	corvax\accent\italian.ftl
accent-italian-words-501	unreferenced message	corvax\accent\italian.ftl
accent-italian-words-502	unreferenced message	corvax\accent\italian.ftl
accent-italian-words-601	unreferenced message	corvax\accent\italian.ftl
accent-italian-words-701	unreferenced message	corvax\accent\italian.ftl
accent-italian-words-801	unreferenced message	corvax\accent\italian.ftl
accent-italian-words-802	unreferenced message	corvax\accent\italian.ftl
accent-italian-words-803	unreferenced message	corvax\accent\italian.ftl
accent-italian-words-804	unreferenced message	corvax\accent\italian.ftl
accent-italian-words-805	unreferenced message	corvax\accent\italian.ftl
accent-italian-words-901	unreferenced message	corvax\accent\italian.ftl
accent-italian-words-replace-1001	unreferenced message	corvax\accent\italian.ftl
accent-italian-words-replace-1101	unreferenced message	corvax\accent\italian.ftl
accent-italian-words-replace-1102	unreferenced message	corvax\accent\italian.ftl
accent-italian-words-replace-1103	unreferenced message	corvax\accent\italian.ftl
accent-italian-words-replace-1501	unreferenced message	corvax\accent\italian.ftl
accent-italian-words-replace-1701	unreferenced message	corvax\accent\italian.ftl
accent-italian-words-replace-1702	unreferenced message	corvax\accent\italian.ftl
accent-italian-words-replace-1703	unreferenced message	corvax\accent\italian.ftl
accent-italian-words-replace-1801	unreferenced message	corvax\accent\italian.ftl
accent-italian-words-replace-1901	unreferenced message	corvax\accent\italian.ftl
accent-italian-words-replace-2001	unreferenced message	corvax\accent\italian.ftl
accent-italian-words-replace-2002	unreferenced message	corvax\accent\italian.ftl
accent-italian-words-replace-2003	unreferenced message	corvax\accent\italian.ftl
accent-italian-words-replace-2101	unreferenced message	corvax\accent\italian.ftl
accent-italian-words-replace-2801	unreferenced message	corvax\accent\italian.ftl
accent-italian-words-replace-3001	unreferenced message	corvax\accent\italian.ftl
accent-italian-words-replace-3002	unreferenced message	corvax\accent\italian.ftl
accent-italian-words-replace-301	unreferenced message	corvax\accent\italian.ftl
accent-italian-words-replace-3101	unreferenced message	corvax\accent\italian.ftl
accent-italian-words-replace-3102	unreferenced message	corvax\accent\italian.ftl
accent-italian-words-replace-3201	unreferenced message	corvax\accent\italian.ftl
accent-italian-words-replace-3202	unreferenced message	corvax\accent\italian.ftl
accent-italian-words-replace-3203	unreferenced message	corvax\accent\italian.ftl
accent-italian-words-replace-3401	unreferenced message	corvax\accent\italian.ftl
accent-italian-words-replace-3402	unreferenced message	corvax\accent\italian.ftl
accent-italian-words-replace-3701	unreferenced message	corvax\accent\italian.ftl
accent-italian-words-replace-3801	unreferenced message	corvax\accent\italian.ftl
accent-italian-words-replace-401	unreferenced message	corvax\accent\italian.ftl
accent-italian-words-replace-402	unreferenced message	corvax\accent\italian.ftl
accent-italian-words-replace-403	unreferenced message	corvax\accent\italian.ftl
accent-italian-words-replace-4301	unreferenced message	corvax\accent\italian.ftl
accent-italian-words-replace-501	unreferenced message	corvax\accent\italian.ftl
accent-italian-words-replace-502	unreferenced message	corvax\accent\italian.ftl
accent-italian-words-replace-601	unreferenced message	corvax\accent\italian.ftl
accent-italian-words-replace-701	unreferenced message	corvax\accent\italian.ftl
accent-italian-words-replace-801	unreferenced message	corvax\accent\italian.ftl
accent-italian-words-replace-802	unreferenced message	corvax\accent\italian.ftl
accent-italian-words-replace-803	unreferenced message	corvax\accent\italian.ftl
accent-italian-words-replace-804	unreferenced message	corvax\accent\italian.ftl
accent-italian-words-replace-805	unreferenced message	corvax\accent\italian.ftl
accent-italian-words-replace-901	unreferenced message	corvax\accent\italian.ftl
action-speech-spell-fireball-1	unreferenced message	magic\spells-actions.ftl
action-speech-spell-fireball-2	unreferenced message	magic\spells-actions.ftl
action-speech-spell-fireball-3	unreferenced message	magic\spells-actions.ftl
action-speech-spell-fireball-4	unreferenced message	magic\spells-actions.ftl
action-speech-spell-fireball-5	unreferenced message	magic\spells-actions.ftl
adjectives-dataset-397	unreferenced message	datasets\adjectives.ftl
adjectives-dataset-398	unreferenced message	datasets\adjectives.ftl
adjectives-dataset-399	unreferenced message	datasets\adjectives.ftl
adjectives-dataset-400	unreferenced message	datasets\adjectives.ftl
adjectives-dataset-401	unreferenced message	datasets\adjectives.ftl
adjectives-dataset-402	unreferenced message	datasets\adjectives.ftl
adjectives-dataset-403	unreferenced message	datasets\adjectives.ftl
adjectives-dataset-404	unreferenced message	datasets\adjectives.ftl
adjectives-dataset-405	unreferenced message	datasets\adjectives.ftl
adjectives-dataset-406	unreferenced message	datasets\adjectives.ftl
adjectives-dataset-407	unreferenced message	datasets\adjectives.ftl
adjectives-dataset-408	unreferenced message	datasets\adjectives.ftl
adjectives-dataset-409	unreferenced message	datasets\adjectives.ftl
adjectives-dataset-410	unreferenced message	datasets\adjectives.ftl
adjectives-dataset-411	unreferenced message	datasets\adjectives.ftl
adjectives-dataset-412	unreferenced message	datasets\adjectives.ftl
adjectives-dataset-413	unreferenced message	datasets\adjectives.ftl
adjectives-dataset-414	unreferenced message	datasets\adjectives.ftl
adjectives-dataset-415	unreferenced message	datasets\adjectives.ftl
adjectives-dataset-416	unreferenced message	datasets\adjectives.ftl
adjectives-dataset-417	unreferenced message	datasets\adjectives.ftl
adjectives-dataset-418	unreferenced message	datasets\adjectives.ftl
adjectives-dataset-419	unreferenced message	datasets\adjectives.ftl
adjectives-dataset-420	unreferenced message	datasets\adjectives.ftl
adjectives-dataset-421	unreferenced message	datasets\adjectives.ftl
adjectives-dataset-422	unreferenced message	datasets\adjectives.ftl
adjectives-dataset-423	unreferenced message	datasets\adjectives.ftl
adjectives-dataset-424	unreferenced message	datasets\adjectives.ftl
adjectives-dataset-425	unreferenced message	datasets\adjectives.ftl
adjectives-dataset-426	unreferenced message	datasets\adjectives.ftl
adjectives-dataset-427	unreferenced message	datasets\adjectives.ftl
adjectives-dataset-428	unreferenced message	datasets\adjectives.ftl
adjectives-dataset-429	unreferenced message	datasets\adjectives.ftl
adjectives-dataset-430	unreferenced message	datasets\adjectives.ftl
adjectives-dataset-431	unreferenced message	datasets\adjectives.ftl
adjectives-dataset-432	unreferenced message	datasets\adjectives.ftl
adjectives-dataset-433	unreferenced message	datasets\adjectives.ftl
adjectives-dataset-434	unreferenced message	datasets\adjectives.ftl
adjectives-dataset-435	unreferenced message	datasets\adjectives.ftl
adjectives-dataset-436	unreferenced message	datasets\adjectives.ftl
adjectives-dataset-437	unreferenced message	datasets\adjectives.ftl
adjectives-dataset-438	unreferenced message	datasets\adjectives.ftl
adjectives-dataset-439	unreferenced message	datasets\adjectives.ftl
adjectives-dataset-440	unreferenced message	datasets\adjectives.ftl
adjectives-dataset-441	unreferenced message	datasets\adjectives.ftl
adjectives-dataset-442	unreferenced message	datasets\adjectives.ftl
adjectives-dataset-443	unreferenced message	datasets\adjectives.ftl
adjectives-dataset-444	unreferenced message	datasets\adjectives.ftl
adjectives-dataset-445	unreferenced message	datasets\adjectives.ftl
adjectives-dataset-446	unreferenced message	datasets\adjectives.ftl
adjectives-dataset-447	unreferenced message	datasets\adjectives.ftl
adjectives-dataset-448	unreferenced message	datasets\adjectives.ftl
adjectives-dataset-449	unreferenced message	datasets\adjectives.ftl
adjectives-dataset-450	unreferenced message	datasets\adjectives.ftl
adjectives-dataset-451	unreferenced message	datasets\adjectives.ftl
adjectives-dataset-452	unreferenced message	datasets\adjectives.ftl
adjectives-dataset-453	unreferenced message	datasets\adjectives.ftl
adjectives-dataset-454	unreferenced message	datasets\adjectives.ftl
adjectives-dataset-455	unreferenced message	datasets\adjectives.ftl
adjectives-dataset-456	unreferenced message	datasets\adjectives.ftl
adjectives-dataset-457	unreferenced message	datasets\adjectives.ftl
adjectives-dataset-458	unreferenced message	datasets\adjectives.ftl
adjectives-dataset-459	unreferenced message	datasets\adjectives.ftl
adjectives-dataset-460	unreferenced message	datasets\adjectives.ftl
adjectives-dataset-461	unreferenced message	datasets\adjectives.ftl
adjectives-dataset-462	unreferenced message	datasets\adjectives.ftl
adjectives-dataset-463	unreferenced message	datasets\adjectives.ftl
adjectives-dataset-464	unreferenced message	datasets\adjectives.ftl
adjectives-dataset-465	unreferenced message	datasets\adjectives.ftl
adjectives-dataset-466	unreferenced message	datasets\adjectives.ftl
adjectives-dataset-467	unreferenced message	datasets\adjectives.ftl
adjectives-dataset-468	unreferenced message	datasets\adjectives.ftl
adjectives-dataset-469	unreferenced message	datasets\adjectives.ftl
adjectives-dataset-470	unreferenced message	datasets\adjectives.ftl
adjectives-dataset-471	unreferenced message	datasets\adjectives.ftl
adjectives-dataset-472	unreferenced message	datasets\adjectives.ftl
adjectives-dataset-473	unreferenced message	datasets\adjectives.ftl
adjectives-dataset-474	unreferenced message	datasets\adjectives.ftl
adjectives-dataset-475	unreferenced message	datasets\adjectives.ftl
adjectives-dataset-476	unreferenced message	datasets\adjectives.ftl
adjectives-dataset-477	unreferenced message	datasets\adjectives.ftl
adjectives-dataset-478	unreferenced message	datasets\adjectives.ftl
adjectives-dataset-479	unreferenced message	datasets\adjectives.ftl
adjectives-dataset-480	unreferenced message	datasets\adjectives.ftl
adjectives-dataset-481	unreferenced message	datasets\adjectives.ftl
adjectives-dataset-482	unreferenced message	datasets\adjectives.ftl
adjectives-dataset-483	unreferenced message	datasets\adjectives.ftl
adjectives-dataset-484	unreferenced message	datasets\adjectives.ftl
adjectives-dataset-485	unreferenced message	datasets\adjectives.ftl
adjectives-dataset-486	unreferenced message	datasets\adjectives.ftl
adjectives-dataset-487	unreferenced message	datasets\adjectives.ftl
adjectives-dataset-488	unreferenced message	datasets\adjectives.ftl
adjectives-dataset-489	unreferenced message	datasets\adjectives.ftl
adjectives-dataset-490	unreferenced message	datasets\adjectives.ftl
adjectives-dataset-491	unreferenced message	datasets\adjectives.ftl
adjectives-dataset-492	unreferenced message	datasets\adjectives.ftl
adjectives-dataset-493	unreferenced message	datasets\adjectives.ftl
adjectives-dataset-494	unreferenced message	datasets\adjectives.ftl
adjectives-dataset-495	unreferenced message	datasets\adjectives.ftl
adjectives-dataset-496	unreferenced message	datasets\adjectives.ftl
adjectives-dataset-497	unreferenced message	datasets\adjectives.ftl
adjectives-dataset-498	unreferenced message	datasets\adjectives.ftl
adjectives-dataset-499	unreferenced message	datasets\adjectives.ftl
adjectives-dataset-500	unreferenced message	datasets\adjectives.ftl
adjectives-dataset-501	unreferenced message	datasets\adjectives.ftl
adjectives-dataset-502	unreferenced message	datasets\adjectives.ftl
adjectives-dataset-503	unreferenced message	datasets\adjectives.ftl
adjectives-dataset-504	unreferenced message	datasets\adjectives.ftl
adjectives-dataset-505	unreferenced message	datasets\adjectives.ftl
adjectives-dataset-506	unreferenced message	datasets\adjectives.ftl
adjectives-dataset-507	unreferenced message	datasets\adjectives.ftl
adjectives-dataset-508	unreferenced message	datasets\adjectives.ftl
adjectives-dataset-509	unreferenced message	datasets\adjectives.ftl
adjectives-dataset-510	unreferenced message	datasets\adjectives.ftl
adjectives-dataset-511	unreferenced message	datasets\adjectives.ftl
adjectives-dataset-512	unreferenced message	datasets\adjectives.ftl
adjectives-dataset-513	unreferenced message	datasets\adjectives.ftl
adjectives-dataset-514	unreferenced message	datasets\adjectives.ftl
adjectives-dataset-515	unreferenced message	datasets\adjectives.ftl
adjectives-dataset-516	unreferenced message	datasets\adjectives.ftl
adjectives-dataset-517	unreferenced message	datasets\adjectives.ftl
adjectives-dataset-518	unreferenced message	datasets\adjectives.ftl
adjectives-dataset-519	unreferenced message	datasets\adjectives.ftl
adjectives-dataset-520	unreferenced message	datasets\adjectives.ftl
adjectives-dataset-521	unreferenced message	datasets\adjectives.ftl
adjectives-dataset-522	unreferenced message	datasets\adjectives.ftl
adjectives-dataset-523	unreferenced message	datasets\adjectives.ftl
adjectives-dataset-524	unreferenced message	datasets\adjectives.ftl
adjectives-dataset-525	unreferenced message	datasets\adjectives.ftl
adjectives-dataset-526	unreferenced message	datasets\adjectives.ftl
adjectives-dataset-527	unreferenced message	datasets\adjectives.ftl
adjectives-dataset-528	unreferenced message	datasets\adjectives.ftl
adjectives-dataset-529	unreferenced message	datasets\adjectives.ftl
adjectives-dataset-530	unreferenced message	datasets\adjectives.ftl
adjectives-dataset-531	unreferenced message	datasets\adjectives.ftl
adjectives-dataset-532	unreferenced message	datasets\adjectives.ftl
adjectives-dataset-533	unreferenced message	datasets\adjectives.ftl
adjectives-dataset-534	unreferenced message	datasets\adjectives.ftl
adjectives-dataset-535	unreferenced message	datasets\adjectives.ftl
adjectives-dataset-536	unreferenced message	datasets\adjectives.ftl
adjectives-dataset-537	unreferenced message	datasets\adjectives.ftl
adjectives-dataset-538	unreferenced message	datasets\adjectives.ftl
adjectives-dataset-539	unreferenced message	datasets\adjectives.ftl
adjectives-dataset-540	unreferenced message	datasets\adjectives.ftl
adjectives-dataset-541	unreferenced message	datasets\adjectives.ftl
adjectives-dataset-542	unreferenced message	datasets\adjectives.ftl
adjectives-dataset-543	unreferenced message	datasets\adjectives.ftl
adjectives-dataset-544	unreferenced message	datasets\adjectives.ftl
adjectives-dataset-545	unreferenced message	datasets\adjectives.ftl
adjectives-dataset-546	unreferenced message	datasets\adjectives.ftl
adjectives-dataset-547	unreferenced message	datasets\adjectives.ftl
adjectives-dataset-548	unreferenced message	datasets\adjectives.ftl
adjectives-dataset-549	unreferenced message	datasets\adjectives.ftl
adjectives-dataset-550	unreferenced message	datasets\adjectives.ftl
adjectives-dataset-551	unreferenced message	datasets\adjectives.ftl
adjectives-dataset-552	unreferenced message	datasets\adjectives.ftl
adjectives-dataset-553	unreferenced message	datasets\adjectives.ftl
adjectives-dataset-554	unreferenced message	datasets\adjectives.ftl
adjectives-dataset-555	unreferenced message	datasets\adjectives.ftl
adjectives-dataset-556	unreferenced message	datasets\adjectives.ftl
adjectives-dataset-557	unreferenced message	datasets\adjectives.ftl
adjectives-dataset-558	unreferenced message	datasets\adjectives.ftl
adjectives-dataset-559	unreferenced message	datasets\adjectives.ftl
adjectives-dataset-560	unreferenced message	datasets\adjectives.ftl
adjectives-dataset-561	unreferenced message	datasets\adjectives.ftl
adjectives-dataset-562	unreferenced message	datasets\adjectives.ftl
adjectives-dataset-563	unreferenced message	datasets\adjectives.ftl
adjectives-dataset-564	unreferenced message	datasets\adjectives.ftl
adjectives-dataset-565	unreferenced message	datasets\adjectives.ftl
adjectives-dataset-566	unreferenced message	datasets\adjectives.ftl
adjectives-dataset-567	unreferenced message	datasets\adjectives.ftl
adjectives-dataset-568	unreferenced message	datasets\adjectives.ftl
adjectives-dataset-569	unreferenced message	datasets\adjectives.ftl
adjectives-dataset-570	unreferenced message	datasets\adjectives.ftl
adjectives-dataset-571	unreferenced message	datasets\adjectives.ftl
adjectives-dataset-572	unreferenced message	datasets\adjectives.ftl
adjectives-dataset-573	unreferenced message	datasets\adjectives.ftl
adjectives-dataset-574	unreferenced message	datasets\adjectives.ftl
adjectives-dataset-575	unreferenced message	datasets\adjectives.ftl
adjectives-dataset-576	unreferenced message	datasets\adjectives.ftl
adjectives-dataset-577	unreferenced message	datasets\adjectives.ftl
adjectives-dataset-578	unreferenced message	datasets\adjectives.ftl
adjectives-dataset-579	unreferenced message	datasets\adjectives.ftl
adjectives-dataset-580	unreferenced message	datasets\adjectives.ftl
adjectives-dataset-581	unreferenced message	datasets\adjectives.ftl
adjectives-dataset-582	unreferenced message	datasets\adjectives.ftl
adjectives-dataset-583	unreferenced message	datasets\adjectives.ftl
adjectives-dataset-584	unreferenced message	datasets\adjectives.ftl
adjectives-dataset-585	unreferenced message	datasets\adjectives.ftl
adjectives-dataset-586	unreferenced message	datasets\adjectives.ftl
adjectives-dataset-587	unreferenced message	datasets\adjectives.ftl
adjectives-dataset-588	unreferenced message	datasets\adjectives.ftl
adjectives-dataset-589	unreferenced message	datasets\adjectives.ftl
adjectives-dataset-590	unreferenced message	datasets\adjectives.ftl
adjectives-dataset-591	unreferenced message	datasets\adjectives.ftl
adjectives-dataset-592	unreferenced message	datasets\adjectives.ftl
adjectives-dataset-593	unreferenced message	datasets\adjectives.ftl
adjectives-dataset-594	unreferenced message	datasets\adjectives.ftl
adjectives-dataset-595	unreferenced message	datasets\adjectives.ftl
adjectives-dataset-596	unreferenced message	datasets\adjectives.ftl
adjectives-dataset-597	unreferenced message	datasets\adjectives.ftl
adjectives-dataset-598	unreferenced message	datasets\adjectives.ftl
adjectives-dataset-599	unreferenced message	datasets\adjectives.ftl
adjectives-dataset-600	unreferenced message	datasets\adjectives.ftl
adjectives-dataset-601	unreferenced message	datasets\adjectives.ftl
adjectives-dataset-602	unreferenced message	datasets\adjectives.ftl
adjectives-dataset-603	unreferenced message	datasets\adjectives.ftl
adjectives-dataset-604	unreferenced message	datasets\adjectives.ftl
adjectives-dataset-605	unreferenced message	datasets\adjectives.ftl
adjectives-dataset-606	unreferenced message	datasets\adjectives.ftl
adjectives-dataset-607	unreferenced message	datasets\adjectives.ftl
adjectives-dataset-608	unreferenced message	datasets\adjectives.ftl
adjectives-dataset-609	unreferenced message	datasets\adjectives.ftl
adjectives-dataset-610	unreferenced message	datasets\adjectives.ftl
adjectives-dataset-611	unreferenced message	datasets\adjectives.ftl
adjectives-dataset-612	unreferenced message	datasets\adjectives.ftl
adjectives-dataset-613	unreferenced message	datasets\adjectives.ftl
adjectives-dataset-614	unreferenced message	datasets\adjectives.ftl
adjectives-dataset-615	unreferenced message	datasets\adjectives.ftl
adjectives-dataset-616	unreferenced message	datasets\adjectives.ftl
adjectives-dataset-617	unreferenced message	datasets\adjectives.ftl
adjectives-dataset-618	unreferenced message	datasets\adjectives.ftl
adjectives-dataset-619	unreferenced message	datasets\adjectives.ftl
adjectives-dataset-620	unreferenced message	datasets\adjectives.ftl
adjectives-dataset-621	unreferenced message	datasets\adjectives.ftl
adjectives-dataset-622	unreferenced message	datasets\adjectives.ftl
adjectives-dataset-623	unreferenced message	datasets\adjectives.ftl
adjectives-dataset-624	unreferenced message	datasets\adjectives.ftl
adjectives-dataset-625	unreferenced message	datasets\adjectives.ftl
adjectives-dataset-626	unreferenced message	datasets\adjectives.ftl
adjectives-dataset-627	unreferenced message	datasets\adjectives.ftl
adjectives-dataset-628	unreferenced message	datasets\adjectives.ftl
adjectives-dataset-629	unreferenced message	datasets\adjectives.ftl
adjectives-dataset-630	unreferenced message	datasets\adjectives.ftl
adjectives-dataset-631	unreferenced message	datasets\adjectives.ftl
adjectives-dataset-632	unreferenced message	datasets\adjectives.ftl
adjectives-dataset-633	unreferenced message	datasets\adjectives.ftl
adjectives-dataset-634	unreferenced message	datasets\adjectives.ftl
adjectives-dataset-635	unreferenced message	datasets\adjectives.ftl
adjectives-dataset-636	unreferenced message	datasets\adjectives.ftl
adjectives-dataset-637	unreferenced message	datasets\adjectives.ftl
adjectives-dataset-638	unreferenced message	datasets\adjectives.ftl
adjectives-dataset-639	unreferenced message	datasets\adjectives.ftl
adjectives-dataset-640	unreferenced message	datasets\adjectives.ftl
adjectives-dataset-641	unreferenced message	datasets\adjectives.ftl
adjectives-dataset-642	unreferenced message	datasets\adjectives.ftl
adjectives-dataset-643	unreferenced message	datasets\adjectives.ftl
adjectives-dataset-644	unreferenced message	datasets\adjectives.ftl
adjectives-dataset-645	unreferenced message	datasets\adjectives.ftl
adjectives-dataset-646	unreferenced message	datasets\adjectives.ftl
adjectives-dataset-647	unreferenced message	datasets\adjectives.ftl
adjectives-dataset-648	unreferenced message	datasets\adjectives.ftl
adjectives-dataset-649	unreferenced message	datasets\adjectives.ftl
adjectives-dataset-650	unreferenced message	datasets\adjectives.ftl
adjectives-dataset-651	unreferenced message	datasets\adjectives.ftl
adjectives-dataset-652	unreferenced message	datasets\adjectives.ftl
adjectives-dataset-653	unreferenced message	datasets\adjectives.ftl
adjectives-dataset-654	unreferenced message	datasets\adjectives.ftl
adjectives-dataset-655	unreferenced message	datasets\adjectives.ftl
adjectives-dataset-656	unreferenced message	datasets\adjectives.ftl
adjectives-dataset-657	unreferenced message	datasets\adjectives.ftl
adjectives-dataset-658	unreferenced message	datasets\adjectives.ftl
adjectives-dataset-659	unreferenced message	datasets\adjectives.ftl
adjectives-dataset-660	unreferenced message	datasets\adjectives.ftl
adjectives-dataset-661	unreferenced message	datasets\adjectives.ftl
adjectives-dataset-662	unreferenced message	datasets\adjectives.ftl
adjectives-dataset-663	unreferenced message	datasets\adjectives.ftl
adjectives-dataset-664	unreferenced message	datasets\adjectives.ftl
adjectives-dataset-665	unreferenced message	datasets\adjectives.ftl
adjectives-dataset-666	unreferenced message	datasets\adjectives.ftl
adjectives-dataset-667	unreferenced message	datasets\adjectives.ftl
adjectives-dataset-668	unreferenced message	datasets\adjectives.ftl
adjectives-dataset-669	unreferenced message	datasets\adjectives.ftl
adjectives-dataset-670	unreferenced message	datasets\adjectives.ftl
adjectives-dataset-671	unreferenced message	datasets\adjectives.ftl
adjectives-dataset-672	unreferenced message	datasets\adjectives.ftl
adjectives-dataset-673	unreferenced message	datasets\adjectives.ftl
adjectives-dataset-674	unreferenced message	datasets\adjectives.ftl
adjectives-dataset-675	unreferenced message	datasets\adjectives.ftl
adjectives-dataset-676	unreferenced message	datasets\adjectives.ftl
adjectives-dataset-677	unreferenced message	datasets\adjectives.ftl
adjectives-dataset-678	unreferenced message	datasets\adjectives.ftl
adjectives-dataset-679	unreferenced message	datasets\adjectives.ftl
adjectives-dataset-680	unreferenced message	datasets\adjectives.ftl
adjectives-dataset-681	unreferenced message	datasets\adjectives.ftl
adjectives-dataset-682	unreferenced message	datasets\adjectives.ftl
adjectives-dataset-683	unreferenced message	datasets\adjectives.ftl
adjectives-dataset-684	unreferenced message	datasets\adjectives.ftl
adjectives-dataset-685	unreferenced message	datasets\adjectives.ftl
adjectives-dataset-686	unreferenced message	datasets\adjectives.ftl
adjectives-dataset-687	unreferenced message	datasets\adjectives.ftl
adjectives-dataset-688	unreferenced message	datasets\adjectives.ftl
adjectives-dataset-689	unreferenced message	datasets\adjectives.ftl
adjectives-dataset-690	unreferenced message	datasets\adjectives.ftl
adjectives-dataset-691	unreferenced message	datasets\adjectives.ftl
adjectives-dataset-692	unreferenced message	datasets\adjectives.ftl
adjectives-dataset-693	unreferenced message	datasets\adjectives.ftl
adjectives-dataset-694	unreferenced message	datasets\adjectives.ftl
adjectives-dataset-695	unreferenced message	datasets\adjectives.ftl
adjectives-dataset-696	unreferenced message	datasets\adjectives.ftl
adjectives-dataset-697	unreferenced message	datasets\adjectives.ftl
adjectives-dataset-698	unreferenced message	datasets\adjectives.ftl
adjectives-dataset-699	unreferenced message	datasets\adjectives.ftl
adjectives-dataset-700	unreferenced message	datasets\adjectives.ftl
adjectives-dataset-701	unreferenced message	datasets\adjectives.ftl
adjectives-dataset-702	unreferenced message	datasets\adjectives.ftl
adjectives-dataset-703	unreferenced message	datasets\adjectives.ftl
adjectives-dataset-704	unreferenced message	datasets\adjectives.ftl
adjectives-dataset-705	unreferenced message	datasets\adjectives.ftl
adjectives-dataset-706	unreferenced message	datasets\adjectives.ftl
adjectives-dataset-707	unreferenced message	datasets\adjectives.ftl
adjectives-dataset-708	unreferenced message	datasets\adjectives.ftl
adjectives-dataset-709	unreferenced message	datasets\adjectives.ftl
adjectives-dataset-710	unreferenced message	datasets\adjectives.ftl
adjectives-dataset-711	unreferenced message	datasets\adjectives.ftl
adjectives-dataset-712	unreferenced message	datasets\adjectives.ftl
adjectives-dataset-713	unreferenced message	datasets\adjectives.ftl
adjectives-dataset-714	unreferenced message	datasets\adjectives.ftl
adjectives-dataset-715	unreferenced message	datasets\adjectives.ftl
adjectives-dataset-716	unreferenced message	datasets\adjectives.ftl
adjectives-dataset-717	unreferenced message	datasets\adjectives.ftl
adjectives-dataset-718	unreferenced message	datasets\adjectives.ftl
adjectives-dataset-719	unreferenced message	datasets\adjectives.ftl
adjectives-dataset-720	unreferenced message	datasets\adjectives.ftl
adjectives-dataset-721	unreferenced message	datasets\adjectives.ftl
adjectives-dataset-722	unreferenced message	datasets\adjectives.ftl
adjectives-dataset-723	unreferenced message	datasets\adjectives.ftl
adjectives-dataset-724	unreferenced message	datasets\adjectives.ftl
adjectives-dataset-725	unreferenced message	datasets\adjectives.ftl
adjectives-dataset-726	unreferenced message	datasets\adjectives.ftl
adjectives-dataset-727	unreferenced message	datasets\adjectives.ftl
adjectives-dataset-728	unreferenced message	datasets\adjectives.ftl
adjectives-dataset-729	unreferenced message	datasets\adjectives.ftl
adjectives-dataset-730	unreferenced message	datasets\adjectives.ftl
adjectives-dataset-731	unreferenced message	datasets\adjectives.ftl
adjectives-dataset-732	unreferenced message	datasets\adjectives.ftl
adjectives-dataset-733	unreferenced message	datasets\adjectives.ftl
adjectives-dataset-734	unreferenced message	datasets\adjectives.ftl
adjectives-dataset-735	unreferenced message	datasets\adjectives.ftl
adjectives-dataset-736	unreferenced message	datasets\adjectives.ftl
adjectives-dataset-737	unreferenced message	datasets\adjectives.ftl
adjectives-dataset-738	unreferenced message	datasets\adjectives.ftl
adjectives-dataset-739	unreferenced message	datasets\adjectives.ftl
adjectives-dataset-740	unreferenced message	datasets\adjectives.ftl
adjectives-dataset-741	unreferenced message	datasets\adjectives.ftl
adjectives-dataset-742	unreferenced message	datasets\adjectives.ftl
adjectives-dataset-743	unreferenced message	datasets\adjectives.ftl
adjectives-dataset-744	unreferenced message	datasets\adjectives.ftl
adjectives-dataset-745	unreferenced message	datasets\adjectives.ftl
adjectives-dataset-746	unreferenced message	datasets\adjectives.ftl
adjectives-dataset-747	unreferenced message	datasets\adjectives.ftl
adjectives-dataset-748	unreferenced message	datasets\adjectives.ftl
adjectives-dataset-749	unreferenced message	datasets\adjectives.ftl
adjectives-dataset-750	unreferenced message	datasets\adjectives.ftl
adjectives-dataset-751	unreferenced message	datasets\adjectives.ftl
adjectives-dataset-752	unreferenced message	datasets\adjectives.ftl
adjectives-dataset-753	unreferenced message	datasets\adjectives.ftl
adjectives-dataset-754	unreferenced message	datasets\adjectives.ftl
adjectives-dataset-755	unreferenced message	datasets\adjectives.ftl
adjectives-dataset-756	unreferenced message	datasets\adjectives.ftl
adjectives-dataset-757	unreferenced message	datasets\adjectives.ftl
adjectives-dataset-758	unreferenced message	datasets\adjectives.ftl
adjectives-dataset-759	unreferenced message	datasets\adjectives.ftl
adjectives-dataset-760	unreferenced message	datasets\adjectives.ftl
adjectives-dataset-761	unreferenced message	datasets\adjectives.ftl
adjectives-dataset-762	unreferenced message	datasets\adjectives.ftl
adjectives-dataset-763	unreferenced message	datasets\adjectives.ftl
adjectives-dataset-764	unreferenced message	datasets\adjectives.ftl
adjectives-dataset-765	unreferenced message	datasets\adjectives.ftl
adjectives-dataset-766	unreferenced message	datasets\adjectives.ftl
adjectives-dataset-767	unreferenced message	datasets\adjectives.ftl
adjectives-dataset-768	unreferenced message	datasets\adjectives.ftl
adjectives-dataset-769	unreferenced message	datasets\adjectives.ftl
adjectives-dataset-770	unreferenced message	datasets\adjectives.ftl
adjectives-dataset-771	unreferenced message	datasets\adjectives.ftl
adjectives-dataset-772	unreferenced message	datasets\adjectives.ftl
adjectives-dataset-773	unreferenced message	datasets\adjectives.ftl
adjectives-dataset-774	unreferenced message	datasets\adjectives.ftl
adjectives-dataset-775	unreferenced message	datasets\adjectives.ftl
adjectives-dataset-776	unreferenced message	datasets\adjectives.ftl
adjectives-dataset-777	unreferenced message	datasets\adjectives.ftl
adjectives-dataset-778	unreferenced message	datasets\adjectives.ftl
adjectives-dataset-779	unreferenced message	datasets\adjectives.ftl
adjectives-dataset-780	unreferenced message	datasets\adjectives.ftl
adjectives-dataset-781	unreferenced message	datasets\adjectives.ftl
adjectives-dataset-782	unreferenced message	datasets\adjectives.ftl
adjectives-dataset-783	unreferenced message	datasets\adjectives.ftl
adjectives-dataset-784	unreferenced message	datasets\adjectives.ftl
adjectives-dataset-785	unreferenced message	datasets\adjectives.ftl
adjectives-dataset-786	unreferenced message	datasets\adjectives.ftl
adjectives-dataset-787	unreferenced message	datasets\adjectives.ftl
adjectives-dataset-788	unreferenced message	datasets\adjectives.ftl
adjectives-dataset-789	unreferenced message	datasets\adjectives.ftl
adjectives-dataset-790	unreferenced message	datasets\adjectives.ftl
adjectives-dataset-791	unreferenced message	datasets\adjectives.ftl
adjectives-dataset-792	unreferenced message	datasets\adjectives.ftl
adjectives-dataset-793	unreferenced message	datasets\adjectives.ftl
adjectives-dataset-794	unreferenced message	datasets\adjectives.ftl
adjectives-dataset-795	unreferenced message	datasets\adjectives.ftl
adjectives-dataset-796	unreferenced message	datasets\adjectives.ftl
adjectives-dataset-797	unreferenced message	datasets\adjectives.ftl
adjectives-dataset-798	unreferenced message	datasets\adjectives.ftl
adjectives-dataset-799	unreferenced message	datasets\adjectives.ftl
adjectives-dataset-800	unreferenced message	datasets\adjectives.ftl
adjectives-dataset-801	unreferenced message	datasets\adjectives.ftl
adjectives-dataset-802	unreferenced message	datasets\adjectives.ftl
adjectives-dataset-803	unreferenced message	datasets\adjectives.ftl
adjectives-dataset-804	unreferenced message	datasets\adjectives.ftl
adjectives-dataset-805	unreferenced message	datasets\adjectives.ftl
adjectives-dataset-806	unreferenced message	datasets\adjectives.ftl
adjectives-dataset-807	unreferenced message	datasets\adjectives.ftl
adjectives-dataset-808	unreferenced message	datasets\adjectives.ftl
adjectives-dataset-809	unreferenced message	datasets\adjectives.ftl
adjectives-dataset-810	unreferenced message	datasets\adjectives.ftl
adjectives-dataset-811	unreferenced message	datasets\adjectives.ftl
adjectives-dataset-812	unreferenced message	datasets\adjectives.ftl
adjectives-dataset-813	unreferenced message	datasets\adjectives.ftl
adjectives-dataset-814	unreferenced message	datasets\adjectives.ftl
adjectives-dataset-815	unreferenced message	datasets\adjectives.ftl
adjectives-dataset-816	unreferenced message	datasets\adjectives.ftl
adjectives-dataset-817	unreferenced message	datasets\adjectives.ftl
adjectives-dataset-818	unreferenced message	datasets\adjectives.ftl
adjectives-dataset-819	unreferenced message	datasets\adjectives.ftl
adjectives-dataset-820	unreferenced message	datasets\adjectives.ftl
adjectives-dataset-821	unreferenced message	datasets\adjectives.ftl
adjectives-dataset-822	unreferenced message	datasets\adjectives.ftl
adjectives-dataset-823	unreferenced message	datasets\adjectives.ftl
adjectives-dataset-824	unreferenced message	datasets\adjectives.ftl
adjectives-dataset-825	unreferenced message	datasets\adjectives.ftl
adjectives-dataset-826	unreferenced message	datasets\adjectives.ftl
adjectives-dataset-827	unreferenced message	datasets\adjectives.ftl
adjectives-dataset-828	unreferenced message	datasets\adjectives.ftl
adjectives-dataset-829	unreferenced message	datasets\adjectives.ftl
adjectives-dataset-830	unreferenced message	datasets\adjectives.ftl
adjectives-dataset-831	unreferenced message	datasets\adjectives.ftl
adjectives-dataset-832	unreferenced message	datasets\adjectives.ftl
adjectives-dataset-833	unreferenced message	datasets\adjectives.ftl
adjectives-dataset-834	unreferenced message	datasets\adjectives.ftl
adjectives-dataset-835	unreferenced message	datasets\adjectives.ftl
adjectives-dataset-836	unreferenced message	datasets\adjectives.ftl
adjectives-dataset-837	unreferenced message	datasets\adjectives.ftl
adjectives-dataset-838	unreferenced message	datasets\adjectives.ftl
adjectives-dataset-839	unreferenced message	datasets\adjectives.ftl
adjectives-dataset-840	unreferenced message	datasets\adjectives.ftl
adjectives-dataset-841	unreferenced message	datasets\adjectives.ftl
adjectives-dataset-842	unreferenced message	datasets\adjectives.ftl
adjectives-dataset-843	unreferenced message	datasets\adjectives.ftl
adjectives-dataset-844	unreferenced message	datasets\adjectives.ftl
adjectives-dataset-845	unreferenced message	datasets\adjectives.ftl
adjectives-dataset-846	unreferenced message	datasets\adjectives.ftl
adjectives-dataset-847	unreferenced message	datasets\adjectives.ftl
adjectives-dataset-848	unreferenced message	datasets\adjectives.ftl
adjectives-dataset-849	unreferenced message	datasets\adjectives.ftl
adjectives-dataset-850	unreferenced message	datasets\adjectives.ftl
adjectives-dataset-851	unreferenced message	datasets\adjectives.ftl
adjectives-dataset-852	unreferenced message	datasets\adjectives.ftl
adjectives-dataset-853	unreferenced message	datasets\adjectives.ftl
adjectives-dataset-854	unreferenced message	datasets\adjectives.ftl
adjectives-dataset-855	unreferenced message	datasets\adjectives.ftl
adjectives-dataset-856	unreferenced message	datasets\adjectives.ftl
adjectives-dataset-857	unreferenced message	datasets\adjectives.ftl
adjectives-dataset-858	unreferenced message	datasets\adjectives.ftl
adjectives-dataset-859	unreferenced message	datasets\adjectives.ftl
adjectives-dataset-860	unreferenced message	datasets\adjectives.ftl
adjectives-dataset-861	unreferenced message	datasets\adjectives.ftl
adjectives-dataset-862	unreferenced message	datasets\adjectives.ftl
adjectives-dataset-863	unreferenced message	datasets\adjectives.ftl
adjectives-dataset-864	unreferenced message	datasets\adjectives.ftl
adjectives-dataset-865	unreferenced message	datasets\adjectives.ftl
adjectives-dataset-866	unreferenced message	datasets\adjectives.ftl
adjectives-dataset-867	unreferenced message	datasets\adjectives.ftl
adjectives-dataset-868	unreferenced message	datasets\adjectives.ftl
adjectives-dataset-869	unreferenced message	datasets\adjectives.ftl
adjectives-dataset-870	unreferenced message	datasets\adjectives.ftl
adjectives-dataset-871	unreferenced message	datasets\adjectives.ftl
adjectives-dataset-872	unreferenced message	datasets\adjectives.ftl
adjectives-dataset-873	unreferenced message	datasets\adjectives.ftl
adjectives-dataset-874	unreferenced message	datasets\adjectives.ftl
adjectives-dataset-875	unreferenced message	datasets\adjectives.ftl
adjectives-dataset-876	unreferenced message	datasets\adjectives.ftl
adjectives-dataset-877	unreferenced message	datasets\adjectives.ftl
adjectives-dataset-878	unreferenced message	datasets\adjectives.ftl
adjectives-dataset-879	unreferenced message	datasets\adjectives.ftl
adjectives-dataset-880	unreferenced message	datasets\adjectives.ftl
adjectives-dataset-881	unreferenced message	datasets\adjectives.ftl
adjectives-dataset-882	unreferenced message	datasets\adjectives.ftl
adjectives-dataset-883	unreferenced message	datasets\adjectives.ftl
adjectives-dataset-884	unreferenced message	datasets\adjectives.ftl
adjectives-dataset-885	unreferenced message	datasets\adjectives.ftl
adjectives-dataset-886	unreferenced message	datasets\adjectives.ftl
adjectives-dataset-887	unreferenced message	datasets\adjectives.ftl
adjectives-dataset-888	unreferenced message	datasets\adjectives.ftl
adjectives-dataset-889	unreferenced message	datasets\adjectives.ftl
adjectives-dataset-890	unreferenced message	datasets\adjectives.ftl
adjectives-dataset-891	unreferenced message	datasets\adjectives.ftl
adjectives-dataset-892	unreferenced message	datasets\adjectives.ftl
adjectives-dataset-893	unreferenced message	datasets\adjectives.ftl
adjectives-dataset-894	unreferenced message	datasets\adjectives.ftl
adjectives-dataset-895	unreferenced message	datasets\adjectives.ftl
adjectives-dataset-896	unreferenced message	datasets\adjectives.ftl
adjectives-dataset-897	unreferenced message	datasets\adjectives.ftl
adjectives-dataset-898	unreferenced message	datasets\adjectives.ftl
adjectives-dataset-899	unreferenced message	datasets\adjectives.ftl
adjectives-dataset-900	unreferenced message	datasets\adjectives.ftl
adjectives-dataset-901	unreferenced message	datasets\adjectives.ftl
adjectives-dataset-902	unreferenced message	datasets\adjectives.ftl
adjectives-dataset-903	unreferenced message	datasets\adjectives.ftl
adjectives-dataset-904	unreferenced message	datasets\adjectives.ftl
adjectives-dataset-905	unreferenced message	datasets\adjectives.ftl
adjectives-dataset-906	unreferenced message	datasets\adjectives.ftl
adjectives-dataset-907	unreferenced message	datasets\adjectives.ftl
adjectives-dataset-908	unreferenced message	datasets\adjectives.ftl
adjectives-dataset-909	unreferenced message	datasets\adjectives.ftl
adjectives-dataset-910	unreferenced message	datasets\adjectives.ftl
adjectives-dataset-911	unreferenced message	datasets\adjectives.ftl
adjectives-dataset-912	unreferenced message	datasets\adjectives.ftl
adjectives-dataset-913	unreferenced message	datasets\adjectives.ftl
adjectives-dataset-914	unreferenced message	datasets\adjectives.ftl
adjectives-dataset-915	unreferenced message	datasets\adjectives.ftl
adjectives-dataset-916	unreferenced message	datasets\adjectives.ftl
adjectives-dataset-917	unreferenced message	datasets\adjectives.ftl
adjectives-dataset-918	unreferenced message	datasets\adjectives.ftl
adjectives-dataset-919	unreferenced message	datasets\adjectives.ftl
adjectives-dataset-920	unreferenced message	datasets\adjectives.ftl
adjectives-dataset-921	unreferenced message	datasets\adjectives.ftl
adjectives-dataset-922	unreferenced message	datasets\adjectives.ftl
adjectives-dataset-923	unreferenced message	datasets\adjectives.ftl
adjectives-dataset-924	unreferenced message	datasets\adjectives.ftl
adjectives-dataset-925	unreferenced message	datasets\adjectives.ftl
adjectives-dataset-926	unreferenced message	datasets\adjectives.ftl
adjectives-dataset-927	unreferenced message	datasets\adjectives.ftl
adjectives-dataset-928	unreferenced message	datasets\adjectives.ftl
adjectives-dataset-929	unreferenced message	datasets\adjectives.ftl
adjectives-dataset-930	unreferenced message	datasets\adjectives.ftl
adjectives-dataset-931	unreferenced message	datasets\adjectives.ftl
adjectives-dataset-932	unreferenced message	datasets\adjectives.ftl
adjectives-dataset-933	unreferenced message	datasets\adjectives.ftl
adjectives-dataset-934	unreferenced message	datasets\adjectives.ftl
adjectives-dataset-935	unreferenced message	datasets\adjectives.ftl
adjectives-dataset-936	unreferenced message	datasets\adjectives.ftl
adjectives-dataset-937	unreferenced message	datasets\adjectives.ftl
adjectives-dataset-938	unreferenced message	datasets\adjectives.ftl
adjectives-dataset-939	unreferenced message	datasets\adjectives.ftl
adjectives-dataset-940	unreferenced message	datasets\adjectives.ftl
adjectives-dataset-941	unreferenced message	datasets\adjectives.ftl
adjectives-dataset-942	unreferenced message	datasets\adjectives.ftl
adjectives-dataset-943	unreferenced message	datasets\adjectives.ftl
adjectives-dataset-944	unreferenced message	datasets\adjectives.ftl
adjectives-dataset-945	unreferenced message	datasets\adjectives.ftl
adjectives-dataset-946	unreferenced message	datasets\adjectives.ftl
adjectives-dataset-947	unreferenced message	datasets\adjectives.ftl
adjectives-dataset-948	unreferenced message	datasets\adjectives.ftl
adjectives-dataset-949	unreferenced message	datasets\adjectives.ftl
adjectives-dataset-950	unreferenced message	datasets\adjectives.ftl
adjectives-dataset-951	unreferenced message	datasets\adjectives.ftl
adjectives-dataset-952	unreferenced message	datasets\adjectives.ftl
adjectives-dataset-953	unreferenced message	datasets\adjectives.ftl
adjectives-dataset-954	unreferenced message	datasets\adjectives.ftl
adjectives-dataset-955	unreferenced message	datasets\adjectives.ftl
adjectives-dataset-956	unreferenced message	datasets\adjectives.ftl
admin-event-description-placeholder	unreferenced message	administration\ui\tabs\admin-tab\event-log-window.ftl
admin-event-log-title	unreferenced message	administration\ui\tabs\admin-tab\event-log-window.ftl
admin-event-round	unreferenced message	administration\ui\tabs\admin-tab\event-log-window.ftl
admin-event-round-reset	unreferenced message	administration\ui\tabs\admin-tab\event-log-window.ftl
admin-event-round-reset-with-id	unreferenced message	administration\ui\tabs\admin-tab\event-log-window.ftl
admin-event-send	unreferenced message	administration\ui\tabs\admin-tab\event-log-window.ftl
admin-notes-manager-note-notification	unreferenced message	administration\managers\admin-notes-manager.ftl
admin-player-actions-check-afk	unreferenced message	administration\ui\actions.ftl
admin-player-actions-clone-message	unreferenced message	administration\ui\actions.ftl
admin-player-actions-logs	unreferenced message	administration\ui\actions.ftl
admin-player-actions-respawn-message	unreferenced message	administration\ui\actions.ftl
admin-player-actions-spawn-message	unreferenced message	administration\ui\actions.ftl
admin-player-actions-window-event-log	unreferenced message	administration\ui\tabs\admin-tab\player-actions-window.ftl
admin-quick-info-character	unreferenced message	administration\ui\quick-info.ftl
admin-quick-info-character-identity	unreferenced message	administration\ui\quick-info.ftl
admin-quick-info-entity	unreferenced message	administration\ui\quick-info.ftl
admin-quick-info-entity-missing	unreferenced message	administration\ui\quick-info.ftl
admin-quick-info-inactive	unreferenced message	administration\ui\quick-info.ftl
admin-quick-info-job	unreferenced message	administration\ui\quick-info.ftl
admin-quick-info-loading	unreferenced message	administration\ui\quick-info.ftl
admin-quick-info-no-prototype	unreferenced message	administration\ui\quick-info.ftl
admin-quick-info-no-role	unreferenced message	administration\ui\quick-info.ftl
admin-quick-info-role-type	unreferenced message	administration\ui\quick-info.ftl
admin-quick-info-role-type-subtype	unreferenced message	administration\ui\quick-info.ftl
admin-quick-info-username	unreferenced message	administration\ui\quick-info.ftl
admin-quick-link-follow	unreferenced message	administration\ui\quick-links.ftl
admin-quick-link-follow-tooltip	unreferenced message	administration\ui\quick-links.ftl
admin-quick-link-message	unreferenced message	administration\ui\quick-links.ftl
admin-quick-link-message-tooltip	unreferenced message	administration\ui\quick-links.ftl
admin-quick-link-playerpanel	unreferenced message	administration\ui\quick-links.ftl
admin-quick-link-playerpanel-tooltip	unreferenced message	administration\ui\quick-links.ftl
admin-shuttle-window-call-shuttle	unreferenced message	administration\ui\shuttle-window.ftl
admin-shuttle-window-recall-shuttle	unreferenced message	administration\ui\shuttle-window.ftl
admin-smite-ghostkick-reason	unreferenced message	administration\smites.ftl
admin-smite-heartattack-description	unreferenced message	administration\smites.ftl
admin-smite-heartattack-name	unreferenced message	administration\smites.ftl
admin-smite-make-stinky-description	unreferenced message	administration\smites.ftl
admin-smite-make-stinky-name	unreferenced message	administration\smites.ftl
admin-ui-panic-bunker-deny-vpn	unreferenced message	corvax\administration\ui\tabs\panicbunker-tab.ftl
admin-verbs-admin-logs-player	unreferenced message	administration\admin-verbs.ftl
afk-confirm-window-confirm	unreferenced message	afk\afk.ftl
afk-confirm-window-prompt	unreferenced message	afk\afk.ftl
afk-confirm-window-seconds	unreferenced message	afk\afk.ftl
afk-confirm-window-title	unreferenced message	afk\afk.ftl
afk-system-afk-warning	unreferenced message	afk\afk.ftl
afk-system-kick-reason	unreferenced message	afk\afk.ftl
agent-id-ui-footer-flavor-left	unreferenced message	access\components\agent-id-card-component.ftl
agent-id-ui-footer-flavor-right	unreferenced message	access\components\agent-id-card-component.ftl
agent-id-ui-input-job	unreferenced message	access\components\agent-id-card-component.ftl
agent-id-ui-input-name	unreferenced message	access\components\agent-id-card-component.ftl
agent-id-ui-menu-title	unreferenced message	access\components\agent-id-card-component.ftl
agent-id-ui-os	unreferenced message	access\components\agent-id-card-component.ftl
agent-id-ui-os-flavor	unreferenced message	access\components\agent-id-card-component.ftl
agent-id-ui-tab-job-icons	unreferenced message	access\components\agent-id-card-component.ftl
agent-id-ui-tab-settings	unreferenced message	access\components\agent-id-card-component.ftl
alert-level-delta-nuke-announcement	unreferenced message	alert-levels\alert-levels.ftl
alerts-blind-desc	unreferenced message	alerts\status-effects.ftl
alerts-blind-name	unreferenced message	alerts\status-effects.ftl
alerts-changeling-chemicals-desc	unreferenced message	alerts\alerts.ftl
alerts-changeling-chemicals-name	unreferenced message	alerts\alerts.ftl
alerts-drunk-desc	unreferenced message	alerts\status-effects.ftl
alerts-drunk-name	unreferenced message	alerts\status-effects.ftl
anomaly-scanner-doafter-examine	unreferenced message	anomaly\anomaly.ftl
anomaly-status-charges	unreferenced message	items\item-status.ftl
anomaly-status-infinite	unreferenced message	items\item-status.ftl
apc-menu-power-state-label-tripped	unreferenced message	ui\power-apc.ftl
ape-unlocked-broadcast	unreferenced message	science\science-machines.ftl
artifact-unlock-state-continue	unreferenced message	xenoarchaeology\artifact-component.ftl
barsign-prototype-description-alcoholic	unreferenced message	corvax\barsign\barsign-component.ftl
barsign-prototype-name-alcoholic	unreferenced message	corvax\barsign\barsign-component.ftl
battery-status-charge	unreferenced message	items\item-status.ftl
battery-status-state	unreferenced message	items\item-status.ftl
battery-status-switchable-state	unreferenced message	items\item-status.ftl
black-wood-floor	unreferenced message	corvax\stack\stacks.ftl
book-bss-contents	unreferenced message	corvax\paper\books-lore.ftl
book-clones-contents	unreferenced message	corvax\paper\books-lore.ftl
book-conarex-contents	unreferenced message	corvax\paper\books-lore.ftl
book-dam-contents	unreferenced message	corvax\paper\books-lore.ftl
book-dione-contents	unreferenced message	corvax\paper\books-lore.ftl
book-expensive-crystal-contents	unreferenced message	corvax\paper\books-lore.ftl
book-faks-contents	unreferenced message	corvax\paper\books-lore.ftl
book-famalis-contents	unreferenced message	corvax\paper\books-lore.ftl
book-gefest-contents	unreferenced message	corvax\paper\books-lore.ftl
book-gior-contents	unreferenced message	corvax\paper\books-lore.ftl
book-grav-contents	unreferenced message	corvax\paper\books-lore.ftl
book-halifat-contents	unreferenced message	corvax\paper\books-lore.ftl
book-implants-contents	unreferenced message	corvax\paper\books-lore.ftl
book-mbsone-contents	unreferenced message	corvax\paper\books-lore.ftl
book-mbstwo-contents	unreferenced message	corvax\paper\books-lore.ftl
book-mirt-contents	unreferenced message	corvax\paper\books-lore.ftl
book-nakamura-contents	unreferenced message	corvax\paper\books-lore.ftl
book-nooc-contents	unreferenced message	corvax\paper\books-lore.ftl
book-petr-contents	unreferenced message	corvax\paper\books-lore.ftl
book-redspace-contents	unreferenced message	corvax\paper\books-lore.ftl
book-saibasan-contents	unreferenced message	corvax\paper\books-lore.ftl
book-scaf-contents	unreferenced message	corvax\paper\books-lore.ftl
book-ships-contents	unreferenced message	corvax\paper\books-lore.ftl
book-snk-contents	unreferenced message	corvax\paper\books-lore.ftl
book-text-busido	unreferenced message	corvax\paper\book-busido.ftl
book-text-rulebook	unreferenced message	corvax\paper\book-rulebook.ftl
book-umpor-contents	unreferenced message	corvax\paper\books-lore.ftl
book-unath-ptone-contents	unreferenced message	corvax\paper\books-lore.ftl
book-unath-ptwo-contents	unreferenced message	corvax\paper\books-lore.ftl
book-ussp-contents	unreferenced message	corvax\paper\books-lore.ftl
book-vitz-contents	unreferenced message	corvax\paper\books-lore.ftl
book-zp-contents	unreferenced message	corvax\paper\books-lore.ftl
borg-slot-xenoborg-crystal-empty	unreferenced message	robotics\borg_modules.ftl
bwoink-message-name-link	unreferenced message	administration\bwoink.ftl
cargoproduct-category-name-instruments	unreferenced message	prototypes\catalog\cargo\cargoproduct-categories.ftl
cargoproduct-category-name-janitorial	unreferenced message	prototypes\catalog\cargo\cargoproduct-categories.ftl
cargoproduct-category-name-space	unreferenced message	prototypes\catalog\cargo\cargoproduct-categories.ftl
changeling-action-fail-generic	unreferenced message	changeling\changeling.ftl
changeling-catalog-armblade-sting-desc	unreferenced message	store\changeling-catalog.ftl
changeling-catalog-armblade-sting-name	unreferenced message	store\changeling-catalog.ftl
changeling-catalog-blind-sting-desc	unreferenced message	store\changeling-catalog.ftl
changeling-catalog-blind-sting-name	unreferenced message	store\changeling-catalog.ftl
changeling-catalog-cryogenic-sting-desc	unreferenced message	store\changeling-catalog.ftl
changeling-catalog-cryogenic-sting-name	unreferenced message	store\changeling-catalog.ftl
changeling-catalog-fleshtomb-desc	unreferenced message	store\changeling-catalog.ftl
changeling-catalog-fleshtomb-name	unreferenced message	store\changeling-catalog.ftl
changeling-catalog-hallucinogenic-sting-desc	unreferenced message	store\changeling-catalog.ftl
changeling-catalog-hallucinogenic-sting-name	unreferenced message	store\changeling-catalog.ftl
changeling-catalog-last-resort-desc	unreferenced message	store\changeling-catalog.ftl
changeling-catalog-last-resort-name	unreferenced message	store\changeling-catalog.ftl
changeling-catalog-lethal-sting-desc	unreferenced message	store\changeling-catalog.ftl
changeling-catalog-lethal-sting-name	unreferenced message	store\changeling-catalog.ftl
changeling-catalog-mute-sting-desc	unreferenced message	store\changeling-catalog.ftl
changeling-catalog-mute-sting-name	unreferenced message	store\changeling-catalog.ftl
changeling-catalog-night-vision-desc	unreferenced message	store\changeling-catalog.ftl
changeling-catalog-night-vision-name	unreferenced message	store\changeling-catalog.ftl
changeling-catalog-screech-desc	unreferenced message	store\changeling-catalog.ftl
changeling-catalog-screech-name	unreferenced message	store\changeling-catalog.ftl
changeling-catalog-voice-mindshield-desc	unreferenced message	store\changeling-catalog.ftl
changeling-catalog-voice-mindshield-name	unreferenced message	store\changeling-catalog.ftl
changeling-cocoon-doafter	unreferenced message	changeling\changeling.ftl
changeling-cocoon-success	unreferenced message	changeling\changeling.ftl
changeling-devour-doafter	unreferenced message	changeling\changeling.ftl
changeling-devour-doafter-windup	unreferenced message	changeling\changeling.ftl
changeling-fake-mindshield-disabled	unreferenced message	changeling\changeling.ftl
changeling-fake-mindshield-enabled	unreferenced message	changeling\changeling.ftl
changeling-not-enough-chemicals	unreferenced message	changeling\changeling.ftl
changeling-stasis-active-desc	unreferenced message	changeling\stasis.ftl
changeling-stasis-active-name	unreferenced message	changeling\stasis.ftl
changeling-stasis-enter	unreferenced message	changeling\stasis.ftl
changeling-stasis-exit	unreferenced message	changeling\stasis.ftl
changeling-stasis-exit-others	unreferenced message	changeling\stasis.ftl
changeling-takeover-doafter	unreferenced message	changeling\changeling.ftl
changeling-takeover-is-changeling	unreferenced message	changeling\changeling.ftl
changeling-takeover-not-dead	unreferenced message	changeling\changeling.ftl
changeling-takeover-start-others	unreferenced message	changeling\changeling.ftl
changeling-transform-doafter	unreferenced message	changeling\changeling.ftl
changelog-tab-title-ChangelogSyndie	unreferenced message	corvax\changelog\changelog-window.ftl
character-setup-gui-character-setup-sponsor-button	unreferenced message	corvax\preferences\ui\character-setup-gui.ftl
charge-status-count	unreferenced message	items\item-status.ftl
charge-status-recharge	unreferenced message	items\item-status.ftl
chat-emote-msg-purr	unreferenced message	corvax\chat\emotes.ftl
chat-emote-name-purr	unreferenced message	corvax\chat\emotes.ftl
chat-manager-dead-chat-disabled-message	unreferenced message	chat\managers\chat-manager.ftl
chat-manager-dead-chat-enabled-message	unreferenced message	chat\managers\chat-manager.ftl
chat-manager-sender-announcement-wrap-message-signed	unreferenced message	chat\managers\chat-manager.ftl
chat-radio-legal	unreferenced message	corvax\headset\headset-component.ftl
chat-speech-verb-name-sheep	unreferenced message	chat\managers\chat-manager.ftl
chat-speech-verb-sheep-1	unreferenced message	chat\managers\chat-manager.ftl
chat-speech-verb-sheep-2	unreferenced message	chat\managers\chat-manager.ftl
chatsan-claps	unreferenced message	corvax\chat\sanitizer-replacements.ftl
chatsan-snaps	unreferenced message	corvax\chat\sanitizer-replacements.ftl
chess-black-wood-floor	unreferenced message	corvax\stack\stacks.ftl
chess-dark-wood-floor	unreferenced message	corvax\stack\stacks.ftl
chess-light-wood-floor	unreferenced message	corvax\stack\stacks.ftl
chess-red-wood-floor	unreferenced message	corvax\stack\stacks.ftl
chess-wood-floor	unreferenced message	corvax\stack\stacks.ftl
clumsy-grab-fail-message-others	unreferenced message	clown\components\clumsy-component.ftl
clumsy-grab-fail-message-user	unreferenced message	clown\components\clumsy-component.ftl
cmd-addcomp-desc	unreferenced message	robust-toolbox\commands.ftl
cmd-addcomp-help	unreferenced message	robust-toolbox\commands.ftl
cmd-addcompc-desc	unreferenced message	robust-toolbox\commands.ftl
cmd-addcompc-help	unreferenced message	robust-toolbox\commands.ftl
cmd-addmap-desc	unreferenced message	robust-toolbox\commands.ftl
cmd-addmap-help	unreferenced message	robust-toolbox\commands.ftl
cmd-addmap-hint-2	unreferenced message	robust-toolbox\commands.ftl
cmd-addview-desc	unreferenced message	robust-toolbox\commands.ftl
cmd-addview-help	unreferenced message	robust-toolbox\commands.ftl
cmd-addviewc-desc	unreferenced message	robust-toolbox\commands.ftl
cmd-addviewc-help	unreferenced message	robust-toolbox\commands.ftl
cmd-admin-logs-hint	unreferenced message	administration\commands\adminlogs.ftl
cmd-admin-logs-wrong-target	unreferenced message	administration\commands\adminlogs.ftl
cmd-admin_overlay-arg-state	unreferenced message	administration\commands\admin-overlay-command.ftl
cmd-admin_overlay-desc	unreferenced message	administration\commands\admin-overlay-command.ftl
cmd-admin_overlay-usage	unreferenced message	administration\commands\admin-overlay-command.ftl
cmd-align-desc	unreferenced message	mapping\align-command.ftl
cmd-align-feedback	unreferenced message	mapping\align-command.ftl
cmd-align-feedback-good	unreferenced message	mapping\align-command.ftl
cmd-align-feedback-none	unreferenced message	mapping\align-command.ftl
cmd-align-help	unreferenced message	mapping\align-command.ftl
cmd-align-hint-dry	unreferenced message	mapping\align-command.ftl
cmd-align-hint-id	unreferenced message	mapping\align-command.ftl
cmd-align-no-release	unreferenced message	mapping\align-command.ftl
cmd-audio_length-arg-file-name	unreferenced message	robust-toolbox\commands.ftl
cmd-audio_length-desc	unreferenced message	robust-toolbox\commands.ftl
cmd-audio_length-help	unreferenced message	robust-toolbox\commands.ftl
cmd-bind-arg-command	unreferenced message	robust-toolbox\commands.ftl
cmd-bind-arg-key	unreferenced message	robust-toolbox\commands.ftl
cmd-bind-arg-mode	unreferenced message	robust-toolbox\commands.ftl
cmd-bind-desc	unreferenced message	robust-toolbox\commands.ftl
cmd-bind-help	unreferenced message	robust-toolbox\commands.ftl
cmd-checkafk-desc	unreferenced message	commands\check-afk-command.ftl
cmd-checkafk-failed	unreferenced message	commands\check-afk-command.ftl
cmd-checkafk-help	unreferenced message	commands\check-afk-command.ftl
cmd-checkafk-hint	unreferenced message	commands\check-afk-command.ftl
cmd-checkafk-invalid-arguments	unreferenced message	commands\check-afk-command.ftl
cmd-checkafk-invalid-player	unreferenced message	commands\check-afk-command.ftl
cmd-checkafk-not-attached	unreferenced message	commands\check-afk-command.ftl
cmd-checkafk-sent	unreferenced message	commands\check-afk-command.ftl
cmd-chunkinfo-desc	unreferenced message	robust-toolbox\commands.ftl
cmd-chunkinfo-help	unreferenced message	robust-toolbox\commands.ftl
cmd-cldbglyr-desc	unreferenced message	robust-toolbox\commands.ftl
cmd-cldbglyr-help	unreferenced message	robust-toolbox\commands.ftl
cmd-clearjobpriorities-desc	unreferenced message	commands\clear-job-priorities-command.ftl
cmd-clearjobpriorities-help	unreferenced message	commands\clear-job-priorities-command.ftl
cmd-clearjobpriorities-hint-player	unreferenced message	commands\clear-job-priorities-command.ftl
cmd-clearjobpriorities-player-not-found	unreferenced message	commands\clear-job-priorities-command.ftl
cmd-clearjobpriorities-preferences-not-loaded	unreferenced message	commands\clear-job-priorities-command.ftl
cmd-clearjobpriorities-success	unreferenced message	commands\clear-job-priorities-command.ftl
cmd-cls-desc	unreferenced message	robust-toolbox\commands.ftl
cmd-cls-help	unreferenced message	robust-toolbox\commands.ftl
cmd-csi-desc	unreferenced message	robust-toolbox\commands.ftl
cmd-csi-help	unreferenced message	robust-toolbox\commands.ftl
cmd-cspawn-desc	unreferenced message	robust-toolbox\commands.ftl
cmd-cspawn-help	unreferenced message	robust-toolbox\commands.ftl
cmd-cvar-arg-name	unreferenced message	robust-toolbox\commands.ftl
cmd-cvar-compl-list	unreferenced message	robust-toolbox\commands.ftl
cmd-cvar-desc	unreferenced message	robust-toolbox\commands.ftl
cmd-cvar-help	unreferenced message	robust-toolbox\commands.ftl
cmd-cvar-invalid-args	unreferenced message	robust-toolbox\commands.ftl
cmd-cvar-not-registered	unreferenced message	robust-toolbox\commands.ftl
cmd-cvar-parse-error	unreferenced message	robust-toolbox\commands.ftl
cmd-cvar-value-hidden	unreferenced message	robust-toolbox\commands.ftl
cmd-cvar_subs-arg-name	unreferenced message	robust-toolbox\commands.ftl
cmd-cvar_subs-desc	unreferenced message	robust-toolbox\commands.ftl
cmd-cvar_subs-help	unreferenced message	robust-toolbox\commands.ftl
cmd-cvar_subs-invalid-args	unreferenced message	robust-toolbox\commands.ftl
cmd-delete-desc	unreferenced message	robust-toolbox\commands.ftl
cmd-delete-help	unreferenced message	robust-toolbox\commands.ftl
cmd-detach-ent-desc	unreferenced message	robust-toolbox\client-state-commands.ftl
cmd-detach-ent-help	unreferenced message	robust-toolbox\client-state-commands.ftl
cmd-devwindow-desc	unreferenced message	robust-toolbox\commands.ftl
cmd-devwindow-help	unreferenced message	robust-toolbox\commands.ftl
cmd-disconnect-desc	unreferenced message	robust-toolbox\commands.ftl
cmd-disconnect-help	unreferenced message	robust-toolbox\commands.ftl
cmd-dmetamem-desc	unreferenced message	robust-toolbox\commands.ftl
cmd-dmetamem-help	unreferenced message	robust-toolbox\commands.ftl
cmd-dump_dependency_injectors-desc	unreferenced message	robust-toolbox\commands.ftl
cmd-dump_dependency_injectors-help	unreferenced message	robust-toolbox\commands.ftl
cmd-dump_dependency_injectors-total-count	unreferenced message	robust-toolbox\commands.ftl
cmd-dump_event_tables-arg-entity	unreferenced message	robust-toolbox\commands.ftl
cmd-dump_event_tables-desc	unreferenced message	robust-toolbox\commands.ftl
cmd-dump_event_tables-error-entity	unreferenced message	robust-toolbox\commands.ftl
cmd-dump_event_tables-help	unreferenced message	robust-toolbox\commands.ftl
cmd-dump_event_tables-missing-arg-entity	unreferenced message	robust-toolbox\commands.ftl
cmd-dump_net_comps-desc	unreferenced message	robust-toolbox\commands.ftl
cmd-dump_net_comps-error-writeable	unreferenced message	robust-toolbox\commands.ftl
cmd-dump_net_comps-header	unreferenced message	robust-toolbox\commands.ftl
cmd-dump_net_comps-help	unreferenced message	robust-toolbox\commands.ftl
cmd-dump_netserializer_type_map-desc	unreferenced message	robust-toolbox\commands.ftl
cmd-dump_netserializer_type_map-help	unreferenced message	robust-toolbox\commands.ftl
cmd-dumpentities-desc	unreferenced message	robust-toolbox\commands.ftl
cmd-dumpentities-help	unreferenced message	robust-toolbox\commands.ftl
cmd-echo-desc	unreferenced message	robust-toolbox\commands.ftl
cmd-echo-help	unreferenced message	robust-toolbox\commands.ftl
cmd-entfo-desc	unreferenced message	robust-toolbox\commands.ftl
cmd-entfo-help	unreferenced message	robust-toolbox\commands.ftl
cmd-error-dir-not-found	unreferenced message	robust-toolbox\commands.ftl
cmd-error-file-not-found	unreferenced message	robust-toolbox\commands.ftl
cmd-eventlog-desc	unreferenced message	commands\event-log-command.ftl
cmd-eventlog-help	unreferenced message	commands\event-log-command.ftl
cmd-exec-arg-filename	unreferenced message	robust-toolbox\commands.ftl
cmd-exec-desc	unreferenced message	robust-toolbox\commands.ftl
cmd-exec-help	unreferenced message	robust-toolbox\commands.ftl
cmd-failure-no-attached-entity	unreferenced message	robust-toolbox\commands.ftl
cmd-fill-desc	unreferenced message	robust-toolbox\commands.ftl
cmd-fill-help	unreferenced message	robust-toolbox\commands.ftl
cmd-flushcookies-desc	unreferenced message	robust-toolbox\commands.ftl
cmd-flushcookies-help	unreferenced message	robust-toolbox\commands.ftl
cmd-forall-desc	unreferenced message	robust-toolbox\commands.ftl
cmd-forall-help	unreferenced message	robust-toolbox\commands.ftl
cmd-fuck-desc	unreferenced message	robust-toolbox\commands.ftl
cmd-fuck-help	unreferenced message	robust-toolbox\commands.ftl
cmd-full-state-reset-desc	unreferenced message	robust-toolbox\client-state-commands.ftl
cmd-full-state-reset-help	unreferenced message	robust-toolbox\client-state-commands.ftl
cmd-gc-arg-generation	unreferenced message	robust-toolbox\commands.ftl
cmd-gc-desc	unreferenced message	robust-toolbox\commands.ftl
cmd-gc-failed-parse	unreferenced message	robust-toolbox\commands.ftl
cmd-gc-help	unreferenced message	robust-toolbox\commands.ftl
cmd-gc_mode-arg-type	unreferenced message	robust-toolbox\commands.ftl
cmd-gc_mode-attempt	unreferenced message	robust-toolbox\commands.ftl
cmd-gc_mode-current	unreferenced message	robust-toolbox\commands.ftl
cmd-gc_mode-desc	unreferenced message	robust-toolbox\commands.ftl
cmd-gc_mode-help	unreferenced message	robust-toolbox\commands.ftl
cmd-gc_mode-option	unreferenced message	robust-toolbox\commands.ftl
cmd-gc_mode-possible	unreferenced message	robust-toolbox\commands.ftl
cmd-gc_mode-result	unreferenced message	robust-toolbox\commands.ftl
cmd-gc_mode-unknown	unreferenced message	robust-toolbox\commands.ftl
cmd-gcf-desc	unreferenced message	robust-toolbox\commands.ftl
cmd-gcf-help	unreferenced message	robust-toolbox\commands.ftl
cmd-getclipboard-desc	unreferenced message	robust-toolbox\commands.ftl
cmd-getclipboard-help	unreferenced message	robust-toolbox\commands.ftl
cmd-getcomponentregistration-desc	unreferenced message	robust-toolbox\commands.ftl
cmd-getcomponentregistration-help	unreferenced message	robust-toolbox\commands.ftl
cmd-ghost_golobby-desc	unreferenced message	corvax\ghost\golobby\ghost-go-lobby.ftl
cmd-ghost_golobby-help	unreferenced message	corvax\ghost\golobby\ghost-go-lobby.ftl
cmd-ghost_golobby_deathtime-desc	unreferenced message	corvax\ghost\golobby\ghost-go-lobby.ftl
cmd-ghost_golobby_deathtime-help	unreferenced message	corvax\ghost\golobby\ghost-go-lobby.ftl
cmd-gridtc-desc	unreferenced message	robust-toolbox\commands.ftl
cmd-gridtc-help	unreferenced message	robust-toolbox\commands.ftl
cmd-guidump-desc	unreferenced message	robust-toolbox\commands.ftl
cmd-guidump-help	unreferenced message	robust-toolbox\commands.ftl
cmd-hardquit-desc	unreferenced message	robust-toolbox\commands.ftl
cmd-hardquit-help	unreferenced message	robust-toolbox\commands.ftl
cmd-help-arg-cmdname	unreferenced message	robust-toolbox\commands.ftl
cmd-help-desc	unreferenced message	robust-toolbox\commands.ftl
cmd-help-help	unreferenced message	robust-toolbox\commands.ftl
cmd-help-invalid-args	unreferenced message	robust-toolbox\commands.ftl
cmd-help-no-args	unreferenced message	robust-toolbox\commands.ftl
cmd-help-top	unreferenced message	robust-toolbox\commands.ftl
cmd-help-unknown	unreferenced message	robust-toolbox\commands.ftl
cmd-hint-float	unreferenced message	robust-toolbox\commands.ftl
cmd-hint-loadmap-rotation	unreferenced message	robust-toolbox\commands.ftl
cmd-hint-loadmap-uids	unreferenced message	robust-toolbox\commands.ftl
cmd-hint-loadmap-x-position	unreferenced message	robust-toolbox\commands.ftl
cmd-hint-loadmap-y-position	unreferenced message	robust-toolbox\commands.ftl
cmd-hint-savebp-id	unreferenced message	robust-toolbox\commands.ftl
cmd-hint-savemap-force	unreferenced message	robust-toolbox\commands.ftl
cmd-hint-savemap-id	unreferenced message	robust-toolbox\commands.ftl
cmd-hint-savemap-path	unreferenced message	robust-toolbox\commands.ftl
cmd-hub_advertise_now-desc	unreferenced message	robust-toolbox\commands.ftl
cmd-hub_advertise_now-help	unreferenced message	robust-toolbox\commands.ftl
cmd-hwid-desc	unreferenced message	robust-toolbox\commands.ftl
cmd-hwid-help	unreferenced message	robust-toolbox\commands.ftl
cmd-invalid-arg-number-error	unreferenced message	robust-toolbox\commands.ftl
cmd-key-info-desc	unreferenced message	robust-toolbox\commands.ftl
cmd-key-info-help	unreferenced message	robust-toolbox\commands.ftl
cmd-kick-desc	unreferenced message	robust-toolbox\commands.ftl
cmd-kick-help	unreferenced message	robust-toolbox\commands.ftl
cmd-launchauth-desc	unreferenced message	robust-toolbox\commands.ftl
cmd-launchauth-help	unreferenced message	robust-toolbox\commands.ftl
cmd-ldrsc-desc	unreferenced message	robust-toolbox\commands.ftl
cmd-ldrsc-help	unreferenced message	robust-toolbox\commands.ftl
cmd-lightbb-desc	unreferenced message	robust-toolbox\commands.ftl
cmd-lightbb-help	unreferenced message	robust-toolbox\commands.ftl
cmd-list-arg-filter	unreferenced message	robust-toolbox\commands.ftl
cmd-list-desc	unreferenced message	robust-toolbox\commands.ftl
cmd-list-heading	unreferenced message	robust-toolbox\commands.ftl
cmd-list-help	unreferenced message	robust-toolbox\commands.ftl
cmd-listplayers-desc	unreferenced message	robust-toolbox\commands.ftl
cmd-listplayers-help	unreferenced message	robust-toolbox\commands.ftl
cmd-loadgrid-desc	unreferenced message	robust-toolbox\commands.ftl
cmd-loadgrid-help	unreferenced message	robust-toolbox\commands.ftl
cmd-loadmap-desc	unreferenced message	robust-toolbox\commands.ftl
cmd-loadmap-error	unreferenced message	robust-toolbox\commands.ftl
cmd-loadmap-exists	unreferenced message	robust-toolbox\commands.ftl
cmd-loadmap-help	unreferenced message	robust-toolbox\commands.ftl
cmd-loadmap-nullspace	unreferenced message	robust-toolbox\commands.ftl
cmd-loadmap-success	unreferenced message	robust-toolbox\commands.ftl
cmd-loc-desc	unreferenced message	robust-toolbox\commands.ftl
cmd-loc-help	unreferenced message	robust-toolbox\commands.ftl
cmd-local-delete-desc	unreferenced message	robust-toolbox\client-state-commands.ftl
cmd-local-delete-help	unreferenced message	robust-toolbox\client-state-commands.ftl
cmd-localization_set_culture-changed	unreferenced message	robust-toolbox\commands.ftl
cmd-localization_set_culture-culture-name	unreferenced message	robust-toolbox\commands.ftl
cmd-localization_set_culture-desc	unreferenced message	robust-toolbox\commands.ftl
cmd-localization_set_culture-help	unreferenced message	robust-toolbox\commands.ftl
cmd-loglevel-desc	unreferenced message	robust-toolbox\commands.ftl
cmd-loglevel-help	unreferenced message	robust-toolbox\commands.ftl
cmd-lsasm-desc	unreferenced message	robust-toolbox\commands.ftl
cmd-lsasm-help	unreferenced message	robust-toolbox\commands.ftl
cmd-lsgrid-desc	unreferenced message	robust-toolbox\commands.ftl
cmd-lsgrid-help	unreferenced message	robust-toolbox\commands.ftl
cmd-lsmap-desc	unreferenced message	robust-toolbox\commands.ftl
cmd-lsmap-help	unreferenced message	robust-toolbox\commands.ftl
cmd-mapinit-desc	unreferenced message	robust-toolbox\commands.ftl
cmd-mapinit-help	unreferenced message	robust-toolbox\commands.ftl
cmd-mem-desc	unreferenced message	robust-toolbox\commands.ftl
cmd-mem-help	unreferenced message	robust-toolbox\commands.ftl
cmd-mem-report	unreferenced message	robust-toolbox\commands.ftl
cmd-merge_grids-angle	unreferenced message	robust-toolbox\physics\grid_merging.ftl
cmd-merge_grids-desc	unreferenced message	robust-toolbox\physics\grid_merging.ftl
cmd-merge_grids-help	unreferenced message	robust-toolbox\physics\grid_merging.ftl
cmd-merge_grids-hintA	unreferenced message	robust-toolbox\physics\grid_merging.ftl
cmd-merge_grids-hintB	unreferenced message	robust-toolbox\physics\grid_merging.ftl
cmd-merge_grids-xOffset	unreferenced message	robust-toolbox\physics\grid_merging.ftl
cmd-merge_grids-yOffset	unreferenced message	robust-toolbox\physics\grid_merging.ftl
cmd-midipanic-desc	unreferenced message	robust-toolbox\midi-commands.ftl
cmd-monitor-arg-count	unreferenced message	robust-toolbox\commands.ftl
cmd-monitor-arg-monitor	unreferenced message	robust-toolbox\commands.ftl
cmd-monitor-desc	unreferenced message	robust-toolbox\commands.ftl
cmd-monitor-help	unreferenced message	robust-toolbox\commands.ftl
cmd-monitor-invalid-name	unreferenced message	robust-toolbox\commands.ftl
cmd-monitor-minus-all-hint	unreferenced message	robust-toolbox\commands.ftl
cmd-monitor-plus-all-hint	unreferenced message	robust-toolbox\commands.ftl
cmd-monitorinfo-desc	unreferenced message	robust-toolbox\commands.ftl
cmd-monitorinfo-help	unreferenced message	robust-toolbox\commands.ftl
cmd-net-draw-interp-desc	unreferenced message	robust-toolbox\commands.ftl
cmd-net-draw-interp-help	unreferenced message	robust-toolbox\commands.ftl
cmd-net-entity-report-desc	unreferenced message	robust-toolbox\commands.ftl
cmd-net-entity-report-help	unreferenced message	robust-toolbox\commands.ftl
cmd-net-refresh-desc	unreferenced message	robust-toolbox\commands.ftl
cmd-net-refresh-help	unreferenced message	robust-toolbox\commands.ftl
cmd-net-watch-ent-desc	unreferenced message	robust-toolbox\commands.ftl
cmd-net-watch-ent-help	unreferenced message	robust-toolbox\commands.ftl
cmd-net_draw_interp-desc	unreferenced message	robust-toolbox\commands.ftl
cmd-net_draw_interp-help	unreferenced message	robust-toolbox\commands.ftl
cmd-net_entityreport-desc	unreferenced message	robust-toolbox\commands.ftl
cmd-net_entityreport-help	unreferenced message	robust-toolbox\commands.ftl
cmd-net_graph-desc	unreferenced message	robust-toolbox\commands.ftl
cmd-net_graph-help	unreferenced message	robust-toolbox\commands.ftl
cmd-net_refresh-desc	unreferenced message	robust-toolbox\commands.ftl
cmd-net_refresh-help	unreferenced message	robust-toolbox\commands.ftl
cmd-net_watchent-desc	unreferenced message	robust-toolbox\commands.ftl
cmd-net_watchent-help	unreferenced message	robust-toolbox\commands.ftl
cmd-netaudit-desc	unreferenced message	robust-toolbox\commands.ftl
cmd-netaudit-help	unreferenced message	robust-toolbox\commands.ftl
cmd-nutrition-satiation-need	unreferenced message	nutrition\nutrition-commands.ftl
cmd-nutrition-setsatiation-hint-key	unreferenced message	nutrition\nutrition-commands.ftl
cmd-nutrition-setsatiation-hint-max-value	unreferenced message	nutrition\nutrition-commands.ftl
cmd-nutrition-setsatiation-no-matching-key-error	unreferenced message	nutrition\nutrition-commands.ftl
cmd-nutrition-setsatiation-prototype-error	unreferenced message	nutrition\nutrition-commands.ftl
cmd-overrideplayername-desc	unreferenced message	robust-toolbox\commands.ftl
cmd-overrideplayername-help	unreferenced message	robust-toolbox\commands.ftl
cmd-parse-failure-bool	unreferenced message	robust-toolbox\commands.ftl
cmd-parse-failure-cultureinfo	unreferenced message	robust-toolbox\commands.ftl
cmd-parse-failure-entity-exist	unreferenced message	robust-toolbox\commands.ftl
cmd-parse-failure-enum	unreferenced message	robust-toolbox\commands.ftl
cmd-parse-failure-float	unreferenced message	robust-toolbox\commands.ftl
cmd-parse-failure-grid	unreferenced message	robust-toolbox\commands.ftl
cmd-parse-failure-integer	unreferenced message	robust-toolbox\commands.ftl
cmd-parse-failure-mapid	unreferenced message	robust-toolbox\commands.ftl
cmd-parse-failure-session	unreferenced message	robust-toolbox\commands.ftl
cmd-parse-failure-uid	unreferenced message	robust-toolbox\commands.ftl
cmd-physics-desc	unreferenced message	robust-toolbox\commands.ftl
cmd-physics-help	unreferenced message	robust-toolbox\commands.ftl
cmd-physics-overlay	unreferenced message	robust-toolbox\commands.ftl
cmd-profsnap-desc	unreferenced message	robust-toolbox\commands.ftl
cmd-profsnap-help	unreferenced message	robust-toolbox\commands.ftl
cmd-pvs-override-info-clients	unreferenced message	robust-toolbox\commands.ftl
cmd-pvs-override-info-desc	unreferenced message	robust-toolbox\commands.ftl
cmd-pvs-override-info-empty	unreferenced message	robust-toolbox\commands.ftl
cmd-pvs-override-info-global	unreferenced message	robust-toolbox\commands.ftl
cmd-quit-desc	unreferenced message	robust-toolbox\commands.ftl
cmd-quit-help	unreferenced message	robust-toolbox\commands.ftl
cmd-reloadtiletextures-desc	unreferenced message	robust-toolbox\commands.ftl
cmd-reloadtiletextures-help	unreferenced message	robust-toolbox\commands.ftl
cmd-remoteexec-desc	unreferenced message	robust-toolbox\commands.ftl
cmd-remoteexec-help	unreferenced message	robust-toolbox\commands.ftl
cmd-removeview-desc	unreferenced message	robust-toolbox\commands.ftl
cmd-removeview-help	unreferenced message	robust-toolbox\commands.ftl
cmd-replay-error-already-loaded	unreferenced message	robust-toolbox\replays.ftl
cmd-replay-error-args	unreferenced message	robust-toolbox\replays.ftl
cmd-replay-error-no-replay	unreferenced message	robust-toolbox\replays.ftl
cmd-replay-error-run-level	unreferenced message	robust-toolbox\replays.ftl
cmd-replay-error-time	unreferenced message	robust-toolbox\replays.ftl
cmd-replay-load-desc	unreferenced message	robust-toolbox\replays.ftl
cmd-replay-load-help	unreferenced message	robust-toolbox\replays.ftl
cmd-replay-load-hint	unreferenced message	robust-toolbox\replays.ftl
cmd-replay-pause-desc	unreferenced message	robust-toolbox\replays.ftl
cmd-replay-pause-help	unreferenced message	robust-toolbox\replays.ftl
cmd-replay-play-desc	unreferenced message	robust-toolbox\replays.ftl
cmd-replay-play-help	unreferenced message	robust-toolbox\replays.ftl
cmd-replay-recording-start-already-recording	unreferenced message	robust-toolbox\replays.ftl
cmd-replay-recording-start-desc	unreferenced message	robust-toolbox\replays.ftl
cmd-replay-recording-start-error	unreferenced message	robust-toolbox\replays.ftl
cmd-replay-recording-start-help	unreferenced message	robust-toolbox\replays.ftl
cmd-replay-recording-start-hint-name	unreferenced message	robust-toolbox\replays.ftl
cmd-replay-recording-start-hint-overwrite	unreferenced message	robust-toolbox\replays.ftl
cmd-replay-recording-start-hint-time	unreferenced message	robust-toolbox\replays.ftl
cmd-replay-recording-start-success	unreferenced message	robust-toolbox\replays.ftl
cmd-replay-recording-stats-desc	unreferenced message	robust-toolbox\replays.ftl
cmd-replay-recording-stats-help	unreferenced message	robust-toolbox\replays.ftl
cmd-replay-recording-stats-result	unreferenced message	robust-toolbox\replays.ftl
cmd-replay-recording-stop-desc	unreferenced message	robust-toolbox\replays.ftl
cmd-replay-recording-stop-help	unreferenced message	robust-toolbox\replays.ftl
cmd-replay-recording-stop-not-recording	unreferenced message	robust-toolbox\replays.ftl
cmd-replay-recording-stop-success	unreferenced message	robust-toolbox\replays.ftl
cmd-replay-set-time-desc	unreferenced message	robust-toolbox\replays.ftl
cmd-replay-set-time-help	unreferenced message	robust-toolbox\replays.ftl
cmd-replay-set-time-hint	unreferenced message	robust-toolbox\replays.ftl
cmd-replay-skip-desc	unreferenced message	robust-toolbox\replays.ftl
cmd-replay-skip-help	unreferenced message	robust-toolbox\replays.ftl
cmd-replay-skip-hint	unreferenced message	robust-toolbox\replays.ftl
cmd-replay-stop-desc	unreferenced message	robust-toolbox\replays.ftl
cmd-replay-stop-help	unreferenced message	robust-toolbox\replays.ftl
cmd-replay-toggle-desc	unreferenced message	robust-toolbox\replays.ftl
cmd-replay-toggle-help	unreferenced message	robust-toolbox\replays.ftl
cmd-replay-toggle-screenshot-mode-desc	unreferenced message	robust-toolbox\replays.ftl
cmd-replay-toggle-screenshot-mode-help	unreferenced message	robust-toolbox\replays.ftl
cmd-reset-all-ents-desc	unreferenced message	robust-toolbox\client-state-commands.ftl
cmd-reset-all-ents-help	unreferenced message	robust-toolbox\client-state-commands.ftl
cmd-reset-ent-desc	unreferenced message	robust-toolbox\client-state-commands.ftl
cmd-reset-ent-help	unreferenced message	robust-toolbox\client-state-commands.ftl
cmd-restart-desc	unreferenced message	robust-toolbox\commands.ftl
cmd-restart-help	unreferenced message	robust-toolbox\commands.ftl
cmd-rldloc-desc	unreferenced message	robust-toolbox\commands.ftl
cmd-rldloc-help	unreferenced message	robust-toolbox\commands.ftl
cmd-rldrsc-desc	unreferenced message	robust-toolbox\commands.ftl
cmd-rldrsc-help	unreferenced message	robust-toolbox\commands.ftl
cmd-rldshader-desc	unreferenced message	robust-toolbox\commands.ftl
cmd-rldshader-help	unreferenced message	robust-toolbox\commands.ftl
cmd-rmcomp-desc	unreferenced message	robust-toolbox\commands.ftl
cmd-rmcomp-help	unreferenced message	robust-toolbox\commands.ftl
cmd-rmcompc-desc	unreferenced message	robust-toolbox\commands.ftl
cmd-rmcompc-help	unreferenced message	robust-toolbox\commands.ftl
cmd-rmgrid-desc	unreferenced message	robust-toolbox\commands.ftl
cmd-rmgrid-help	unreferenced message	robust-toolbox\commands.ftl
cmd-rmmap-desc	unreferenced message	robust-toolbox\commands.ftl
cmd-rmmap-help	unreferenced message	robust-toolbox\commands.ftl
cmd-saveconfig-desc	unreferenced message	robust-toolbox\commands.ftl
cmd-saveconfig-help	unreferenced message	robust-toolbox\commands.ftl
cmd-savegrid-desc	unreferenced message	robust-toolbox\commands.ftl
cmd-savegrid-help	unreferenced message	robust-toolbox\commands.ftl
cmd-savemap-attempt	unreferenced message	robust-toolbox\commands.ftl
cmd-savemap-desc	unreferenced message	robust-toolbox\commands.ftl
cmd-savemap-error	unreferenced message	robust-toolbox\commands.ftl
cmd-savemap-help	unreferenced message	robust-toolbox\commands.ftl
cmd-savemap-init-warning	unreferenced message	robust-toolbox\commands.ftl
cmd-savemap-not-exist	unreferenced message	robust-toolbox\commands.ftl
cmd-savemap-success	unreferenced message	robust-toolbox\commands.ftl
cmd-scene-desc	unreferenced message	robust-toolbox\commands.ftl
cmd-scene-help	unreferenced message	robust-toolbox\commands.ftl
cmd-scsi-desc	unreferenced message	robust-toolbox\commands.ftl
cmd-scsi-help	unreferenced message	robust-toolbox\commands.ftl
cmd-sendgarbage-desc	unreferenced message	robust-toolbox\commands.ftl
cmd-sendgarbage-help	unreferenced message	robust-toolbox\commands.ftl
cmd-set-ambient-light-desc	unreferenced message	robust-toolbox\commands.ftl
cmd-set-ambient-light-help	unreferenced message	robust-toolbox\commands.ftl
cmd-set-ambient-light-parse	unreferenced message	robust-toolbox\commands.ftl
cmd-setafkconfirmationsound-desc	unreferenced message	commands\set-afk-confirmation-sound-command.ftl
cmd-setafkconfirmationsound-help	unreferenced message	commands\set-afk-confirmation-sound-command.ftl
cmd-setafkconfirmationsound-hint	unreferenced message	commands\set-afk-confirmation-sound-command.ftl
cmd-setafkconfirmationsound-invalid-arguments	unreferenced message	commands\set-afk-confirmation-sound-command.ftl
cmd-setafkconfirmationsound-not-rooted	unreferenced message	commands\set-afk-confirmation-sound-command.ftl
cmd-setafkconfirmationsound-success	unreferenced message	commands\set-afk-confirmation-sound-command.ftl
cmd-setclipboard-desc	unreferenced message	robust-toolbox\commands.ftl
cmd-setclipboard-help	unreferenced message	robust-toolbox\commands.ftl
cmd-setdeadchat-looc-disabled	unreferenced message	administration\commands\toggle-chat-command.ftl
cmd-setdeadchat-looc-enabled	unreferenced message	administration\commands\toggle-chat-command.ftl
cmd-setinputcontext-desc	unreferenced message	robust-toolbox\commands.ftl
cmd-setinputcontext-help	unreferenced message	robust-toolbox\commands.ftl
cmd-setjobpriority-desc	unreferenced message	commands\set-job-priority-command.ftl
cmd-setjobpriority-help	unreferenced message	commands\set-job-priority-command.ftl
cmd-setjobpriority-hint-job	unreferenced message	commands\set-job-priority-command.ftl
cmd-setjobpriority-hint-player	unreferenced message	commands\set-job-priority-command.ftl
cmd-setjobpriority-hint-priority	unreferenced message	commands\set-job-priority-command.ftl
cmd-setjobpriority-invalid-priority	unreferenced message	commands\set-job-priority-command.ftl
cmd-setjobpriority-job-not-found	unreferenced message	commands\set-job-priority-command.ftl
cmd-setjobpriority-player-not-found	unreferenced message	commands\set-job-priority-command.ftl
cmd-setjobpriority-preferences-not-loaded	unreferenced message	commands\set-job-priority-command.ftl
cmd-setjobpriority-success	unreferenced message	commands\set-job-priority-command.ftl
cmd-setmonitor-desc	unreferenced message	robust-toolbox\commands.ftl
cmd-setmonitor-help	unreferenced message	robust-toolbox\commands.ftl
cmd-setsatiation-desc	unreferenced message	nutrition\nutrition-commands.ftl
cmd-setsatiation-help	unreferenced message	nutrition\nutrition-commands.ftl
cmd-sggcell-desc	unreferenced message	robust-toolbox\commands.ftl
cmd-sggcell-help	unreferenced message	robust-toolbox\commands.ftl
cmd-showanchored-desc	unreferenced message	robust-toolbox\commands.ftl
cmd-showanchored-help	unreferenced message	robust-toolbox\commands.ftl
cmd-showangvel-desc	unreferenced message	robust-toolbox\commands.ftl
cmd-showangvel-help	unreferenced message	robust-toolbox\commands.ftl
cmd-showgridnodes-desc	unreferenced message	robust-toolbox\commands.ftl
cmd-showgridnodes-help	unreferenced message	robust-toolbox\commands.ftl
cmd-showislands-desc	unreferenced message	robust-toolbox\commands.ftl
cmd-showislands-help	unreferenced message	robust-toolbox\commands.ftl
cmd-showpos-desc	unreferenced message	robust-toolbox\commands.ftl
cmd-showpos-help	unreferenced message	robust-toolbox\commands.ftl
cmd-showrays-desc	unreferenced message	robust-toolbox\commands.ftl
cmd-showrays-help	unreferenced message	robust-toolbox\commands.ftl
cmd-showrot-desc	unreferenced message	robust-toolbox\commands.ftl
cmd-showrot-help	unreferenced message	robust-toolbox\commands.ftl
cmd-showspritebb-desc	unreferenced message	robust-toolbox\commands.ftl
cmd-showspritebb-help	unreferenced message	robust-toolbox\commands.ftl
cmd-showtime-desc	unreferenced message	robust-toolbox\commands.ftl
cmd-showtime-help	unreferenced message	robust-toolbox\commands.ftl
cmd-showvel-desc	unreferenced message	robust-toolbox\commands.ftl
cmd-showvel-help	unreferenced message	robust-toolbox\commands.ftl
cmd-showvelocities-desc	unreferenced message	robust-toolbox\commands.ftl
cmd-showvelocities-help	unreferenced message	robust-toolbox\commands.ftl
cmd-shutdown-desc	unreferenced message	robust-toolbox\commands.ftl
cmd-shutdown-help	unreferenced message	robust-toolbox\commands.ftl
cmd-spawn-desc	unreferenced message	robust-toolbox\commands.ftl
cmd-spawn-help	unreferenced message	robust-toolbox\commands.ftl
cmd-spin-desc	unreferenced message	robust-toolbox\commands.ftl
cmd-spin-help	unreferenced message	robust-toolbox\commands.ftl
cmd-szr_stats-desc	unreferenced message	robust-toolbox\commands.ftl
cmd-szr_stats-help	unreferenced message	robust-toolbox\commands.ftl
cmd-testbed-desc	unreferenced message	robust-toolbox\commands.ftl
cmd-testbed-help	unreferenced message	robust-toolbox\commands.ftl
cmd-testlog-desc	unreferenced message	robust-toolbox\commands.ftl
cmd-testlog-help	unreferenced message	robust-toolbox\commands.ftl
cmd-togglechat-desc	unreferenced message	administration\commands\toggle-chat-command.ftl
cmd-togglechat-help	unreferenced message	administration\commands\toggle-chat-command.ftl
cmd-togglefov-desc	unreferenced message	robust-toolbox\commands.ftl
cmd-togglefov-help	unreferenced message	robust-toolbox\commands.ftl
cmd-togglehardfov-desc	unreferenced message	robust-toolbox\commands.ftl
cmd-togglehardfov-help	unreferenced message	robust-toolbox\commands.ftl
cmd-togglelight-desc	unreferenced message	robust-toolbox\commands.ftl
cmd-togglelight-help	unreferenced message	robust-toolbox\commands.ftl
cmd-togglelightbuf-desc	unreferenced message	robust-toolbox\commands.ftl
cmd-togglelightbuf-help	unreferenced message	robust-toolbox\commands.ftl
cmd-togglelookup-desc	unreferenced message	robust-toolbox\commands.ftl
cmd-togglelookup-help	unreferenced message	robust-toolbox\commands.ftl
cmd-toggleshadows-desc	unreferenced message	robust-toolbox\commands.ftl
cmd-toggleshadows-help	unreferenced message	robust-toolbox\commands.ftl
cmd-tp-desc	unreferenced message	robust-toolbox\commands.ftl
cmd-tp-help	unreferenced message	robust-toolbox\commands.ftl
cmd-tpgrid-desc	unreferenced message	robust-toolbox\commands.ftl
cmd-tpgrid-help	unreferenced message	robust-toolbox\commands.ftl
cmd-tpto-desc	unreferenced message	robust-toolbox\commands.ftl
cmd-tpto-destination-hint	unreferenced message	robust-toolbox\commands.ftl
cmd-tpto-help	unreferenced message	robust-toolbox\commands.ftl
cmd-tpto-parse-error	unreferenced message	robust-toolbox\commands.ftl
cmd-tpto-victim-hint	unreferenced message	robust-toolbox\commands.ftl
cmd-uitest-desc	unreferenced message	robust-toolbox\commands.ftl
cmd-uitest-help	unreferenced message	robust-toolbox\commands.ftl
cmd-uitest2-arg-tab	unreferenced message	robust-toolbox\commands.ftl
cmd-uitest2-desc	unreferenced message	robust-toolbox\commands.ftl
cmd-uitest2-error-args	unreferenced message	robust-toolbox\commands.ftl
cmd-uitest2-error-tab	unreferenced message	robust-toolbox\commands.ftl
cmd-uitest2-help	unreferenced message	robust-toolbox\commands.ftl
cmd-uitest2-title	unreferenced message	robust-toolbox\commands.ftl
cmd-unsatiate-desc	unreferenced message	nutrition\nutrition-commands.ftl
cmd-unsatiate-help	unreferenced message	nutrition\nutrition-commands.ftl
cmd-variantize-desc	unreferenced message	administration\commands\variantize-command.ftl
cmd-variantize-help	unreferenced message	administration\commands\variantize-command.ftl
cmd-variantize-hint-grid	unreferenced message	administration\commands\variantize-command.ftl
cmd-vfs_ls-desc	unreferenced message	robust-toolbox\commands.ftl
cmd-vfs_ls-err-args	unreferenced message	robust-toolbox\commands.ftl
cmd-vfs_ls-help	unreferenced message	robust-toolbox\commands.ftl
cmd-vfs_ls-hint-path	unreferenced message	robust-toolbox\commands.ftl
cmd-vram-desc	unreferenced message	robust-toolbox\commands.ftl
cmd-vram-help	unreferenced message	robust-toolbox\commands.ftl
cmd-vv-desc	unreferenced message	robust-toolbox\commands.ftl
cmd-vv-help	unreferenced message	robust-toolbox\commands.ftl
cmd-vvinvoke-desc	unreferenced message	robust-toolbox\commands.ftl
cmd-vvinvoke-help	unreferenced message	robust-toolbox\commands.ftl
cmd-vvread-desc	unreferenced message	robust-toolbox\commands.ftl
cmd-vvread-help	unreferenced message	robust-toolbox\commands.ftl
cmd-vvwrite-desc	unreferenced message	robust-toolbox\commands.ftl
cmd-vvwrite-help	unreferenced message	robust-toolbox\commands.ftl
cmd-watch-desc	unreferenced message	robust-toolbox\commands.ftl
cmd-watch-help	unreferenced message	robust-toolbox\commands.ftl
color-black	unreferenced message	robust-toolbox\color-naming.ftl
color-blue	unreferenced message	robust-toolbox\color-naming.ftl
color-blue-color-purple	unreferenced message	robust-toolbox\color-naming.ftl
color-brown	unreferenced message	robust-toolbox\color-naming.ftl
color-cyan	unreferenced message	robust-toolbox\color-naming.ftl
color-cyan-color-blue	unreferenced message	robust-toolbox\color-naming.ftl
color-dark	unreferenced message	robust-toolbox\color-naming.ftl
color-gray	unreferenced message	robust-toolbox\color-naming.ftl
color-gray-adjective	unreferenced message	robust-toolbox\color-naming.ftl
color-green	unreferenced message	robust-toolbox\color-naming.ftl
color-green-color-cyan	unreferenced message	robust-toolbox\color-naming.ftl
color-hue-chroma	unreferenced message	robust-toolbox\color-naming.ftl
color-hue-chroma-lightness	unreferenced message	robust-toolbox\color-naming.ftl
color-hue-lightness	unreferenced message	robust-toolbox\color-naming.ftl
color-light	unreferenced message	robust-toolbox\color-naming.ftl
color-mixed-hue	unreferenced message	robust-toolbox\color-naming.ftl
color-orange	unreferenced message	robust-toolbox\color-naming.ftl
color-orange-color-yellow	unreferenced message	robust-toolbox\color-naming.ftl
color-pale	unreferenced message	robust-toolbox\color-naming.ftl
color-pink	unreferenced message	robust-toolbox\color-naming.ftl
color-pink-color-red	unreferenced message	robust-toolbox\color-naming.ftl
color-purple	unreferenced message	robust-toolbox\color-naming.ftl
color-purple-color-pink	unreferenced message	robust-toolbox\color-naming.ftl
color-red	unreferenced message	robust-toolbox\color-naming.ftl
color-red-color-orange	unreferenced message	robust-toolbox\color-naming.ftl
color-selector-sliders-alpha	unreferenced message	robust-toolbox\controls.ftl
color-selector-sliders-blue	unreferenced message	robust-toolbox\controls.ftl
color-selector-sliders-green	unreferenced message	robust-toolbox\controls.ftl
color-selector-sliders-hsv	unreferenced message	robust-toolbox\controls.ftl
color-selector-sliders-hue	unreferenced message	robust-toolbox\controls.ftl
color-selector-sliders-red	unreferenced message	robust-toolbox\controls.ftl
color-selector-sliders-rgb	unreferenced message	robust-toolbox\controls.ftl
color-selector-sliders-saturation	unreferenced message	robust-toolbox\controls.ftl
color-selector-sliders-value	unreferenced message	robust-toolbox\controls.ftl
color-strong	unreferenced message	robust-toolbox\color-naming.ftl
color-unknown	unreferenced message	robust-toolbox\color-naming.ftl
color-very-dark	unreferenced message	robust-toolbox\color-naming.ftl
color-very-light	unreferenced message	robust-toolbox\color-naming.ftl
color-white	unreferenced message	robust-toolbox\color-naming.ftl
color-yellow	unreferenced message	robust-toolbox\color-naming.ftl
color-yellow-color-green	unreferenced message	robust-toolbox\color-naming.ftl
command-description-AddCommand	unreferenced message	robust-toolbox\toolshed-commands.ftl
command-description-AddVecCommand	unreferenced message	robust-toolbox\toolshed-commands.ftl
command-description-ArrowCommand	unreferenced message	robust-toolbox\toolshed-commands.ftl
command-description-BitAndCommand	unreferenced message	robust-toolbox\toolshed-commands.ftl
command-description-BitAndNotCommand	unreferenced message	robust-toolbox\toolshed-commands.ftl
command-description-BitNotCommand	unreferenced message	robust-toolbox\toolshed-commands.ftl
command-description-BitXnorCommand	unreferenced message	robust-toolbox\toolshed-commands.ftl
command-description-BitXorCommand	unreferenced message	robust-toolbox\toolshed-commands.ftl
command-description-DebugPrintCommand	unreferenced message	robust-toolbox\toolshed-commands.ftl
command-description-DefaultIfNullCommand	unreferenced message	robust-toolbox\toolshed-commands.ftl
command-description-DivVecCommand	unreferenced message	robust-toolbox\toolshed-commands.ftl
command-description-DivideCommand	unreferenced message	robust-toolbox\toolshed-commands.ftl
command-description-EqualCommand	unreferenced message	robust-toolbox\toolshed-commands.ftl
command-description-GreaterThanCommand	unreferenced message	robust-toolbox\toolshed-commands.ftl
command-description-GreaterThanOrEqualCommand	unreferenced message	robust-toolbox\toolshed-commands.ftl
command-description-LessThanCommand	unreferenced message	robust-toolbox\toolshed-commands.ftl
command-description-LessThanOrEqualCommand	unreferenced message	robust-toolbox\toolshed-commands.ftl
command-description-ModVecCommand	unreferenced message	robust-toolbox\toolshed-commands.ftl
command-description-ModulusCommand	unreferenced message	robust-toolbox\toolshed-commands.ftl
command-description-MulVecCommand	unreferenced message	robust-toolbox\toolshed-commands.ftl
command-description-MultiplyCommand	unreferenced message	robust-toolbox\toolshed-commands.ftl
command-description-NotEqualCommand	unreferenced message	robust-toolbox\toolshed-commands.ftl
command-description-OrValueCommand	unreferenced message	robust-toolbox\toolshed-commands.ftl
command-description-SubVecCommand	unreferenced message	robust-toolbox\toolshed-commands.ftl
command-description-SubtractCommand	unreferenced message	robust-toolbox\toolshed-commands.ftl
command-description-abs	unreferenced message	robust-toolbox\toolshed-commands.ftl
command-description-acos	unreferenced message	robust-toolbox\toolshed-commands.ftl
command-description-acospi	unreferenced message	robust-toolbox\toolshed-commands.ftl
command-description-actor-controlled	unreferenced message	robust-toolbox\toolshed-commands.ftl
command-description-actor-session	unreferenced message	robust-toolbox\toolshed-commands.ftl
command-description-allcomps	unreferenced message	robust-toolbox\toolshed-commands.ftl
command-description-any	unreferenced message	robust-toolbox\toolshed-commands.ftl
command-description-append	unreferenced message	robust-toolbox\toolshed-commands.ftl
command-description-as	unreferenced message	robust-toolbox\toolshed-commands.ftl
command-description-asin	unreferenced message	robust-toolbox\toolshed-commands.ftl
command-description-asinpi	unreferenced message	robust-toolbox\toolshed-commands.ftl
command-description-atan	unreferenced message	robust-toolbox\toolshed-commands.ftl
command-description-atanpi	unreferenced message	robust-toolbox\toolshed-commands.ftl
command-description-average	unreferenced message	robust-toolbox\toolshed-commands.ftl
command-description-b	unreferenced message	robust-toolbox\toolshed-commands.ftl
command-description-bibytecount	unreferenced message	robust-toolbox\toolshed-commands.ftl
command-description-bin	unreferenced message	robust-toolbox\toolshed-commands.ftl
command-description-bitor	unreferenced message	robust-toolbox\toolshed-commands.ftl
command-description-bitornot	unreferenced message	robust-toolbox\toolshed-commands.ftl
command-description-body-insert	unreferenced message	body\commands.ftl
command-description-body-organs	unreferenced message	body\commands.ftl
command-description-buildinfo	unreferenced message	robust-toolbox\toolshed-commands.ftl
command-description-cbrt	unreferenced message	robust-toolbox\toolshed-commands.ftl
command-description-cd	unreferenced message	robust-toolbox\toolshed-commands.ftl
command-description-ceil	unreferenced message	robust-toolbox\toolshed-commands.ftl
command-description-checkedto	unreferenced message	robust-toolbox\toolshed-commands.ftl
command-description-cmd-descloc	unreferenced message	robust-toolbox\toolshed-commands.ftl
command-description-cmd-getshim	unreferenced message	robust-toolbox\toolshed-commands.ftl
command-description-cmd-info	unreferenced message	robust-toolbox\toolshed-commands.ftl
command-description-cmd-list	unreferenced message	robust-toolbox\toolshed-commands.ftl
command-description-cmd-moo	unreferenced message	robust-toolbox\toolshed-commands.ftl
command-description-comp	unreferenced message	robust-toolbox\toolshed-commands.ftl
command-description-comp-add	unreferenced message	robust-toolbox\toolshed-commands.ftl
command-description-comp-ensure	unreferenced message	robust-toolbox\toolshed-commands.ftl
command-description-comp-get	unreferenced message	robust-toolbox\toolshed-commands.ftl
command-description-comp-has	unreferenced message	robust-toolbox\toolshed-commands.ftl
command-description-comp-rm	unreferenced message	robust-toolbox\toolshed-commands.ftl
command-description-contains	unreferenced message	robust-toolbox\toolshed-commands.ftl
command-description-cos	unreferenced message	robust-toolbox\toolshed-commands.ftl
command-description-cospi	unreferenced message	robust-toolbox\toolshed-commands.ftl
command-description-count	unreferenced message	robust-toolbox\toolshed-commands.ftl
command-description-countleadzeros	unreferenced message	robust-toolbox\toolshed-commands.ftl
command-description-counttrailingzeros	unreferenced message	robust-toolbox\toolshed-commands.ftl
command-description-curtick	unreferenced message	robust-toolbox\toolshed-commands.ftl
command-description-curtime	unreferenced message	robust-toolbox\toolshed-commands.ftl
command-description-de	unreferenced message	robust-toolbox\toolshed-commands.ftl
command-description-delete	unreferenced message	robust-toolbox\toolshed-commands.ftl
command-description-depsilon	unreferenced message	robust-toolbox\toolshed-commands.ftl
command-description-do	unreferenced message	robust-toolbox\toolshed-commands.ftl
command-description-dpi	unreferenced message	robust-toolbox\toolshed-commands.ftl
command-description-dtau	unreferenced message	robust-toolbox\toolshed-commands.ftl
command-description-ecscomp-listty	unreferenced message	robust-toolbox\toolshed-commands.ftl
command-description-emplace	unreferenced message	robust-toolbox\toolshed-commands.ftl
command-description-ent	unreferenced message	robust-toolbox\toolshed-commands.ftl
command-description-entities	unreferenced message	robust-toolbox\toolshed-commands.ftl
command-description-entitysystemupdateorder-frame	unreferenced message	robust-toolbox\toolshed-commands.ftl
command-description-entitysystemupdateorder-tick	unreferenced message	robust-toolbox\toolshed-commands.ftl
command-description-explain	unreferenced message	robust-toolbox\toolshed-commands.ftl
command-description-exponentbytecount	unreferenced message	robust-toolbox\toolshed-commands.ftl
command-description-exponentshortestbitcount	unreferenced message	robust-toolbox\toolshed-commands.ftl
command-description-extremes	unreferenced message	robust-toolbox\toolshed-commands.ftl
command-description-f	unreferenced message	robust-toolbox\toolshed-commands.ftl
command-description-fe	unreferenced message	robust-toolbox\toolshed-commands.ftl
command-description-fepsilon	unreferenced message	robust-toolbox\toolshed-commands.ftl
command-description-first	unreferenced message	robust-toolbox\toolshed-commands.ftl
command-description-floor	unreferenced message	robust-toolbox\toolshed-commands.ftl
command-description-fpi	unreferenced message	robust-toolbox\toolshed-commands.ftl
command-description-ftau	unreferenced message	robust-toolbox\toolshed-commands.ftl
command-description-fuck	unreferenced message	robust-toolbox\toolshed-commands.ftl
command-description-he	unreferenced message	robust-toolbox\toolshed-commands.ftl
command-description-help	unreferenced message	robust-toolbox\toolshed-commands.ftl
command-description-hepsilon	unreferenced message	robust-toolbox\toolshed-commands.ftl
command-description-hpi	unreferenced message	robust-toolbox\toolshed-commands.ftl
command-description-htau	unreferenced message	robust-toolbox\toolshed-commands.ftl
command-description-hypot	unreferenced message	robust-toolbox\toolshed-commands.ftl
command-description-i	unreferenced message	robust-toolbox\toolshed-commands.ftl
command-description-ioc-get	unreferenced message	robust-toolbox\toolshed-commands.ftl
command-description-ioc-registered	unreferenced message	robust-toolbox\toolshed-commands.ftl
command-description-iota	unreferenced message	robust-toolbox\toolshed-commands.ftl
command-description-iscanonical	unreferenced message	robust-toolbox\toolshed-commands.ftl
command-description-iscomplex	unreferenced message	robust-toolbox\toolshed-commands.ftl
command-description-isempty	unreferenced message	robust-toolbox\toolshed-commands.ftl
command-description-iseven	unreferenced message	robust-toolbox\toolshed-commands.ftl
command-description-isfinite	unreferenced message	robust-toolbox\toolshed-commands.ftl
command-description-isimaginary	unreferenced message	robust-toolbox\toolshed-commands.ftl
command-description-isinfinite	unreferenced message	robust-toolbox\toolshed-commands.ftl
command-description-isinteger	unreferenced message	robust-toolbox\toolshed-commands.ftl
command-description-isnan	unreferenced message	robust-toolbox\toolshed-commands.ftl
command-description-isnegative	unreferenced message	robust-toolbox\toolshed-commands.ftl
command-description-isnull	unreferenced message	robust-toolbox\toolshed-commands.ftl
command-description-isodd	unreferenced message	robust-toolbox\toolshed-commands.ftl
command-description-ispositive	unreferenced message	robust-toolbox\toolshed-commands.ftl
command-description-isreal	unreferenced message	robust-toolbox\toolshed-commands.ftl
command-description-issubnormal	unreferenced message	robust-toolbox\toolshed-commands.ftl
command-description-iszero	unreferenced message	robust-toolbox\toolshed-commands.ftl
command-description-iterate	unreferenced message	robust-toolbox\toolshed-commands.ftl
command-description-join	unreferenced message	robust-toolbox\toolshed-commands.ftl
command-description-loc-loc	unreferenced message	robust-toolbox\toolshed-commands.ftl
command-description-loc-tryloc	unreferenced message	robust-toolbox\toolshed-commands.ftl
command-description-ls-here	unreferenced message	robust-toolbox\toolshed-commands.ftl
command-description-ls-in	unreferenced message	robust-toolbox\toolshed-commands.ftl
command-description-map	unreferenced message	robust-toolbox\toolshed-commands.ftl
command-description-mappos	unreferenced message	robust-toolbox\toolshed-commands.ftl
command-description-max	unreferenced message	robust-toolbox\toolshed-commands.ftl
command-description-methods-get	unreferenced message	robust-toolbox\toolshed-commands.ftl
command-description-methods-overrides	unreferenced message	robust-toolbox\toolshed-commands.ftl
command-description-methods-overridesfrom	unreferenced message	robust-toolbox\toolshed-commands.ftl
command-description-min	unreferenced message	robust-toolbox\toolshed-commands.ftl
command-description-more	unreferenced message	robust-toolbox\toolshed-commands.ftl
command-description-named	unreferenced message	robust-toolbox\toolshed-commands.ftl
command-description-nearby	unreferenced message	robust-toolbox\toolshed-commands.ftl
command-description-neg	unreferenced message	robust-toolbox\toolshed-commands.ftl
command-description-organ-attach	unreferenced message	body\commands.ftl
command-description-organ-children	unreferenced message	body\commands.ftl
command-description-organ-detach	unreferenced message	body\commands.ftl
command-description-organ-is	unreferenced message	body\commands.ftl
command-description-organ-of_type	unreferenced message	body\commands.ftl
command-description-organ-parent	unreferenced message	body\commands.ftl
command-description-overlay-add	unreferenced message	robust-toolbox\toolshed-commands.ftl
command-description-overlay-remove	unreferenced message	robust-toolbox\toolshed-commands.ftl
command-description-overlay-toggle	unreferenced message	robust-toolbox\toolshed-commands.ftl
command-description-paused	unreferenced message	robust-toolbox\toolshed-commands.ftl
command-description-physics-angular-velocity	unreferenced message	robust-toolbox\toolshed-commands.ftl
command-description-physics-angular_velocity	unreferenced message	robust-toolbox\toolshed-commands.ftl
command-description-physics-parent	unreferenced message	robust-toolbox\toolshed-commands.ftl
command-description-physics-velocity	unreferenced message	robust-toolbox\toolshed-commands.ftl
command-description-pick	unreferenced message	robust-toolbox\toolshed-commands.ftl
command-description-player-entity	unreferenced message	robust-toolbox\toolshed-commands.ftl
command-description-player-imm	unreferenced message	robust-toolbox\toolshed-commands.ftl
command-description-player-list	unreferenced message	robust-toolbox\toolshed-commands.ftl
command-description-player-self	unreferenced message	robust-toolbox\toolshed-commands.ftl
command-description-pos	unreferenced message	robust-toolbox\toolshed-commands.ftl
command-description-pow	unreferenced message	robust-toolbox\toolshed-commands.ftl
command-description-prototyped	unreferenced message	robust-toolbox\toolshed-commands.ftl
command-description-realtime	unreferenced message	robust-toolbox\toolshed-commands.ftl
command-description-reduce	unreferenced message	robust-toolbox\toolshed-commands.ftl
command-description-rep	unreferenced message	robust-toolbox\toolshed-commands.ftl
command-description-replace	unreferenced message	robust-toolbox\toolshed-commands.ftl
command-description-rng-from	unreferenced message	robust-toolbox\toolshed-commands.ftl
command-description-rng-prob	unreferenced message	robust-toolbox\toolshed-commands.ftl
command-description-rng-to	unreferenced message	robust-toolbox\toolshed-commands.ftl
command-description-root	unreferenced message	robust-toolbox\toolshed-commands.ftl
command-description-round	unreferenced message	robust-toolbox\toolshed-commands.ftl
command-description-round2frac	unreferenced message	robust-toolbox\toolshed-commands.ftl
command-description-s	unreferenced message	robust-toolbox\toolshed-commands.ftl
command-description-saturateto	unreferenced message	robust-toolbox\toolshed-commands.ftl
command-description-search	unreferenced message	robust-toolbox\toolshed-commands.ftl
command-description-select	unreferenced message	robust-toolbox\toolshed-commands.ftl
command-description-self	unreferenced message	robust-toolbox\toolshed-commands.ftl
command-description-servertime	unreferenced message	robust-toolbox\toolshed-commands.ftl
command-description-shortestbitlength	unreferenced message	robust-toolbox\toolshed-commands.ftl
command-description-significandbitcount	unreferenced message	robust-toolbox\toolshed-commands.ftl
command-description-significandbytecount	unreferenced message	robust-toolbox\toolshed-commands.ftl
command-description-sin	unreferenced message	robust-toolbox\toolshed-commands.ftl
command-description-sinpi	unreferenced message	robust-toolbox\toolshed-commands.ftl
command-description-sort	unreferenced message	robust-toolbox\toolshed-commands.ftl
command-description-sortby	unreferenced message	robust-toolbox\toolshed-commands.ftl
command-description-sortdown	unreferenced message	robust-toolbox\toolshed-commands.ftl
command-description-sortdownby	unreferenced message	robust-toolbox\toolshed-commands.ftl
command-description-sortmapby	unreferenced message	robust-toolbox\toolshed-commands.ftl
command-description-sortmapdownby	unreferenced message	robust-toolbox\toolshed-commands.ftl
command-description-spawn-at	unreferenced message	robust-toolbox\toolshed-commands.ftl
command-description-spawn-attached	unreferenced message	robust-toolbox\toolshed-commands.ftl
command-description-spawn-in	unreferenced message	robust-toolbox\toolshed-commands.ftl
command-description-spawn-on	unreferenced message	robust-toolbox\toolshed-commands.ftl
command-description-splat	unreferenced message	robust-toolbox\toolshed-commands.ftl
command-description-sqrt	unreferenced message	robust-toolbox\toolshed-commands.ftl
command-description-stepnext	unreferenced message	robust-toolbox\toolshed-commands.ftl
command-description-stepprev	unreferenced message	robust-toolbox\toolshed-commands.ftl
command-description-stopwatch	unreferenced message	robust-toolbox\toolshed-commands.ftl
command-description-sum	unreferenced message	robust-toolbox\toolshed-commands.ftl
command-description-take	unreferenced message	robust-toolbox\toolshed-commands.ftl
command-description-tan	unreferenced message	robust-toolbox\toolshed-commands.ftl
command-description-tanpi	unreferenced message	robust-toolbox\toolshed-commands.ftl
command-description-tee	unreferenced message	robust-toolbox\toolshed-commands.ftl
command-description-to	unreferenced message	robust-toolbox\toolshed-commands.ftl
command-description-tp-coords	unreferenced message	robust-toolbox\toolshed-commands.ftl
command-description-tp-into	unreferenced message	robust-toolbox\toolshed-commands.ftl
command-description-tp-to	unreferenced message	robust-toolbox\toolshed-commands.ftl
command-description-tpto	unreferenced message	robust-toolbox\toolshed-commands.ftl
command-description-trunc	unreferenced message	robust-toolbox\toolshed-commands.ftl
command-description-truncto	unreferenced message	robust-toolbox\toolshed-commands.ftl
command-description-types-consumers	unreferenced message	robust-toolbox\toolshed-commands.ftl
command-description-types-fullname	unreferenced message	robust-toolbox\toolshed-commands.ftl
command-description-types-gettype	unreferenced message	robust-toolbox\toolshed-commands.ftl
command-description-types-tree	unreferenced message	robust-toolbox\toolshed-commands.ftl
command-description-unique	unreferenced message	robust-toolbox\toolshed-commands.ftl
command-description-val	unreferenced message	robust-toolbox\toolshed-commands.ftl
command-description-var	unreferenced message	robust-toolbox\toolshed-commands.ftl
command-description-vars	unreferenced message	robust-toolbox\toolshed-commands.ftl
command-description-where	unreferenced message	robust-toolbox\toolshed-commands.ftl
command-description-with	unreferenced message	robust-toolbox\toolshed-commands.ftl
command-description-xenoartifact-addedge	unreferenced message	commands\toolshed\xenoartifact-command.ftl
command-description-xenoartifact-averageresearch	unreferenced message	commands\toolshed\xenoartifact-command.ftl
command-description-xenoartifact-createnode	unreferenced message	commands\toolshed\xenoartifact-command.ftl
command-description-xenoartifact-createnodeatdepth	unreferenced message	commands\toolshed\xenoartifact-command.ftl
command-description-xenoartifact-printmatrix	unreferenced message	commands\toolshed\xenoartifact-command.ftl
command-description-xenoartifact-removenode	unreferenced message	commands\toolshed\xenoartifact-command.ftl
command-description-xenoartifact-spawnartwithnode	unreferenced message	commands\toolshed\xenoartifact-command.ftl
command-description-xenoartifact-totalresearch	unreferenced message	commands\toolshed\xenoartifact-command.ftl
command-description-xenoartifact-unlockallNodes	unreferenced message	commands\toolshed\xenoartifact-command.ftl
command-description-xenoartifact-unlocknode	unreferenced message	commands\toolshed\xenoartifact-command.ftl
command-help-invertible	unreferenced message	robust-toolbox\toolshed-commands.ftl
command-help-usage	unreferenced message	robust-toolbox\toolshed-commands.ftl
command-spawnartifactwithnode-spawn-artifact-item-hint	unreferenced message	commands\toolshed\xenoartifact-command.ftl
command-spawnartifactwithnode-spawn-artifact-structure-hint	unreferenced message	commands\toolshed\xenoartifact-command.ftl
command-spawnartifactwithnode-spawn-artifact-type-hint	unreferenced message	commands\toolshed\xenoartifact-command.ftl
command-xenoartifact-common-node-hint	unreferenced message	commands\toolshed\xenoartifact-command.ftl
comms-console-alert-current-level-header	unreferenced message	communications\communications-console-component.ftl
comms-console-announce-tab-title	unreferenced message	communications\communications-console-component.ftl
comms-console-broadcast-tab-title	unreferenced message	communications\communications-console-component.ftl
comms-console-call-button-label	unreferenced message	communications\communications-console-component.ftl
comms-console-change-alert-level-button	unreferenced message	communications\communications-console-component.ftl
comms-console-char-limit	unreferenced message	communications\communications-console-component.ftl
comms-console-confirm-alert-level-button	unreferenced message	communications\communications-console-component.ftl
comms-console-level-Blue-flavour-label	unreferenced message	communications\communications-console-component.ftl
comms-console-level-Delta-flavour-label	unreferenced message	communications\communications-console-component.ftl
comms-console-level-DeltaNuke-flavour-label	unreferenced message	communications\communications-console-component.ftl
comms-console-level-Epsilon-flavour-label	unreferenced message	communications\communications-console-component.ftl
comms-console-level-Gamma-flavour-label	unreferenced message	communications\communications-console-component.ftl
comms-console-level-Green-flavour-label	unreferenced message	communications\communications-console-component.ftl
comms-console-level-Red-flavour-label	unreferenced message	communications\communications-console-component.ftl
comms-console-level-Violet-flavour-label	unreferenced message	communications\communications-console-component.ftl
comms-console-level-Yellow-flavour-label	unreferenced message	communications\communications-console-component.ftl
comms-console-menu-broadcast-bottom-placeholder	unreferenced message	communications\communications-console-component.ftl
comms-console-menu-broadcast-placeholder	unreferenced message	communications\communications-console-component.ftl
comms-console-message-cannot-send	unreferenced message	communications\communications-console-component.ftl
comms-console-recall-button-label	unreferenced message	communications\communications-console-component.ftl
comms-console-shuttle-controls-header	unreferenced message	communications\communications-console-component.ftl
comms-console-shuttle-status-label	unreferenced message	communications\communications-console-component.ftl
comms-console-station-announcements-header	unreferenced message	communications\communications-console-component.ftl
comms-console-station-broadcast-header	unreferenced message	communications\communications-console-component.ftl
comp-entity-provider-cannot-receive	unreferenced message	storage\components\entity-provider-component.ftl
comp-entity-provider-cannot-transfer	unreferenced message	storage\components\entity-provider-component.ftl
comp-entity-provider-no-ejected	unreferenced message	storage\components\entity-provider-component.ftl
comp-gas-filter-filtered-gas-examine	unreferenced message	components\gas-filter-component.ftl
comp-gas-mixer-ratio-examine	unreferenced message	components\gas-mixer-component.ftl
comp-kitchen-spike-butcher-empty	unreferenced message	kitchen\components\kitchen-spike-component.ftl
comp-kitchen-spike-need-tool-quality	unreferenced message	kitchen\components\kitchen-spike-component.ftl
comp-light-bulb-black	unreferenced message	light\components\light-replacer-component.ftl
comp-light-bulb-blue	unreferenced message	light\components\light-replacer-component.ftl
comp-light-bulb-cyan	unreferenced message	light\components\light-replacer-component.ftl
comp-light-bulb-dim	unreferenced message	light\components\light-replacer-component.ftl
comp-light-bulb-exterior	unreferenced message	light\components\light-replacer-component.ftl
comp-light-bulb-fluorescent	unreferenced message	light\components\light-replacer-component.ftl
comp-light-bulb-green	unreferenced message	light\components\light-replacer-component.ftl
comp-light-bulb-incandescent	unreferenced message	light\components\light-replacer-component.ftl
comp-light-bulb-led	unreferenced message	light\components\light-replacer-component.ftl
comp-light-bulb-old	unreferenced message	light\components\light-replacer-component.ftl
comp-light-bulb-orange	unreferenced message	light\components\light-replacer-component.ftl
comp-light-bulb-pink	unreferenced message	light\components\light-replacer-component.ftl
comp-light-bulb-red	unreferenced message	light\components\light-replacer-component.ftl
comp-light-bulb-service	unreferenced message	light\components\light-replacer-component.ftl
comp-light-bulb-sodium	unreferenced message	light\components\light-replacer-component.ftl
comp-light-bulb-warm	unreferenced message	light\components\light-replacer-component.ftl
comp-light-bulb-yellow	unreferenced message	light\components\light-replacer-component.ftl
comp-light-replacer-eject-specified-lights	unreferenced message	light\components\light-replacer-component.ftl
comp-light-replacer-label	unreferenced message	light\components\light-replacer-component.ftl
comp-light-replacer-open-empty	unreferenced message	light\components\light-replacer-component.ftl
comp-light-replacer-same-light	unreferenced message	light\components\light-replacer-component.ftl
comp-light-replacer-select-lights	unreferenced message	light\components\light-replacer-component.ftl
console-line-edit-placeholder	unreferenced message	robust-toolbox\custom-controls.ftl
construction-category-atmospherics	unreferenced message	construction\construction-categories.ftl
construction-component-to-create-prototype-header	unreferenced message	construction\components\construction-component.ftl
construction-menu-history-select-next-recipe	unreferenced message	construction\ui\construction-menu.ftl
construction-menu-history-select-previous-recipe	unreferenced message	construction\ui\construction-menu.ftl
construction-step-condition-against-wall	unreferenced message	construction\conditions\against-wall.ftl
container-vehicle-entry-denied	unreferenced message	vehicle\vehicle.ftl
container-vehicle-operator-removal-started	unreferenced message	vehicle\vehicle.ftl
container-vehicle-verb-enter	unreferenced message	vehicle\vehicle.ftl
container-vehicle-verb-remove-operator	unreferenced message	vehicle\vehicle.ftl
contraband-examine-text-Corvax131	unreferenced message	contraband\corvax-contraband-severity.ftl
contraband-examine-text-Corvax431	unreferenced message	contraband\corvax-contraband-severity.ftl
contraband-examine-text-Corvax432	unreferenced message	contraband\corvax-contraband-severity.ftl
contraband-examine-text-Corvax433	unreferenced message	contraband\corvax-contraband-severity.ftl
contraband-examine-text-Corvax434	unreferenced message	contraband\corvax-contraband-severity.ftl
contraband-examine-text-Corvax435	unreferenced message	contraband\corvax-contraband-severity.ftl
contraband-examine-text-Corvax436	unreferenced message	contraband\corvax-contraband-severity.ftl
contraband-examine-text-Corvax442	unreferenced message	contraband\corvax-contraband-severity.ftl
contraband-examine-text-Corvax443	unreferenced message	contraband\corvax-contraband-severity.ftl
contraband-examine-text-Corvax444	unreferenced message	contraband\corvax-contraband-severity.ftl
contraband-examine-text-Corvax445	unreferenced message	contraband\corvax-contraband-severity.ftl
corvax-accent-cowboy-replacement-1	unreferenced message	corvax\accent\cowboy.ftl
corvax-accent-cowboy-replacement-10	unreferenced message	corvax\accent\cowboy.ftl
corvax-accent-cowboy-replacement-11	unreferenced message	corvax\accent\cowboy.ftl
corvax-accent-cowboy-replacement-12	unreferenced message	corvax\accent\cowboy.ftl
corvax-accent-cowboy-replacement-13	unreferenced message	corvax\accent\cowboy.ftl
corvax-accent-cowboy-replacement-14	unreferenced message	corvax\accent\cowboy.ftl
corvax-accent-cowboy-replacement-15	unreferenced message	corvax\accent\cowboy.ftl
corvax-accent-cowboy-replacement-16	unreferenced message	corvax\accent\cowboy.ftl
corvax-accent-cowboy-replacement-17	unreferenced message	corvax\accent\cowboy.ftl
corvax-accent-cowboy-replacement-18	unreferenced message	corvax\accent\cowboy.ftl
corvax-accent-cowboy-replacement-19	unreferenced message	corvax\accent\cowboy.ftl
corvax-accent-cowboy-replacement-2	unreferenced message	corvax\accent\cowboy.ftl
corvax-accent-cowboy-replacement-20	unreferenced message	corvax\accent\cowboy.ftl
corvax-accent-cowboy-replacement-21	unreferenced message	corvax\accent\cowboy.ftl
corvax-accent-cowboy-replacement-22	unreferenced message	corvax\accent\cowboy.ftl
corvax-accent-cowboy-replacement-23	unreferenced message	corvax\accent\cowboy.ftl
corvax-accent-cowboy-replacement-24	unreferenced message	corvax\accent\cowboy.ftl
corvax-accent-cowboy-replacement-25	unreferenced message	corvax\accent\cowboy.ftl
corvax-accent-cowboy-replacement-26	unreferenced message	corvax\accent\cowboy.ftl
corvax-accent-cowboy-replacement-27	unreferenced message	corvax\accent\cowboy.ftl
corvax-accent-cowboy-replacement-28	unreferenced message	corvax\accent\cowboy.ftl
corvax-accent-cowboy-replacement-29	unreferenced message	corvax\accent\cowboy.ftl
corvax-accent-cowboy-replacement-3	unreferenced message	corvax\accent\cowboy.ftl
corvax-accent-cowboy-replacement-30	unreferenced message	corvax\accent\cowboy.ftl
corvax-accent-cowboy-replacement-31	unreferenced message	corvax\accent\cowboy.ftl
corvax-accent-cowboy-replacement-32	unreferenced message	corvax\accent\cowboy.ftl
corvax-accent-cowboy-replacement-33	unreferenced message	corvax\accent\cowboy.ftl
corvax-accent-cowboy-replacement-34	unreferenced message	corvax\accent\cowboy.ftl
corvax-accent-cowboy-replacement-35	unreferenced message	corvax\accent\cowboy.ftl
corvax-accent-cowboy-replacement-36	unreferenced message	corvax\accent\cowboy.ftl
corvax-accent-cowboy-replacement-37	unreferenced message	corvax\accent\cowboy.ftl
corvax-accent-cowboy-replacement-38	unreferenced message	corvax\accent\cowboy.ftl
corvax-accent-cowboy-replacement-39	unreferenced message	corvax\accent\cowboy.ftl
corvax-accent-cowboy-replacement-4	unreferenced message	corvax\accent\cowboy.ftl
corvax-accent-cowboy-replacement-40	unreferenced message	corvax\accent\cowboy.ftl
corvax-accent-cowboy-replacement-41	unreferenced message	corvax\accent\cowboy.ftl
corvax-accent-cowboy-replacement-42	unreferenced message	corvax\accent\cowboy.ftl
corvax-accent-cowboy-replacement-43	unreferenced message	corvax\accent\cowboy.ftl
corvax-accent-cowboy-replacement-44	unreferenced message	corvax\accent\cowboy.ftl
corvax-accent-cowboy-replacement-45	unreferenced message	corvax\accent\cowboy.ftl
corvax-accent-cowboy-replacement-46	unreferenced message	corvax\accent\cowboy.ftl
corvax-accent-cowboy-replacement-47	unreferenced message	corvax\accent\cowboy.ftl
corvax-accent-cowboy-replacement-48	unreferenced message	corvax\accent\cowboy.ftl
corvax-accent-cowboy-replacement-49	unreferenced message	corvax\accent\cowboy.ftl
corvax-accent-cowboy-replacement-5	unreferenced message	corvax\accent\cowboy.ftl
corvax-accent-cowboy-replacement-50	unreferenced message	corvax\accent\cowboy.ftl
corvax-accent-cowboy-replacement-51	unreferenced message	corvax\accent\cowboy.ftl
corvax-accent-cowboy-replacement-52	unreferenced message	corvax\accent\cowboy.ftl
corvax-accent-cowboy-replacement-53	unreferenced message	corvax\accent\cowboy.ftl
corvax-accent-cowboy-replacement-54	unreferenced message	corvax\accent\cowboy.ftl
corvax-accent-cowboy-replacement-55	unreferenced message	corvax\accent\cowboy.ftl
corvax-accent-cowboy-replacement-56	unreferenced message	corvax\accent\cowboy.ftl
corvax-accent-cowboy-replacement-57	unreferenced message	corvax\accent\cowboy.ftl
corvax-accent-cowboy-replacement-6	unreferenced message	corvax\accent\cowboy.ftl
corvax-accent-cowboy-replacement-7	unreferenced message	corvax\accent\cowboy.ftl
corvax-accent-cowboy-replacement-8	unreferenced message	corvax\accent\cowboy.ftl
corvax-accent-cowboy-replacement-9	unreferenced message	corvax\accent\cowboy.ftl
corvax-accent-cowboy-words-1	unreferenced message	corvax\accent\cowboy.ftl
corvax-accent-cowboy-words-1001	unreferenced message	corvax\accent\cowboy.ftl
corvax-accent-cowboy-words-1002	unreferenced message	corvax\accent\cowboy.ftl
corvax-accent-cowboy-words-1101	unreferenced message	corvax\accent\cowboy.ftl
corvax-accent-cowboy-words-1102	unreferenced message	corvax\accent\cowboy.ftl
corvax-accent-cowboy-words-1201	unreferenced message	corvax\accent\cowboy.ftl
corvax-accent-cowboy-words-1202	unreferenced message	corvax\accent\cowboy.ftl
corvax-accent-cowboy-words-13	unreferenced message	corvax\accent\cowboy.ftl
corvax-accent-cowboy-words-1401	unreferenced message	corvax\accent\cowboy.ftl
corvax-accent-cowboy-words-1402	unreferenced message	corvax\accent\cowboy.ftl
corvax-accent-cowboy-words-15	unreferenced message	corvax\accent\cowboy.ftl
corvax-accent-cowboy-words-16	unreferenced message	corvax\accent\cowboy.ftl
corvax-accent-cowboy-words-1701	unreferenced message	corvax\accent\cowboy.ftl
corvax-accent-cowboy-words-1702	unreferenced message	corvax\accent\cowboy.ftl
corvax-accent-cowboy-words-1801	unreferenced message	corvax\accent\cowboy.ftl
corvax-accent-cowboy-words-1802	unreferenced message	corvax\accent\cowboy.ftl
corvax-accent-cowboy-words-1803	unreferenced message	corvax\accent\cowboy.ftl
corvax-accent-cowboy-words-1901	unreferenced message	corvax\accent\cowboy.ftl
corvax-accent-cowboy-words-1902	unreferenced message	corvax\accent\cowboy.ftl
corvax-accent-cowboy-words-2	unreferenced message	corvax\accent\cowboy.ftl
corvax-accent-cowboy-words-20	unreferenced message	corvax\accent\cowboy.ftl
corvax-accent-cowboy-words-21	unreferenced message	corvax\accent\cowboy.ftl
corvax-accent-cowboy-words-22	unreferenced message	corvax\accent\cowboy.ftl
corvax-accent-cowboy-words-23	unreferenced message	corvax\accent\cowboy.ftl
corvax-accent-cowboy-words-24	unreferenced message	corvax\accent\cowboy.ftl
corvax-accent-cowboy-words-2401	unreferenced message	corvax\accent\cowboy.ftl
corvax-accent-cowboy-words-2402	unreferenced message	corvax\accent\cowboy.ftl
corvax-accent-cowboy-words-2403	unreferenced message	corvax\accent\cowboy.ftl
corvax-accent-cowboy-words-2404	unreferenced message	corvax\accent\cowboy.ftl
corvax-accent-cowboy-words-2501	unreferenced message	corvax\accent\cowboy.ftl
corvax-accent-cowboy-words-2502	unreferenced message	corvax\accent\cowboy.ftl
corvax-accent-cowboy-words-2503	unreferenced message	corvax\accent\cowboy.ftl
corvax-accent-cowboy-words-26	unreferenced message	corvax\accent\cowboy.ftl
corvax-accent-cowboy-words-27	unreferenced message	corvax\accent\cowboy.ftl
corvax-accent-cowboy-words-28	unreferenced message	corvax\accent\cowboy.ftl
corvax-accent-cowboy-words-29	unreferenced message	corvax\accent\cowboy.ftl
corvax-accent-cowboy-words-30	unreferenced message	corvax\accent\cowboy.ftl
corvax-accent-cowboy-words-301	unreferenced message	corvax\accent\cowboy.ftl
corvax-accent-cowboy-words-302	unreferenced message	corvax\accent\cowboy.ftl
corvax-accent-cowboy-words-31	unreferenced message	corvax\accent\cowboy.ftl
corvax-accent-cowboy-words-32	unreferenced message	corvax\accent\cowboy.ftl
corvax-accent-cowboy-words-33	unreferenced message	corvax\accent\cowboy.ftl
corvax-accent-cowboy-words-34	unreferenced message	corvax\accent\cowboy.ftl
corvax-accent-cowboy-words-35	unreferenced message	corvax\accent\cowboy.ftl
corvax-accent-cowboy-words-36	unreferenced message	corvax\accent\cowboy.ftl
corvax-accent-cowboy-words-3701	unreferenced message	corvax\accent\cowboy.ftl
corvax-accent-cowboy-words-3702	unreferenced message	corvax\accent\cowboy.ftl
corvax-accent-cowboy-words-38	unreferenced message	corvax\accent\cowboy.ftl
corvax-accent-cowboy-words-39	unreferenced message	corvax\accent\cowboy.ftl
corvax-accent-cowboy-words-4	unreferenced message	corvax\accent\cowboy.ftl
corvax-accent-cowboy-words-40	unreferenced message	corvax\accent\cowboy.ftl
corvax-accent-cowboy-words-41	unreferenced message	corvax\accent\cowboy.ftl
corvax-accent-cowboy-words-42	unreferenced message	corvax\accent\cowboy.ftl
corvax-accent-cowboy-words-43	unreferenced message	corvax\accent\cowboy.ftl
corvax-accent-cowboy-words-44	unreferenced message	corvax\accent\cowboy.ftl
corvax-accent-cowboy-words-45	unreferenced message	corvax\accent\cowboy.ftl
corvax-accent-cowboy-words-46	unreferenced message	corvax\accent\cowboy.ftl
corvax-accent-cowboy-words-47	unreferenced message	corvax\accent\cowboy.ftl
corvax-accent-cowboy-words-48	unreferenced message	corvax\accent\cowboy.ftl
corvax-accent-cowboy-words-49	unreferenced message	corvax\accent\cowboy.ftl
corvax-accent-cowboy-words-50	unreferenced message	corvax\accent\cowboy.ftl
corvax-accent-cowboy-words-501	unreferenced message	corvax\accent\cowboy.ftl
corvax-accent-cowboy-words-502	unreferenced message	corvax\accent\cowboy.ftl
corvax-accent-cowboy-words-51	unreferenced message	corvax\accent\cowboy.ftl
corvax-accent-cowboy-words-52	unreferenced message	corvax\accent\cowboy.ftl
corvax-accent-cowboy-words-53	unreferenced message	corvax\accent\cowboy.ftl
corvax-accent-cowboy-words-54	unreferenced message	corvax\accent\cowboy.ftl
corvax-accent-cowboy-words-5501	unreferenced message	corvax\accent\cowboy.ftl
corvax-accent-cowboy-words-5502	unreferenced message	corvax\accent\cowboy.ftl
corvax-accent-cowboy-words-56	unreferenced message	corvax\accent\cowboy.ftl
corvax-accent-cowboy-words-57	unreferenced message	corvax\accent\cowboy.ftl
corvax-accent-cowboy-words-601	unreferenced message	corvax\accent\cowboy.ftl
corvax-accent-cowboy-words-602	unreferenced message	corvax\accent\cowboy.ftl
corvax-accent-cowboy-words-7	unreferenced message	corvax\accent\cowboy.ftl
corvax-accent-cowboy-words-8	unreferenced message	corvax\accent\cowboy.ftl
corvax-accent-cowboy-words-9	unreferenced message	corvax\accent\cowboy.ftl
corvax-chatsan-replacement-1	unreferenced message	corvax\speech\speech-chatsan.ftl
corvax-chatsan-replacement-10	unreferenced message	corvax\speech\speech-chatsan.ftl
corvax-chatsan-replacement-100	unreferenced message	corvax\speech\speech-chatsan.ftl
corvax-chatsan-replacement-101	unreferenced message	corvax\speech\speech-chatsan.ftl
corvax-chatsan-replacement-102	unreferenced message	corvax\speech\speech-chatsan.ftl
corvax-chatsan-replacement-103	unreferenced message	corvax\speech\speech-chatsan.ftl
corvax-chatsan-replacement-104	unreferenced message	corvax\speech\speech-chatsan.ftl
corvax-chatsan-replacement-105	unreferenced message	corvax\speech\speech-chatsan.ftl
corvax-chatsan-replacement-106	unreferenced message	corvax\speech\speech-chatsan.ftl
corvax-chatsan-replacement-107	unreferenced message	corvax\speech\speech-chatsan.ftl
corvax-chatsan-replacement-108	unreferenced message	corvax\speech\speech-chatsan.ftl
corvax-chatsan-replacement-109	unreferenced message	corvax\speech\speech-chatsan.ftl
corvax-chatsan-replacement-11	unreferenced message	corvax\speech\speech-chatsan.ftl
corvax-chatsan-replacement-110	unreferenced message	corvax\speech\speech-chatsan.ftl
corvax-chatsan-replacement-111	unreferenced message	corvax\speech\speech-chatsan.ftl
corvax-chatsan-replacement-112	unreferenced message	corvax\speech\speech-chatsan.ftl
corvax-chatsan-replacement-113	unreferenced message	corvax\speech\speech-chatsan.ftl
corvax-chatsan-replacement-114	unreferenced message	corvax\speech\speech-chatsan.ftl
corvax-chatsan-replacement-115	unreferenced message	corvax\speech\speech-chatsan.ftl
corvax-chatsan-replacement-116	unreferenced message	corvax\speech\speech-chatsan.ftl
corvax-chatsan-replacement-117	unreferenced message	corvax\speech\speech-chatsan.ftl
corvax-chatsan-replacement-118	unreferenced message	corvax\speech\speech-chatsan.ftl
corvax-chatsan-replacement-119	unreferenced message	corvax\speech\speech-chatsan.ftl
corvax-chatsan-replacement-12	unreferenced message	corvax\speech\speech-chatsan.ftl
corvax-chatsan-replacement-120	unreferenced message	corvax\speech\speech-chatsan.ftl
corvax-chatsan-replacement-121	unreferenced message	corvax\speech\speech-chatsan.ftl
corvax-chatsan-replacement-122	unreferenced message	corvax\speech\speech-chatsan.ftl
corvax-chatsan-replacement-123	unreferenced message	corvax\speech\speech-chatsan.ftl
corvax-chatsan-replacement-124	unreferenced message	corvax\speech\speech-chatsan.ftl
corvax-chatsan-replacement-125	unreferenced message	corvax\speech\speech-chatsan.ftl
corvax-chatsan-replacement-126	unreferenced message	corvax\speech\speech-chatsan.ftl
corvax-chatsan-replacement-13	unreferenced message	corvax\speech\speech-chatsan.ftl
corvax-chatsan-replacement-14	unreferenced message	corvax\speech\speech-chatsan.ftl
corvax-chatsan-replacement-15	unreferenced message	corvax\speech\speech-chatsan.ftl
corvax-chatsan-replacement-16	unreferenced message	corvax\speech\speech-chatsan.ftl
corvax-chatsan-replacement-17	unreferenced message	corvax\speech\speech-chatsan.ftl
corvax-chatsan-replacement-18	unreferenced message	corvax\speech\speech-chatsan.ftl
corvax-chatsan-replacement-19	unreferenced message	corvax\speech\speech-chatsan.ftl
corvax-chatsan-replacement-2	unreferenced message	corvax\speech\speech-chatsan.ftl
corvax-chatsan-replacement-20	unreferenced message	corvax\speech\speech-chatsan.ftl
corvax-chatsan-replacement-21	unreferenced message	corvax\speech\speech-chatsan.ftl
corvax-chatsan-replacement-22	unreferenced message	corvax\speech\speech-chatsan.ftl
corvax-chatsan-replacement-23	unreferenced message	corvax\speech\speech-chatsan.ftl
corvax-chatsan-replacement-24	unreferenced message	corvax\speech\speech-chatsan.ftl
corvax-chatsan-replacement-25	unreferenced message	corvax\speech\speech-chatsan.ftl
corvax-chatsan-replacement-26	unreferenced message	corvax\speech\speech-chatsan.ftl
corvax-chatsan-replacement-27	unreferenced message	corvax\speech\speech-chatsan.ftl
corvax-chatsan-replacement-28	unreferenced message	corvax\speech\speech-chatsan.ftl
corvax-chatsan-replacement-29	unreferenced message	corvax\speech\speech-chatsan.ftl
corvax-chatsan-replacement-3	unreferenced message	corvax\speech\speech-chatsan.ftl
corvax-chatsan-replacement-30	unreferenced message	corvax\speech\speech-chatsan.ftl
corvax-chatsan-replacement-31	unreferenced message	corvax\speech\speech-chatsan.ftl
corvax-chatsan-replacement-32	unreferenced message	corvax\speech\speech-chatsan.ftl
corvax-chatsan-replacement-33	unreferenced message	corvax\speech\speech-chatsan.ftl
corvax-chatsan-replacement-34	unreferenced message	corvax\speech\speech-chatsan.ftl
corvax-chatsan-replacement-35	unreferenced message	corvax\speech\speech-chatsan.ftl
corvax-chatsan-replacement-36	unreferenced message	corvax\speech\speech-chatsan.ftl
corvax-chatsan-replacement-37	unreferenced message	corvax\speech\speech-chatsan.ftl
corvax-chatsan-replacement-38	unreferenced message	corvax\speech\speech-chatsan.ftl
corvax-chatsan-replacement-39	unreferenced message	corvax\speech\speech-chatsan.ftl
corvax-chatsan-replacement-4	unreferenced message	corvax\speech\speech-chatsan.ftl
corvax-chatsan-replacement-40	unreferenced message	corvax\speech\speech-chatsan.ftl
corvax-chatsan-replacement-41	unreferenced message	corvax\speech\speech-chatsan.ftl
corvax-chatsan-replacement-42	unreferenced message	corvax\speech\speech-chatsan.ftl
corvax-chatsan-replacement-43	unreferenced message	corvax\speech\speech-chatsan.ftl
corvax-chatsan-replacement-44	unreferenced message	corvax\speech\speech-chatsan.ftl
corvax-chatsan-replacement-45	unreferenced message	corvax\speech\speech-chatsan.ftl
corvax-chatsan-replacement-46	unreferenced message	corvax\speech\speech-chatsan.ftl
corvax-chatsan-replacement-47	unreferenced message	corvax\speech\speech-chatsan.ftl
corvax-chatsan-replacement-48	unreferenced message	corvax\speech\speech-chatsan.ftl
corvax-chatsan-replacement-49	unreferenced message	corvax\speech\speech-chatsan.ftl
corvax-chatsan-replacement-5	unreferenced message	corvax\speech\speech-chatsan.ftl
corvax-chatsan-replacement-50	unreferenced message	corvax\speech\speech-chatsan.ftl
corvax-chatsan-replacement-51	unreferenced message	corvax\speech\speech-chatsan.ftl
corvax-chatsan-replacement-52	unreferenced message	corvax\speech\speech-chatsan.ftl
corvax-chatsan-replacement-53	unreferenced message	corvax\speech\speech-chatsan.ftl
corvax-chatsan-replacement-54	unreferenced message	corvax\speech\speech-chatsan.ftl
corvax-chatsan-replacement-55	unreferenced message	corvax\speech\speech-chatsan.ftl
corvax-chatsan-replacement-56	unreferenced message	corvax\speech\speech-chatsan.ftl
corvax-chatsan-replacement-57	unreferenced message	corvax\speech\speech-chatsan.ftl
corvax-chatsan-replacement-58	unreferenced message	corvax\speech\speech-chatsan.ftl
corvax-chatsan-replacement-59	unreferenced message	corvax\speech\speech-chatsan.ftl
corvax-chatsan-replacement-6	unreferenced message	corvax\speech\speech-chatsan.ftl
corvax-chatsan-replacement-60	unreferenced message	corvax\speech\speech-chatsan.ftl
corvax-chatsan-replacement-61	unreferenced message	corvax\speech\speech-chatsan.ftl
corvax-chatsan-replacement-62	unreferenced message	corvax\speech\speech-chatsan.ftl
corvax-chatsan-replacement-63	unreferenced message	corvax\speech\speech-chatsan.ftl
corvax-chatsan-replacement-64	unreferenced message	corvax\speech\speech-chatsan.ftl
corvax-chatsan-replacement-65	unreferenced message	corvax\speech\speech-chatsan.ftl
corvax-chatsan-replacement-66	unreferenced message	corvax\speech\speech-chatsan.ftl
corvax-chatsan-replacement-67	unreferenced message	corvax\speech\speech-chatsan.ftl
corvax-chatsan-replacement-68	unreferenced message	corvax\speech\speech-chatsan.ftl
corvax-chatsan-replacement-69	unreferenced message	corvax\speech\speech-chatsan.ftl
corvax-chatsan-replacement-7	unreferenced message	corvax\speech\speech-chatsan.ftl
corvax-chatsan-replacement-70	unreferenced message	corvax\speech\speech-chatsan.ftl
corvax-chatsan-replacement-71	unreferenced message	corvax\speech\speech-chatsan.ftl
corvax-chatsan-replacement-72	unreferenced message	corvax\speech\speech-chatsan.ftl
corvax-chatsan-replacement-73	unreferenced message	corvax\speech\speech-chatsan.ftl
corvax-chatsan-replacement-74	unreferenced message	corvax\speech\speech-chatsan.ftl
corvax-chatsan-replacement-75	unreferenced message	corvax\speech\speech-chatsan.ftl
corvax-chatsan-replacement-76	unreferenced message	corvax\speech\speech-chatsan.ftl
corvax-chatsan-replacement-77	unreferenced message	corvax\speech\speech-chatsan.ftl
corvax-chatsan-replacement-78	unreferenced message	corvax\speech\speech-chatsan.ftl
corvax-chatsan-replacement-79	unreferenced message	corvax\speech\speech-chatsan.ftl
corvax-chatsan-replacement-8	unreferenced message	corvax\speech\speech-chatsan.ftl
corvax-chatsan-replacement-80	unreferenced message	corvax\speech\speech-chatsan.ftl
corvax-chatsan-replacement-81	unreferenced message	corvax\speech\speech-chatsan.ftl
corvax-chatsan-replacement-82	unreferenced message	corvax\speech\speech-chatsan.ftl
corvax-chatsan-replacement-83	unreferenced message	corvax\speech\speech-chatsan.ftl
corvax-chatsan-replacement-84	unreferenced message	corvax\speech\speech-chatsan.ftl
corvax-chatsan-replacement-85	unreferenced message	corvax\speech\speech-chatsan.ftl
corvax-chatsan-replacement-86	unreferenced message	corvax\speech\speech-chatsan.ftl
corvax-chatsan-replacement-87	unreferenced message	corvax\speech\speech-chatsan.ftl
corvax-chatsan-replacement-88	unreferenced message	corvax\speech\speech-chatsan.ftl
corvax-chatsan-replacement-89	unreferenced message	corvax\speech\speech-chatsan.ftl
corvax-chatsan-replacement-9	unreferenced message	corvax\speech\speech-chatsan.ftl
corvax-chatsan-replacement-90	unreferenced message	corvax\speech\speech-chatsan.ftl
corvax-chatsan-replacement-91	unreferenced message	corvax\speech\speech-chatsan.ftl
corvax-chatsan-replacement-92	unreferenced message	corvax\speech\speech-chatsan.ftl
corvax-chatsan-replacement-93	unreferenced message	corvax\speech\speech-chatsan.ftl
corvax-chatsan-replacement-94	unreferenced message	corvax\speech\speech-chatsan.ftl
corvax-chatsan-replacement-95	unreferenced message	corvax\speech\speech-chatsan.ftl
corvax-chatsan-replacement-96	unreferenced message	corvax\speech\speech-chatsan.ftl
corvax-chatsan-replacement-97	unreferenced message	corvax\speech\speech-chatsan.ftl
corvax-chatsan-replacement-98	unreferenced message	corvax\speech\speech-chatsan.ftl
corvax-chatsan-replacement-99	unreferenced message	corvax\speech\speech-chatsan.ftl
corvax-chatsan-word-1	unreferenced message	corvax\speech\speech-chatsan.ftl
corvax-chatsan-word-10	unreferenced message	corvax\speech\speech-chatsan.ftl
corvax-chatsan-word-100	unreferenced message	corvax\speech\speech-chatsan.ftl
corvax-chatsan-word-101	unreferenced message	corvax\speech\speech-chatsan.ftl
corvax-chatsan-word-102	unreferenced message	corvax\speech\speech-chatsan.ftl
corvax-chatsan-word-103	unreferenced message	corvax\speech\speech-chatsan.ftl
corvax-chatsan-word-104	unreferenced message	corvax\speech\speech-chatsan.ftl
corvax-chatsan-word-105	unreferenced message	corvax\speech\speech-chatsan.ftl
corvax-chatsan-word-106	unreferenced message	corvax\speech\speech-chatsan.ftl
corvax-chatsan-word-107	unreferenced message	corvax\speech\speech-chatsan.ftl
corvax-chatsan-word-108	unreferenced message	corvax\speech\speech-chatsan.ftl
corvax-chatsan-word-109	unreferenced message	corvax\speech\speech-chatsan.ftl
corvax-chatsan-word-11	unreferenced message	corvax\speech\speech-chatsan.ftl
corvax-chatsan-word-110	unreferenced message	corvax\speech\speech-chatsan.ftl
corvax-chatsan-word-111	unreferenced message	corvax\speech\speech-chatsan.ftl
corvax-chatsan-word-112	unreferenced message	corvax\speech\speech-chatsan.ftl
corvax-chatsan-word-113	unreferenced message	corvax\speech\speech-chatsan.ftl
corvax-chatsan-word-114	unreferenced message	corvax\speech\speech-chatsan.ftl
corvax-chatsan-word-115	unreferenced message	corvax\speech\speech-chatsan.ftl
corvax-chatsan-word-116	unreferenced message	corvax\speech\speech-chatsan.ftl
corvax-chatsan-word-117	unreferenced message	corvax\speech\speech-chatsan.ftl
corvax-chatsan-word-118	unreferenced message	corvax\speech\speech-chatsan.ftl
corvax-chatsan-word-119	unreferenced message	corvax\speech\speech-chatsan.ftl
corvax-chatsan-word-12	unreferenced message	corvax\speech\speech-chatsan.ftl
corvax-chatsan-word-120	unreferenced message	corvax\speech\speech-chatsan.ftl
corvax-chatsan-word-121	unreferenced message	corvax\speech\speech-chatsan.ftl
corvax-chatsan-word-122	unreferenced message	corvax\speech\speech-chatsan.ftl
corvax-chatsan-word-123	unreferenced message	corvax\speech\speech-chatsan.ftl
corvax-chatsan-word-124	unreferenced message	corvax\speech\speech-chatsan.ftl
corvax-chatsan-word-125	unreferenced message	corvax\speech\speech-chatsan.ftl
corvax-chatsan-word-126	unreferenced message	corvax\speech\speech-chatsan.ftl
corvax-chatsan-word-13	unreferenced message	corvax\speech\speech-chatsan.ftl
corvax-chatsan-word-14	unreferenced message	corvax\speech\speech-chatsan.ftl
corvax-chatsan-word-15	unreferenced message	corvax\speech\speech-chatsan.ftl
corvax-chatsan-word-16	unreferenced message	corvax\speech\speech-chatsan.ftl
corvax-chatsan-word-17	unreferenced message	corvax\speech\speech-chatsan.ftl
corvax-chatsan-word-18	unreferenced message	corvax\speech\speech-chatsan.ftl
corvax-chatsan-word-19	unreferenced message	corvax\speech\speech-chatsan.ftl
corvax-chatsan-word-2	unreferenced message	corvax\speech\speech-chatsan.ftl
corvax-chatsan-word-20	unreferenced message	corvax\speech\speech-chatsan.ftl
corvax-chatsan-word-21	unreferenced message	corvax\speech\speech-chatsan.ftl
corvax-chatsan-word-22	unreferenced message	corvax\speech\speech-chatsan.ftl
corvax-chatsan-word-23	unreferenced message	corvax\speech\speech-chatsan.ftl
corvax-chatsan-word-24	unreferenced message	corvax\speech\speech-chatsan.ftl
corvax-chatsan-word-25	unreferenced message	corvax\speech\speech-chatsan.ftl
corvax-chatsan-word-26	unreferenced message	corvax\speech\speech-chatsan.ftl
corvax-chatsan-word-27	unreferenced message	corvax\speech\speech-chatsan.ftl
corvax-chatsan-word-28	unreferenced message	corvax\speech\speech-chatsan.ftl
corvax-chatsan-word-29	unreferenced message	corvax\speech\speech-chatsan.ftl
corvax-chatsan-word-3	unreferenced message	corvax\speech\speech-chatsan.ftl
corvax-chatsan-word-30	unreferenced message	corvax\speech\speech-chatsan.ftl
corvax-chatsan-word-31	unreferenced message	corvax\speech\speech-chatsan.ftl
corvax-chatsan-word-32	unreferenced message	corvax\speech\speech-chatsan.ftl
corvax-chatsan-word-33	unreferenced message	corvax\speech\speech-chatsan.ftl
corvax-chatsan-word-34	unreferenced message	corvax\speech\speech-chatsan.ftl
corvax-chatsan-word-35	unreferenced message	corvax\speech\speech-chatsan.ftl
corvax-chatsan-word-36	unreferenced message	corvax\speech\speech-chatsan.ftl
corvax-chatsan-word-37	unreferenced message	corvax\speech\speech-chatsan.ftl
corvax-chatsan-word-38	unreferenced message	corvax\speech\speech-chatsan.ftl
corvax-chatsan-word-39	unreferenced message	corvax\speech\speech-chatsan.ftl
corvax-chatsan-word-4	unreferenced message	corvax\speech\speech-chatsan.ftl
corvax-chatsan-word-40	unreferenced message	corvax\speech\speech-chatsan.ftl
corvax-chatsan-word-41	unreferenced message	corvax\speech\speech-chatsan.ftl
corvax-chatsan-word-42	unreferenced message	corvax\speech\speech-chatsan.ftl
corvax-chatsan-word-43	unreferenced message	corvax\speech\speech-chatsan.ftl
corvax-chatsan-word-44	unreferenced message	corvax\speech\speech-chatsan.ftl
corvax-chatsan-word-45	unreferenced message	corvax\speech\speech-chatsan.ftl
corvax-chatsan-word-46	unreferenced message	corvax\speech\speech-chatsan.ftl
corvax-chatsan-word-47	unreferenced message	corvax\speech\speech-chatsan.ftl
corvax-chatsan-word-48	unreferenced message	corvax\speech\speech-chatsan.ftl
corvax-chatsan-word-49	unreferenced message	corvax\speech\speech-chatsan.ftl
corvax-chatsan-word-5	unreferenced message	corvax\speech\speech-chatsan.ftl
corvax-chatsan-word-50	unreferenced message	corvax\speech\speech-chatsan.ftl
corvax-chatsan-word-51	unreferenced message	corvax\speech\speech-chatsan.ftl
corvax-chatsan-word-52	unreferenced message	corvax\speech\speech-chatsan.ftl
corvax-chatsan-word-53	unreferenced message	corvax\speech\speech-chatsan.ftl
corvax-chatsan-word-54	unreferenced message	corvax\speech\speech-chatsan.ftl
corvax-chatsan-word-55	unreferenced message	corvax\speech\speech-chatsan.ftl
corvax-chatsan-word-56	unreferenced message	corvax\speech\speech-chatsan.ftl
corvax-chatsan-word-57	unreferenced message	corvax\speech\speech-chatsan.ftl
corvax-chatsan-word-58	unreferenced message	corvax\speech\speech-chatsan.ftl
corvax-chatsan-word-59	unreferenced message	corvax\speech\speech-chatsan.ftl
corvax-chatsan-word-6	unreferenced message	corvax\speech\speech-chatsan.ftl
corvax-chatsan-word-60	unreferenced message	corvax\speech\speech-chatsan.ftl
corvax-chatsan-word-61	unreferenced message	corvax\speech\speech-chatsan.ftl
corvax-chatsan-word-62	unreferenced message	corvax\speech\speech-chatsan.ftl
corvax-chatsan-word-63	unreferenced message	corvax\speech\speech-chatsan.ftl
corvax-chatsan-word-64	unreferenced message	corvax\speech\speech-chatsan.ftl
corvax-chatsan-word-65	unreferenced message	corvax\speech\speech-chatsan.ftl
corvax-chatsan-word-66	unreferenced message	corvax\speech\speech-chatsan.ftl
corvax-chatsan-word-67	unreferenced message	corvax\speech\speech-chatsan.ftl
corvax-chatsan-word-68	unreferenced message	corvax\speech\speech-chatsan.ftl
corvax-chatsan-word-69	unreferenced message	corvax\speech\speech-chatsan.ftl
corvax-chatsan-word-7	unreferenced message	corvax\speech\speech-chatsan.ftl
corvax-chatsan-word-70	unreferenced message	corvax\speech\speech-chatsan.ftl
corvax-chatsan-word-71	unreferenced message	corvax\speech\speech-chatsan.ftl
corvax-chatsan-word-72	unreferenced message	corvax\speech\speech-chatsan.ftl
corvax-chatsan-word-73	unreferenced message	corvax\speech\speech-chatsan.ftl
corvax-chatsan-word-74	unreferenced message	corvax\speech\speech-chatsan.ftl
corvax-chatsan-word-75	unreferenced message	corvax\speech\speech-chatsan.ftl
corvax-chatsan-word-76	unreferenced message	corvax\speech\speech-chatsan.ftl
corvax-chatsan-word-77	unreferenced message	corvax\speech\speech-chatsan.ftl
corvax-chatsan-word-78	unreferenced message	corvax\speech\speech-chatsan.ftl
corvax-chatsan-word-79	unreferenced message	corvax\speech\speech-chatsan.ftl
corvax-chatsan-word-8	unreferenced message	corvax\speech\speech-chatsan.ftl
corvax-chatsan-word-80	unreferenced message	corvax\speech\speech-chatsan.ftl
corvax-chatsan-word-81	unreferenced message	corvax\speech\speech-chatsan.ftl
corvax-chatsan-word-82	unreferenced message	corvax\speech\speech-chatsan.ftl
corvax-chatsan-word-83	unreferenced message	corvax\speech\speech-chatsan.ftl
corvax-chatsan-word-84	unreferenced message	corvax\speech\speech-chatsan.ftl
corvax-chatsan-word-85	unreferenced message	corvax\speech\speech-chatsan.ftl
corvax-chatsan-word-86	unreferenced message	corvax\speech\speech-chatsan.ftl
corvax-chatsan-word-87	unreferenced message	corvax\speech\speech-chatsan.ftl
corvax-chatsan-word-88	unreferenced message	corvax\speech\speech-chatsan.ftl
corvax-chatsan-word-89	unreferenced message	corvax\speech\speech-chatsan.ftl
corvax-chatsan-word-9	unreferenced message	corvax\speech\speech-chatsan.ftl
corvax-chatsan-word-90	unreferenced message	corvax\speech\speech-chatsan.ftl
corvax-chatsan-word-91	unreferenced message	corvax\speech\speech-chatsan.ftl
corvax-chatsan-word-92	unreferenced message	corvax\speech\speech-chatsan.ftl
corvax-chatsan-word-93	unreferenced message	corvax\speech\speech-chatsan.ftl
corvax-chatsan-word-94	unreferenced message	corvax\speech\speech-chatsan.ftl
corvax-chatsan-word-95	unreferenced message	corvax\speech\speech-chatsan.ftl
corvax-chatsan-word-96	unreferenced message	corvax\speech\speech-chatsan.ftl
corvax-chatsan-word-97	unreferenced message	corvax\speech\speech-chatsan.ftl
corvax-chatsan-word-98	unreferenced message	corvax\speech\speech-chatsan.ftl
corvax-chatsan-word-99	unreferenced message	corvax\speech\speech-chatsan.ftl
corvax-lobby-server-hub-collapse	unreferenced message	corvax\lobby\server-hub.ftl
corvax-lobby-server-hub-connect-failed	unreferenced message	corvax\lobby\server-hub.ftl
corvax-lobby-server-hub-connect-failed-title	unreferenced message	corvax\lobby\server-hub.ftl
corvax-lobby-server-hub-expand	unreferenced message	corvax\lobby\server-hub.ftl
corvax-lobby-server-hub-hide-adult	unreferenced message	corvax\lobby\server-hub.ftl
corvax-lobby-server-hub-map	unreferenced message	corvax\lobby\server-hub.ftl
corvax-lobby-server-hub-map-unavailable	unreferenced message	corvax\lobby\server-hub.ftl
corvax-lobby-server-hub-online-heading	unreferenced message	corvax\lobby\server-hub.ftl
corvax-lobby-server-hub-online-loading	unreferenced message	corvax\lobby\server-hub.ftl
corvax-lobby-server-hub-online-tooltip	unreferenced message	corvax\lobby\server-hub.ftl
corvax-lobby-server-hub-online-unavailable	unreferenced message	corvax\lobby\server-hub.ftl
corvax-lobby-server-hub-preset	unreferenced message	corvax\lobby\server-hub.ftl
corvax-lobby-server-hub-preset-unavailable	unreferenced message	corvax\lobby\server-hub.ftl
corvax-lobby-server-hub-primary-heading	unreferenced message	corvax\lobby\server-hub.ftl
corvax-lobby-server-hub-redial-reason	unreferenced message	corvax\lobby\server-hub.ftl
corvax-lobby-server-hub-server-heading	unreferenced message	corvax\lobby\server-hub.ftl
corvax-lobby-server-hub-show-adult	unreferenced message	corvax\lobby\server-hub.ftl
corvax-lobby-server-hub-subprojects-heading	unreferenced message	corvax\lobby\server-hub.ftl
credits-window-page-label	unreferenced message	credits\credits-window.ftl
credits-window-tts-title	unreferenced message	corvax\tts\tts-ui.ftl
dangerous-action-popup	unreferenced message	actions\actions\dangerous.ftl
dark-diagonal-steel-floor	unreferenced message	corvax\stack\stacks.ftl
dark-offset-steel-floor	unreferenced message	corvax\stack\stacks.ftl
dark-wood-floor	unreferenced message	corvax\stack\stacks.ftl
debug-builtin-connection-screen-failed-to-connect	unreferenced message	robust-toolbox\debug-builtin-connection-screen.ftl
debug-builtin-connection-screen-invalid-username	unreferenced message	robust-toolbox\debug-builtin-connection-screen.ftl
debug-builtin-connection-screen-invalid-username-with-reason	unreferenced message	robust-toolbox\debug-builtin-connection-screen.ftl
defaultwindow-placeholder-title	unreferenced message	robust-toolbox\defaultwindow.ftl
defibrillator-begin	unreferenced message	medical\components\defibrillator.ftl
defibrillator-not-living	unreferenced message	medical\components\defibrillator.ftl
department-Legal	unreferenced message	corvax\job\department.ftl
department-Legal-description	unreferenced message	corvax\job\department-desc.ftl
department-Service	unreferenced message	job\department.ftl
department-Service-description	unreferenced message	job\department-desc.ftl
department-Task-Force	unreferenced message	job\department.ftl
department-Task-Force-description	unreferenced message	job\department-desc.ftl
dev-window-tab-render-targets-column-id	unreferenced message	robust-toolbox\dev-window.ftl
dev-window-tab-render-targets-column-name	unreferenced message	robust-toolbox\dev-window.ftl
dev-window-tab-render-targets-column-size	unreferenced message	robust-toolbox\dev-window.ftl
dev-window-tab-render-targets-column-thumbnail	unreferenced message	robust-toolbox\dev-window.ftl
dev-window-tab-render-targets-column-type	unreferenced message	robust-toolbox\dev-window.ftl
dev-window-tab-render-targets-column-vram	unreferenced message	robust-toolbox\dev-window.ftl
dev-window-tab-render-targets-filter	unreferenced message	robust-toolbox\dev-window.ftl
dev-window-tab-render-targets-reload	unreferenced message	robust-toolbox\dev-window.ftl
dev-window-tab-render-targets-summary	unreferenced message	robust-toolbox\dev-window.ftl
dev-window-tab-render-targets-title	unreferenced message	robust-toolbox\dev-window.ftl
dev-window-tab-render-targets-value-not-available	unreferenced message	robust-toolbox\dev-window.ftl
dev-window-tab-render-targets-value-null	unreferenced message	robust-toolbox\dev-window.ftl
dev-window-tab-textures-filter	unreferenced message	robust-toolbox\dev-window.ftl
dev-window-tab-textures-info	unreferenced message	robust-toolbox\dev-window.ftl
dev-window-tab-textures-reload	unreferenced message	robust-toolbox\dev-window.ftl
dev-window-tab-textures-summary	unreferenced message	robust-toolbox\dev-window.ftl
dev-window-tab-textures-title	unreferenced message	robust-toolbox\dev-window.ftl
device-address-prefix-camera	unreferenced message	devices\device-network.ftl
device-address-prefix-camera-monitor	unreferenced message	devices\device-network.ftl
device-address-prefix-camera-router	unreferenced message	devices\device-network.ftl
device-address-prefix-camera-router-wireless	unreferenced message	devices\device-network.ftl
device-address-prefix-crew-monitor	unreferenced message	devices\device-network.ftl
device-address-prefix-crew-monitoring-server	unreferenced message	devices\device-network.ftl
device-frequency-prototype-name-arrivals-shuttle-timer	unreferenced message	devices\device-network.ftl
device-frequency-prototype-name-shuttle-timer	unreferenced message	devices\device-network.ftl
diagonal-steel-floor	unreferenced message	corvax\stack\stacks.ftl
dice-component-coin-value-1	unreferenced message	dice\dice-component.ftl
dice-component-coin-value-2	unreferenced message	dice\dice-component.ftl
dice-component-roll-generic	unreferenced message	dice\dice-component.ftl
dice-component-roll-specific	unreferenced message	dice\dice-component.ftl
dice-component-type-die	unreferenced message	dice\dice-component.ftl
discord-rpc-character	unreferenced message	robust-toolbox\discordRPC.ftl
discord-rpc-in-main-menu	unreferenced message	robust-toolbox\discordRPC.ftl
discord-rpc-in-main-menu-logo-text	unreferenced message	robust-toolbox\discordRPC.ftl
discord-rpc-on-server	unreferenced message	robust-toolbox\discordRPC.ftl
discord-rpc-players	unreferenced message	robust-toolbox\discordRPC.ftl
disposal-unit-is-full	unreferenced message	disposal\unit\components\disposal-unit-component.ftl
disposal-unit-state-Unpowered	unreferenced message	disposal\unit\components\disposal-unit-component.ftl
doc-text-printer-Report-study-object	unreferenced message	corvax\paper\doc-printer.ftl
doc-text-printer-appeal	unreferenced message	corvax\paper\doc-printer.ftl
doc-text-printer-application-access	unreferenced message	corvax\paper\doc-printer.ftl
doc-text-printer-application-appointment-interim	unreferenced message	corvax\paper\doc-printer.ftl
doc-text-printer-application-appointment-interim-captain	unreferenced message	corvax\paper\doc-printer.ftl
doc-text-printer-application-employment	unreferenced message	corvax\paper\doc-printer.ftl
doc-text-printer-application-equipment	unreferenced message	corvax\paper\doc-printer.ftl
doc-text-printer-business-deal	unreferenced message	corvax\paper\doc-printer.ftl
doc-text-printer-certificate	unreferenced message	corvax\paper\doc-printer.ftl
doc-text-printer-certificate-advanced-training	unreferenced message	corvax\paper\doc-printer.ftl
doc-text-printer-certificate-offense	unreferenced message	corvax\paper\doc-printer.ftl
doc-text-printer-closing-indictment	unreferenced message	corvax\paper\doc-printer.ftl
doc-text-printer-complaint-offense	unreferenced message	corvax\paper\doc-printer.ftl
doc-text-printer-complaint-violation-labor-rules	unreferenced message	corvax\paper\doc-printer.ftl
doc-text-printer-condition-report	unreferenced message	corvax\paper\doc-printer.ftl
doc-text-printer-construction-permit	unreferenced message	corvax\paper\doc-printer.ftl
doc-text-printer-death-certificate	unreferenced message	corvax\paper\doc-printer.ftl
doc-text-printer-decision-to-start-trial	unreferenced message	corvax\paper\doc-printer.ftl
doc-text-printer-default-job	unreferenced message	corvax\paper\doc-printer-tags.ftl
doc-text-printer-default-name	unreferenced message	corvax\paper\doc-printer-tags.ftl
doc-text-printer-default-station	unreferenced message	corvax\paper\doc-printer-tags.ftl
doc-text-printer-disposal-report	unreferenced message	corvax\paper\doc-printer.ftl
doc-text-printer-divorce-certificate	unreferenced message	corvax\paper\doc-printer.ftl
doc-text-printer-error-loading-form-header	unreferenced message	corvax\paper\doc-printer.ftl
doc-text-printer-evacuation-shuttle-request	unreferenced message	corvax\paper\doc-printer.ftl
doc-text-printer-experiment-report	unreferenced message	corvax\paper\doc-printer.ftl
doc-text-printer-internal-affairs-agents-report	unreferenced message	corvax\paper\doc-printer.ftl
doc-text-printer-judgment	unreferenced message	corvax\paper\doc-printer.ftl
doc-text-printer-letter-resignation	unreferenced message	corvax\paper\doc-printer.ftl
doc-text-printer-marriage-certificate	unreferenced message	corvax\paper\doc-printer.ftl
doc-text-printer-note-beginning-military-actions	unreferenced message	corvax\paper\doc-printer.ftl
doc-text-printer-notice-of-liquidation	unreferenced message	corvax\paper\doc-printer.ftl
doc-text-printer-order-deprivation-access	unreferenced message	corvax\paper\doc-printer.ftl
doc-text-printer-order-dismissal	unreferenced message	corvax\paper\doc-printer.ftl
doc-text-printer-order-encouragement	unreferenced message	corvax\paper\doc-printer.ftl
doc-text-printer-order-medical-intervention	unreferenced message	corvax\paper\doc-printer.ftl
doc-text-printer-order-parole-prisoner	unreferenced message	corvax\paper\doc-printer.ftl
doc-text-printer-order-purchase-resources-equipment	unreferenced message	corvax\paper\doc-printer.ftl
doc-text-printer-order-purchase-weapons	unreferenced message	corvax\paper\doc-printer.ftl
doc-text-printer-order-recognizing-rentience-creature	unreferenced message	corvax\paper\doc-printer.ftl
doc-text-printer-ordering-special-equipment	unreferenced message	corvax\paper\doc-printer.ftl
doc-text-printer-permission-dispose-body	unreferenced message	corvax\paper\doc-printer.ftl
doc-text-printer-permission-equipment	unreferenced message	corvax\paper\doc-printer.ftl
doc-text-printer-permission-to-carry-weapons	unreferenced message	corvax\paper\doc-printer.ftl
doc-text-printer-permission-to-extend-marriage	unreferenced message	corvax\paper\doc-printer.ftl
doc-text-printer-permission-to-travel-in-case-of-threat	unreferenced message	corvax\paper\doc-printer.ftl
doc-text-printer-prescription-drug-authorization	unreferenced message	corvax\paper\doc-printer.ftl
doc-text-printer-product-manufacturing-order	unreferenced message	corvax\paper\doc-printer.ftl
doc-text-printer-report-accomplishment-goals	unreferenced message	corvax\paper\doc-printer.ftl
doc-text-printer-report-department	unreferenced message	corvax\paper\doc-printer.ftl
doc-text-printer-report-employee-performance	unreferenced message	corvax\paper\doc-printer.ftl
doc-text-printer-report-on-elimination-of-violations	unreferenced message	corvax\paper\doc-printer.ftl
doc-text-printer-report-on-the-chapters-meeting	unreferenced message	corvax\paper\doc-printer.ftl
doc-text-printer-report-station	unreferenced message	corvax\paper\doc-printer.ftl
doc-text-printer-request-call-members-central-committee-dso	unreferenced message	corvax\paper\doc-printer.ftl
doc-text-printer-request-change-salary	unreferenced message	corvax\paper\doc-printer.ftl
doc-text-printer-request-construction-work	unreferenced message	corvax\paper\doc-printer.ftl
doc-text-printer-request-documents	unreferenced message	corvax\paper\doc-printer.ftl
doc-text-printer-request-euthanasia	unreferenced message	corvax\paper\doc-printer.ftl
doc-text-printer-request-for-non-listed-employment	unreferenced message	corvax\paper\doc-printer.ftl
doc-text-printer-request-for-promotion	unreferenced message	corvax\paper\doc-printer.ftl
doc-text-printer-request-modernization	unreferenced message	corvax\paper\doc-printer.ftl
doc-text-printer-request-to-establish-threat-level	unreferenced message	corvax\paper\doc-printer.ftl
doc-text-printer-search-permission	unreferenced message	corvax\paper\doc-printer.ftl
doc-text-printer-sentence	unreferenced message	corvax\paper\doc-printer.ftl
doc-text-printer-shuttle-registration-request	unreferenced message	corvax\paper\doc-printer.ftl
doc-text-printer-statement-health	unreferenced message	corvax\paper\doc-printer.ftl
doc-var-date	unreferenced message	corvax\paper\doc-printer-tags.ftl
doc-var-job	unreferenced message	corvax\paper\doc-printer-tags.ftl
doc-var-name	unreferenced message	corvax\paper\doc-printer-tags.ftl
doc-var-station	unreferenced message	corvax\paper\doc-printer-tags.ftl
elee-weapon-dealt-no-damage	unreferenced message	weapons\melee\melee.ftl
elevator-shaft-floor	unreferenced message	corvax\stack\stacks.ftl
emitter-turn-off-broadcast	unreferenced message	singularity\components\emitter-component.ftl
ent-ActionChangelingFakeMindshieldToggle	missing prototype	ss14-ru\prototypes\actions\changeling.ftl
ent-ActionChangelingFleshtomb	missing prototype	ss14-ru\prototypes\actions\changeling.ftl
ent-ActionChangelingLastResort	missing prototype	ss14-ru\prototypes\actions\changeling.ftl
ent-ActionChangelingNightVision	missing prototype	ss14-ru\prototypes\actions\changeling.ftl
ent-ActionChangelingScreech	missing prototype	ss14-ru\prototypes\actions\changeling.ftl
ent-ActionChangelingStasis	missing prototype	ss14-ru\prototypes\actions\changeling.ftl
ent-ActionChangelingStasisWeak	missing prototype	ss14-ru\prototypes\actions\changeling.ftl
ent-ActionChangelingStingArmblade	missing prototype	ss14-ru\prototypes\actions\changeling.ftl
ent-ActionChangelingStingBlind	missing prototype	ss14-ru\prototypes\actions\changeling.ftl
ent-ActionChangelingStingCryogenic	missing prototype	ss14-ru\prototypes\actions\changeling.ftl
ent-ActionChangelingStingLead	missing prototype	ss14-ru\prototypes\actions\changeling.ftl
ent-ActionChangelingStingMute	missing prototype	ss14-ru\prototypes\actions\changeling.ftl
ent-ActionChangelingTakeOverCorpse	missing prototype	ss14-ru\prototypes\actions\changeling.ftl
ent-ActionDrainBattery	missing prototype	ss14-ru\prototypes\corvax\actions\ipc.ftl
ent-ActionIpcChangeFace	missing prototype	ss14-ru\prototypes\corvax\actions\ipc.ftl
ent-ActionRetractableItemArmblade	missing prototype	ss14-ru\prototypes\actions\changeling.ftl
ent-ActionRevertPolymorphConfirm	missing prototype	ss14-ru\prototypes\actions\polymorph.ftl
ent-ActionToggleNightVision	missing prototype	ss14-ru\prototypes\actions\types.ftl
ent-ActionVulpkaninGravityJump	missing prototype	ss14-ru\prototypes\actions\types.ftl
ent-AdminInstantEffectLightning	missing prototype	ss14-ru\prototypes\entities\effects\admin_triggers.ftl
ent-AdminInstantEffectScreech	missing prototype	ss14-ru\prototypes\entities\effects\admin_triggers.ftl
ent-AirlockExternalGlassShuttleCargo	missing prototype	ss14-ru\prototypes\entities\structures\doors\airlocks\access.ftl
ent-AirlockMaintEVALocked	missing prototype	ss14-ru\prototypes\entities\structures\doors\airlocks\access.ftl
ent-AloePlants	missing prototype	ss14-ru\prototypes\Hydroponics\plants.ftl
ent-AltarBaseSteel	missing prototype	ss14-ru\prototypes\entities\structures\furniture\altar.ftl
ent-AltarBaseWood	missing prototype	ss14-ru\prototypes\entities\structures\furniture\altar.ftl
ent-AlwaysPoweredlightColor	missing prototype	ss14-ru\prototypes\entities\structures\lighting\base_lighting.ftl
ent-AmbrosiaDeusPlants	missing prototype	ss14-ru\prototypes\Hydroponics\plants.ftl
ent-AmbrosiaVulgarisPlants	missing prototype	ss14-ru\prototypes\Hydroponics\plants.ftl
ent-AnimalRandomSpawner	missing prototype	ss14-ru\prototypes\corvax\entities\markers\spawners\random\animals.ftl
ent-AnomalyBerryPlants	missing prototype	ss14-ru\prototypes\Hydroponics\plants.ftl
ent-AppearanceIpc	missing prototype	ss14-ru\prototypes\corvax\body\species\ipc.ftl
ent-AppearanceTajaran	missing prototype	ss14-ru\prototypes\corvax\body\species\tajaran.ftl
ent-ApplePlants	missing prototype	ss14-ru\prototypes\Hydroponics\plants.ftl
ent-Armblade	missing prototype	ss14-ru\prototypes\entities\objects\weapons\melee\armblade.ftl
ent-ArmbladeDull	missing prototype	ss14-ru\prototypes\entities\objects\weapons\melee\armblade.ftl
ent-AsteroidDebrisLarge	missing prototype	ss14-ru\prototypes\entities\world\debris\asteroids.ftl
ent-AsteroidDebrisLarger	missing prototype	ss14-ru\prototypes\entities\world\debris\asteroids.ftl
ent-AsteroidDebrisMedium	missing prototype	ss14-ru\prototypes\entities\world\debris\asteroids.ftl
ent-AsteroidDebrisSmall	missing prototype	ss14-ru\prototypes\entities\world\debris\asteroids.ftl
ent-AsteroidSalvageHuge	missing prototype	ss14-ru\prototypes\entities\world\debris\asteroids.ftl
ent-AsteroidSalvageLarge	missing prototype	ss14-ru\prototypes\entities\world\debris\asteroids.ftl
ent-AsteroidSalvageMedium	missing prototype	ss14-ru\prototypes\entities\world\debris\asteroids.ftl
ent-AsteroidSalvageSmall	missing prototype	ss14-ru\prototypes\entities\world\debris\asteroids.ftl
ent-BananaPlants	missing prototype	ss14-ru\prototypes\Hydroponics\plants.ftl
ent-BarSignAlcoholic	missing prototype	ss14-ru\prototypes\corvax\entities\structures\wallmounts\signs\bar_sign.ftl
ent-BartenderMixer	missing prototype	ss14-ru\prototypes\entities\objects\consumable\drinks\drinks_special.ftl
ent-BaseActionChangelingSting	missing prototype	ss14-ru\prototypes\actions\changeling.ftl
ent-BaseAirlockIndestructible	missing prototype	ss14-ru\prototypes\entities\structures\doors\airlocks\base_structureairlocks.ftl
ent-BaseAnimalOrgan	missing prototype	ss14-ru\prototypes\body\organs\animal\animal.ftl
ent-BaseAnimalOrganUnGibbable	missing prototype	ss14-ru\prototypes\body\organs\animal\animal.ftl
ent-BaseArachnidOrgan	missing prototype	ss14-ru\prototypes\body\organs\arachnid.ftl
ent-BaseAsteroidDebris	missing prototype	ss14-ru\prototypes\entities\world\debris\asteroids.ftl
ent-BaseAsteroidDestructible	missing prototype	ss14-ru\prototypes\entities\structures\walls\asteroid.ftl
ent-BaseAsteroidRock	missing prototype	ss14-ru\prototypes\entities\structures\walls\asteroid.ftl
ent-BaseAsteroidRockVisuals	missing prototype	ss14-ru\prototypes\entities\structures\walls\asteroid.ftl
ent-BaseBed	missing prototype	ss14-ru\prototypes\entities\structures\furniture\beds.ftl
ent-BaseBola	missing prototype	ss14-ru\prototypes\entities\objects\weapons\throwable\bola.ftl
ent-BaseChemistryAmpoule	missing prototype	ss14-ru\prototypes\entities\objects\specific\chemistry\chemistry-vials.ftl
ent-BaseCockroach	missing prototype	ss14-ru\prototypes\entities\mobs\npcs\animals.ftl
ent-BaseCoin	missing prototype	ss14-ru\prototypes\entities\objects\misc\treasure.ftl
ent-BaseConstructibleMachineDestructible	missing prototype	ss14-ru\prototypes\entities\structures\machines\base_structuremachines.ftl
ent-BaseCrate	missing prototype	ss14-ru\prototypes\entities\structures\storage\crates\base_structurecrates.ftl
ent-BaseCrystalStalagmite	missing prototype	ss14-ru\prototypes\entities\structures\decoration\crystals.ftl
ent-BaseDebris	missing prototype	ss14-ru\prototypes\entities\world\debris\base_debris.ftl
ent-BaseDeskBell	missing prototype	ss14-ru\prototypes\entities\objects\misc\desk_bell.ftl
ent-BaseDionaOrgan	missing prototype	ss14-ru\prototypes\body\organs\diona.ftl
ent-BaseERTSpawner	missing prototype	ss14-ru\prototypes\corvax\markers\spawners\ert.ftl
ent-BaseFenceWoodHigh	missing prototype	ss14-ru\prototypes\entities\structures\walls\fence_wood.ftl
ent-BaseFigurineCheapo	missing prototype	ss14-ru\prototypes\entities\objects\fun\toys.ftl
ent-BaseFleshKudzu	missing prototype	ss14-ru\prototypes\entities\objects\misc\kudzu.ftl
ent-BaseFoodPlate	missing prototype	ss14-ru\prototypes\entities\objects\consumable\food\containers\plate.ftl
ent-BaseGasPipeLayers	missing prototype	ss14-ru\prototypes\entities\structures\piping\atmospherics\pipes.ftl
ent-BaseGirder	missing prototype	ss14-ru\prototypes\entities\structures\walls\girders.ftl
ent-BaseHead	missing prototype	ss14-ru\prototypes\body\parts\base.ftl
ent-BaseHoloSign	missing prototype	ss14-ru\prototypes\entities\structures\holographic\projections.ftl
ent-BaseHumanOrgan	missing prototype	ss14-ru\prototypes\body\organs\human.ftl
ent-BaseHumanOrganUnGibbable	missing prototype	ss14-ru\prototypes\body\organs\human.ftl
ent-BaseHydroponicsSoil	missing prototype	ss14-ru\prototypes\entities\structures\soil.ftl
ent-BaseHypoInjector	missing prototype	ss14-ru\prototypes\entities\objects\specific\medical\hypospray.ftl
ent-BaseIronRockVisuals	missing prototype	ss14-ru\prototypes\entities\structures\walls\asteroid.ftl
ent-BaseItemDestructible	missing prototype	ss14-ru\prototypes\entities\objects\base_item.ftl
ent-BaseKillRandomObjective	missing prototype	ss14-ru\prototypes\objectives\base_objectives.ftl
ent-BaseLeftArm	missing prototype	ss14-ru\prototypes\body\parts\base.ftl
ent-BaseLeftFoot	missing prototype	ss14-ru\prototypes\body\parts\base.ftl
ent-BaseLeftHand	missing prototype	ss14-ru\prototypes\body\parts\base.ftl
ent-BaseLeftLeg	missing prototype	ss14-ru\prototypes\body\parts\base.ftl
ent-BaseMachineDestructible	missing prototype	ss14-ru\prototypes\entities\structures\machines\base_structuremachines.ftl
ent-BaseMagazineCaselessRifle	missing prototype	ss14-ru\prototypes\entities\objects\weapons\guns\ammunition\magazines\caseless_rifle.ftl
ent-BaseMagazineHeavyRifle	missing prototype	ss14-ru\prototypes\entities\objects\weapons\guns\ammunition\magazines\heavy_rifle.ftl
ent-BaseMobArachnid	missing prototype	ss14-ru\prototypes\entities\mobs\species\arachnid.ftl
ent-BaseMobDestructible	missing prototype	ss14-ru\prototypes\entities\mobs\base.ftl
ent-BaseMobDiona	missing prototype	ss14-ru\prototypes\entities\mobs\species\diona.ftl
ent-BaseMobDwarf	missing prototype	ss14-ru\prototypes\entities\mobs\species\dwarf.ftl
ent-BaseMobGingerbread	missing prototype	ss14-ru\prototypes\entities\mobs\species\gingerbread.ftl
ent-BaseMobHuman	missing prototype	ss14-ru\prototypes\entities\mobs\species\human.ftl
ent-BaseMobIpc	missing prototype	ss14-ru\prototypes\corvax\entities\mobs\species\ipc.ftl
ent-BaseMobMoth	missing prototype	ss14-ru\prototypes\entities\mobs\species\moth.ftl
ent-BaseMobReptilian	missing prototype	ss14-ru\prototypes\entities\mobs\species\reptilian.ftl
ent-BaseMobSkeletonPerson	missing prototype	ss14-ru\prototypes\entities\mobs\species\skeleton.ftl
ent-BaseMobSlimePerson	missing prototype	ss14-ru\prototypes\entities\mobs\species\slime.ftl
ent-BaseMobSpecies	missing prototype	ss14-ru\prototypes\entities\mobs\species\base.ftl
ent-BaseMobSpeciesNotOrganic	missing prototype	ss14-ru\prototypes\corvax\entities\mobs\species\ipc.ftl
ent-BaseMobSpeciesOrganic	missing prototype	ss14-ru\prototypes\entities\mobs\species\base.ftl
ent-BaseMobTajaran	missing prototype	ss14-ru\prototypes\corvax\entities\mobs\species\tajaran.ftl
ent-BaseMobVox	missing prototype	ss14-ru\prototypes\entities\mobs\species\vox.ftl
ent-BaseMobVulpkanin	missing prototype	ss14-ru\prototypes\entities\mobs\species\vulpkanin.ftl
ent-BaseNymphingOrgan	missing prototype	ss14-ru\prototypes\body\species\diona.ftl
ent-BasePart	missing prototype	ss14-ru\prototypes\body\parts\base.ftl
ent-BasePlant	missing prototype	ss14-ru\prototypes\Hydroponics\plants.ftl
ent-BasePlasticExplosiveTrigger	missing prototype	ss14-ru\prototypes\entities\objects\weapons\bombs\plastic.ftl
ent-BasePortalGateway	missing prototype	ss14-ru\prototypes\entities\effects\portal.ftl
ent-BasePresentBox	missing prototype	ss14-ru\prototypes\corvax\entities\objects\decoration\presents.ftl
ent-BaseRCDResistant	missing prototype	ss14-ru\prototypes\entities\structures\windows\window.ftl
ent-BaseRTG	missing prototype	ss14-ru\prototypes\entities\structures\power\generation\generators.ftl
ent-BaseReplacementLight	missing prototype	ss14-ru\prototypes\entities\objects\power\lights.ftl
ent-BaseRightArm	missing prototype	ss14-ru\prototypes\body\parts\base.ftl
ent-BaseRightFoot	missing prototype	ss14-ru\prototypes\body\parts\base.ftl
ent-BaseRightHand	missing prototype	ss14-ru\prototypes\body\parts\base.ftl
ent-BaseRightLeg	missing prototype	ss14-ru\prototypes\body\parts\base.ftl
ent-BaseScrapDebris	missing prototype	ss14-ru\prototypes\entities\world\debris\wrecks.ftl
ent-BaseSecurityBartenderZookeeperContraband	missing prototype	ss14-ru\prototypes\entities\objects\base_contraband.ftl
ent-BaseServiceContraband	missing prototype	ss14-ru\prototypes\entities\objects\base_contraband.ftl
ent-BaseShieldDestructible	missing prototype	ss14-ru\prototypes\entities\objects\shields\shields.ftl
ent-BaseShippingContainer	missing prototype	ss14-ru\prototypes\corvax\entities\structures\decoration\containers.ftl
ent-BaseSignIndestructible	missing prototype	ss14-ru\prototypes\entities\structures\wallmounts\signs\base_structuresigns.ftl
ent-BaseSignWeak	missing prototype	ss14-ru\prototypes\entities\structures\wallmounts\signs\base_structuresigns.ftl
ent-BaseSlicingRefinable	missing prototype	ss14-ru\prototypes\entities\objects\base_item.ftl
ent-BaseSlicingRefinableFood	missing prototype	ss14-ru\prototypes\entities\objects\base_item.ftl
ent-BaseSmallConstructibleMachineDestructible	missing prototype	ss14-ru\prototypes\entities\structures\machines\base_structuremachines.ftl
ent-BaseSpeciesDummy	missing prototype	ss14-ru\prototypes\entities\mobs\species\base.ftl
ent-BaseSpeedLoaderPistol	missing prototype	ss14-ru\prototypes\entities\objects\weapons\guns\ammunition\speedloaders\pistol.ftl
ent-BaseStationBeacon	missing prototype	ss14-ru\prototypes\entities\objects\devices\station_beacon.ftl
ent-BaseStationGoal	missing prototype	ss14-ru\prototypes\corvax\entities\stations\base.ftl
ent-BaseStationMap	missing prototype	ss14-ru\prototypes\entities\structures\wallmounts\wallmountmachines\station_map.ftl
ent-BaseStationSiliconLawCrewsimov	missing prototype	ss14-ru\prototypes\entities\stations\base.ftl
ent-BaseStationSiliconLawNTDefault	missing prototype	ss14-ru\prototypes\corvax\entities\stations\base.ftl
ent-BaseStatue	missing prototype	ss14-ru\prototypes\entities\structures\decoration\statues.ftl
ent-BaseStructureComputerIndestructible	missing prototype	ss14-ru\prototypes\entities\structures\machines\computers\frame.ftl
ent-BaseTargetIndestructible	missing prototype	ss14-ru\prototypes\entities\objects\specific\security\target.ftl
ent-BaseTorso	missing prototype	ss14-ru\prototypes\body\parts\base.ftl
ent-BaseTurretDestructible	missing prototype	ss14-ru\prototypes\entities\objects\weapons\guns\turrets\turrets_base.ftl
ent-BaseUniquePet	missing prototype	ss14-ru\prototypes\entities\mobs\npcs\pets.ftl
ent-BaseVehicleStrap	missing prototype	ss14-ru\prototypes\entities\objects\Vehicles\vehicles.ftl
ent-BaseVeinArtifactFragment	missing prototype	ss14-ru\prototypes\entities\structures\walls\asteroid.ftl
ent-BaseVeinCoal	missing prototype	ss14-ru\prototypes\entities\structures\walls\asteroid.ftl
ent-BaseVeinDiamond	missing prototype	ss14-ru\prototypes\entities\structures\walls\asteroid.ftl
ent-BaseVeinGold	missing prototype	ss14-ru\prototypes\entities\structures\walls\asteroid.ftl
ent-BaseVeinPlasma	missing prototype	ss14-ru\prototypes\entities\structures\walls\asteroid.ftl
ent-BaseVeinQuartz	missing prototype	ss14-ru\prototypes\entities\structures\walls\asteroid.ftl
ent-BaseVeinRandom	missing prototype	ss14-ru\prototypes\entities\structures\walls\asteroid.ftl
ent-BaseVeinSalt	missing prototype	ss14-ru\prototypes\entities\structures\walls\asteroid.ftl
ent-BaseVeinSilver	missing prototype	ss14-ru\prototypes\entities\structures\walls\asteroid.ftl
ent-BaseVeinSteel	missing prototype	ss14-ru\prototypes\entities\structures\walls\asteroid.ftl
ent-BaseVeinUranium	missing prototype	ss14-ru\prototypes\entities\structures\walls\asteroid.ftl
ent-BaseVendingMachine	missing prototype	ss14-ru\prototypes\entities\structures\machines\vending_machines.ftl
ent-BaseWallLight	missing prototype	ss14-ru\prototypes\entities\structures\lighting\base_lighting.ftl
ent-BaseWallmountBoard	missing prototype	ss14-ru\prototypes\entities\structures\wallmounts\misc\boards.ftl
ent-BaseWeaponBallisticTurretIndestructible	missing prototype	ss14-ru\prototypes\entities\objects\weapons\guns\turrets\turrets_base.ftl
ent-BaseWeaponBatteryNoAmmoCounter	missing prototype	ss14-ru\prototypes\entities\objects\weapons\guns\battery\battery_guns.ftl
ent-BaseWeaponBatterySmallNoAmmoCounter	missing prototype	ss14-ru\prototypes\entities\objects\weapons\guns\battery\battery_guns.ftl
ent-BaseWeaponEnergyTurretIndestructible	missing prototype	ss14-ru\prototypes\entities\objects\weapons\guns\turrets\turrets_base.ftl
ent-BaseWeaponGravityGun	missing prototype	ss14-ru\prototypes\entities\objects\weapons\guns\launchers\gravity.ftl
ent-BaseWeaponTurretIndestructible	missing prototype	ss14-ru\prototypes\entities\objects\weapons\guns\turrets\turrets_base.ftl
ent-BaseWindoorGeneric	missing prototype	ss14-ru\prototypes\entities\structures\doors\windoors\base_structurewindoors.ftl
ent-BaseWindowStructure	missing prototype	ss14-ru\prototypes\entities\structures\windows\window.ftl
ent-BaseWindowStructureDirectional	missing prototype	ss14-ru\prototypes\entities\structures\windows\window.ftl
ent-BaseWoodenSupport	missing prototype	ss14-ru\prototypes\entities\objects\decoration\mining.ftl
ent-BaseXenoArtifactTrigger	missing prototype	ss14-ru\prototypes\xenoarch\triggers.ftl
ent-BaseXenoborgDestructible	missing prototype	ss14-ru\prototypes\entities\mobs\cyborgs\base_borg_chassis.ftl
ent-BerryPlants	missing prototype	ss14-ru\prototypes\Hydroponics\plants.ftl
ent-BigDrumsInstrument	missing prototype	ss14-ru\prototypes\entities\objects\fun\instruments\instruments_structures.ftl
ent-BigPresentBox	missing prototype	ss14-ru\prototypes\corvax\entities\objects\decoration\presents.ftl
ent-BloodTomatoPlants	missing prototype	ss14-ru\prototypes\Hydroponics\plants.ftl
ent-BloonionPlants	missing prototype	ss14-ru\prototypes\Hydroponics\plants.ftl
ent-BlueDirectionalArrowIndicator	missing prototype	ss14-ru\prototypes\entities\markers\directional_arrow_indicator.ftl
ent-BluePumpkinPlants	missing prototype	ss14-ru\prototypes\Hydroponics\plants.ftl
ent-BlueTomatoPlants	missing prototype	ss14-ru\prototypes\Hydroponics\plants.ftl
ent-BookAILawCompendium	missing prototype	ss14-ru\prototypes\entities\objects\misc\books.ftl
ent-BookBSS	missing prototype	ss14-ru\prototypes\corvax\entities\objects\misc\books.ftl
ent-BookBusido	missing prototype	ss14-ru\prototypes\corvax\catalog\fills\books\busido.ftl
ent-BookClones	missing prototype	ss14-ru\prototypes\corvax\entities\objects\misc\books.ftl
ent-BookConarex	missing prototype	ss14-ru\prototypes\corvax\entities\objects\misc\books.ftl
ent-BookDAM	missing prototype	ss14-ru\prototypes\corvax\entities\objects\misc\books.ftl
ent-BookDione	missing prototype	ss14-ru\prototypes\corvax\entities\objects\misc\books.ftl
ent-BookExpensiveCrystal	missing prototype	ss14-ru\prototypes\corvax\entities\objects\misc\books.ftl
ent-BookFaks	missing prototype	ss14-ru\prototypes\corvax\entities\objects\misc\books.ftl
ent-BookFamalis	missing prototype	ss14-ru\prototypes\corvax\entities\objects\misc\books.ftl
ent-BookGefest	missing prototype	ss14-ru\prototypes\corvax\entities\objects\misc\books.ftl
ent-BookGior	missing prototype	ss14-ru\prototypes\corvax\entities\objects\misc\books.ftl
ent-BookGrav	missing prototype	ss14-ru\prototypes\corvax\entities\objects\misc\books.ftl
ent-BookHalifat	missing prototype	ss14-ru\prototypes\corvax\entities\objects\misc\books.ftl
ent-BookImplants	missing prototype	ss14-ru\prototypes\corvax\entities\objects\misc\books.ftl
ent-BookLoreBase	missing prototype	ss14-ru\prototypes\corvax\entities\objects\misc\books.ftl
ent-BookMBS1	missing prototype	ss14-ru\prototypes\corvax\entities\objects\misc\books.ftl
ent-BookMBS2	missing prototype	ss14-ru\prototypes\corvax\entities\objects\misc\books.ftl
ent-BookMirt	missing prototype	ss14-ru\prototypes\corvax\entities\objects\misc\books.ftl
ent-BookNakamura	missing prototype	ss14-ru\prototypes\corvax\entities\objects\misc\books.ftl
ent-BookNooc	missing prototype	ss14-ru\prototypes\corvax\entities\objects\misc\books.ftl
ent-BookPetr	missing prototype	ss14-ru\prototypes\corvax\entities\objects\misc\books.ftl
ent-BookRedspace	missing prototype	ss14-ru\prototypes\corvax\entities\objects\misc\books.ftl
ent-BookSNK	missing prototype	ss14-ru\prototypes\corvax\entities\objects\misc\books.ftl
ent-BookSaibasan	missing prototype	ss14-ru\prototypes\corvax\entities\objects\misc\books.ftl
ent-BookScaf	missing prototype	ss14-ru\prototypes\corvax\entities\objects\misc\books.ftl
ent-BookShips	missing prototype	ss14-ru\prototypes\corvax\entities\objects\misc\books.ftl
ent-BookSpaceLaw	missing prototype	ss14-ru\prototypes\entities\objects\misc\books.ftl
ent-BookStationsAndAgents	missing prototype	ss14-ru\prototypes\corvax\catalog\fills\books\rulebook.ftl
ent-BookUSSP	missing prototype	ss14-ru\prototypes\corvax\entities\objects\misc\books.ftl
ent-BookUmpor	missing prototype	ss14-ru\prototypes\corvax\entities\objects\misc\books.ftl
ent-BookUnath1	missing prototype	ss14-ru\prototypes\corvax\entities\objects\misc\books.ftl
ent-BookUnath2	missing prototype	ss14-ru\prototypes\corvax\entities\objects\misc\books.ftl
ent-BookVitz	missing prototype	ss14-ru\prototypes\corvax\entities\objects\misc\books.ftl
ent-BookZP	missing prototype	ss14-ru\prototypes\corvax\entities\objects\misc\books.ftl
ent-BoxBaseHug	missing prototype	ss14-ru\prototypes\entities\objects\misc\box.ftl
ent-BoxMiniSyringe	missing prototype	ss14-ru\prototypes\corvax\catalog\fills\boxes\medical.ftl
ent-BoxSurvivalDeluxeExtended	missing prototype	ss14-ru\prototypes\catalog\fills\boxes\emergency.ftl
ent-BoxSurvivalDeluxeExtendedNitrogen	missing prototype	ss14-ru\prototypes\catalog\fills\boxes\emergency.ftl
ent-BoxSurvivalHug	missing prototype	ss14-ru\prototypes\catalog\fills\boxes\emergency.ftl
ent-BoxSurvivalHugNitrogen	missing prototype	ss14-ru\prototypes\catalog\fills\boxes\emergency.ftl
ent-BriefcaseIAAFilled	missing prototype	ss14-ru\prototypes\corvax\catalog\fills\items\briefcases.ftl
ent-BulletChargeGlaive	missing prototype	ss14-ru\prototypes\entities\objects\weapons\guns\projectiles\Energy\kinetic.ftl
ent-BulletDisablerSmgBase	missing prototype	ss14-ru\prototypes\entities\objects\weapons\guns\projectiles\Energy\stun.ftl
ent-BulletDisablerSmgSlowing	missing prototype	ss14-ru\prototypes\entities\objects\weapons\guns\projectiles\Energy\stun.ftl
ent-BulletDisablerSmgStunning	missing prototype	ss14-ru\prototypes\entities\objects\weapons\guns\projectiles\Energy\stun.ftl
ent-BulletGuidedXenoborgMissile	missing prototype	ss14-ru\prototypes\entities\objects\weapons\guns\projectiles\Explosives\explosives.ftl
ent-BulletLaserSpread	missing prototype	ss14-ru\prototypes\entities\objects\weapons\guns\projectiles\Energy\lasers.ftl
ent-BulletNanite	missing prototype	ss14-ru\prototypes\entities\objects\weapons\guns\projectiles\Bullets\nanite.ftl
ent-BulletXenoborgMechadermisRocket	missing prototype	ss14-ru\prototypes\entities\objects\weapons\guns\projectiles\Explosives\explosives.ftl
ent-BungoPlants	missing prototype	ss14-ru\prototypes\Hydroponics\plants.ftl
ent-ButtonFrameWhite	missing prototype	ss14-ru\prototypes\entities\structures\wallmounts\switches\switch.ftl
ent-CMOCrewMonitorStealObjective	missing prototype	ss14-ru\prototypes\objectives\traitor.ftl
ent-CabbagePlants	missing prototype	ss14-ru\prototypes\Hydroponics\plants.ftl
ent-CannabisPlants	missing prototype	ss14-ru\prototypes\Hydroponics\plants.ftl
ent-CarrotPlants	missing prototype	ss14-ru\prototypes\Hydroponics\plants.ftl
ent-CartridgeNanite	missing prototype	ss14-ru\prototypes\entities\objects\weapons\guns\ammunition\cartridges\nanite.ftl
ent-ChairCarp	missing prototype	ss14-ru\prototypes\corvax\entities\structures\furniture\chairs.ftl
ent-ChangelingEscapeDepartmentObjective	missing prototype	ss14-ru\prototypes\objectives\changeling.ftl
ent-ChangelingEscapeIdentityObjective	missing prototype	ss14-ru\prototypes\objectives\changeling.ftl
ent-ChangelingFakeMindshieldDummy	missing prototype	ss14-ru\prototypes\entities\mobs\player\changeling.ftl
ent-ChangelingFleshCocoon	missing prototype	ss14-ru\prototypes\entities\structures\specific\changeling.ftl
ent-ChangelingKillRandomPersonObjective	missing prototype	ss14-ru\prototypes\objectives\changeling.ftl
ent-ChangelingMeteor	missing prototype	ss14-ru\prototypes\roles\Antags\changeling.ftl
ent-ChangelingMostDevouredObjective	missing prototype	ss14-ru\prototypes\objectives\changeling.ftl
ent-ChangelingMostExtractedObjective	missing prototype	ss14-ru\prototypes\objectives\changeling.ftl
ent-ChangelingNightVisionDummy	missing prototype	ss14-ru\prototypes\entities\mobs\player\changeling.ftl
ent-ChangelingStatusEffectBase	missing prototype	ss14-ru\prototypes\entities\statuseffects\traits.ftl
ent-ChanterellePlants	missing prototype	ss14-ru\prototypes\Hydroponics\plants.ftl
ent-ChemistryBottleNecrosol	missing prototype	ss14-ru\prototypes\entities\objects\specific\chemistry\chemistry-bottles.ftl
ent-ChemistryEmptyAmpoule	missing prototype	ss14-ru\prototypes\entities\objects\specific\chemistry\chemistry-vials.ftl
ent-CherryPlants	missing prototype	ss14-ru\prototypes\Hydroponics\plants.ftl
ent-ChiliPlants	missing prototype	ss14-ru\prototypes\Hydroponics\plants.ftl
ent-ChillyPlants	missing prototype	ss14-ru\prototypes\Hydroponics\plants.ftl
ent-ClosetMaintenanceWelded	missing prototype	ss14-ru\prototypes\entities\structures\storage\closets\closets.ftl
ent-ClothingAtmosphericsOveralls	missing prototype	ss14-ru\prototypes\corvax\entities\clothing\outerclothing\suits.ftl
ent-ClothingBackpackCE	missing prototype	ss14-ru\prototypes\corvax\entities\clothing\back\backpacks.ftl
ent-ClothingBackpackDuffelCE	missing prototype	ss14-ru\prototypes\corvax\entities\clothing\back\duffel.ftl
ent-ClothingBackpackDuffelIAAFilled	missing prototype	ss14-ru\prototypes\corvax\catalog\fills\backpacks\startergear\duffelbag.ftl
ent-ClothingBackpackDuffelMilitary	missing prototype	ss14-ru\prototypes\corvax\entities\clothing\back\duffel.ftl
ent-ClothingBackpackDuffelPsychologistFilled	missing prototype	ss14-ru\prototypes\corvax\catalog\fills\backpacks\startergear\duffelbag.ftl
ent-ClothingBackpackDuffelSyndicateRaidBundle	missing prototype	ss14-ru\prototypes\catalog\fills\backpacks\duffelbag.ftl
ent-ClothingBackpackHoldingBase	missing prototype	ss14-ru\prototypes\entities\clothing\back\backpacks.ftl
ent-ClothingBackpackIAAFilled	missing prototype	ss14-ru\prototypes\corvax\catalog\fills\backpacks\startergear\backpack.ftl
ent-ClothingBackpackMilitarySatchel	missing prototype	ss14-ru\prototypes\corvax\entities\clothing\back\satchel.ftl
ent-ClothingBackpackPsychologistFilled	missing prototype	ss14-ru\prototypes\corvax\catalog\fills\backpacks\startergear\backpack.ftl
ent-ClothingBackpackSatchelCE	missing prototype	ss14-ru\prototypes\corvax\entities\clothing\back\satchel.ftl
ent-ClothingBackpackSatchelIAAFilled	missing prototype	ss14-ru\prototypes\corvax\catalog\fills\backpacks\startergear\satchel.ftl
ent-ClothingBackpackSatchelPsychologistFilled	missing prototype	ss14-ru\prototypes\corvax\catalog\fills\backpacks\startergear\satchel.ftl
ent-ClothingBackpackWarden	missing prototype	ss14-ru\prototypes\corvax\entities\clothing\back\backpacks.ftl
ent-ClothingDeathSquadronBackpack	missing prototype	ss14-ru\prototypes\corvax\entities\clothing\back\backpacks.ftl
ent-ClothingEyesBinoclardLenses	missing prototype	ss14-ru\prototypes\corvax\entities\clothing\eyes\glasses.ftl
ent-ClothingEyesHudBeerStealObjective	missing prototype	ss14-ru\prototypes\objectives\thief.ftl
ent-ClothingEyesSalesman	missing prototype	ss14-ru\prototypes\corvax\entities\clothing\eyes\glasses.ftl
ent-ClothingHandsGlovesAerostatic	missing prototype	ss14-ru\prototypes\corvax\entities\clothing\hands\gloves.ftl
ent-ClothingHandsGlovesBoxingRigged	missing prototype	ss14-ru\prototypes\entities\clothing\hands\gloves.ftl
ent-ClothingHandsGlovesCentcomNaval	missing prototype	ss14-ru\prototypes\corvax\entities\clothing\hands\gloves.ftl
ent-ClothingHandsKnuckleDustersSyndicate	missing prototype	ss14-ru\prototypes\entities\clothing\hands\gloves.ftl
ent-ClothingHeadCapCentcomBlack	missing prototype	ss14-ru\prototypes\corvax\entities\clothing\head\hats.ftl
ent-ClothingHeadCapCentcomNaval	missing prototype	ss14-ru\prototypes\corvax\entities\clothing\head\hats.ftl
ent-ClothingHeadCaptainHat	missing prototype	ss14-ru\prototypes\corvax\entities\clothing\head\hats.ftl
ent-ClothingHeadHardsuitInsulatedBase	missing prototype	ss14-ru\prototypes\entities\clothing\head\base_clothinghead.ftl
ent-ClothingHeadHatBeretCentcomNaval	missing prototype	ss14-ru\prototypes\corvax\entities\clothing\head\hats.ftl
ent-ClothingHeadHatBeretSecurityMedic	missing prototype	ss14-ru\prototypes\corvax\entities\clothing\head\hats.ftl
ent-ClothingHeadHatBeretSecurityPilot	missing prototype	ss14-ru\prototypes\corvax\entities\clothing\head\hats.ftl
ent-ClothingHeadHatCapHoS	missing prototype	ss14-ru\prototypes\corvax\entities\clothing\head\hats.ftl
ent-ClothingHeadHatCapWardenAlt	missing prototype	ss14-ru\prototypes\corvax\entities\clothing\head\hats.ftl
ent-ClothingHeadHatCaptainBeret	missing prototype	ss14-ru\prototypes\corvax\entities\clothing\head\hats.ftl
ent-ClothingHeadHatCaptainBicorn	missing prototype	ss14-ru\prototypes\corvax\entities\clothing\head\hats.ftl
ent-ClothingHeadHatERTLeaderBeret	missing prototype	ss14-ru\prototypes\corvax\entities\clothing\head\hats.ftl
ent-ClothingHeadHatPwigFancy	missing prototype	ss14-ru\prototypes\corvax\entities\clothing\head\hats.ftl
ent-ClothingHeadHatTramDriver	missing prototype	ss14-ru\prototypes\entities\clothing\head\hats.ftl
ent-ClothingHeadHelmetCBURNLeader	missing prototype	ss14-ru\prototypes\corvax\entities\clothing\head\hardsuit-helmets.ftl
ent-ClothingHeadHelmetHardsuitSecurityPilot	missing prototype	ss14-ru\prototypes\corvax\entities\clothing\head\hardsuit-helmets.ftl
ent-ClothingHeadHelmetSecurityMedic	missing prototype	ss14-ru\prototypes\corvax\entities\clothing\head\helmets.ftl
ent-ClothingHeadsetIAA	missing prototype	ss14-ru\prototypes\corvax\entities\clothing\ears\headsets.ftl
ent-ClothingHeadsetMagistrate	missing prototype	ss14-ru\prototypes\corvax\entities\clothing\ears\headsets.ftl
ent-ClothingMilitaryBackpack	missing prototype	ss14-ru\prototypes\corvax\entities\clothing\back\backpacks.ftl
ent-ClothingNeckAllyPin	missing prototype	ss14-ru\prototypes\entities\clothing\neck\pins.ftl
ent-ClothingNeckAroacePin	missing prototype	ss14-ru\prototypes\entities\clothing\neck\pins.ftl
ent-ClothingNeckAromanticPin	missing prototype	ss14-ru\prototypes\entities\clothing\neck\pins.ftl
ent-ClothingNeckAsexualPin	missing prototype	ss14-ru\prototypes\entities\clothing\neck\pins.ftl
ent-ClothingNeckAtharaPin	missing prototype	ss14-ru\prototypes\corvax\entities\clothing\neck\pins.ftl
ent-ClothingNeckAutismPin	missing prototype	ss14-ru\prototypes\entities\clothing\neck\pins.ftl
ent-ClothingNeckBisexualPin	missing prototype	ss14-ru\prototypes\entities\clothing\neck\pins.ftl
ent-ClothingNeckCloakCentcomAdmiral	missing prototype	ss14-ru\prototypes\corvax\entities\clothing\neck\cloaks.ftl
ent-ClothingNeckCloakCentcomBlack	missing prototype	ss14-ru\prototypes\corvax\entities\clothing\neck\cloaks.ftl
ent-ClothingNeckCorvaxPin	missing prototype	ss14-ru\prototypes\corvax\entities\clothing\neck\pins.ftl
ent-ClothingNeckDeForestPin	missing prototype	ss14-ru\prototypes\corvax\entities\clothing\neck\pins.ftl
ent-ClothingNeckDonkPin	missing prototype	ss14-ru\prototypes\corvax\entities\clothing\neck\pins.ftl
ent-ClothingNeckEarthPin	missing prototype	ss14-ru\prototypes\corvax\entities\clothing\neck\pins.ftl
ent-ClothingNeckEchoPin	missing prototype	ss14-ru\prototypes\corvax\entities\clothing\neck\pins.ftl
ent-ClothingNeckElysiumPin	missing prototype	ss14-ru\prototypes\corvax\entities\clothing\neck\pins.ftl
ent-ClothingNeckGayPin	missing prototype	ss14-ru\prototypes\entities\clothing\neck\pins.ftl
ent-ClothingNeckGenderfluidPin	missing prototype	ss14-ru\prototypes\entities\clothing\neck\pins.ftl
ent-ClothingNeckGenderqueerPin	missing prototype	ss14-ru\prototypes\entities\clothing\neck\pins.ftl
ent-ClothingNeckGoldAutismPin	missing prototype	ss14-ru\prototypes\entities\clothing\neck\pins.ftl
ent-ClothingNeckHorrific	missing prototype	ss14-ru\prototypes\corvax\entities\clothing\neck\ties.ftl
ent-ClothingNeckIntersexPin	missing prototype	ss14-ru\prototypes\entities\clothing\neck\pins.ftl
ent-ClothingNeckLGBTPin	missing prototype	ss14-ru\prototypes\entities\clothing\neck\pins.ftl
ent-ClothingNeckLesbianPin	missing prototype	ss14-ru\prototypes\entities\clothing\neck\pins.ftl
ent-ClothingNeckLogistikaPin	missing prototype	ss14-ru\prototypes\corvax\entities\clothing\neck\pins.ftl
ent-ClothingNeckLumenPin	missing prototype	ss14-ru\prototypes\corvax\entities\clothing\neck\pins.ftl
ent-ClothingNeckMainPin	missing prototype	ss14-ru\prototypes\corvax\entities\clothing\neck\pins.ftl
ent-ClothingNeckMantleERTLeader	missing prototype	ss14-ru\prototypes\corvax\entities\clothing\neck\mantles.ftl
ent-ClothingNeckMantleHOSShoulder	missing prototype	ss14-ru\prototypes\corvax\entities\clothing\neck\mantles.ftl
ent-ClothingNeckMedalBase	missing prototype	ss14-ru\prototypes\entities\clothing\neck\medals.ftl
ent-ClothingNeckNakamuraPin	missing prototype	ss14-ru\prototypes\corvax\entities\clothing\neck\pins.ftl
ent-ClothingNeckNanoTrasenPin	missing prototype	ss14-ru\prototypes\corvax\entities\clothing\neck\pins.ftl
ent-ClothingNeckNebulaPin	missing prototype	ss14-ru\prototypes\corvax\entities\clothing\neck\pins.ftl
ent-ClothingNeckNonBinaryPin	missing prototype	ss14-ru\prototypes\entities\clothing\neck\pins.ftl
ent-ClothingNeckNovaPin	missing prototype	ss14-ru\prototypes\corvax\entities\clothing\neck\pins.ftl
ent-ClothingNeckOmnisexualPin	missing prototype	ss14-ru\prototypes\entities\clothing\neck\pins.ftl
ent-ClothingNeckPansexualPin	missing prototype	ss14-ru\prototypes\entities\clothing\neck\pins.ftl
ent-ClothingNeckPinBase	missing prototype	ss14-ru\prototypes\entities\clothing\neck\pins.ftl
ent-ClothingNeckPluralPin	missing prototype	ss14-ru\prototypes\entities\clothing\neck\pins.ftl
ent-ClothingNeckSolarisPin	missing prototype	ss14-ru\prototypes\corvax\entities\clothing\neck\pins.ftl
ent-ClothingNeckSyndicakePin	missing prototype	ss14-ru\prototypes\corvax\entities\clothing\neck\pins.ftl
ent-ClothingNeckTieBase	missing prototype	ss14-ru\prototypes\entities\clothing\neck\ties.ftl
ent-ClothingNeckTieSerious	missing prototype	ss14-ru\prototypes\entities\clothing\neck\ties.ftl
ent-ClothingNeckTransPin	missing prototype	ss14-ru\prototypes\entities\clothing\neck\pins.ftl
ent-ClothingNeckUSSPPin	missing prototype	ss14-ru\prototypes\corvax\entities\clothing\neck\pins.ftl
ent-ClothingNeckVitezstviPin	missing prototype	ss14-ru\prototypes\corvax\entities\clothing\neck\pins.ftl
ent-ClothingNeckVoidPin	missing prototype	ss14-ru\prototypes\corvax\entities\clothing\neck\pins.ftl
ent-ClothingNeckWhiteListPin	missing prototype	ss14-ru\prototypes\corvax\entities\clothing\neck\pins.ftl
ent-ClothingOuterAerostaticBomberJacket	missing prototype	ss14-ru\prototypes\corvax\entities\clothing\outerclothing\suits.ftl
ent-ClothingOuterArmorCentcomCarapace	missing prototype	ss14-ru\prototypes\corvax\entities\clothing\outerclothing\armor.ftl
ent-ClothingOuterBaseLargeFireproof	missing prototype	ss14-ru\prototypes\entities\clothing\outerclothing\base_clothingouter.ftl
ent-ClothingOuterBaseLargeInsulated	missing prototype	ss14-ru\prototypes\entities\clothing\outerclothing\base_clothingouter.ftl
ent-ClothingOuterCoatCaptain	missing prototype	ss14-ru\prototypes\corvax\entities\clothing\outerclothing\coats.ftl
ent-ClothingOuterCoatDetectiveDark	missing prototype	ss14-ru\prototypes\corvax\entities\clothing\outerclothing\coats.ftl
ent-ClothingOuterCoatHOP	missing prototype	ss14-ru\prototypes\corvax\entities\clothing\outerclothing\coats.ftl
ent-ClothingOuterCoatHoSGreatcoat	missing prototype	ss14-ru\prototypes\corvax\entities\clothing\outerclothing\coats.ftl
ent-ClothingOuterCoatLabSecurityMedic	missing prototype	ss14-ru\prototypes\corvax\entities\clothing\outerclothing\coats.ftl
ent-ClothingOuterCoatSecurityOvercoat	missing prototype	ss14-ru\prototypes\corvax\entities\clothing\outerclothing\coats.ftl
ent-ClothingOuterCoatWardenAlt	missing prototype	ss14-ru\prototypes\corvax\entities\clothing\outerclothing\coats.ftl
ent-ClothingOuterDiscoAssBlazer	missing prototype	ss14-ru\prototypes\corvax\entities\clothing\outerclothing\suits.ftl
ent-ClothingOuterEVASuitBaseToggleable	missing prototype	ss14-ru\prototypes\entities\clothing\outerclothing\base_clothingouter.ftl
ent-ClothingOuterHardsuitCBURNLeader	missing prototype	ss14-ru\prototypes\corvax\entities\clothing\outerclothing\hardsuits.ftl
ent-ClothingOuterHardsuitSecurityPilot	missing prototype	ss14-ru\prototypes\corvax\entities\clothing\outerclothing\hardsuits.ftl
ent-ClothingOuterJacketBase	missing prototype	ss14-ru\prototypes\entities\clothing\outerclothing\base_clothingouter.ftl
ent-ClothingOuterJacketToggleableBase	missing prototype	ss14-ru\prototypes\entities\clothing\outerclothing\base_clothingouter.ftl
ent-ClothingOuterRobesMagistrate	missing prototype	ss14-ru\prototypes\corvax\entities\clothing\outerclothing\misc.ftl
ent-ClothingOuterRobesMagistrateAlt	missing prototype	ss14-ru\prototypes\corvax\entities\clothing\outerclothing\misc.ftl
ent-ClothingOuterRobesMagistrateFancy	missing prototype	ss14-ru\prototypes\corvax\entities\clothing\outerclothing\misc.ftl
ent-ClothingOuterRobesMagistrateRed	missing prototype	ss14-ru\prototypes\corvax\entities\clothing\outerclothing\misc.ftl
ent-ClothingOuterSuitTramDriver	missing prototype	ss14-ru\prototypes\entities\clothing\outerclothing\suits.ftl
ent-ClothingOuterVestArmorMedSec	missing prototype	ss14-ru\prototypes\corvax\entities\clothing\outerclothing\vests.ftl
ent-ClothingOuterVestArmorSec	missing prototype	ss14-ru\prototypes\corvax\entities\clothing\outerclothing\vests.ftl
ent-ClothingOuterVestSecurityMedic	missing prototype	ss14-ru\prototypes\corvax\entities\clothing\outerclothing\vests.ftl
ent-ClothingOuterWinterPilot	missing prototype	ss14-ru\prototypes\corvax\entities\clothing\outerclothing\wintercoats.ftl
ent-ClothingShoesAerostatic	missing prototype	ss14-ru\prototypes\corvax\entities\clothing\shoes\specific.ftl
ent-ClothingShoesBootsJackSec	missing prototype	ss14-ru\prototypes\corvax\entities\clothing\shoes\boots.ftl
ent-ClothingShoesBootsJackSecFilled	missing prototype	ss14-ru\prototypes\corvax\catalog\fills\items\misc.ftl
ent-ClothingShoesCentcomBlack	missing prototype	ss14-ru\prototypes\corvax\entities\clothing\shoes\specific.ftl
ent-ClothingShoesGreenLizardskin	missing prototype	ss14-ru\prototypes\corvax\entities\clothing\shoes\specific.ftl
ent-ClothingShoesSandalsBlack	missing prototype	ss14-ru\prototypes\entities\clothing\shoes\misc.ftl
ent-ClothingShoesSandalsBrown	missing prototype	ss14-ru\prototypes\entities\clothing\shoes\misc.ftl
ent-ClothingShoesSchoolBlack	missing prototype	ss14-ru\prototypes\corvax\entities\clothing\shoes\specific.ftl
ent-ClothingShoesSchoolWhite	missing prototype	ss14-ru\prototypes\corvax\entities\clothing\shoes\specific.ftl
ent-ClothingUnderSocksBee	missing prototype	ss14-ru\prototypes\entities\clothing\under\under.ftl
ent-ClothingUnderSocksCoder	missing prototype	ss14-ru\prototypes\entities\clothing\under\under.ftl
ent-ClothingUniformJumpskirtCapTurtleneck	missing prototype	ss14-ru\prototypes\corvax\entities\clothing\uniforms\jumpskirts.ftl
ent-ClothingUniformJumpskirtCentcomOfficer	missing prototype	ss14-ru\prototypes\corvax\entities\clothing\uniforms\jumpskirts.ftl
ent-ClothingUniformJumpskirtCentcomOfficial	missing prototype	ss14-ru\prototypes\corvax\entities\clothing\uniforms\jumpskirts.ftl
ent-ClothingUniformJumpskirtElegantMaid	missing prototype	ss14-ru\prototypes\corvax\entities\clothing\uniforms\jumpskirts.ftl
ent-ClothingUniformJumpskirtHoPTurtleneck	missing prototype	ss14-ru\prototypes\corvax\entities\clothing\uniforms\jumpskirts.ftl
ent-ClothingUniformJumpskirtHoSBlack	missing prototype	ss14-ru\prototypes\corvax\entities\clothing\uniforms\jumpskirts.ftl
ent-ClothingUniformJumpskirtMagistrate	missing prototype	ss14-ru\prototypes\corvax\entities\clothing\uniforms\jumpskirts.ftl
ent-ClothingUniformJumpskirtPilot	missing prototype	ss14-ru\prototypes\corvax\entities\clothing\uniforms\jumpskirts.ftl
ent-ClothingUniformJumpskirtRDClassical	missing prototype	ss14-ru\prototypes\corvax\entities\clothing\uniforms\jumpskirts.ftl
ent-ClothingUniformJumpskirtSchool	missing prototype	ss14-ru\prototypes\corvax\entities\clothing\uniforms\jumpskirts.ftl
ent-ClothingUniformJumpsuitAerostatic	missing prototype	ss14-ru\prototypes\corvax\entities\clothing\uniforms\jumpsuits.ftl
ent-ClothingUniformJumpsuitCapTurtleneck	missing prototype	ss14-ru\prototypes\corvax\entities\clothing\uniforms\jumpsuits.ftl
ent-ClothingUniformJumpsuitCaptainRoyal	missing prototype	ss14-ru\prototypes\corvax\entities\clothing\uniforms\jumpsuits.ftl
ent-ClothingUniformJumpsuitCentcomAdmiral	missing prototype	ss14-ru\prototypes\corvax\entities\clothing\uniforms\jumpsuits.ftl
ent-ClothingUniformJumpsuitCentcomOfficerBlack	missing prototype	ss14-ru\prototypes\corvax\entities\clothing\uniforms\jumpsuits.ftl
ent-ClothingUniformJumpsuitHoPTurtleneck	missing prototype	ss14-ru\prototypes\corvax\entities\clothing\uniforms\jumpsuits.ftl
ent-ClothingUniformJumpsuitHoSBlack	missing prototype	ss14-ru\prototypes\corvax\entities\clothing\uniforms\jumpsuits.ftl
ent-ClothingUniformJumpsuitMagistrate	missing prototype	ss14-ru\prototypes\corvax\entities\clothing\uniforms\jumpsuits.ftl
ent-ClothingUniformJumpsuitMagistrateFormal	missing prototype	ss14-ru\prototypes\corvax\entities\clothing\uniforms\jumpsuits.ftl
ent-ClothingUniformJumpsuitPilot	missing prototype	ss14-ru\prototypes\corvax\entities\clothing\uniforms\jumpsuits.ftl
ent-ClothingUniformJumpsuitRDClassical	missing prototype	ss14-ru\prototypes\corvax\entities\clothing\uniforms\jumpsuits.ftl
ent-ClothingUniformJumpsuitSuperstarCop	missing prototype	ss14-ru\prototypes\corvax\entities\clothing\uniforms\jumpsuits.ftl
ent-ClothingUniformJumpsuitTramDriver	missing prototype	ss14-ru\prototypes\entities\clothing\uniforms\Jumpsuits\service.ftl
ent-CocoaPlants	missing prototype	ss14-ru\prototypes\Hydroponics\plants.ftl
ent-ComputerShuttleSalvage	missing prototype	ss14-ru\prototypes\corvax\entities\structures\machines\computers\computers.ftl
ent-ComputerStationTeleportersControl	missing prototype	ss14-ru\prototypes\entities\structures\machines\computers\computers.ftl
ent-ComputerStationTeleportersControlFilled	missing prototype	ss14-ru\prototypes\entities\structures\machines\computers\computers.ftl
ent-ComputerSyndicateTeleportersControl	missing prototype	ss14-ru\prototypes\entities\structures\machines\computers\computers.ftl
ent-ConstructedToilet	missing prototype	ss14-ru\prototypes\entities\structures\furniture\toilet.ftl
ent-CornPlants	missing prototype	ss14-ru\prototypes\Hydroponics\plants.ftl
ent-CottonPlants	missing prototype	ss14-ru\prototypes\Hydroponics\plants.ftl
ent-CrateArmoryMosin	missing prototype	ss14-ru\prototypes\catalog\fills\crates\armory.ftl
ent-CrateChaplainClothing	missing prototype	ss14-ru\prototypes\corvax\catalog\fills\crates\service.ftl
ent-CrateEVASecure	missing prototype	ss14-ru\prototypes\entities\structures\storage\crates\crates.ftl
ent-CrateEmergencyEVA	missing prototype	ss14-ru\prototypes\catalog\fills\crates\emergency.ftl
ent-CrateFunLizardPlushieBulk	missing prototype	ss14-ru\prototypes\catalog\fills\crates\fun.ftl
ent-CrateFunPlushie	missing prototype	ss14-ru\prototypes\catalog\fills\crates\fun.ftl
ent-CrateFunSharkPlushieBulk	missing prototype	ss14-ru\prototypes\catalog\fills\crates\fun.ftl
ent-CrateJanitorialCleanerGrenades	missing prototype	ss14-ru\prototypes\catalog\fills\crates\janitorial.ftl
ent-CrateJanitorialColorfulLights	missing prototype	ss14-ru\prototypes\catalog\fills\crates\janitorial.ftl
ent-CrateJanitorialHolidayLights	missing prototype	ss14-ru\prototypes\catalog\fills\crates\janitorial.ftl
ent-CrateJanitorialMousetraps	missing prototype	ss14-ru\prototypes\catalog\fills\crates\janitorial.ftl
ent-CrateJanitorialReplacementLights	missing prototype	ss14-ru\prototypes\catalog\fills\crates\janitorial.ftl
ent-CrateJanitorialSupplies	missing prototype	ss14-ru\prototypes\catalog\fills\crates\janitorial.ftl
ent-CrateMaterialCloth	missing prototype	ss14-ru\prototypes\catalog\fills\crates\materials.ftl
ent-CrateNPCSheep	missing prototype	ss14-ru\prototypes\catalog\fills\crates\npc.ftl
ent-CratePartsT3	missing prototype	ss14-ru\prototypes\catalog\fills\crates\salvage.ftl
ent-CratePartsT3T4	missing prototype	ss14-ru\prototypes\catalog\fills\crates\salvage.ftl
ent-CratePartsT4	missing prototype	ss14-ru\prototypes\catalog\fills\crates\salvage.ftl
ent-CrateServiceBarSupply	missing prototype	ss14-ru\prototypes\catalog\fills\crates\service.ftl
ent-CrateServiceCooking	missing prototype	ss14-ru\prototypes\catalog\fills\crates\service.ftl
ent-CrateServiceDinnerware	missing prototype	ss14-ru\prototypes\catalog\fills\crates\service.ftl
ent-CrateServiceGetMore	missing prototype	ss14-ru\prototypes\catalog\fills\crates\service.ftl
ent-CrateServiceLoreBooks	missing prototype	ss14-ru\prototypes\corvax\catalog\fills\crates\service.ftl
ent-CrateSpaceGyroscope	missing prototype	ss14-ru\prototypes\catalog\fills\crates\space.ftl
ent-CrateSpaceJetpack	missing prototype	ss14-ru\prototypes\catalog\fills\crates\space.ftl
ent-CrateSpaceMiniJetpack	missing prototype	ss14-ru\prototypes\catalog\fills\crates\space.ftl
ent-CrateSpaceShuttlePower	missing prototype	ss14-ru\prototypes\catalog\fills\crates\space.ftl
ent-CrateSpaceThruster	missing prototype	ss14-ru\prototypes\catalog\fills\crates\space.ftl
ent-CrateVendingMachineRestockAutoDrobeFilled	missing prototype	ss14-ru\prototypes\catalog\fills\crates\vending.ftl
ent-CrateVendingMachineRestockBoozeFilled	missing prototype	ss14-ru\prototypes\catalog\fills\crates\vending.ftl
ent-CrateVendingMachineRestockChangFilled	missing prototype	ss14-ru\prototypes\catalog\fills\crates\vending.ftl
ent-CrateVendingMachineRestockChefvendFilled	missing prototype	ss14-ru\prototypes\catalog\fills\crates\vending.ftl
ent-CrateVendingMachineRestockClothesFilled	missing prototype	ss14-ru\prototypes\catalog\fills\crates\vending.ftl
ent-CrateVendingMachineRestockCondimentStationFilled	missing prototype	ss14-ru\prototypes\catalog\fills\crates\vending.ftl
ent-CrateVendingMachineRestockDinnerwareFilled	missing prototype	ss14-ru\prototypes\catalog\fills\crates\vending.ftl
ent-CrateVendingMachineRestockDiscountDansFilled	missing prototype	ss14-ru\prototypes\catalog\fills\crates\vending.ftl
ent-CrateVendingMachineRestockDonutFilled	missing prototype	ss14-ru\prototypes\catalog\fills\crates\vending.ftl
ent-CrateVendingMachineRestockGamesFilled	missing prototype	ss14-ru\prototypes\catalog\fills\crates\vending.ftl
ent-CrateVendingMachineRestockGetmoreChocolateCorpFilled	missing prototype	ss14-ru\prototypes\catalog\fills\crates\vending.ftl
ent-CrateVendingMachineRestockHappyHonkFilled	missing prototype	ss14-ru\prototypes\catalog\fills\crates\vending.ftl
ent-CrateVendingMachineRestockHotDrinksFilled	missing prototype	ss14-ru\prototypes\catalog\fills\crates\vending.ftl
ent-CrateVendingMachineRestockPTechFilled	missing prototype	ss14-ru\prototypes\catalog\fills\crates\vending.ftl
ent-CrateVendingMachineRestockRobustSoftdrinksFilled	missing prototype	ss14-ru\prototypes\catalog\fills\crates\vending.ftl
ent-CrateVendingMachineRestockSalvageEquipmentFilled	missing prototype	ss14-ru\prototypes\catalog\fills\crates\vending.ftl
ent-CrateVendingMachineRestockSmokesFilled	missing prototype	ss14-ru\prototypes\catalog\fills\crates\vending.ftl
ent-CrateVendingMachineRestockTankDispenserFilled	missing prototype	ss14-ru\prototypes\catalog\fills\crates\vending.ftl
ent-CrateVendingMachineRestockVendomatFilled	missing prototype	ss14-ru\prototypes\catalog\fills\crates\vending.ftl
ent-CrewsimovCircuitBoard	missing prototype	ss14-ru\prototypes\entities\objects\devices\circuitboards\law_boards.ftl
ent-CustomDrinkJugFilled	missing prototype	ss14-ru\prototypes\entities\objects\consumable\drinks\drinks_bottles_plastic.ftl
ent-DeathNettlePlants	missing prototype	ss14-ru\prototypes\Hydroponics\plants.ftl
ent-DerelictCyborgSpawn	missing prototype	ss14-ru\prototypes\gamerules\events.ftl
ent-DetachedBody	missing prototype	ss14-ru\prototypes\body\detached.ftl
ent-DisposalRouterFlippedWaste	missing prototype	ss14-ru\prototypes\entities\structures\piping\disposal\pipes.ftl
ent-DisposalRouterWaste	missing prototype	ss14-ru\prototypes\entities\structures\piping\disposal\pipes.ftl
ent-DoorElectronicsEVA	missing prototype	ss14-ru\prototypes\entities\objects\devices\electronics\door_access.ftl
ent-DoorElectronicsSatellite	missing prototype	ss14-ru\prototypes\corvax\entities\objects\devices\electronics\door_access.ftl
ent-DoorElectronicsVaultCorvax	missing prototype	ss14-ru\prototypes\corvax\entities\objects\devices\electronics\door_access.ftl
ent-DrinkAlexanderGlass	missing prototype	ss14-ru\prototypes\corvax\entities\objects\consumable\drinks\drinks.ftl
ent-DrinkBadTouchGlass	missing prototype	ss14-ru\prototypes\corvax\entities\objects\consumable\drinks\drinks.ftl
ent-DrinkBottleBaseEmpty	missing prototype	ss14-ru\prototypes\entities\objects\consumable\drinks\trash_drinks.ftl
ent-DrinkBottleBaseSmallEmpty	missing prototype	ss14-ru\prototypes\entities\objects\consumable\drinks\trash_drinks.ftl
ent-DrinkBottlePlasticBase	missing prototype	ss14-ru\prototypes\entities\objects\consumable\drinks\drinks_bottles_plastic.ftl
ent-DrinkBoyarskyGlass	missing prototype	ss14-ru\prototypes\corvax\entities\objects\consumable\drinks\drinks.ftl
ent-DrinkBrambleGlass	missing prototype	ss14-ru\prototypes\corvax\entities\objects\consumable\drinks\drinks.ftl
ent-DrinkCampariBottleFull	missing prototype	ss14-ru\prototypes\corvax\entities\objects\consumable\drinks\drinks_bottles.ftl
ent-DrinkCartonBaseEmpty	missing prototype	ss14-ru\prototypes\entities\objects\consumable\drinks\trash_drinks.ftl
ent-DrinkCartonBaseLargeEmpty	missing prototype	ss14-ru\prototypes\entities\objects\consumable\drinks\trash_drinks.ftl
ent-DrinkCartonBaseXtraLargeFull	missing prototype	ss14-ru\prototypes\entities\objects\consumable\drinks\drinks-cartons.ftl
ent-DrinkCartonSmallBaseFull	missing prototype	ss14-ru\prototypes\entities\objects\consumable\drinks\drinks-cartons.ftl
ent-DrinkCartonVisualsOpenable	missing prototype	ss14-ru\prototypes\entities\objects\consumable\drinks\drinks-cartons.ftl
ent-DrinkFlaskVisualsOpenable	missing prototype	ss14-ru\prototypes\entities\objects\consumable\drinks\drinks_flasks.ftl
ent-DrinkJuiceLemonJug	missing prototype	ss14-ru\prototypes\entities\objects\consumable\drinks\drinks_bottles_plastic.ftl
ent-DrinkJuicePineappleJug	missing prototype	ss14-ru\prototypes\entities\objects\consumable\drinks\drinks_bottles_plastic.ftl
ent-DrinkJuiceTomatoJug	missing prototype	ss14-ru\prototypes\entities\objects\consumable\drinks\drinks_bottles_plastic.ftl
ent-DrinkKvassGlass	missing prototype	ss14-ru\prototypes\corvax\entities\objects\consumable\drinks\drinks.ftl
ent-DrinkMaiTaiGlass	missing prototype	ss14-ru\prototypes\corvax\entities\objects\consumable\drinks\drinks.ftl
ent-DrinkMilkJug	missing prototype	ss14-ru\prototypes\entities\objects\consumable\drinks\drinks_bottles_plastic.ftl
ent-DrinkNegroniGlass	missing prototype	ss14-ru\prototypes\corvax\entities\objects\consumable\drinks\drinks.ftl
ent-DrinkOldFashionedGlass	missing prototype	ss14-ru\prototypes\corvax\entities\objects\consumable\drinks\drinks.ftl
ent-DrinkPalomaGlass	missing prototype	ss14-ru\prototypes\corvax\entities\objects\consumable\drinks\drinks.ftl
ent-DrinkSolDryJug	missing prototype	ss14-ru\prototypes\entities\objects\consumable\drinks\drinks_bottles_plastic.ftl
ent-DrinkVisualizerTestCut	missing prototype	ss14-ru\prototypes\entities\objects\consumable\drinks\drinks_solutioncontainerexample.ftl
ent-DrinkVisualizerTestNot	missing prototype	ss14-ru\prototypes\entities\objects\consumable\drinks\drinks_solutioncontainerexample.ftl
ent-DrinkYorshGlass	missing prototype	ss14-ru\prototypes\corvax\entities\objects\consumable\drinks\drinks.ftl
ent-DummyArtifactItem	missing prototype	ss14-ru\prototypes\entities\objects\specific\xenoarchaeology\item_xenoartifacts.ftl
ent-DummyArtifactStructure	missing prototype	ss14-ru\prototypes\entities\objects\specific\xenoarchaeology\structure_xenoartifacts.ftl
ent-ERTSpawnerCBURN	missing prototype	ss14-ru\prototypes\corvax\markers\spawners\ert.ftl
ent-ERTSpawnerEngineering	missing prototype	ss14-ru\prototypes\corvax\markers\spawners\ert.ftl
ent-ERTSpawnerJanitor	missing prototype	ss14-ru\prototypes\corvax\markers\spawners\ert.ftl
ent-ERTSpawnerLeader	missing prototype	ss14-ru\prototypes\corvax\markers\spawners\ert.ftl
ent-ERTSpawnerMedical	missing prototype	ss14-ru\prototypes\corvax\markers\spawners\ert.ftl
ent-ERTSpawnerSrcurity	missing prototype	ss14-ru\prototypes\corvax\markers\spawners\ert.ftl
ent-EdibleBase	missing prototype	ss14-ru\prototypes\entities\objects\consumable\food\food_base.ftl
ent-EffectScreech	missing prototype	ss14-ru\prototypes\entities\effects\screech.ftl
ent-EggplantPlants	missing prototype	ss14-ru\prototypes\Hydroponics\plants.ftl
ent-EggyPlants	missing prototype	ss14-ru\prototypes\Hydroponics\plants.ftl
ent-EncryptionKeyIAA	missing prototype	ss14-ru\prototypes\corvax\entities\objects\devices\encryption_keys.ftl
ent-EncryptionKeyLegal	missing prototype	ss14-ru\prototypes\corvax\entities\objects\devices\encryption_keys.ftl
ent-EnergyGate	missing prototype	ss14-ru\prototypes\entities\structures\doors\EnergyGates\energy-gate.ftl
ent-EnergyGateAirtight	missing prototype	ss14-ru\prototypes\entities\structures\doors\EnergyGates\energy-gate.ftl
ent-EnergyGateGenpopEnter	missing prototype	ss14-ru\prototypes\entities\structures\doors\EnergyGates\energy-gate.ftl
ent-EnergyGateGenpopLeave	missing prototype	ss14-ru\prototypes\entities\structures\doors\EnergyGates\energy-gate.ftl
ent-ExtradimensionalOrangePlants	missing prototype	ss14-ru\prototypes\Hydroponics\plants.ftl
ent-FakeCapfruitPlants	missing prototype	ss14-ru\prototypes\Hydroponics\plants.ftl
ent-FeetAnimal	missing prototype	ss14-ru\prototypes\body\parts\animal.ftl
ent-FigureSpawner	missing prototype	ss14-ru\prototypes\entities\markers\spawners\random\toy.ftl
ent-FireAxeCabinetConstructed	missing prototype	ss14-ru\prototypes\entities\structures\wallmounts\storage\cabinets\fireaxe_cabinet.ftl
ent-FleshKudzuSpace	missing prototype	ss14-ru\prototypes\entities\objects\misc\kudzu.ftl
ent-FloorAzureWaterEntity	missing prototype	ss14-ru\prototypes\corvax\entities\tiles\water.ftl
ent-FloorSwimmingPoolEntity	missing prototype	ss14-ru\prototypes\entities\tiles\water.ftl
ent-FloorTileItemDarkMarbleMono	missing prototype	ss14-ru\prototypes\entities\objects\Tiles\marble.ftl
ent-FloorTileItemDarkPlastic	missing prototype	ss14-ru\prototypes\entities\objects\Tiles\tiles.ftl
ent-FloorTileItemExoBorg	missing prototype	ss14-ru\prototypes\entities\objects\Tiles\exodermis.ftl
ent-FloorTileItemExoCornerNE	missing prototype	ss14-ru\prototypes\entities\objects\Tiles\exodermis.ftl
ent-FloorTileItemExoCornerNW	missing prototype	ss14-ru\prototypes\entities\objects\Tiles\exodermis.ftl
ent-FloorTileItemExoCornerSE	missing prototype	ss14-ru\prototypes\entities\objects\Tiles\exodermis.ftl
ent-FloorTileItemExoCornerSW	missing prototype	ss14-ru\prototypes\entities\objects\Tiles\exodermis.ftl
ent-FloorTileItemExoHorizontal	missing prototype	ss14-ru\prototypes\entities\objects\Tiles\exodermis.ftl
ent-FloorTileItemExoHull	missing prototype	ss14-ru\prototypes\entities\objects\Tiles\exodermis.ftl
ent-FloorTileItemExoTechmaint	missing prototype	ss14-ru\prototypes\entities\objects\Tiles\exodermis.ftl
ent-FloorTileItemExoVertical	missing prototype	ss14-ru\prototypes\entities\objects\Tiles\exodermis.ftl
ent-FloorTileItemExoViscera	missing prototype	ss14-ru\prototypes\entities\objects\Tiles\exodermis.ftl
ent-FloorTileItemPlastic	missing prototype	ss14-ru\prototypes\entities\objects\Tiles\tiles.ftl
ent-FloorTileItemWhiteMarbleMono	missing prototype	ss14-ru\prototypes\entities\objects\Tiles\marble.ftl
ent-FloorTileItemWhitePlastic	missing prototype	ss14-ru\prototypes\entities\objects\Tiles\tiles.ftl
ent-FloorTileItemWoodBlack	missing prototype	ss14-ru\prototypes\corvax\entities\objects\misc\tiles.ftl
ent-FloorTileItemWoodChess	missing prototype	ss14-ru\prototypes\corvax\entities\objects\misc\tiles.ftl
ent-FloorTileItemWoodChessBlack	missing prototype	ss14-ru\prototypes\corvax\entities\objects\misc\tiles.ftl
ent-FloorTileItemWoodChessDark	missing prototype	ss14-ru\prototypes\corvax\entities\objects\misc\tiles.ftl
ent-FloorTileItemWoodChessLight	missing prototype	ss14-ru\prototypes\corvax\entities\objects\misc\tiles.ftl
ent-FloorTileItemWoodChessRed	missing prototype	ss14-ru\prototypes\corvax\entities\objects\misc\tiles.ftl
ent-FloorTileItemWoodDark	missing prototype	ss14-ru\prototypes\corvax\entities\objects\misc\tiles.ftl
ent-FloorTileItemWoodLargeBlack	missing prototype	ss14-ru\prototypes\corvax\entities\objects\misc\tiles.ftl
ent-FloorTileItemWoodLargeDark	missing prototype	ss14-ru\prototypes\corvax\entities\objects\misc\tiles.ftl
ent-FloorTileItemWoodLargeLight	missing prototype	ss14-ru\prototypes\corvax\entities\objects\misc\tiles.ftl
ent-FloorTileItemWoodLargeRed	missing prototype	ss14-ru\prototypes\corvax\entities\objects\misc\tiles.ftl
ent-FloorTileItemWoodLight	missing prototype	ss14-ru\prototypes\corvax\entities\objects\misc\tiles.ftl
ent-FloorTileItemWoodParquet	missing prototype	ss14-ru\prototypes\corvax\entities\objects\misc\tiles.ftl
ent-FloorTileItemWoodParquetBlack	missing prototype	ss14-ru\prototypes\corvax\entities\objects\misc\tiles.ftl
ent-FloorTileItemWoodParquetDark	missing prototype	ss14-ru\prototypes\corvax\entities\objects\misc\tiles.ftl
ent-FloorTileItemWoodParquetLight	missing prototype	ss14-ru\prototypes\corvax\entities\objects\misc\tiles.ftl
ent-FloorTileItemWoodParquetRed	missing prototype	ss14-ru\prototypes\corvax\entities\objects\misc\tiles.ftl
ent-FloorTileItemWoodRed	missing prototype	ss14-ru\prototypes\corvax\entities\objects\misc\tiles.ftl
ent-FlyAmanitaPlants	missing prototype	ss14-ru\prototypes\Hydroponics\plants.ftl
ent-FoamWeaponBase	missing prototype	ss14-ru\prototypes\entities\objects\fun\toys.ftl
ent-FoodBakedVulpkaninPlate	missing prototype	ss14-ru\prototypes\corvax\entities\objects\consumable\food\baked\vulpkanin.ftl
ent-FoodCakeBaseNoSecretStash	missing prototype	ss14-ru\prototypes\entities\objects\consumable\food\baked\cake.ftl
ent-FoodCrateKvassTank	missing prototype	ss14-ru\prototypes\corvax\catalog\cargo\cargo-food.ftl
ent-FoodMeatSnail	missing prototype	ss14-ru\prototypes\entities\objects\consumable\food\meat.ftl
ent-FoodPelmeniBowl	missing prototype	ss14-ru\prototypes\corvax\entities\objects\consumable\food\soup.ftl
ent-FrameStationRandomSpawner	missing prototype	ss14-ru\prototypes\corvax\entities\markers\spawners\random\framestationrandom.ftl
ent-FretlessBassGuitarInstrument	missing prototype	ss14-ru\prototypes\entities\objects\fun\instruments\instruments_string.ftl
ent-GalaxythistlePlants	missing prototype	ss14-ru\prototypes\Hydroponics\plants.ftl
ent-GameRuleClownSwarm	missing prototype	ss14-ru\prototypes\gamerules\meteorswarms.ftl
ent-GameRuleCowSwarm	missing prototype	ss14-ru\prototypes\gamerules\meteorswarms.ftl
ent-GameRuleFunSwarm	missing prototype	ss14-ru\prototypes\gamerules\meteorswarms.ftl
ent-GameRuleMeteorSwarm	missing prototype	ss14-ru\prototypes\gamerules\meteorswarms.ftl
ent-GameRuleMeteorSwarmLarge	missing prototype	ss14-ru\prototypes\gamerules\meteorswarms.ftl
ent-GameRuleMeteorSwarmMedium	missing prototype	ss14-ru\prototypes\gamerules\meteorswarms.ftl
ent-GameRuleMeteorSwarmSmall	missing prototype	ss14-ru\prototypes\gamerules\meteorswarms.ftl
ent-GameRulePotatoSwarm	missing prototype	ss14-ru\prototypes\gamerules\meteorswarms.ftl
ent-GameRuleSpaceDustMajor	missing prototype	ss14-ru\prototypes\gamerules\meteorswarms.ftl
ent-GameRuleSpaceDustMinor	missing prototype	ss14-ru\prototypes\gamerules\meteorswarms.ftl
ent-GameRuleUristSwarm	missing prototype	ss14-ru\prototypes\gamerules\meteorswarms.ftl
ent-Garlands	missing prototype	ss14-ru\prototypes\corvax\entities\objects\decoration\garlands.ftl
ent-GarlandsOff	missing prototype	ss14-ru\prototypes\corvax\entities\objects\decoration\garlands.ftl
ent-GarlicPlants	missing prototype	ss14-ru\prototypes\Hydroponics\plants.ftl
ent-GasPipeSansLayersIndestructible	missing prototype	ss14-ru\prototypes\entities\structures\piping\atmospherics\pipes.ftl
ent-GatfruitPlants	missing prototype	ss14-ru\prototypes\Hydroponics\plants.ftl
ent-GavelBlock	missing prototype	ss14-ru\prototypes\corvax\entities\objects\misc\gavelblock.ftl
ent-GlasstlePlants	missing prototype	ss14-ru\prototypes\Hydroponics\plants.ftl
ent-GoldenApplePlants	missing prototype	ss14-ru\prototypes\Hydroponics\plants.ftl
ent-GrapePlants	missing prototype	ss14-ru\prototypes\Hydroponics\plants.ftl
ent-GravityGeneratorMiniUncharged	missing prototype	ss14-ru\prototypes\entities\structures\machines\gravity_generator.ftl
ent-GuardianDeck	missing prototype	ss14-ru\prototypes\entities\objects\devices\syndicate_gadgets\guardian_activators.ftl
ent-HandTeleporterAdmemeCNInvisible	missing prototype	ss14-ru\prototypes\corvax\entities\objects\devices\invisible_hand_teleporter.ftl
ent-HandheldHealthAnalyzerEmpty	missing prototype	ss14-ru\prototypes\entities\objects\specific\medical\healthanalyzer.ftl
ent-HandheldHealthAnalyzerUnpowered	missing prototype	ss14-ru\prototypes\entities\objects\specific\medical\healthanalyzer.ftl
ent-HandsAnimal	missing prototype	ss14-ru\prototypes\body\parts\animal.ftl
ent-HeadArachnid	missing prototype	ss14-ru\prototypes\body\parts\arachnid.ftl
ent-HeadDiona	missing prototype	ss14-ru\prototypes\body\parts\diona.ftl
ent-HeadGingerbread	missing prototype	ss14-ru\prototypes\body\parts\gingerbread.ftl
ent-HeadHuman	missing prototype	ss14-ru\prototypes\body\parts\human.ftl
ent-HeadIpc	missing prototype	ss14-ru\prototypes\corvax\body\parts\ipc.ftl
ent-HeadMoth	missing prototype	ss14-ru\prototypes\body\parts\moth.ftl
ent-HeadReptilian	missing prototype	ss14-ru\prototypes\body\parts\reptilian.ftl
ent-HeadSkeleton	missing prototype	ss14-ru\prototypes\body\parts\skeleton.ftl
ent-HeadSlime	missing prototype	ss14-ru\prototypes\body\parts\slime.ftl
ent-HeadTajaran	missing prototype	ss14-ru\prototypes\corvax\body\parts\Tajaran.ftl
ent-HeadVox	missing prototype	ss14-ru\prototypes\body\parts\vox.ftl
ent-HeadVulpkanin	missing prototype	ss14-ru\prototypes\body\parts\vulpkanin.ftl
ent-HighSecChiefEngineerLocked	missing prototype	ss14-ru\prototypes\corvax\entities\structures\doors\airlocks\access.ftl
ent-HighSecSatelliteLocked	missing prototype	ss14-ru\prototypes\corvax\entities\structures\doors\airlocks\access.ftl
ent-HighSecVaultLocked	missing prototype	ss14-ru\prototypes\corvax\entities\structures\doors\airlocks\access.ftl
ent-HijackShuttleObjective	missing prototype	ss14-ru\prototypes\corvax\objectives\traitorObjectives.ftl
ent-HolopadSalvageShuttle	missing prototype	ss14-ru\prototypes\corvax\entities\structures\machines\holopad.ftl
ent-HoloprojectorXenoField	missing prototype	ss14-ru\prototypes\entities\objects\devices\holoprojectors.ftl
ent-HolymelonPlants	missing prototype	ss14-ru\prototypes\Hydroponics\plants.ftl
ent-HyposprayBrigmedic	missing prototype	ss14-ru\prototypes\corvax\entities\objects\specific\medical\hypospray.ftl
ent-IAAIDCard	missing prototype	ss14-ru\prototypes\corvax\entities\objects\misc\identification_cards.ftl
ent-IAAPDA	missing prototype	ss14-ru\prototypes\corvax\entities\objects\devices\pda.ftl
ent-IndustrialSmelter	missing prototype	ss14-ru\prototypes\entities\structures\machines\recycler.ftl
ent-IndustrialSmelterAdmeme	missing prototype	ss14-ru\prototypes\entities\structures\machines\recycler.ftl
ent-KillerTomatoPlants	missing prototype	ss14-ru\prototypes\Hydroponics\plants.ftl
ent-KoibeanPlants	missing prototype	ss14-ru\prototypes\Hydroponics\plants.ftl
ent-KvassTank	missing prototype	ss14-ru\prototypes\corvax\entities\structures\storage\tanks\tanks.ftl
ent-KvassTankFull	missing prototype	ss14-ru\prototypes\corvax\entities\structures\storage\tanks\tanks.ftl
ent-LaserHitscanBase	missing prototype	ss14-ru\prototypes\entities\objects\weapons\guns\projectiles\Energy\hitscan.ftl
ent-LaughinPeaPlants	missing prototype	ss14-ru\prototypes\Hydroponics\plants.ftl
ent-LeftArmArachnid	missing prototype	ss14-ru\prototypes\body\parts\arachnid.ftl
ent-LeftArmDiona	missing prototype	ss14-ru\prototypes\body\parts\diona.ftl
ent-LeftArmGingerbread	missing prototype	ss14-ru\prototypes\body\parts\gingerbread.ftl
ent-LeftArmHuman	missing prototype	ss14-ru\prototypes\body\parts\human.ftl
ent-LeftArmIpc	missing prototype	ss14-ru\prototypes\corvax\body\parts\ipc.ftl
ent-LeftArmMoth	missing prototype	ss14-ru\prototypes\body\parts\moth.ftl
ent-LeftArmReptilian	missing prototype	ss14-ru\prototypes\body\parts\reptilian.ftl
ent-LeftArmSkeleton	missing prototype	ss14-ru\prototypes\body\parts\skeleton.ftl
ent-LeftArmSlime	missing prototype	ss14-ru\prototypes\body\parts\slime.ftl
ent-LeftArmTajaran	missing prototype	ss14-ru\prototypes\corvax\body\parts\Tajaran.ftl
ent-LeftArmVox	missing prototype	ss14-ru\prototypes\body\parts\vox.ftl
ent-LeftArmVulpkanin	missing prototype	ss14-ru\prototypes\body\parts\vulpkanin.ftl
ent-LeftFootArachnid	missing prototype	ss14-ru\prototypes\body\parts\arachnid.ftl
ent-LeftFootDiona	missing prototype	ss14-ru\prototypes\body\parts\diona.ftl
ent-LeftFootGingerbread	missing prototype	ss14-ru\prototypes\body\parts\gingerbread.ftl
ent-LeftFootHuman	missing prototype	ss14-ru\prototypes\body\parts\human.ftl
ent-LeftFootIpc	missing prototype	ss14-ru\prototypes\corvax\body\parts\ipc.ftl
ent-LeftFootMoth	missing prototype	ss14-ru\prototypes\body\parts\moth.ftl
ent-LeftFootReptilian	missing prototype	ss14-ru\prototypes\body\parts\reptilian.ftl
ent-LeftFootSkeleton	missing prototype	ss14-ru\prototypes\body\parts\skeleton.ftl
ent-LeftFootSlime	missing prototype	ss14-ru\prototypes\body\parts\slime.ftl
ent-LeftFootTajaran	missing prototype	ss14-ru\prototypes\corvax\body\parts\Tajaran.ftl
ent-LeftFootVox	missing prototype	ss14-ru\prototypes\body\parts\vox.ftl
ent-LeftFootVulpkanin	missing prototype	ss14-ru\prototypes\body\parts\vulpkanin.ftl
ent-LeftHandArachnid	missing prototype	ss14-ru\prototypes\body\parts\arachnid.ftl
ent-LeftHandDiona	missing prototype	ss14-ru\prototypes\body\parts\diona.ftl
ent-LeftHandGingerbread	missing prototype	ss14-ru\prototypes\body\parts\gingerbread.ftl
ent-LeftHandHuman	missing prototype	ss14-ru\prototypes\body\parts\human.ftl
ent-LeftHandIpc	missing prototype	ss14-ru\prototypes\corvax\body\parts\ipc.ftl
ent-LeftHandMoth	missing prototype	ss14-ru\prototypes\body\parts\moth.ftl
ent-LeftHandReptilian	missing prototype	ss14-ru\prototypes\body\parts\reptilian.ftl
ent-LeftHandSkeleton	missing prototype	ss14-ru\prototypes\body\parts\skeleton.ftl
ent-LeftHandSlime	missing prototype	ss14-ru\prototypes\body\parts\slime.ftl
ent-LeftHandSmartCorgi	missing prototype	ss14-ru\prototypes\body\parts\animal.ftl
ent-LeftHandTajaran	missing prototype	ss14-ru\prototypes\corvax\body\parts\Tajaran.ftl
ent-LeftHandVox	missing prototype	ss14-ru\prototypes\body\parts\vox.ftl
ent-LeftHandVulpkanin	missing prototype	ss14-ru\prototypes\body\parts\vulpkanin.ftl
ent-LeftLegArachnid	missing prototype	ss14-ru\prototypes\body\parts\arachnid.ftl
ent-LeftLegDiona	missing prototype	ss14-ru\prototypes\body\parts\diona.ftl
ent-LeftLegGingerbread	missing prototype	ss14-ru\prototypes\body\parts\gingerbread.ftl
ent-LeftLegHuman	missing prototype	ss14-ru\prototypes\body\parts\human.ftl
ent-LeftLegIpc	missing prototype	ss14-ru\prototypes\corvax\body\parts\ipc.ftl
ent-LeftLegMoth	missing prototype	ss14-ru\prototypes\body\parts\moth.ftl
ent-LeftLegReptilian	missing prototype	ss14-ru\prototypes\body\parts\reptilian.ftl
ent-LeftLegSkeleton	missing prototype	ss14-ru\prototypes\body\parts\skeleton.ftl
ent-LeftLegSlime	missing prototype	ss14-ru\prototypes\body\parts\slime.ftl
ent-LeftLegTajaran	missing prototype	ss14-ru\prototypes\corvax\body\parts\Tajaran.ftl
ent-LeftLegVox	missing prototype	ss14-ru\prototypes\body\parts\vox.ftl
ent-LeftLegVulpkanin	missing prototype	ss14-ru\prototypes\body\parts\vulpkanin.ftl
ent-LegsAnimal	missing prototype	ss14-ru\prototypes\body\parts\animal.ftl
ent-LemonPlants	missing prototype	ss14-ru\prototypes\Hydroponics\plants.ftl
ent-LemoonPlants	missing prototype	ss14-ru\prototypes\Hydroponics\plants.ftl
ent-LightReplacerFilled	missing prototype	ss14-ru\prototypes\entities\objects\tools\light_replacer.ftl
ent-LilyPlants	missing prototype	ss14-ru\prototypes\Hydroponics\plants.ftl
ent-LimePlants	missing prototype	ss14-ru\prototypes\Hydroponics\plants.ftl
ent-LingzhiPlants	missing prototype	ss14-ru\prototypes\Hydroponics\plants.ftl
ent-LockerPilot	missing prototype	ss14-ru\prototypes\corvax\entities\structures\storage\closets\lockerts\lockers.ftl
ent-LockerPilotFilled	missing prototype	ss14-ru\prototypes\corvax\catalog\fills\lockers\security.ftl
ent-LockerPilotFilledHardsuit	missing prototype	ss14-ru\prototypes\corvax\catalog\fills\lockers\security.ftl
ent-LootSpawnerContraband	missing prototype	ss14-ru\prototypes\corvax\entities\markers\spawners\random\contraband.ftl
ent-LootSpawnerContrabandHigh	missing prototype	ss14-ru\prototypes\corvax\entities\markers\spawners\random\contraband.ftl
ent-LootSpawnerContrabandLow	missing prototype	ss14-ru\prototypes\corvax\entities\markers\spawners\random\contraband.ftl
ent-MachineAnomalyVesselFlatpack	missing prototype	ss14-ru\prototypes\entities\objects\devices\flatpack.ftl
ent-MagazineCaselessRifle	missing prototype	ss14-ru\prototypes\entities\objects\weapons\guns\ammunition\magazines\caseless_rifle.ftl
ent-MagazineCaselessRiflePractice	missing prototype	ss14-ru\prototypes\entities\objects\weapons\guns\ammunition\magazines\caseless_rifle.ftl
ent-MagistrateGavel	missing prototype	ss14-ru\prototypes\corvax\entities\objects\weapons\melee\hammer.ftl
ent-MagistrateIDCard	missing prototype	ss14-ru\prototypes\corvax\entities\objects\misc\identification_cards.ftl
ent-MagistratePDA	missing prototype	ss14-ru\prototypes\corvax\entities\objects\devices\pda.ftl
ent-MarkerBlocker	missing prototype	ss14-ru\prototypes\corvax\entities\structures\Walls\invisible_wall.ftl
ent-MaterialXenoborgCrystal	missing prototype	ss14-ru\prototypes\entities\objects\materials\xenoborg_crystal.ftl
ent-MaterialXenoborgCrystal1	missing prototype	ss14-ru\prototypes\entities\objects\materials\xenoborg_crystal.ftl
ent-MaterialXenoborgCrystal5	missing prototype	ss14-ru\prototypes\entities\objects\materials\xenoborg_crystal.ftl
ent-MeatWheatPlants	missing prototype	ss14-ru\prototypes\Hydroponics\plants.ftl
ent-MediumPresentBox	missing prototype	ss14-ru\prototypes\corvax\entities\objects\decoration\presents.ftl
ent-MeleeDebugUnbang	missing prototype	ss14-ru\prototypes\entities\debugging\debug_sweps.ftl
ent-MeteorFlesh	missing prototype	ss14-ru\prototypes\entities\objects\weapons\guns\projectiles\Misc\meteors.ftl
ent-MeteorKudzu	missing prototype	ss14-ru\prototypes\entities\objects\weapons\guns\projectiles\Misc\meteors.ftl
ent-MimanaPlants	missing prototype	ss14-ru\prototypes\Hydroponics\plants.ftl
ent-MobArachnidDummy	missing prototype	ss14-ru\prototypes\entities\mobs\species\arachnid.ftl
ent-MobDionaDummy	missing prototype	ss14-ru\prototypes\entities\mobs\species\diona.ftl
ent-MobDwarfDummy	missing prototype	ss14-ru\prototypes\entities\mobs\species\dwarf.ftl
ent-MobGiantSpiderClown	missing prototype	ss14-ru\prototypes\entities\mobs\npcs\Spiders\clown.ftl
ent-MobGiantSpiderClownAngry	missing prototype	ss14-ru\prototypes\entities\mobs\npcs\Spiders\clown.ftl
ent-MobGiantSpiderGuard	missing prototype	ss14-ru\prototypes\entities\mobs\npcs\Spiders\guard.ftl
ent-MobGiantSpiderGuardAngry	missing prototype	ss14-ru\prototypes\entities\mobs\npcs\Spiders\guard.ftl
ent-MobGiantSpiderHunter	missing prototype	ss14-ru\prototypes\entities\mobs\npcs\Spiders\hunter.ftl
ent-MobGiantSpiderHunterAngry	missing prototype	ss14-ru\prototypes\entities\mobs\npcs\Spiders\hunter.ftl
ent-MobGiantSpiderMidwife	missing prototype	ss14-ru\prototypes\entities\mobs\npcs\Spiders\midwife.ftl
ent-MobGiantSpiderMidwifeAngry	missing prototype	ss14-ru\prototypes\entities\mobs\npcs\Spiders\midwife.ftl
ent-MobGiantSpiderNurse	missing prototype	ss14-ru\prototypes\entities\mobs\npcs\Spiders\nurse.ftl
ent-MobGiantSpiderNurseAngry	missing prototype	ss14-ru\prototypes\entities\mobs\npcs\Spiders\nurse.ftl
ent-MobGiantSpiderTarantula	missing prototype	ss14-ru\prototypes\entities\mobs\npcs\Spiders\tarantule.ftl
ent-MobGiantSpiderTarantulaAngry	missing prototype	ss14-ru\prototypes\entities\mobs\npcs\Spiders\tarantule.ftl
ent-MobGingerbreadDummy	missing prototype	ss14-ru\prototypes\entities\mobs\species\gingerbread.ftl
ent-MobGorillaLargo	missing prototype	ss14-ru\prototypes\corvax\entities\mobs\npcs\pets.ftl
ent-MobHeadSlug	missing prototype	ss14-ru\prototypes\entities\mobs\player\changeling.ftl
ent-MobHeadSlugElder	missing prototype	ss14-ru\prototypes\entities\mobs\player\changeling.ftl
ent-MobHumanDummy	missing prototype	ss14-ru\prototypes\entities\mobs\species\human.ftl
ent-MobHumanPathDummy	missing prototype	ss14-ru\prototypes\entities\mobs\npcs\dummy_npcs.ftl
ent-MobIpc	missing prototype	ss14-ru\prototypes\corvax\body\species\ipc.ftl
ent-MobIpcDummy	missing prototype	ss14-ru\prototypes\corvax\entities\mobs\species\ipc.ftl
ent-MobMothDummy	missing prototype	ss14-ru\prototypes\entities\mobs\species\moth.ftl
ent-MobMouseAdmeme	missing prototype	ss14-ru\prototypes\entities\mobs\npcs\animals.ftl
ent-MobNightVision	missing prototype	ss14-ru\prototypes\entities\mobs\base.ftl
ent-MobReptilianDummy	missing prototype	ss14-ru\prototypes\entities\mobs\species\reptilian.ftl
ent-MobSharkDragon	missing prototype	ss14-ru\prototypes\entities\mobs\npcs\carp.ftl
ent-MobSheep	missing prototype	ss14-ru\prototypes\entities\mobs\npcs\animals.ftl
ent-MobSheepBase	missing prototype	ss14-ru\prototypes\entities\mobs\npcs\animals.ftl
ent-MobSheepRainbow	missing prototype	ss14-ru\prototypes\entities\mobs\npcs\animals.ftl
ent-MobSheepSpace	missing prototype	ss14-ru\prototypes\entities\mobs\npcs\space.ftl
ent-MobSkeletonPersonDummy	missing prototype	ss14-ru\prototypes\entities\mobs\species\skeleton.ftl
ent-MobSlimePersonDummy	missing prototype	ss14-ru\prototypes\entities\mobs\species\slime.ftl
ent-MobSyndicateSmuggler	missing prototype	ss14-ru\prototypes\corvax\entities\mobs\npcs\human.ftl
ent-MobTajaran	missing prototype	ss14-ru\prototypes\corvax\body\species\tajaran.ftl
ent-MobTajaranDummy	missing prototype	ss14-ru\prototypes\corvax\entities\mobs\species\tajaran.ftl
ent-MobVoxDummy	missing prototype	ss14-ru\prototypes\entities\mobs\species\vox.ftl
ent-MobVulpkaninDummy	missing prototype	ss14-ru\prototypes\entities\mobs\species\vulpkanin.ftl
ent-MutedStatusEffectBase	missing prototype	ss14-ru\prototypes\entities\statuseffects\misc.ftl
ent-NanotrasenStationNoArrivals	missing prototype	ss14-ru\prototypes\corvax\entities\stations\nanotrasen.ftl
ent-NettlePlants	missing prototype	ss14-ru\prototypes\Hydroponics\plants.ftl
ent-NewYearTree0	missing prototype	ss14-ru\prototypes\corvax\entities\objects\decoration\flora.ftl
ent-NewYearTree1	missing prototype	ss14-ru\prototypes\corvax\entities\objects\decoration\flora.ftl
ent-OatPlants	missing prototype	ss14-ru\prototypes\Hydroponics\plants.ftl
ent-OfficeChairVehicleBase	missing prototype	ss14-ru\prototypes\entities\structures\furniture\chairs.ftl
ent-OnionPlants	missing prototype	ss14-ru\prototypes\Hydroponics\plants.ftl
ent-OnionRedPlants	missing prototype	ss14-ru\prototypes\Hydroponics\plants.ftl
ent-OpporozidoneBeakerSmall	missing prototype	ss14-ru\prototypes\corvax\entities\objects\specific\chemistry.ftl
ent-OrangePlants	missing prototype	ss14-ru\prototypes\Hydroponics\plants.ftl
ent-OrganAnimalRuminantStomach	missing prototype	ss14-ru\prototypes\body\organs\animal\ruminant.ftl
ent-OrganBaseChildExternal	missing prototype	ss14-ru\prototypes\body\base_organs.ftl
ent-OrganBaseChildInternal	missing prototype	ss14-ru\prototypes\body\base_organs.ftl
ent-OrganBaseOrganic	missing prototype	ss14-ru\prototypes\body\base_organs.ftl
ent-OrganBaseParent	missing prototype	ss14-ru\prototypes\body\base_organs.ftl
ent-OrganCorvaxVulpkaninStomach	missing prototype	ss14-ru\prototypes\corvax\body\organs\vulpkanin.ftl
ent-OrganDionaBrainNymph	missing prototype	ss14-ru\prototypes\body\organs\diona.ftl
ent-OrganDionaLungsNymph	missing prototype	ss14-ru\prototypes\body\organs\diona.ftl
ent-OrganDionaStomachNymph	missing prototype	ss14-ru\prototypes\body\organs\diona.ftl
ent-OrganDwarfAppearance	missing prototype	ss14-ru\prototypes\body\species\dwarf.ftl
ent-OrganDwarfArmLeft	missing prototype	ss14-ru\prototypes\body\species\dwarf.ftl
ent-OrganDwarfArmRight	missing prototype	ss14-ru\prototypes\body\species\dwarf.ftl
ent-OrganDwarfEyes	missing prototype	ss14-ru\prototypes\body\species\dwarf.ftl
ent-OrganDwarfFootLeft	missing prototype	ss14-ru\prototypes\body\species\dwarf.ftl
ent-OrganDwarfFootRight	missing prototype	ss14-ru\prototypes\body\species\dwarf.ftl
ent-OrganDwarfHandLeft	missing prototype	ss14-ru\prototypes\body\species\dwarf.ftl
ent-OrganDwarfHandRight	missing prototype	ss14-ru\prototypes\body\species\dwarf.ftl
ent-OrganDwarfHead	missing prototype	ss14-ru\prototypes\body\species\dwarf.ftl
ent-OrganDwarfLegLeft	missing prototype	ss14-ru\prototypes\body\species\dwarf.ftl
ent-OrganDwarfLegRight	missing prototype	ss14-ru\prototypes\body\species\dwarf.ftl
ent-OrganDwarfTorso	missing prototype	ss14-ru\prototypes\body\species\dwarf.ftl
ent-OrganIPCBrain	missing prototype	ss14-ru\prototypes\corvax\body\organs\ipc.ftl
ent-OrganIPCEyes	missing prototype	ss14-ru\prototypes\corvax\body\species\ipc.ftl
ent-OrganIpc	missing prototype	ss14-ru\prototypes\corvax\body\species\ipc.ftl
ent-OrganIpcArmLeft	missing prototype	ss14-ru\prototypes\corvax\body\species\ipc.ftl
ent-OrganIpcArmRight	missing prototype	ss14-ru\prototypes\corvax\body\species\ipc.ftl
ent-OrganIpcBrain	missing prototype	ss14-ru\prototypes\corvax\body\species\ipc.ftl
ent-OrganIpcExternal	missing prototype	ss14-ru\prototypes\corvax\body\species\ipc.ftl
ent-OrganIpcEyes	missing prototype	ss14-ru\prototypes\corvax\body\organs\ipc.ftl
ent-OrganIpcFootLeft	missing prototype	ss14-ru\prototypes\corvax\body\species\ipc.ftl
ent-OrganIpcFootRight	missing prototype	ss14-ru\prototypes\corvax\body\species\ipc.ftl
ent-OrganIpcHandLeft	missing prototype	ss14-ru\prototypes\corvax\body\species\ipc.ftl
ent-OrganIpcHandRight	missing prototype	ss14-ru\prototypes\corvax\body\species\ipc.ftl
ent-OrganIpcHead	missing prototype	ss14-ru\prototypes\corvax\body\species\ipc.ftl
ent-OrganIpcLegLeft	missing prototype	ss14-ru\prototypes\corvax\body\species\ipc.ftl
ent-OrganIpcLegRight	missing prototype	ss14-ru\prototypes\corvax\body\species\ipc.ftl
ent-OrganIpcTorso	missing prototype	ss14-ru\prototypes\corvax\body\species\ipc.ftl
ent-OrganMouseStomach	missing prototype	ss14-ru\prototypes\body\organs\animal\animal.ftl
ent-OrganRatStomach	missing prototype	ss14-ru\prototypes\body\organs\rat.ftl
ent-OrganSlimeLungs	missing prototype	ss14-ru\prototypes\body\organs\slime.ftl
ent-OrganSlimePersonEyes	missing prototype	ss14-ru\prototypes\body\species\slime.ftl
ent-OrganSlimesLungs	missing prototype	ss14-ru\prototypes\body\organs\animal\slimes.ftl
ent-OrganTajaran	missing prototype	ss14-ru\prototypes\corvax\body\species\tajaran.ftl
ent-OrganTajaranAppendix	missing prototype	ss14-ru\prototypes\corvax\body\species\tajaran.ftl
ent-OrganTajaranArmLeft	missing prototype	ss14-ru\prototypes\corvax\body\species\tajaran.ftl
ent-OrganTajaranArmRight	missing prototype	ss14-ru\prototypes\corvax\body\species\tajaran.ftl
ent-OrganTajaranBrain	missing prototype	ss14-ru\prototypes\corvax\body\species\tajaran.ftl
ent-OrganTajaranEars	missing prototype	ss14-ru\prototypes\corvax\body\species\tajaran.ftl
ent-OrganTajaranExternal	missing prototype	ss14-ru\prototypes\corvax\body\species\tajaran.ftl
ent-OrganTajaranEyes	missing prototype	ss14-ru\prototypes\corvax\body\species\tajaran.ftl
ent-OrganTajaranFootLeft	missing prototype	ss14-ru\prototypes\corvax\body\species\tajaran.ftl
ent-OrganTajaranFootRight	missing prototype	ss14-ru\prototypes\corvax\body\species\tajaran.ftl
ent-OrganTajaranHandLeft	missing prototype	ss14-ru\prototypes\corvax\body\species\tajaran.ftl
ent-OrganTajaranHandRight	missing prototype	ss14-ru\prototypes\corvax\body\species\tajaran.ftl
ent-OrganTajaranHead	missing prototype	ss14-ru\prototypes\corvax\body\species\tajaran.ftl
ent-OrganTajaranHeart	missing prototype	ss14-ru\prototypes\corvax\body\species\tajaran.ftl
ent-OrganTajaranInternal	missing prototype	ss14-ru\prototypes\corvax\body\species\tajaran.ftl
ent-OrganTajaranKidneys	missing prototype	ss14-ru\prototypes\corvax\body\species\tajaran.ftl
ent-OrganTajaranLegLeft	missing prototype	ss14-ru\prototypes\corvax\body\species\tajaran.ftl
ent-OrganTajaranLegRight	missing prototype	ss14-ru\prototypes\corvax\body\species\tajaran.ftl
ent-OrganTajaranLiver	missing prototype	ss14-ru\prototypes\corvax\body\species\tajaran.ftl
ent-OrganTajaranLungs	missing prototype	ss14-ru\prototypes\corvax\body\species\tajaran.ftl
ent-OrganTajaranMetabolizer	missing prototype	ss14-ru\prototypes\corvax\body\species\tajaran.ftl
ent-OrganTajaranStomach	missing prototype	ss14-ru\prototypes\corvax\body\species\tajaran.ftl
ent-OrganTajaranTongue	missing prototype	ss14-ru\prototypes\corvax\body\species\tajaran.ftl
ent-OrganTajaranTorso	missing prototype	ss14-ru\prototypes\corvax\body\species\tajaran.ftl
ent-OrganTajaranVisual	missing prototype	ss14-ru\prototypes\corvax\body\species\tajaran.ftl
ent-OrganVoxTongueA	missing prototype	ss14-ru\prototypes\body\organs\vox.ftl
ent-OrganVoxTongueB	missing prototype	ss14-ru\prototypes\body\organs\vox.ftl
ent-PainNumbnessTraitStatusEffect	missing prototype	ss14-ru\prototypes\entities\statuseffects\body.ftl
ent-PapercanePlants	missing prototype	ss14-ru\prototypes\Hydroponics\plants.ftl
ent-PartAnimal	missing prototype	ss14-ru\prototypes\body\parts\animal.ftl
ent-PartArachnid	missing prototype	ss14-ru\prototypes\body\parts\arachnid.ftl
ent-PartDiona	missing prototype	ss14-ru\prototypes\body\parts\diona.ftl
ent-PartGingerbread	missing prototype	ss14-ru\prototypes\body\parts\gingerbread.ftl
ent-PartHuman	missing prototype	ss14-ru\prototypes\body\parts\human.ftl
ent-PartIpc	missing prototype	ss14-ru\prototypes\corvax\body\parts\ipc.ftl
ent-PartMoth	missing prototype	ss14-ru\prototypes\body\parts\moth.ftl
ent-PartReptilian	missing prototype	ss14-ru\prototypes\body\parts\reptilian.ftl
ent-PartSkeleton	missing prototype	ss14-ru\prototypes\body\parts\skeleton.ftl
ent-PartSlime	missing prototype	ss14-ru\prototypes\body\parts\slime.ftl
ent-PartTajaran	missing prototype	ss14-ru\prototypes\corvax\body\parts\Tajaran.ftl
ent-PartVox	missing prototype	ss14-ru\prototypes\body\parts\vox.ftl
ent-PartVulpkanin	missing prototype	ss14-ru\prototypes\body\parts\vulpkanin.ftl
ent-PeaPlants	missing prototype	ss14-ru\prototypes\Hydroponics\plants.ftl
ent-PenLegal	missing prototype	ss14-ru\prototypes\corvax\entities\objects\misc\pen.ftl
ent-PillCanisterAmbuzol	missing prototype	ss14-ru\prototypes\entities\objects\specific\medical\healing.ftl
ent-PilotIDCard	missing prototype	ss14-ru\prototypes\corvax\entities\objects\misc\identification_cards.ftl
ent-PilotPDA	missing prototype	ss14-ru\prototypes\corvax\entities\objects\devices\pda.ftl
ent-PineapplePlants	missing prototype	ss14-ru\prototypes\Hydroponics\plants.ftl
ent-PlasmaReinforcedWindowDirectionalCorner	missing prototype	ss14-ru\prototypes\entities\structures\windows\rplasma.ftl
ent-PlasmaWindoorArmoryLocked	missing prototype	ss14-ru\prototypes\entities\structures\doors\windoors\windoor.ftl
ent-PlasmaWindoorAtmosphericsLocked	missing prototype	ss14-ru\prototypes\entities\structures\doors\windoors\windoor.ftl
ent-PlasmaWindoorCentralCommandLocked	missing prototype	ss14-ru\prototypes\entities\structures\doors\windoors\windoor.ftl
ent-PlasmaWindoorChemistryLocked	missing prototype	ss14-ru\prototypes\entities\structures\doors\windoors\windoor.ftl
ent-PlasmaWindoorCommandLocked	missing prototype	ss14-ru\prototypes\entities\structures\doors\windoors\windoor.ftl
ent-PlasmaWindoorEngineeringLocked	missing prototype	ss14-ru\prototypes\entities\structures\doors\windoors\windoor.ftl
ent-PlasmaWindoorScienceLocked	missing prototype	ss14-ru\prototypes\entities\structures\doors\windoors\windoor.ftl
ent-PlasmaWindoorSecurityLocked	missing prototype	ss14-ru\prototypes\entities\structures\doors\windoors\windoor.ftl
ent-PlasmaWindowDirectionalCorner	missing prototype	ss14-ru\prototypes\entities\structures\windows\plasma.ftl
ent-PlushieArachind	missing prototype	ss14-ru\prototypes\entities\objects\fun\Plushies\plushies.ftl
ent-PlushieAtmosian	missing prototype	ss14-ru\prototypes\entities\objects\fun\Plushies\plushies.ftl
ent-PlushieDiona	missing prototype	ss14-ru\prototypes\entities\objects\fun\Plushies\plushies.ftl
ent-PlushieExperiment	missing prototype	ss14-ru\prototypes\entities\objects\fun\Plushies\plushies.ftl
ent-PlushieLizard	missing prototype	ss14-ru\prototypes\entities\objects\fun\Plushies\plushies.ftl
ent-PlushieLizardInversed	missing prototype	ss14-ru\prototypes\entities\objects\fun\Plushies\plushies.ftl
ent-PlushieLizardMirrored	missing prototype	ss14-ru\prototypes\entities\objects\fun\Plushies\plushies.ftl
ent-PlushieMoth	missing prototype	ss14-ru\prototypes\entities\objects\fun\Plushies\plushies.ftl
ent-PlushiePenguin	missing prototype	ss14-ru\prototypes\entities\objects\fun\Plushies\plushies.ftl
ent-PlushieRainbowLizard	missing prototype	ss14-ru\prototypes\entities\objects\fun\Plushies\plushies.ftl
ent-PlushieRouny	missing prototype	ss14-ru\prototypes\entities\objects\fun\Plushies\plushies.ftl
ent-PlushieSharkBlue	missing prototype	ss14-ru\prototypes\entities\objects\fun\Plushies\plushies.ftl
ent-PlushieSharkGrey	missing prototype	ss14-ru\prototypes\entities\objects\fun\Plushies\plushies.ftl
ent-PlushieSharkPink	missing prototype	ss14-ru\prototypes\entities\objects\fun\Plushies\plushies.ftl
ent-PlushieSheep	missing prototype	ss14-ru\prototypes\entities\objects\fun\Plushies\plushies.ftl
ent-PlushieSlime	missing prototype	ss14-ru\prototypes\entities\objects\fun\Plushies\plushies.ftl
ent-PlushieSnake	missing prototype	ss14-ru\prototypes\entities\objects\fun\Plushies\plushies.ftl
ent-PlushieSpaceLizard	missing prototype	ss14-ru\prototypes\entities\objects\fun\Plushies\plushies.ftl
ent-PlushieSpaceSheep	missing prototype	ss14-ru\prototypes\entities\objects\fun\Plushies\plushies.ftl
ent-PlushieVox	missing prototype	ss14-ru\prototypes\entities\objects\fun\Plushies\plushies.ftl
ent-PlushieVulp	missing prototype	ss14-ru\prototypes\entities\objects\fun\Plushies\plushies.ftl
ent-PlushieXeno	missing prototype	ss14-ru\prototypes\entities\objects\fun\Plushies\plushies.ftl
ent-PoppyPlants	missing prototype	ss14-ru\prototypes\Hydroponics\plants.ftl
ent-PortableScreenTimer	missing prototype	ss14-ru\prototypes\corvax\entities\objects\devices\portable_screen_timer.ftl
ent-PortalBlueAdmemeCNInvisible	missing prototype	ss14-ru\prototypes\corvax\entities\effects\portal.ftl
ent-PortalGate	missing prototype	ss14-ru\prototypes\corvax\entities\effects\portal.ftl
ent-PortalRedAdmemeCNInvisible	missing prototype	ss14-ru\prototypes\corvax\entities\effects\portal.ftl
ent-PostBoard	missing prototype	ss14-ru\prototypes\entities\structures\wallmounts\misc\boards.ftl
ent-PosterLegitRaptor	missing prototype	ss14-ru\prototypes\entities\structures\wallmounts\signs\posters.ftl
ent-PosterLegitVulture	missing prototype	ss14-ru\prototypes\entities\structures\wallmounts\signs\posters.ftl
ent-PotatoPlants	missing prototype	ss14-ru\prototypes\Hydroponics\plants.ftl
ent-PottedPlantAlt0	missing prototype	ss14-ru\prototypes\corvax\entities\structures\furniture\potted_plants.ftl
ent-PottedPlantAlt1	missing prototype	ss14-ru\prototypes\corvax\entities\structures\furniture\potted_plants.ftl
ent-PottedPlantAlt2	missing prototype	ss14-ru\prototypes\corvax\entities\structures\furniture\potted_plants.ftl
ent-PottedPlantAlt3	missing prototype	ss14-ru\prototypes\corvax\entities\structures\furniture\potted_plants.ftl
ent-PottedPlantAlt4	missing prototype	ss14-ru\prototypes\corvax\entities\structures\furniture\potted_plants.ftl
ent-PottedPlantAlt5	missing prototype	ss14-ru\prototypes\corvax\entities\structures\furniture\potted_plants.ftl
ent-PottedPlantAlt6	missing prototype	ss14-ru\prototypes\corvax\entities\structures\furniture\potted_plants.ftl
ent-PottedPlantAlt7	missing prototype	ss14-ru\prototypes\corvax\entities\structures\furniture\potted_plants.ftl
ent-PottedPlantAlt8	missing prototype	ss14-ru\prototypes\corvax\entities\structures\furniture\potted_plants.ftl
ent-PoweredlightColor	missing prototype	ss14-ru\prototypes\entities\structures\lighting\base_lighting.ftl
ent-PrintedDocument	missing prototype	ss14-ru\prototypes\corvax\catalog\fills\paper\document.ftl
ent-PrintedDocumentAppeal	missing prototype	ss14-ru\prototypes\corvax\catalog\fills\paper\document.ftl
ent-PrintedDocumentApplicationAccess	missing prototype	ss14-ru\prototypes\corvax\catalog\fills\paper\document.ftl
ent-PrintedDocumentApplicationAppointmentInterim	missing prototype	ss14-ru\prototypes\corvax\catalog\fills\paper\document.ftl
ent-PrintedDocumentApplicationAppointmentInterimCaptain	missing prototype	ss14-ru\prototypes\corvax\catalog\fills\paper\document.ftl
ent-PrintedDocumentApplicationEmployment	missing prototype	ss14-ru\prototypes\corvax\catalog\fills\paper\document.ftl
ent-PrintedDocumentApplicationEquipment	missing prototype	ss14-ru\prototypes\corvax\catalog\fills\paper\document.ftl
ent-PrintedDocumentBusinessDeal	missing prototype	ss14-ru\prototypes\corvax\catalog\fills\paper\document.ftl
ent-PrintedDocumentCertificate	missing prototype	ss14-ru\prototypes\corvax\catalog\fills\paper\document.ftl
ent-PrintedDocumentCertificateAdvancedTraining	missing prototype	ss14-ru\prototypes\corvax\catalog\fills\paper\document.ftl
ent-PrintedDocumentCertificateOffense	missing prototype	ss14-ru\prototypes\corvax\catalog\fills\paper\document.ftl
ent-PrintedDocumentClosingIndictment	missing prototype	ss14-ru\prototypes\corvax\catalog\fills\paper\document.ftl
ent-PrintedDocumentComplaintOffense	missing prototype	ss14-ru\prototypes\corvax\catalog\fills\paper\document.ftl
ent-PrintedDocumentComplaintViolationLaborRules	missing prototype	ss14-ru\prototypes\corvax\catalog\fills\paper\document.ftl
ent-PrintedDocumentConditionReport	missing prototype	ss14-ru\prototypes\corvax\catalog\fills\paper\document.ftl
ent-PrintedDocumentConstructionPermit	missing prototype	ss14-ru\prototypes\corvax\catalog\fills\paper\document.ftl
ent-PrintedDocumentDeathCertificate	missing prototype	ss14-ru\prototypes\corvax\catalog\fills\paper\document.ftl
ent-PrintedDocumentDecisionToStartTrial	missing prototype	ss14-ru\prototypes\corvax\catalog\fills\paper\document.ftl
ent-PrintedDocumentDisposalReport	missing prototype	ss14-ru\prototypes\corvax\catalog\fills\paper\document.ftl
ent-PrintedDocumentDivorceCertificate	missing prototype	ss14-ru\prototypes\corvax\catalog\fills\paper\document.ftl
ent-PrintedDocumentErrorLoadingFormHeader	missing prototype	ss14-ru\prototypes\corvax\catalog\fills\paper\document.ftl
ent-PrintedDocumentEvacuationShuttleRequest	missing prototype	ss14-ru\prototypes\corvax\catalog\fills\paper\document.ftl
ent-PrintedDocumentExperimentReport	missing prototype	ss14-ru\prototypes\corvax\catalog\fills\paper\document.ftl
ent-PrintedDocumentInternalAffairsAgentsReport	missing prototype	ss14-ru\prototypes\corvax\catalog\fills\paper\document.ftl
ent-PrintedDocumentJudgment	missing prototype	ss14-ru\prototypes\corvax\catalog\fills\paper\document.ftl
ent-PrintedDocumentLetterResignation	missing prototype	ss14-ru\prototypes\corvax\catalog\fills\paper\document.ftl
ent-PrintedDocumentMarriageCertificate	missing prototype	ss14-ru\prototypes\corvax\catalog\fills\paper\document.ftl
ent-PrintedDocumentNoteBeginningMilitaryActions	missing prototype	ss14-ru\prototypes\corvax\catalog\fills\paper\document.ftl
ent-PrintedDocumentNoticeOfLiquidation	missing prototype	ss14-ru\prototypes\corvax\catalog\fills\paper\document.ftl
ent-PrintedDocumentOrderDeprivationAccess	missing prototype	ss14-ru\prototypes\corvax\catalog\fills\paper\document.ftl
ent-PrintedDocumentOrderDismissal	missing prototype	ss14-ru\prototypes\corvax\catalog\fills\paper\document.ftl
ent-PrintedDocumentOrderEncouragement	missing prototype	ss14-ru\prototypes\corvax\catalog\fills\paper\document.ftl
ent-PrintedDocumentOrderMedicalIntervention	missing prototype	ss14-ru\prototypes\corvax\catalog\fills\paper\document.ftl
ent-PrintedDocumentOrderParolePrisoner	missing prototype	ss14-ru\prototypes\corvax\catalog\fills\paper\document.ftl
ent-PrintedDocumentOrderPurchaseResourcesEquipment	missing prototype	ss14-ru\prototypes\corvax\catalog\fills\paper\document.ftl
ent-PrintedDocumentOrderPurchaseWeapons	missing prototype	ss14-ru\prototypes\corvax\catalog\fills\paper\document.ftl
ent-PrintedDocumentOrderRecognizingSentienceCreature	missing prototype	ss14-ru\prototypes\corvax\catalog\fills\paper\document.ftl
ent-PrintedDocumentOrderingSpecialEquipment	missing prototype	ss14-ru\prototypes\corvax\catalog\fills\paper\document.ftl
ent-PrintedDocumentPermissionDisposeBody	missing prototype	ss14-ru\prototypes\corvax\catalog\fills\paper\document.ftl
ent-PrintedDocumentPermissionEquipment	missing prototype	ss14-ru\prototypes\corvax\catalog\fills\paper\document.ftl
ent-PrintedDocumentPermissionToCarryWeapons	missing prototype	ss14-ru\prototypes\corvax\catalog\fills\paper\document.ftl
ent-PrintedDocumentPermissionToExtendMarriage	missing prototype	ss14-ru\prototypes\corvax\catalog\fills\paper\document.ftl
ent-PrintedDocumentPermissionToTravelInCaseOfThreat	missing prototype	ss14-ru\prototypes\corvax\catalog\fills\paper\document.ftl
ent-PrintedDocumentPrescriptionDrugAuthorization	missing prototype	ss14-ru\prototypes\corvax\catalog\fills\paper\document.ftl
ent-PrintedDocumentProductManufacturingOrder	missing prototype	ss14-ru\prototypes\corvax\catalog\fills\paper\document.ftl
ent-PrintedDocumentReporDepartment	missing prototype	ss14-ru\prototypes\corvax\catalog\fills\paper\document.ftl
ent-PrintedDocumentReportAccomplishmentGoals	missing prototype	ss14-ru\prototypes\corvax\catalog\fills\paper\document.ftl
ent-PrintedDocumentReportEmployeePerformance	missing prototype	ss14-ru\prototypes\corvax\catalog\fills\paper\document.ftl
ent-PrintedDocumentReportOnEliminationOfViolations	missing prototype	ss14-ru\prototypes\corvax\catalog\fills\paper\document.ftl
ent-PrintedDocumentReportOnTheChaptersMeeting	missing prototype	ss14-ru\prototypes\corvax\catalog\fills\paper\document.ftl
ent-PrintedDocumentReportStation	missing prototype	ss14-ru\prototypes\corvax\catalog\fills\paper\document.ftl
ent-PrintedDocumentReportStudyObject	missing prototype	ss14-ru\prototypes\corvax\catalog\fills\paper\document.ftl
ent-PrintedDocumentRequestCallMembersCentralCommitteeDSO	missing prototype	ss14-ru\prototypes\corvax\catalog\fills\paper\document.ftl
ent-PrintedDocumentRequestChangeSalary	missing prototype	ss14-ru\prototypes\corvax\catalog\fills\paper\document.ftl
ent-PrintedDocumentRequestConstructionWork	missing prototype	ss14-ru\prototypes\corvax\catalog\fills\paper\document.ftl
ent-PrintedDocumentRequestDocuments	missing prototype	ss14-ru\prototypes\corvax\catalog\fills\paper\document.ftl
ent-PrintedDocumentRequestEuthanasia	missing prototype	ss14-ru\prototypes\corvax\catalog\fills\paper\document.ftl
ent-PrintedDocumentRequestForNonlistedEmployment	missing prototype	ss14-ru\prototypes\corvax\catalog\fills\paper\document.ftl
ent-PrintedDocumentRequestForPromotion	missing prototype	ss14-ru\prototypes\corvax\catalog\fills\paper\document.ftl
ent-PrintedDocumentRequestModernization	missing prototype	ss14-ru\prototypes\corvax\catalog\fills\paper\document.ftl
ent-PrintedDocumentRequestRequestToEstablishThreatLevel	missing prototype	ss14-ru\prototypes\corvax\catalog\fills\paper\document.ftl
ent-PrintedDocumentSearchPermission	missing prototype	ss14-ru\prototypes\corvax\catalog\fills\paper\document.ftl
ent-PrintedDocumentSentence	missing prototype	ss14-ru\prototypes\corvax\catalog\fills\paper\document.ftl
ent-PrintedDocumentShuttleRegistrationRequest	missing prototype	ss14-ru\prototypes\corvax\catalog\fills\paper\document.ftl
ent-PrintedDocumentStatementHealth	missing prototype	ss14-ru\prototypes\corvax\catalog\fills\paper\document.ftl
ent-PrinterDoc	missing prototype	ss14-ru\prototypes\corvax\entities\structures\machines\printer.ftl
ent-PrinterDocFlatpack	missing prototype	ss14-ru\prototypes\corvax\entities\objects\misc\flatpacks.ftl
ent-PrinterDocMachineCircuitboard	missing prototype	ss14-ru\prototypes\corvax\entities\objects\devices\circuitboards\machine\production.ftl
ent-PrisonerPDA	missing prototype	ss14-ru\prototypes\entities\objects\devices\pda.ftl
ent-PumpkinPlants	missing prototype	ss14-ru\prototypes\Hydroponics\plants.ftl
ent-PyrottonPlants	missing prototype	ss14-ru\prototypes\Hydroponics\plants.ftl
ent-RainbowCannabisPlants	missing prototype	ss14-ru\prototypes\Hydroponics\plants.ftl
ent-RandomHumanoidSpawnerERTLeaderEVALecter	missing prototype	ss14-ru\prototypes\entities\mobs\player\humanoid.ftl
ent-RandomHumanoidSpawnerERTSecurityEVALecter	missing prototype	ss14-ru\prototypes\entities\mobs\player\humanoid.ftl
ent-RangeLaser	missing prototype	ss14-ru\prototypes\entities\objects\weapons\guns\projectiles\Energy\hitscan.ftl
ent-ReagentContainerMutagenicFertilizer	missing prototype	ss14-ru\prototypes\entities\objects\specific\hydroponics\chemical.ftl
ent-ReagentContainerPepper	missing prototype	ss14-ru\prototypes\entities\objects\consumable\food\ingredients.ftl
ent-ReagentContainerSalt	missing prototype	ss14-ru\prototypes\entities\objects\consumable\food\ingredients.ftl
ent-RealCapfruitPlants	missing prototype	ss14-ru\prototypes\Hydroponics\plants.ftl
ent-RedDirectionPointer	missing prototype	ss14-ru\prototypes\entities\markers\directional_arrow_indicator.ftl
ent-RedDirectionalArrowIndicator	missing prototype	ss14-ru\prototypes\entities\markers\directional_arrow_indicator.ftl
ent-RegalWindow	missing prototype	ss14-ru\prototypes\entities\structures\windows\regal.ftl
ent-RicePlants	missing prototype	ss14-ru\prototypes\Hydroponics\plants.ftl
ent-RightArmArachnid	missing prototype	ss14-ru\prototypes\body\parts\arachnid.ftl
ent-RightArmDiona	missing prototype	ss14-ru\prototypes\body\parts\diona.ftl
ent-RightArmGingerbread	missing prototype	ss14-ru\prototypes\body\parts\gingerbread.ftl
ent-RightArmHuman	missing prototype	ss14-ru\prototypes\body\parts\human.ftl
ent-RightArmIpc	missing prototype	ss14-ru\prototypes\corvax\body\parts\ipc.ftl
ent-RightArmMoth	missing prototype	ss14-ru\prototypes\body\parts\moth.ftl
ent-RightArmReptilian	missing prototype	ss14-ru\prototypes\body\parts\reptilian.ftl
ent-RightArmSkeleton	missing prototype	ss14-ru\prototypes\body\parts\skeleton.ftl
ent-RightArmSlime	missing prototype	ss14-ru\prototypes\body\parts\slime.ftl
ent-RightArmTajaran	missing prototype	ss14-ru\prototypes\corvax\body\parts\Tajaran.ftl
ent-RightArmVox	missing prototype	ss14-ru\prototypes\body\parts\vox.ftl
ent-RightArmVulpkanin	missing prototype	ss14-ru\prototypes\body\parts\vulpkanin.ftl
ent-RightFootArachnid	missing prototype	ss14-ru\prototypes\body\parts\arachnid.ftl
ent-RightFootDiona	missing prototype	ss14-ru\prototypes\body\parts\diona.ftl
ent-RightFootGingerbread	missing prototype	ss14-ru\prototypes\body\parts\gingerbread.ftl
ent-RightFootHuman	missing prototype	ss14-ru\prototypes\body\parts\human.ftl
ent-RightFootIpc	missing prototype	ss14-ru\prototypes\corvax\body\parts\ipc.ftl
ent-RightFootMoth	missing prototype	ss14-ru\prototypes\body\parts\moth.ftl
ent-RightFootReptilian	missing prototype	ss14-ru\prototypes\body\parts\reptilian.ftl
ent-RightFootSkeleton	missing prototype	ss14-ru\prototypes\body\parts\skeleton.ftl
ent-RightFootSlime	missing prototype	ss14-ru\prototypes\body\parts\slime.ftl
ent-RightFootTajaran	missing prototype	ss14-ru\prototypes\corvax\body\parts\Tajaran.ftl
ent-RightFootVox	missing prototype	ss14-ru\prototypes\body\parts\vox.ftl
ent-RightFootVulpkanin	missing prototype	ss14-ru\prototypes\body\parts\vulpkanin.ftl
ent-RightHandArachnid	missing prototype	ss14-ru\prototypes\body\parts\arachnid.ftl
ent-RightHandDiona	missing prototype	ss14-ru\prototypes\body\parts\diona.ftl
ent-RightHandGingerbread	missing prototype	ss14-ru\prototypes\body\parts\gingerbread.ftl
ent-RightHandHuman	missing prototype	ss14-ru\prototypes\body\parts\human.ftl
ent-RightHandIpc	missing prototype	ss14-ru\prototypes\corvax\body\parts\ipc.ftl
ent-RightHandMoth	missing prototype	ss14-ru\prototypes\body\parts\moth.ftl
ent-RightHandReptilian	missing prototype	ss14-ru\prototypes\body\parts\reptilian.ftl
ent-RightHandSkeleton	missing prototype	ss14-ru\prototypes\body\parts\skeleton.ftl
ent-RightHandSlime	missing prototype	ss14-ru\prototypes\body\parts\slime.ftl
ent-RightHandSmartCorgi	missing prototype	ss14-ru\prototypes\body\parts\animal.ftl
ent-RightHandTajaran	missing prototype	ss14-ru\prototypes\corvax\body\parts\Tajaran.ftl
ent-RightHandVox	missing prototype	ss14-ru\prototypes\body\parts\vox.ftl
ent-RightHandVulpkanin	missing prototype	ss14-ru\prototypes\body\parts\vulpkanin.ftl
ent-RightLegArachnid	missing prototype	ss14-ru\prototypes\body\parts\arachnid.ftl
ent-RightLegDiona	missing prototype	ss14-ru\prototypes\body\parts\diona.ftl
ent-RightLegGingerbread	missing prototype	ss14-ru\prototypes\body\parts\gingerbread.ftl
ent-RightLegHuman	missing prototype	ss14-ru\prototypes\body\parts\human.ftl
ent-RightLegIpc	missing prototype	ss14-ru\prototypes\corvax\body\parts\ipc.ftl
ent-RightLegMoth	missing prototype	ss14-ru\prototypes\body\parts\moth.ftl
ent-RightLegReptilian	missing prototype	ss14-ru\prototypes\body\parts\reptilian.ftl
ent-RightLegSkeleton	missing prototype	ss14-ru\prototypes\body\parts\skeleton.ftl
ent-RightLegSlime	missing prototype	ss14-ru\prototypes\body\parts\slime.ftl
ent-RightLegTajaran	missing prototype	ss14-ru\prototypes\corvax\body\parts\Tajaran.ftl
ent-RightLegVox	missing prototype	ss14-ru\prototypes\body\parts\vox.ftl
ent-RightLegVulpkanin	missing prototype	ss14-ru\prototypes\body\parts\vulpkanin.ftl
ent-RubberPig	missing prototype	ss14-ru\prototypes\corvax\entities\objects\fun\toys.ftl
ent-RubberStampIAA	missing prototype	ss14-ru\prototypes\corvax\entities\objects\misc\rubber_stamp.ftl
ent-RubberStampMagistrate	missing prototype	ss14-ru\prototypes\corvax\entities\objects\misc\rubber_stamp.ftl
ent-SalvageShuttleConsoleCircuitboard	missing prototype	ss14-ru\prototypes\corvax\entities\objects\devices\circuitboards\computer.ftl
ent-ScrapDebrisLarge	missing prototype	ss14-ru\prototypes\entities\world\debris\wrecks.ftl
ent-ScrapDebrisMedium	missing prototype	ss14-ru\prototypes\entities\world\debris\wrecks.ftl
ent-ScrapDebrisSmall	missing prototype	ss14-ru\prototypes\entities\world\debris\wrecks.ftl
ent-ScrapTarget	missing prototype	ss14-ru\prototypes\entities\objects\materials\scrap.ftl
ent-SecApartmentTablet	missing prototype	ss14-ru\prototypes\corvax\entities\objects\devices\secapartment.ftl
ent-SecApartmentTabletEmpty	missing prototype	ss14-ru\prototypes\corvax\entities\objects\devices\secapartment.ftl
ent-SecApartmentTabletUnpowered	missing prototype	ss14-ru\prototypes\corvax\entities\objects\devices\secapartment.ftl
ent-SecurityBola	missing prototype	ss14-ru\prototypes\entities\objects\weapons\throwable\bola.ftl
ent-SeniorCourierIDCard	missing prototype	ss14-ru\prototypes\entities\objects\misc\identification_cards.ftl
ent-SentientSlimeCore	missing prototype	ss14-ru\prototypes\body\organs\slime.ftl
ent-SentientSlimesCore	missing prototype	ss14-ru\prototypes\body\organs\animal\slimes.ftl
ent-ShelfBaseWeak	missing prototype	ss14-ru\prototypes\entities\structures\wallmounts\storage\shelfs.ftl
ent-ShippingContainerBlank	missing prototype	ss14-ru\prototypes\corvax\entities\structures\decoration\containers.ftl
ent-ShotGunCabinetConstructed	missing prototype	ss14-ru\prototypes\entities\structures\wallmounts\storage\cabinets\shotgun_cabinet.ftl
ent-SignNewYear	missing prototype	ss14-ru\prototypes\corvax\entities\structures\wallmounts\signs\signs.ftl
ent-SlimesSpawn	missing prototype	ss14-ru\prototypes\gamerules\events.ftl
ent-SmallPresentBox	missing prototype	ss14-ru\prototypes\corvax\entities\objects\decoration\presents.ftl
ent-SnakeSpawn	missing prototype	ss14-ru\prototypes\gamerules\events.ftl
ent-SolutionMopMoproach	missing prototype	ss14-ru\prototypes\entities\mobs\npcs\moproach.ftl
ent-SolutionTajaranFood	missing prototype	ss14-ru\prototypes\corvax\body\species\tajaran.ftl
ent-SolutionUdderSheep	missing prototype	ss14-ru\prototypes\entities\mobs\npcs\animals.ftl
ent-SolutionWoolSheep	missing prototype	ss14-ru\prototypes\entities\mobs\npcs\animals.ftl
ent-SolutionWoolSheepRainbow	missing prototype	ss14-ru\prototypes\entities\mobs\npcs\animals.ftl
ent-SoybeanPlants	missing prototype	ss14-ru\prototypes\Hydroponics\plants.ftl
ent-SpaceTrafficControlFriendlyEventScheduler	missing prototype	ss14-ru\prototypes\gamerules\roundstart.ftl
ent-SpacemansTrumpetPlants	missing prototype	ss14-ru\prototypes\Hydroponics\plants.ftl
ent-SpacemenFigureSpawner	missing prototype	ss14-ru\prototypes\entities\markers\spawners\random\toy.ftl
ent-SpawnMobGorillaLargo	missing prototype	ss14-ru\prototypes\corvax\entities\markers\spawners\mobs.ftl
ent-SpawnMobSheep	missing prototype	ss14-ru\prototypes\entities\markers\spawners\mobs\animals.ftl
ent-SpawnMobSheepRainbow	missing prototype	ss14-ru\prototypes\entities\markers\spawners\mobs\animals.ftl
ent-SpawnMobSheepSpace	missing prototype	ss14-ru\prototypes\entities\markers\spawners\mobs\animals.ftl
ent-SpawnPointMagistrate	missing prototype	ss14-ru\prototypes\corvax\markers\spawners\jobs.ftl
ent-SpawnPointPilot	missing prototype	ss14-ru\prototypes\corvax\entities\markers\spawners\jobs.ftl
ent-SpawnPointSeniorEngineer	missing prototype	ss14-ru\prototypes\corvax\entities\markers\spawners\jobs.ftl
ent-SpawnPointSeniorOfficer	missing prototype	ss14-ru\prototypes\corvax\entities\markers\spawners\jobs.ftl
ent-SpawnPointSeniorPhysician	missing prototype	ss14-ru\prototypes\corvax\entities\markers\spawners\jobs.ftl
ent-SpawnPointSeniorResearcher	missing prototype	ss14-ru\prototypes\corvax\entities\markers\spawners\jobs.ftl
ent-SpawnPointSurgeon	missing prototype	ss14-ru\prototypes\corvax\entities\markers\spawners\jobs.ftl
ent-SpawnPointTramDriver	missing prototype	ss14-ru\prototypes\entities\markers\spawners\jobs.ftl
ent-SpawnWoolyAnimalGeneric	missing prototype	ss14-ru\prototypes\entities\markers\spawners\mobs\animals.ftl
ent-SpawnerMobBearBiome	missing prototype	ss14-ru\prototypes\corvax\markers\spawners\bearspawnerbiome.ftl
ent-SpeedLoaderPistol	missing prototype	ss14-ru\prototypes\entities\objects\weapons\guns\ammunition\speedloaders\pistol.ftl
ent-SpeedLoaderPistolPractice	missing prototype	ss14-ru\prototypes\entities\objects\weapons\guns\ammunition\speedloaders\pistol.ftl
ent-SpiderClownSpawn	missing prototype	ss14-ru\prototypes\gamerules\events.ftl
ent-SpiderSpawn	missing prototype	ss14-ru\prototypes\gamerules\events.ftl
ent-StationGoalPaper	missing prototype	ss14-ru\prototypes\corvax\entities\objects\misc\paper.ftl
ent-StationTeleporter	missing prototype	ss14-ru\prototypes\entities\structures\machines\station_teleporter.ftl
ent-StationTeleporterCargo	missing prototype	ss14-ru\prototypes\entities\structures\machines\station_teleporter.ftl
ent-StationTeleporterCenter	missing prototype	ss14-ru\prototypes\entities\structures\machines\station_teleporter.ftl
ent-StationTeleporterEngineering	missing prototype	ss14-ru\prototypes\entities\structures\machines\station_teleporter.ftl
ent-StationTeleporterMachineCircuitboard	missing prototype	ss14-ru\prototypes\entities\objects\devices\circuitboards\machine\production.ftl
ent-StationTeleporterMedical	missing prototype	ss14-ru\prototypes\entities\structures\machines\station_teleporter.ftl
ent-StationTeleporterNanotrasen	missing prototype	ss14-ru\prototypes\entities\structures\machines\station_teleporter.ftl
ent-StationTeleporterSalvage	missing prototype	ss14-ru\prototypes\entities\structures\machines\station_teleporter.ftl
ent-StationTeleporterScience	missing prototype	ss14-ru\prototypes\entities\structures\machines\station_teleporter.ftl
ent-StationTeleporterSecurity	missing prototype	ss14-ru\prototypes\entities\structures\machines\station_teleporter.ftl
ent-StationTeleportersControlCircuitboard	missing prototype	ss14-ru\prototypes\entities\objects\devices\circuitboards\computer.ftl
ent-StatueOrnateClown	missing prototype	ss14-ru\prototypes\entities\structures\decoration\statues.ftl
ent-StatueTushkan	missing prototype	ss14-ru\prototypes\corvax\entities\structures\decoration\statues.ftl
ent-StatusEffectAdrenaline	missing prototype	ss14-ru\prototypes\entities\statuseffects\body.ftl
ent-StatusEffectChangelingMuted	missing prototype	ss14-ru\prototypes\entities\statuseffects\misc.ftl
ent-StatusEffectClumsyAll	missing prototype	ss14-ru\prototypes\entities\statuseffects\clumsy.ftl
ent-StatusEffectClumsyClown	missing prototype	ss14-ru\prototypes\entities\statuseffects\clumsy.ftl
ent-StatusEffectClumsyCluwne	missing prototype	ss14-ru\prototypes\entities\statuseffects\clumsy.ftl
ent-StatusEffectClumsyGuaranteed	missing prototype	ss14-ru\prototypes\entities\statuseffects\clumsy.ftl
ent-StatusEffectClumsyKobold	missing prototype	ss14-ru\prototypes\entities\statuseffects\clumsy.ftl
ent-StatusEffectClumsyMaid	missing prototype	ss14-ru\prototypes\entities\statuseffects\clumsy.ftl
ent-StatusEffectClumsyMonkey	missing prototype	ss14-ru\prototypes\entities\statuseffects\clumsy.ftl
ent-StatusEffectFlashed	missing prototype	ss14-ru\prototypes\entities\statuseffects\misc.ftl
ent-StatusEffectForcedItemArmblade	missing prototype	ss14-ru\prototypes\entities\statuseffects\misc.ftl
ent-StatusEffectForcedItemCatEars	missing prototype	ss14-ru\prototypes\entities\statuseffects\misc.ftl
ent-StatusEffectForcedItemMaid	missing prototype	ss14-ru\prototypes\entities\statuseffects\misc.ftl
ent-StatusEffectHemophiliaTrait	missing prototype	ss14-ru\prototypes\entities\statuseffects\body.ftl
ent-StatusEffectKnockdown	missing prototype	ss14-ru\prototypes\entities\statuseffects\movement.ftl
ent-StatusEffectMimeMuted	missing prototype	ss14-ru\prototypes\entities\statuseffects\misc.ftl
ent-StatusEffectMuted	missing prototype	ss14-ru\prototypes\entities\statuseffects\misc.ftl
ent-StatusEffectNightVision	missing prototype	ss14-ru\prototypes\entities\statuseffects\body.ftl
ent-StatusEffectPressureImmunity	missing prototype	ss14-ru\prototypes\entities\statuseffects\misc.ftl
ent-StatusEffectRatvarianLanguage	missing prototype	ss14-ru\prototypes\entities\statuseffects\speech.ftl
ent-StatusEffectVentriloquistPuppetMuted	missing prototype	ss14-ru\prototypes\entities\statuseffects\misc.ftl
ent-SteelcapPlants	missing prototype	ss14-ru\prototypes\Hydroponics\plants.ftl
ent-StorageTankIndestructible	missing prototype	ss14-ru\prototypes\entities\structures\storage\tanks\base_structuretanks.ftl
ent-StressTest	missing prototype	ss14-ru\prototypes\entities\debugging\stress_test.ftl
ent-SugarcanePlants	missing prototype	ss14-ru\prototypes\Hydroponics\plants.ftl
ent-SuitStorageSecPilot	missing prototype	ss14-ru\prototypes\corvax\catalog\fills\lockers\suit_storage.ftl
ent-SyndicateTeleportersControlCircuitboard	missing prototype	ss14-ru\prototypes\entities\objects\devices\circuitboards\computer.ftl
ent-SyringeHivarol	missing prototype	ss14-ru\prototypes\entities\objects\specific\medical\healing.ftl
ent-TTS_speaker	missing prototype	ss14-ru\prototypes\corvax\tts_users.ftl
ent-TeaPlantPlants	missing prototype	ss14-ru\prototypes\Hydroponics\plants.ftl
ent-TelecomServerFilledLegal	missing prototype	ss14-ru\prototypes\corvax\entities\structures\machines\telecomms.ftl
ent-TeleportScrollWarpPoint	missing prototype	ss14-ru\prototypes\entities\markers\warp_point.ftl
ent-TeleportStationBeacon	missing prototype	ss14-ru\prototypes\entities\objects\devices\station_beacon.ftl
ent-TeleporterChipBlank	missing prototype	ss14-ru\prototypes\entities\objects\devices\teleporters_chips.ftl
ent-TemperatureProtection	missing prototype	ss14-ru\prototypes\entities\clothing\base_clothing.ftl
ent-TemperatureProtectionGood	missing prototype	ss14-ru\prototypes\entities\clothing\base_clothing.ftl
ent-TemperatureProtectionGreat	missing prototype	ss14-ru\prototypes\entities\clothing\base_clothing.ftl
ent-TemperatureProtectionMinimal	missing prototype	ss14-ru\prototypes\entities\clothing\base_clothing.ftl
ent-TobaccoPlants	missing prototype	ss14-ru\prototypes\Hydroponics\plants.ftl
ent-TomatoPlants	missing prototype	ss14-ru\prototypes\Hydroponics\plants.ftl
ent-TorsoAnimal	missing prototype	ss14-ru\prototypes\body\parts\animal.ftl
ent-TorsoArachnid	missing prototype	ss14-ru\prototypes\body\parts\arachnid.ftl
ent-TorsoDiona	missing prototype	ss14-ru\prototypes\body\parts\diona.ftl
ent-TorsoGingerbread	missing prototype	ss14-ru\prototypes\body\parts\gingerbread.ftl
ent-TorsoHuman	missing prototype	ss14-ru\prototypes\body\parts\human.ftl
ent-TorsoIpc	missing prototype	ss14-ru\prototypes\corvax\body\parts\ipc.ftl
ent-TorsoMoth	missing prototype	ss14-ru\prototypes\body\parts\moth.ftl
ent-TorsoRat	missing prototype	ss14-ru\prototypes\body\parts\rat.ftl
ent-TorsoReptilian	missing prototype	ss14-ru\prototypes\body\parts\reptilian.ftl
ent-TorsoSkeleton	missing prototype	ss14-ru\prototypes\body\parts\skeleton.ftl
ent-TorsoSlime	missing prototype	ss14-ru\prototypes\body\parts\slime.ftl
ent-TorsoTajaran	missing prototype	ss14-ru\prototypes\corvax\body\parts\Tajaran.ftl
ent-TorsoVox	missing prototype	ss14-ru\prototypes\body\parts\vox.ftl
ent-TorsoVulpkanin	missing prototype	ss14-ru\prototypes\body\parts\vulpkanin.ftl
ent-TowelColorBlack	missing prototype	ss14-ru\prototypes\entities\clothing\multiple\towel.ftl
ent-TowelColorBlue	missing prototype	ss14-ru\prototypes\entities\clothing\multiple\towel.ftl
ent-TowelColorBrown	missing prototype	ss14-ru\prototypes\entities\clothing\multiple\towel.ftl
ent-TowelColorDarkBlue	missing prototype	ss14-ru\prototypes\entities\clothing\multiple\towel.ftl
ent-TowelColorDarkGreen	missing prototype	ss14-ru\prototypes\entities\clothing\multiple\towel.ftl
ent-TowelColorGold	missing prototype	ss14-ru\prototypes\entities\clothing\multiple\towel.ftl
ent-TowelColorGray	missing prototype	ss14-ru\prototypes\entities\clothing\multiple\towel.ftl
ent-TowelColorGreen	missing prototype	ss14-ru\prototypes\entities\clothing\multiple\towel.ftl
ent-TowelColorLightBlue	missing prototype	ss14-ru\prototypes\entities\clothing\multiple\towel.ftl
ent-TowelColorLightBrown	missing prototype	ss14-ru\prototypes\entities\clothing\multiple\towel.ftl
ent-TowelColorMaroon	missing prototype	ss14-ru\prototypes\entities\clothing\multiple\towel.ftl
ent-TowelColorMime	missing prototype	ss14-ru\prototypes\entities\clothing\multiple\towel.ftl
ent-TowelColorOrange	missing prototype	ss14-ru\prototypes\entities\clothing\multiple\towel.ftl
ent-TowelColorPink	missing prototype	ss14-ru\prototypes\entities\clothing\multiple\towel.ftl
ent-TowelColorPurple	missing prototype	ss14-ru\prototypes\entities\clothing\multiple\towel.ftl
ent-TowelColorRed	missing prototype	ss14-ru\prototypes\entities\clothing\multiple\towel.ftl
ent-TowelColorSilver	missing prototype	ss14-ru\prototypes\entities\clothing\multiple\towel.ftl
ent-TowelColorTeal	missing prototype	ss14-ru\prototypes\entities\clothing\multiple\towel.ftl
ent-TowelColorYellow	missing prototype	ss14-ru\prototypes\entities\clothing\multiple\towel.ftl
ent-TowercapPlants	missing prototype	ss14-ru\prototypes\Hydroponics\plants.ftl
ent-ToyGunBase	missing prototype	ss14-ru\prototypes\entities\objects\fun\toys.ftl
ent-ToySpawner	missing prototype	ss14-ru\prototypes\entities\markers\spawners\random\toy.ftl
ent-TraitStatusEffectMuted	missing prototype	ss14-ru\prototypes\entities\statuseffects\traits.ftl
ent-TramDriverIDCard	missing prototype	ss14-ru\prototypes\entities\objects\misc\identification_cards.ftl
ent-TramDriverPDA	missing prototype	ss14-ru\prototypes\entities\objects\devices\pda.ftl
ent-TrashBagHolding	missing prototype	ss14-ru\prototypes\entities\objects\specific\janitorial\trashbag.ftl
ent-TriggerAmmonia	missing prototype	ss14-ru\prototypes\xenoarch\triggers.ftl
ent-TriggerAttackLaser	missing prototype	ss14-ru\prototypes\xenoarch\triggers.ftl
ent-TriggerAttackParticleAnomaly	missing prototype	ss14-ru\prototypes\xenoarch\triggers.ftl
ent-TriggerAttackParticleEngine	missing prototype	ss14-ru\prototypes\xenoarch\triggers.ftl
ent-TriggerAttackStaminaDamage	missing prototype	ss14-ru\prototypes\xenoarch\triggers.ftl
ent-TriggerBlood	missing prototype	ss14-ru\prototypes\xenoarch\triggers.ftl
ent-TriggerBruteDamage	missing prototype	ss14-ru\prototypes\xenoarch\triggers.ftl
ent-TriggerCO2	missing prototype	ss14-ru\prototypes\xenoarch\triggers.ftl
ent-TriggerCold	missing prototype	ss14-ru\prototypes\xenoarch\triggers.ftl
ent-TriggerConsumeCarbs	missing prototype	ss14-ru\prototypes\xenoarch\triggers.ftl
ent-TriggerConsumeKnowledge	missing prototype	ss14-ru\prototypes\xenoarch\triggers.ftl
ent-TriggerConsumeMeat	missing prototype	ss14-ru\prototypes\xenoarch\triggers.ftl
ent-TriggerConsumeMoney	missing prototype	ss14-ru\prototypes\xenoarch\triggers.ftl
ent-TriggerConsumeProduce	missing prototype	ss14-ru\prototypes\xenoarch\triggers.ftl
ent-TriggerDeath	missing prototype	ss14-ru\prototypes\xenoarch\triggers.ftl
ent-TriggerExamine	missing prototype	ss14-ru\prototypes\xenoarch\triggers.ftl
ent-TriggerFrezon	missing prototype	ss14-ru\prototypes\xenoarch\triggers.ftl
ent-TriggerHeat	missing prototype	ss14-ru\prototypes\xenoarch\triggers.ftl
ent-TriggerInteractShock	missing prototype	ss14-ru\prototypes\xenoarch\triggers.ftl
ent-TriggerInteractStamp	missing prototype	ss14-ru\prototypes\xenoarch\triggers.ftl
ent-TriggerInteraction	missing prototype	ss14-ru\prototypes\xenoarch\triggers.ftl
ent-TriggerMagnet	missing prototype	ss14-ru\prototypes\xenoarch\triggers.ftl
ent-TriggerMicrowave	missing prototype	ss14-ru\prototypes\xenoarch\triggers.ftl
ent-TriggerMusic	missing prototype	ss14-ru\prototypes\xenoarch\triggers.ftl
ent-TriggerN2O	missing prototype	ss14-ru\prototypes\xenoarch\triggers.ftl
ent-TriggerNoOxygen	missing prototype	ss14-ru\prototypes\xenoarch\triggers.ftl
ent-TriggerPlasma	missing prototype	ss14-ru\prototypes\xenoarch\triggers.ftl
ent-TriggerPressureHigh	missing prototype	ss14-ru\prototypes\xenoarch\triggers.ftl
ent-TriggerPressureLow	missing prototype	ss14-ru\prototypes\xenoarch\triggers.ftl
ent-TriggerPrying	missing prototype	ss14-ru\prototypes\xenoarch\triggers.ftl
ent-TriggerPulsing	missing prototype	ss14-ru\prototypes\xenoarch\triggers.ftl
ent-TriggerRadiation	missing prototype	ss14-ru\prototypes\xenoarch\triggers.ftl
ent-TriggerScrewing	missing prototype	ss14-ru\prototypes\xenoarch\triggers.ftl
ent-TriggerThrow	missing prototype	ss14-ru\prototypes\xenoarch\triggers.ftl
ent-TriggerTimer	missing prototype	ss14-ru\prototypes\xenoarch\triggers.ftl
ent-TriggerTritium	missing prototype	ss14-ru\prototypes\xenoarch\triggers.ftl
ent-TriggerWater	missing prototype	ss14-ru\prototypes\xenoarch\triggers.ftl
ent-TriggerWrenching	missing prototype	ss14-ru\prototypes\xenoarch\triggers.ftl
ent-UnknownShuttleCargoLost	missing prototype	ss14-ru\prototypes\gamerules\unknown_shuttles.ftl
ent-UnknownShuttleCruiser	missing prototype	ss14-ru\prototypes\gamerules\unknown_shuttles.ftl
ent-UnknownShuttleCryptid	missing prototype	ss14-ru\prototypes\gamerules\unknown_shuttles.ftl
ent-UnknownShuttleDisasterEvacPod	missing prototype	ss14-ru\prototypes\gamerules\unknown_shuttles.ftl
ent-UnknownShuttleEternal	missing prototype	ss14-ru\prototypes\gamerules\unknown_shuttles.ftl
ent-UnknownShuttleFlatline	missing prototype	ss14-ru\prototypes\gamerules\unknown_shuttles.ftl
ent-UnknownShuttleGym	missing prototype	ss14-ru\prototypes\gamerules\unknown_shuttles.ftl
ent-UnknownShuttleJoe	missing prototype	ss14-ru\prototypes\gamerules\unknown_shuttles.ftl
ent-UnknownShuttleLambordeere	missing prototype	ss14-ru\prototypes\gamerules\unknown_shuttles.ftl
ent-UnknownShuttleMeatZone	missing prototype	ss14-ru\prototypes\gamerules\unknown_shuttles.ftl
ent-UnknownShuttleMicroshuttle	missing prototype	ss14-ru\prototypes\gamerules\unknown_shuttles.ftl
ent-UnknownShuttleNTIncorporation	missing prototype	ss14-ru\prototypes\gamerules\unknown_shuttles.ftl
ent-UnknownShuttleSpacebus	missing prototype	ss14-ru\prototypes\gamerules\unknown_shuttles.ftl
ent-UnknownShuttleTravelingCuisine	missing prototype	ss14-ru\prototypes\gamerules\unknown_shuttles.ftl
ent-UraniumReinforcedWindowDirectionalCorner	missing prototype	ss14-ru\prototypes\entities\structures\windows\ruranium.ftl
ent-UraniumWindoorCentralCommandLocked	missing prototype	ss14-ru\prototypes\entities\structures\doors\windoors\windoor.ftl
ent-UraniumWindoorEngineeringLocked	missing prototype	ss14-ru\prototypes\entities\structures\doors\windoors\windoor.ftl
ent-UraniumWindowDirectionalCorner	missing prototype	ss14-ru\prototypes\entities\structures\windows\uranium.ftl
ent-VehicleJanicart	missing prototype	ss14-ru\prototypes\entities\objects\Vehicles\vehicles.ftl
ent-VehicleKeyJanicart	missing prototype	ss14-ru\prototypes\entities\objects\Vehicles\keys.ftl
ent-VehicleWheelchair	missing prototype	ss14-ru\prototypes\entities\objects\Vehicles\vehicles.ftl
ent-VehicleWheelchairFolded	missing prototype	ss14-ru\prototypes\entities\objects\Vehicles\vehicles.ftl
ent-VendingMachinePride	missing prototype	ss14-ru\prototypes\entities\structures\machines\vending_machines.ftl
ent-WallBrass	missing prototype	ss14-ru\prototypes\entities\structures\walls\walls.ftl
ent-WallConcrete	missing prototype	ss14-ru\prototypes\entities\structures\walls\walls.ftl
ent-WallMarble	missing prototype	ss14-ru\prototypes\entities\structures\walls\walls.ftl
ent-WallMarbleIndestructible	missing prototype	ss14-ru\prototypes\entities\structures\walls\walls.ftl
ent-WatermelonPlants	missing prototype	ss14-ru\prototypes\Hydroponics\plants.ftl
ent-WeaponBurstFireLaserXenoborg	missing prototype	ss14-ru\prototypes\entities\objects\weapons\guns\battery\battery_guns.ftl
ent-WeaponForceGunEmpty	missing prototype	ss14-ru\prototypes\entities\objects\weapons\guns\launchers\gravity.ftl
ent-WeaponGuidedMissileLauncherXenoborg	missing prototype	ss14-ru\prototypes\entities\objects\weapons\guns\launchers\launchers.ftl
ent-WeaponNaniteGun	missing prototype	ss14-ru\prototypes\entities\objects\weapons\guns\nanite_gun.ftl
ent-WeaponOilGun	missing prototype	ss14-ru\prototypes\entities\objects\weapons\oil_gun.ftl
ent-WeaponRangeFinderXenoborg	missing prototype	ss14-ru\prototypes\entities\objects\weapons\guns\battery\battery_guns.ftl
ent-WeaponRocketLauncherXenoborg	missing prototype	ss14-ru\prototypes\entities\objects\weapons\guns\launchers\launchers.ftl
ent-WeaponTetherGunEmpty	missing prototype	ss14-ru\prototypes\entities\objects\weapons\guns\launchers\gravity.ftl
ent-WehMedipenTiny	missing prototype	ss14-ru\prototypes\entities\objects\specific\medical\hypospray.ftl
ent-WheatPlants	missing prototype	ss14-ru\prototypes\Hydroponics\plants.ftl
ent-WindoorArmoryLocked	missing prototype	ss14-ru\prototypes\entities\structures\doors\windoors\windoor.ftl
ent-WindoorAtmosphericsLocked	missing prototype	ss14-ru\prototypes\entities\structures\doors\windoors\windoor.ftl
ent-WindoorBrigLocked	missing prototype	ss14-ru\prototypes\entities\structures\doors\windoors\windoor.ftl
ent-WindoorCentralCommandLocked	missing prototype	ss14-ru\prototypes\entities\structures\doors\windoors\windoor.ftl
ent-WindoorChemistryLocked	missing prototype	ss14-ru\prototypes\entities\structures\doors\windoors\windoor.ftl
ent-WindoorCommandLocked	missing prototype	ss14-ru\prototypes\entities\structures\doors\windoors\windoor.ftl
ent-WindoorDetectiveLocked	missing prototype	ss14-ru\prototypes\entities\structures\doors\windoors\windoor.ftl
ent-WindoorEVALocked	missing prototype	ss14-ru\prototypes\entities\structures\doors\windoors\windoor.ftl
ent-WindoorEngineeringLocked	missing prototype	ss14-ru\prototypes\entities\structures\doors\windoors\windoor.ftl
ent-WindoorExternalLocked	missing prototype	ss14-ru\prototypes\entities\structures\doors\windoors\windoor.ftl
ent-WindoorHeadOfPersonnelLocked	missing prototype	ss14-ru\prototypes\entities\structures\doors\windoors\windoor.ftl
ent-WindoorMedicalLocked	missing prototype	ss14-ru\prototypes\entities\structures\doors\windoors\windoor.ftl
ent-WindoorResearchDirectorLocked	missing prototype	ss14-ru\prototypes\entities\structures\doors\windoors\windoor.ftl
ent-WindoorSalvageLocked	missing prototype	ss14-ru\prototypes\entities\structures\doors\windoors\windoor.ftl
ent-WindoorScienceLocked	missing prototype	ss14-ru\prototypes\entities\structures\doors\windoors\windoor.ftl
ent-WindoorSecurityLawyerLocked	missing prototype	ss14-ru\prototypes\entities\structures\doors\windoors\windoor.ftl
ent-WindoorSecurityLocked	missing prototype	ss14-ru\prototypes\entities\structures\doors\windoors\windoor.ftl
ent-WindowDirectionalCorner	missing prototype	ss14-ru\prototypes\entities\structures\windows\window.ftl
ent-WindowFrostedDirectionalCorner	missing prototype	ss14-ru\prototypes\entities\structures\windows\window.ftl
ent-WindowReinforcedDirectionalCorner	missing prototype	ss14-ru\prototypes\entities\structures\windows\reinforced.ftl
ent-WorldChunk	missing prototype	ss14-ru\prototypes\entities\world\chunk.ftl
ent-WorldPeaPlants	missing prototype	ss14-ru\prototypes\Hydroponics\plants.ftl
ent-XenoArtifactBecomeLamp	missing prototype	ss14-ru\prototypes\xenoarch\effects.ftl
ent-XenoArtifactBecomeRainbowLamp	missing prototype	ss14-ru\prototypes\xenoarch\effects.ftl
ent-XenoborgAccessBreaker	missing prototype	ss14-ru\prototypes\entities\objects\tools\access_breaker.ftl
ent-XenoborgBioKnife	missing prototype	ss14-ru\prototypes\entities\objects\weapons\melee\knife.ftl
ent-XenoborgDeflectorField	missing prototype	ss14-ru\prototypes\entities\structures\holographic\projections.ftl
ent-XenoborgExtractor	missing prototype	ss14-ru\prototypes\entities\structures\power\xenoborg_extractor.ftl
ent-XenoborgExtractorAnchored	missing prototype	ss14-ru\prototypes\entities\structures\power\xenoborg_extractor.ftl
ent-XenoborgExtractorFlatpack	missing prototype	ss14-ru\prototypes\entities\objects\devices\flatpack.ftl
ent-XenoborgFireLaser	missing prototype	ss14-ru\prototypes\entities\objects\weapons\guns\projectiles\Energy\hitscan.ftl
ent-XenoborgHeavyLaser	missing prototype	ss14-ru\prototypes\entities\objects\weapons\guns\projectiles\Energy\hitscan.ftl
ent-XenoborgJawsOfLife	missing prototype	ss14-ru\prototypes\entities\objects\tools\jaws_of_life.ftl
ent-XenoborgLaser	missing prototype	ss14-ru\prototypes\entities\objects\weapons\guns\projectiles\Energy\hitscan.ftl
ent-XenoborgModuleAdvancedTool	missing prototype	ss14-ru\prototypes\entities\objects\specific\robotics\borg_modules.ftl
ent-XenoborgModuleBioKinfe	missing prototype	ss14-ru\prototypes\entities\objects\specific\robotics\borg_modules.ftl
ent-XenoborgModuleBurstFireLaser	missing prototype	ss14-ru\prototypes\entities\objects\specific\robotics\borg_modules.ftl
ent-XenoborgModuleConstruction	missing prototype	ss14-ru\prototypes\entities\objects\specific\robotics\borg_modules.ftl
ent-XenoborgModuleDeflectorField	missing prototype	ss14-ru\prototypes\entities\objects\specific\robotics\borg_modules.ftl
ent-XenoborgModuleFastSword	missing prototype	ss14-ru\prototypes\entities\objects\specific\robotics\borg_modules.ftl
ent-XenoborgModuleGuidedMissileLauncher	missing prototype	ss14-ru\prototypes\entities\objects\specific\robotics\borg_modules.ftl
ent-XenoborgModuleHeavyRadioactive	missing prototype	ss14-ru\prototypes\entities\objects\specific\robotics\borg_modules.ftl
ent-XenoborgModuleNaniteGun	missing prototype	ss14-ru\prototypes\entities\objects\specific\robotics\borg_modules.ftl
ent-XenoborgModuleOilGun	missing prototype	ss14-ru\prototypes\entities\objects\specific\robotics\borg_modules.ftl
ent-XenoborgModuleRocket	missing prototype	ss14-ru\prototypes\entities\objects\specific\robotics\borg_modules.ftl
ent-XenoborgModuleZap	missing prototype	ss14-ru\prototypes\entities\objects\specific\robotics\borg_modules.ftl
ent-XenoborgOilChemistryAmpoule	missing prototype	ss14-ru\prototypes\entities\objects\specific\chemistry\chemistry-vials.ftl
ent-d2Dice	missing prototype	ss14-ru\prototypes\entities\objects\fun\dice.ftl
ent-d2DiceTricked	missing prototype	ss14-ru\prototypes\entities\objects\fun\dice.ftl
ent-d6DiceTricked	missing prototype	ss14-ru\prototypes\entities\objects\fun\dice.ftl
entity-category-desc-debug	unreferenced message	robust-toolbox\entity-category.ftl
entity-category-desc-fork	unreferenced message	robust-toolbox\entity-category.ftl
entity-category-desc-hide	unreferenced message	robust-toolbox\entity-category.ftl
entity-category-desc-spawner	unreferenced message	robust-toolbox\entity-category.ftl
entity-category-name-debug	unreferenced message	robust-toolbox\entity-category.ftl
entity-category-name-fork	unreferenced message	robust-toolbox\entity-category.ftl
entity-category-name-hide	unreferenced message	robust-toolbox\entity-category.ftl
entity-category-name-spawner	unreferenced message	robust-toolbox\entity-category.ftl
entity-category-name-xeno-artifact-effects	unreferenced message	entity-categories.ftl
entity-category-name-xeno-artifact-triggers	unreferenced message	entity-categories.ftl
entity-category-suffix-debug	unreferenced message	robust-toolbox\entity-category.ftl
entity-condition-guidebook-mouth-uncovered-condition	unreferenced message	guidebook\entity-effects\conditions.ftl
entity-condition-guidebook-total-satiation	unreferenced message	guidebook\entity-effects\conditions.ftl
entity-effect-disarm	unreferenced message	guidebook\entity-effects\effects.ftl
entity-effect-guidebook-add-reagent-to-bloodstream	unreferenced message	guidebook\entity-effects\effects.ftl
entity-effect-guidebook-make-trap-in-container	unreferenced message	guidebook\entity-effects\effects.ftl
entity-effect-guidebook-plant-change-trait	unreferenced message	guidebook\entity-effects\effects.ftl
entity-effect-guidebook-plant-mutate-consume-gasses	unreferenced message	guidebook\entity-effects\effects.ftl
entity-effect-guidebook-plant-mutate-exude-gasses	unreferenced message	guidebook\entity-effects\effects.ftl
entity-effect-guidebook-satiate	unreferenced message	guidebook\entity-effects\effects.ftl
entity-producer-action-popup-others	unreferenced message	actions\actions\entity-producer.ftl
entity-producer-action-popup-too-hungry	unreferenced message	actions\actions\entity-producer.ftl
entity-producer-action-popup-user	unreferenced message	actions\actions\entity-producer.ftl
entity-spawn-window-no-description	unreferenced message	robust-toolbox\custom-controls.ftl
entity-spawn-window-override-menu-tooltip	unreferenced message	robust-toolbox\custom-controls.ftl
entity-spawn-window-replace-button-text	unreferenced message	robust-toolbox\custom-controls.ftl
entity-spawn-window-title	unreferenced message	robust-toolbox\custom-controls.ftl
event-log-webhook-footer	unreferenced message	discord\event-log.ftl
event-log-webhook-title	unreferenced message	discord\event-log.ftl
evil-twin-round-end-result	unreferenced message	corvax\station-events\events\evil-twin.ftl
evil-twin-user-was-an-evil-twin	unreferenced message	corvax\station-events\events\evil-twin.ftl
evil-twin-user-was-an-evil-twin-named	unreferenced message	corvax\station-events\events\evil-twin.ftl
evil-twin-user-was-an-evil-twin-with-objectives	unreferenced message	corvax\station-events\events\evil-twin.ftl
evil-twin-user-was-an-evil-twin-with-objectives-named	unreferenced message	corvax\station-events\events\evil-twin.ftl
evil-twin-was-an-evil-twin-named	unreferenced message	corvax\station-events\events\evil-twin.ftl
evil-twin-was-an-evil-twin-with-objectives-named	unreferenced message	corvax\station-events\events\evil-twin.ftl
examinable-satiation-component-examine-hunger-concerned	unreferenced message	nutrition\components\examinable-satiation-component.ftl
examinable-satiation-component-examine-hunger-desperate	unreferenced message	nutrition\components\examinable-satiation-component.ftl
examinable-satiation-component-examine-hunger-full	unreferenced message	nutrition\components\examinable-satiation-component.ftl
examinable-satiation-component-examine-hunger-none	unreferenced message	nutrition\components\examinable-satiation-component.ftl
examinable-satiation-component-examine-hunger-okay	unreferenced message	nutrition\components\examinable-satiation-component.ftl
examinable-satiation-component-examine-thirst-concerned	unreferenced message	nutrition\components\examinable-satiation-component.ftl
examinable-satiation-component-examine-thirst-desperate	unreferenced message	nutrition\components\examinable-satiation-component.ftl
examinable-satiation-component-examine-thirst-full	unreferenced message	nutrition\components\examinable-satiation-component.ftl
examinable-satiation-component-examine-thirst-none	unreferenced message	nutrition\components\examinable-satiation-component.ftl
examinable-satiation-component-examine-thirst-okay	unreferenced message	nutrition\components\examinable-satiation-component.ftl
examine-battery-hits-left	unreferenced message	weapons\melee\melee.ftl
exception-censored-1	unreferenced message	speak-on-exception\speak-on-exception.ftl
exception-censored-10	unreferenced message	speak-on-exception\speak-on-exception.ftl
exception-censored-11	unreferenced message	speak-on-exception\speak-on-exception.ftl
exception-censored-12	unreferenced message	speak-on-exception\speak-on-exception.ftl
exception-censored-13	unreferenced message	speak-on-exception\speak-on-exception.ftl
exception-censored-14	unreferenced message	speak-on-exception\speak-on-exception.ftl
exception-censored-2	unreferenced message	speak-on-exception\speak-on-exception.ftl
exception-censored-3	unreferenced message	speak-on-exception\speak-on-exception.ftl
exception-censored-4	unreferenced message	speak-on-exception\speak-on-exception.ftl
exception-censored-5	unreferenced message	speak-on-exception\speak-on-exception.ftl
exception-censored-6	unreferenced message	speak-on-exception\speak-on-exception.ftl
exception-censored-7	unreferenced message	speak-on-exception\speak-on-exception.ftl
exception-censored-8	unreferenced message	speak-on-exception\speak-on-exception.ftl
exception-censored-9	unreferenced message	speak-on-exception\speak-on-exception.ftl
fake-mindshield-disabled	unreferenced message	mindshield\mindshield.ftl
fake-mindshield-enabled	unreferenced message	mindshield\mindshield.ftl
flavor-base-earthy	unreferenced message	flavors\flavor-profiles.ftl
flavor-complex-canned-tuna	unreferenced message	flavors\flavor-profiles.ftl
fold-lower-visor-verb	unreferenced message	foldable\components\foldable-component.ftl
fold-raise-visor-verb	unreferenced message	foldable\components\foldable-component.ftl
food-sequence-cotton-burger-content-plushie-sheep	unreferenced message	nutrition\components\food-sequence.ftl
food-sequence-cotton-burger-content-plushie-sheepspace	unreferenced message	nutrition\components\food-sequence.ftl
forensics-cleaning-others	unreferenced message	forensics\forensics.ftl
forensics-cleaning-user	unreferenced message	forensics\forensics.ftl
generic-disabled	unreferenced message	generic.ftl
generic-grid	unreferenced message	robust-toolbox\_generic.ftl
generic-map	unreferenced message	robust-toolbox\_generic.ftl
generic-mapid	unreferenced message	robust-toolbox\_generic.ftl
generic-no-access	unreferenced message	generic.ftl
ghost-go-lobby-button	unreferenced message	corvax\ghost\golobby\ghost-go-lobby.ftl
ghost-go-lobby-button-waiting	unreferenced message	corvax\ghost\golobby\ghost-go-lobby.ftl
ghost-go-lobby-confirm	unreferenced message	corvax\ghost\golobby\ghost-go-lobby.ftl
ghost-go-lobby-confirm-continue	unreferenced message	corvax\ghost\golobby\ghost-go-lobby.ftl
ghost-go-lobby-confirm-title	unreferenced message	corvax\ghost\golobby\ghost-go-lobby.ftl
ghost-go-lobby-deathtime	unreferenced message	corvax\ghost\golobby\ghost-go-lobby.ftl
ghost-go-lobby-playtime	unreferenced message	corvax\ghost\golobby\ghost-go-lobby.ftl
ghost-go-lobby-used	unreferenced message	corvax\ghost\golobby\ghost-go-lobby.ftl
ghost-gui-toggle-lighting-manager-popup-half-bright	unreferenced message	ghost\ghost-gui.ftl
ghost-role-information-sentient-sharkminnow-name	unreferenced message	ghost\roles\ghost-role-component.ftl
ghost-role-information-space-changeling-description	unreferenced message	ghost\roles\ghost-role-component.ftl
ghost-role-information-space-changeling-name	unreferenced message	ghost\roles\ghost-role-component.ftl
ghost-role-information-syndicate-smuggler-description	unreferenced message	corvax\ghost\roles\ghost-role-component.ftl
ghost-role-information-syndicate-smuggler-name	unreferenced message	corvax\ghost\roles\ghost-role-component.ftl
ghost-target-window-warp-to-most-followed-tooltip	unreferenced message	ghost\ghost-gui.ftl
ghost-target-window-warp-to-random	unreferenced message	ghost\ghost-gui.ftl
ghost-target-window-warp-to-random-followed	unreferenced message	ghost\ghost-gui.ftl
ghost-target-window-warp-to-random-followed-tooltip	unreferenced message	ghost\ghost-gui.ftl
ghost-target-window-warp-to-random-tooltip	unreferenced message	ghost\ghost-gui.ftl
ghost-target-window-warp-to-title	unreferenced message	ghost\ghost-gui.ftl
gravity-generator-unanchoring-failed	unreferenced message	gravity\gravity-generator-component.ftl
guardian-deck-invalid-creation	unreferenced message	guardian\guardian.ftl
guardian-deck-used-examine	unreferenced message	guardian\guardian.ftl
guardian-injector-empty-examine	unreferenced message	guardian\guardian.ftl
guardian-injector-empty-invalid-creation	unreferenced message	guardian\guardian.ftl
guardian-status-ready	unreferenced message	items\item-status.ftl
guardian-status-used	unreferenced message	items\item-status.ftl
guide-entry-changelings	unreferenced message	guidebook\guides.ftl
guide-entry-cl-chapter-11	unreferenced message	corvax\guidebook\corporatelaw\corporate-law.ftl
guide-entry-cl-chapter-12	unreferenced message	corvax\guidebook\corporatelaw\corporate-law.ftl
guide-entry-cl-chapter-13	unreferenced message	corvax\guidebook\corporatelaw\corporate-law.ftl
guide-entry-cl-chapter-14	unreferenced message	corvax\guidebook\corporatelaw\corporate-law.ftl
guide-entry-cl-chapter-21	unreferenced message	corvax\guidebook\corporatelaw\corporate-law.ftl
guide-entry-cl-chapter-22	unreferenced message	corvax\guidebook\corporatelaw\corporate-law.ftl
guide-entry-cl-chapter-31	unreferenced message	corvax\guidebook\corporatelaw\corporate-law.ftl
guide-entry-cl-chapter-32	unreferenced message	corvax\guidebook\corporatelaw\corporate-law.ftl
guide-entry-cl-chapter-41	unreferenced message	corvax\guidebook\corporatelaw\corporate-law.ftl
guide-entry-cl-chapter-42	unreferenced message	corvax\guidebook\corporatelaw\corporate-law.ftl
guide-entry-cl-chapter-43	unreferenced message	corvax\guidebook\corporatelaw\corporate-law.ftl
guide-entry-cl-chapter-44	unreferenced message	corvax\guidebook\corporatelaw\corporate-law.ftl
guide-entry-cl-crime-list	unreferenced message	corvax\guidebook\corporatelaw\corporate-law.ftl
guide-entry-cl-misc	unreferenced message	corvax\guidebook\corporatelaw\corporate-law.ftl
guide-entry-cl-modificators	unreferenced message	corvax\guidebook\corporatelaw\corporate-law.ftl
guide-entry-cl-oprs	unreferenced message	corvax\guidebook\corporatelaw\corporate-law.ftl
guide-entry-cl-punishments	unreferenced message	corvax\guidebook\corporatelaw\corporate-law.ftl
guide-entry-corporate-law	unreferenced message	corvax\guidebook\corporatelaw\corporate-law.ftl
guide-entry-corvax-punishment-types	unreferenced message	corvax\guidebook\rules.ftl
guide-entry-corvax-rule0	unreferenced message	corvax\guidebook\rules.ftl
guide-entry-corvax-rule1	unreferenced message	corvax\guidebook\rules.ftl
guide-entry-corvax-rule10	unreferenced message	corvax\guidebook\rules.ftl
guide-entry-corvax-rule2	unreferenced message	corvax\guidebook\rules.ftl
guide-entry-corvax-rule3	unreferenced message	corvax\guidebook\rules.ftl
guide-entry-corvax-rule31	unreferenced message	corvax\guidebook\rules.ftl
guide-entry-corvax-rule32	unreferenced message	corvax\guidebook\rules.ftl
guide-entry-corvax-rule33	unreferenced message	corvax\guidebook\rules.ftl
guide-entry-corvax-rule34	unreferenced message	corvax\guidebook\rules.ftl
guide-entry-corvax-rule35	unreferenced message	corvax\guidebook\rules.ftl
guide-entry-corvax-rule36	unreferenced message	corvax\guidebook\rules.ftl
guide-entry-corvax-rule37	unreferenced message	corvax\guidebook\rules.ftl
guide-entry-corvax-rule38	unreferenced message	corvax\guidebook\rules.ftl
guide-entry-corvax-rule39	unreferenced message	corvax\guidebook\rules.ftl
guide-entry-corvax-rule4	unreferenced message	corvax\guidebook\rules.ftl
guide-entry-corvax-rule6	unreferenced message	corvax\guidebook\rules.ftl
guide-entry-corvax-rule7	unreferenced message	corvax\guidebook\rules.ftl
guide-entry-corvax-rule8	unreferenced message	corvax\guidebook\rules.ftl
guide-entry-corvax-rule9	unreferenced message	corvax\guidebook\rules.ftl
guide-entry-corvax-ruleset	unreferenced message	corvax\guidebook\rules.ftl
guide-entry-sop	unreferenced message	corvax\guidebook\SOP\SOP.ftl
guide-entry-sop-cargo	unreferenced message	corvax\guidebook\SOP\SOP.ftl
guide-entry-sop-centcomm	unreferenced message	corvax\guidebook\SOP\SOP.ftl
guide-entry-sop-codes	unreferenced message	corvax\guidebook\SOP\SOP.ftl
guide-entry-sop-command	unreferenced message	corvax\guidebook\SOP\SOP.ftl
guide-entry-sop-dso	unreferenced message	corvax\guidebook\SOP\SOP.ftl
guide-entry-sop-emergencies	unreferenced message	corvax\guidebook\SOP\SOP.ftl
guide-entry-sop-engineering	unreferenced message	corvax\guidebook\SOP\SOP.ftl
guide-entry-sop-general	unreferenced message	corvax\guidebook\SOP\SOP.ftl
guide-entry-sop-legal	unreferenced message	corvax\guidebook\SOP\SOP.ftl
guide-entry-sop-medical	unreferenced message	corvax\guidebook\SOP\SOP.ftl
guide-entry-sop-research	unreferenced message	corvax\guidebook\SOP\SOP.ftl
guide-entry-sop-security	unreferenced message	corvax\guidebook\SOP\SOP.ftl
guide-entry-sop-service	unreferenced message	corvax\guidebook\SOP\SOP.ftl
guidebook-SOP-AtmosphericTechnician-must	unreferenced message	corvax\guidebook\SOP\engineering.ftl
guidebook-SOP-AtmosphericTechnician-prohibited	unreferenced message	corvax\guidebook\SOP\engineering.ftl
guidebook-SOP-AtmosphericTechnician-right	unreferenced message	corvax\guidebook\SOP\engineering.ftl
guidebook-SOP-Bartender-must	unreferenced message	corvax\guidebook\SOP\service.ftl
guidebook-SOP-Bartender-prohibited	unreferenced message	corvax\guidebook\SOP\service.ftl
guidebook-SOP-Bartender-right	unreferenced message	corvax\guidebook\SOP\service.ftl
guidebook-SOP-BlueshieldOfficer-must	unreferenced message	corvax\guidebook\SOP\centcomm.ftl
guidebook-SOP-BlueshieldOfficer-prohibited	unreferenced message	corvax\guidebook\SOP\centcomm.ftl
guidebook-SOP-BlueshieldOfficer-right	unreferenced message	corvax\guidebook\SOP\centcomm.ftl
guidebook-SOP-Botanist-must	unreferenced message	corvax\guidebook\SOP\service.ftl
guidebook-SOP-Botanist-prohibited	unreferenced message	corvax\guidebook\SOP\service.ftl
guidebook-SOP-Botanist-right	unreferenced message	corvax\guidebook\SOP\service.ftl
guidebook-SOP-Boxer-must	unreferenced message	corvax\guidebook\SOP\service.ftl
guidebook-SOP-Boxer-prohibited	unreferenced message	corvax\guidebook\SOP\service.ftl
guidebook-SOP-Boxer-right	unreferenced message	corvax\guidebook\SOP\service.ftl
guidebook-SOP-Brigmedic-must	unreferenced message	corvax\guidebook\SOP\security.ftl
guidebook-SOP-Brigmedic-prohibited	unreferenced message	corvax\guidebook\SOP\security.ftl
guidebook-SOP-Brigmedic-right	unreferenced message	corvax\guidebook\SOP\security.ftl
guidebook-SOP-CBURN-must	unreferenced message	corvax\guidebook\SOP\dso.ftl
guidebook-SOP-CBURN-prohibited	unreferenced message	corvax\guidebook\SOP\dso.ftl
guidebook-SOP-CBURN-right	unreferenced message	corvax\guidebook\SOP\dso.ftl
guidebook-SOP-CBURNCommander-must	unreferenced message	corvax\guidebook\SOP\dso.ftl
guidebook-SOP-CBURNCommander-prohibited	unreferenced message	corvax\guidebook\SOP\dso.ftl
guidebook-SOP-CBURNCommander-right	unreferenced message	corvax\guidebook\SOP\dso.ftl
guidebook-SOP-Captain-must	unreferenced message	corvax\guidebook\SOP\command.ftl
guidebook-SOP-Captain-prohibited	unreferenced message	corvax\guidebook\SOP\command.ftl
guidebook-SOP-Captain-right	unreferenced message	corvax\guidebook\SOP\command.ftl
guidebook-SOP-CargoTechnician-must	unreferenced message	corvax\guidebook\SOP\cargo.ftl
guidebook-SOP-CargoTechnician-right	unreferenced message	corvax\guidebook\SOP\cargo.ftl
guidebook-SOP-CentralCommandChiefStaff-must	unreferenced message	corvax\guidebook\SOP\centcomm.ftl
guidebook-SOP-CentralCommandChiefStaff-prohibited	unreferenced message	corvax\guidebook\SOP\centcomm.ftl
guidebook-SOP-CentralCommandChiefStaff-right	unreferenced message	corvax\guidebook\SOP\centcomm.ftl
guidebook-SOP-CentralCommandOfficial-must	unreferenced message	corvax\guidebook\SOP\centcomm.ftl
guidebook-SOP-CentralCommandOfficial-prohibited	unreferenced message	corvax\guidebook\SOP\centcomm.ftl
guidebook-SOP-CentralCommandOfficial-right	unreferenced message	corvax\guidebook\SOP\centcomm.ftl
guidebook-SOP-CentralCommandOperator-must	unreferenced message	corvax\guidebook\SOP\centcomm.ftl
guidebook-SOP-CentralCommandOperator-prohibited	unreferenced message	corvax\guidebook\SOP\centcomm.ftl
guidebook-SOP-CentralCommandOperator-right	unreferenced message	corvax\guidebook\SOP\centcomm.ftl
guidebook-SOP-Chaplain-must	unreferenced message	corvax\guidebook\SOP\service.ftl
guidebook-SOP-Chaplain-prohibited	unreferenced message	corvax\guidebook\SOP\service.ftl
guidebook-SOP-Chaplain-right	unreferenced message	corvax\guidebook\SOP\service.ftl
guidebook-SOP-Chef-must	unreferenced message	corvax\guidebook\SOP\service.ftl
guidebook-SOP-Chef-prohibited	unreferenced message	corvax\guidebook\SOP\service.ftl
guidebook-SOP-Chef-right	unreferenced message	corvax\guidebook\SOP\service.ftl
guidebook-SOP-Chemist-must	unreferenced message	corvax\guidebook\SOP\medical.ftl
guidebook-SOP-Chemist-prohibited	unreferenced message	corvax\guidebook\SOP\medical.ftl
guidebook-SOP-Chemist-right	unreferenced message	corvax\guidebook\SOP\medical.ftl
guidebook-SOP-ChiefEngineer-must	unreferenced message	corvax\guidebook\SOP\engineering.ftl
guidebook-SOP-ChiefEngineer-prohibited	unreferenced message	corvax\guidebook\SOP\engineering.ftl
guidebook-SOP-ChiefEngineer-right	unreferenced message	corvax\guidebook\SOP\engineering.ftl
guidebook-SOP-ChiefMedicalOfficer-must	unreferenced message	corvax\guidebook\SOP\medical.ftl
guidebook-SOP-ChiefMedicalOfficer-prohibited	unreferenced message	corvax\guidebook\SOP\medical.ftl
guidebook-SOP-ChiefMedicalOfficer-right	unreferenced message	corvax\guidebook\SOP\medical.ftl
guidebook-SOP-Clown-must	unreferenced message	corvax\guidebook\SOP\service.ftl
guidebook-SOP-Clown-prohibited	unreferenced message	corvax\guidebook\SOP\service.ftl
guidebook-SOP-Clown-right	unreferenced message	corvax\guidebook\SOP\service.ftl
guidebook-SOP-DeathSquadFoxtrot-must	unreferenced message	corvax\guidebook\SOP\dso.ftl
guidebook-SOP-DeathSquadFoxtrot-prohibited	unreferenced message	corvax\guidebook\SOP\dso.ftl
guidebook-SOP-DeathSquadFoxtrot-right	unreferenced message	corvax\guidebook\SOP\dso.ftl
guidebook-SOP-DeathSquadFoxtrotLeader-must	unreferenced message	corvax\guidebook\SOP\dso.ftl
guidebook-SOP-DeathSquadFoxtrotLeader-prohibited	unreferenced message	corvax\guidebook\SOP\dso.ftl
guidebook-SOP-DeathSquadFoxtrotLeader-right	unreferenced message	corvax\guidebook\SOP\dso.ftl
guidebook-SOP-DeathSquadTango-must	unreferenced message	corvax\guidebook\SOP\dso.ftl
guidebook-SOP-DeathSquadTango-prohibited	unreferenced message	corvax\guidebook\SOP\dso.ftl
guidebook-SOP-DeathSquadTango-right	unreferenced message	corvax\guidebook\SOP\dso.ftl
guidebook-SOP-DeathSquadTangoLeader-must	unreferenced message	corvax\guidebook\SOP\dso.ftl
guidebook-SOP-DeathSquadTangoLeader-prohibited	unreferenced message	corvax\guidebook\SOP\dso.ftl
guidebook-SOP-DeathSquadTangoLeader-right	unreferenced message	corvax\guidebook\SOP\dso.ftl
guidebook-SOP-Detective-must	unreferenced message	corvax\guidebook\SOP\security.ftl
guidebook-SOP-Detective-right	unreferenced message	corvax\guidebook\SOP\security.ftl
guidebook-SOP-ERTChaplain-must	unreferenced message	corvax\guidebook\SOP\dso.ftl
guidebook-SOP-ERTChaplain-prohibited	unreferenced message	corvax\guidebook\SOP\dso.ftl
guidebook-SOP-ERTChaplain-right	unreferenced message	corvax\guidebook\SOP\dso.ftl
guidebook-SOP-ERTEngineer-must	unreferenced message	corvax\guidebook\SOP\dso.ftl
guidebook-SOP-ERTEngineer-prohibited	unreferenced message	corvax\guidebook\SOP\dso.ftl
guidebook-SOP-ERTEngineer-right	unreferenced message	corvax\guidebook\SOP\dso.ftl
guidebook-SOP-ERTJanitor-must	unreferenced message	corvax\guidebook\SOP\dso.ftl
guidebook-SOP-ERTJanitor-prohibited	unreferenced message	corvax\guidebook\SOP\dso.ftl
guidebook-SOP-ERTJanitor-right	unreferenced message	corvax\guidebook\SOP\dso.ftl
guidebook-SOP-ERTLeader-must	unreferenced message	corvax\guidebook\SOP\dso.ftl
guidebook-SOP-ERTLeader-prohibited	unreferenced message	corvax\guidebook\SOP\dso.ftl
guidebook-SOP-ERTLeader-right	unreferenced message	corvax\guidebook\SOP\dso.ftl
guidebook-SOP-ERTMedical-must	unreferenced message	corvax\guidebook\SOP\dso.ftl
guidebook-SOP-ERTMedical-prohibited	unreferenced message	corvax\guidebook\SOP\dso.ftl
guidebook-SOP-ERTMedical-right	unreferenced message	corvax\guidebook\SOP\dso.ftl
guidebook-SOP-ERTSecurity-must	unreferenced message	corvax\guidebook\SOP\dso.ftl
guidebook-SOP-ERTSecurity-prohibited	unreferenced message	corvax\guidebook\SOP\dso.ftl
guidebook-SOP-ERTSecurity-right	unreferenced message	corvax\guidebook\SOP\dso.ftl
guidebook-SOP-HeadOfPersonnel-must	unreferenced message	corvax\guidebook\SOP\service.ftl
guidebook-SOP-HeadOfPersonnel-prohibited	unreferenced message	corvax\guidebook\SOP\service.ftl
guidebook-SOP-HeadOfPersonnel-right	unreferenced message	corvax\guidebook\SOP\service.ftl
guidebook-SOP-HeadOfSecurity-must	unreferenced message	corvax\guidebook\SOP\security.ftl
guidebook-SOP-HeadOfSecurity-prohibited	unreferenced message	corvax\guidebook\SOP\security.ftl
guidebook-SOP-HeadOfSecurity-right	unreferenced message	corvax\guidebook\SOP\security.ftl
guidebook-SOP-IAA-must	unreferenced message	corvax\guidebook\SOP\legal.ftl
guidebook-SOP-IAA-prohibited	unreferenced message	corvax\guidebook\SOP\legal.ftl
guidebook-SOP-IAA-right	unreferenced message	corvax\guidebook\SOP\legal.ftl
guidebook-SOP-Janitor-must	unreferenced message	corvax\guidebook\SOP\service.ftl
guidebook-SOP-Janitor-prohibited	unreferenced message	corvax\guidebook\SOP\service.ftl
guidebook-SOP-Janitor-right	unreferenced message	corvax\guidebook\SOP\service.ftl
guidebook-SOP-Lawyer-must	unreferenced message	corvax\guidebook\SOP\legal.ftl
guidebook-SOP-Lawyer-prohibited	unreferenced message	corvax\guidebook\SOP\legal.ftl
guidebook-SOP-Lawyer-right	unreferenced message	corvax\guidebook\SOP\legal.ftl
guidebook-SOP-Librarian-must	unreferenced message	corvax\guidebook\SOP\service.ftl
guidebook-SOP-Librarian-prohibited	unreferenced message	corvax\guidebook\SOP\service.ftl
guidebook-SOP-Librarian-right	unreferenced message	corvax\guidebook\SOP\service.ftl
guidebook-SOP-Magistrate-must	unreferenced message	corvax\guidebook\SOP\legal.ftl
guidebook-SOP-Magistrate-prohibited	unreferenced message	corvax\guidebook\SOP\legal.ftl
guidebook-SOP-Magistrate-right	unreferenced message	corvax\guidebook\SOP\legal.ftl
guidebook-SOP-Magistrate-tooltip-dress-code	unreferenced message	corvax\guidebook\SOP\legal.ftl
guidebook-SOP-Magistrate-tooltip-equanimity	unreferenced message	corvax\guidebook\SOP\legal.ftl
guidebook-SOP-Magistrate-tooltip-legal-grounds	unreferenced message	corvax\guidebook\SOP\legal.ftl
guidebook-SOP-MedicalDoctor-must	unreferenced message	corvax\guidebook\SOP\medical.ftl
guidebook-SOP-MedicalDoctor-prohibited	unreferenced message	corvax\guidebook\SOP\medical.ftl
guidebook-SOP-MedicalDoctor-right	unreferenced message	corvax\guidebook\SOP\medical.ftl
guidebook-SOP-MedicalIntern-must	unreferenced message	corvax\guidebook\SOP\medical.ftl
guidebook-SOP-MedicalIntern-prohibited	unreferenced message	corvax\guidebook\SOP\medical.ftl
guidebook-SOP-MedicalIntern-right	unreferenced message	corvax\guidebook\SOP\medical.ftl
guidebook-SOP-Mime-must	unreferenced message	corvax\guidebook\SOP\service.ftl
guidebook-SOP-Mime-prohibited	unreferenced message	corvax\guidebook\SOP\service.ftl
guidebook-SOP-Mime-right	unreferenced message	corvax\guidebook\SOP\service.ftl
guidebook-SOP-Musician-must	unreferenced message	corvax\guidebook\SOP\service.ftl
guidebook-SOP-Musician-prohibited	unreferenced message	corvax\guidebook\SOP\service.ftl
guidebook-SOP-Musician-right	unreferenced message	corvax\guidebook\SOP\service.ftl
guidebook-SOP-NanotrasenRepresentative-must	unreferenced message	corvax\guidebook\SOP\centcomm.ftl
guidebook-SOP-NanotrasenRepresentative-prohibited	unreferenced message	corvax\guidebook\SOP\centcomm.ftl
guidebook-SOP-NanotrasenRepresentative-right	unreferenced message	corvax\guidebook\SOP\centcomm.ftl
guidebook-SOP-Paramedic-must	unreferenced message	corvax\guidebook\SOP\medical.ftl
guidebook-SOP-Paramedic-prohibited	unreferenced message	corvax\guidebook\SOP\medical.ftl
guidebook-SOP-Paramedic-right	unreferenced message	corvax\guidebook\SOP\medical.ftl
guidebook-SOP-Psychologist-must	unreferenced message	corvax\guidebook\SOP\medical.ftl
guidebook-SOP-Psychologist-prohibited	unreferenced message	corvax\guidebook\SOP\medical.ftl
guidebook-SOP-Psychologist-right	unreferenced message	corvax\guidebook\SOP\medical.ftl
guidebook-SOP-Quartermaster-must	unreferenced message	corvax\guidebook\SOP\cargo.ftl
guidebook-SOP-Quartermaster-prohibited	unreferenced message	corvax\guidebook\SOP\cargo.ftl
guidebook-SOP-Quartermaster-right	unreferenced message	corvax\guidebook\SOP\cargo.ftl
guidebook-SOP-RadioHost-must	unreferenced message	corvax\guidebook\SOP\service.ftl
guidebook-SOP-RadioHost-prohibited	unreferenced message	corvax\guidebook\SOP\service.ftl
guidebook-SOP-RadioHost-right	unreferenced message	corvax\guidebook\SOP\service.ftl
guidebook-SOP-Reporter-must	unreferenced message	corvax\guidebook\SOP\service.ftl
guidebook-SOP-Reporter-prohibited	unreferenced message	corvax\guidebook\SOP\service.ftl
guidebook-SOP-Reporter-right	unreferenced message	corvax\guidebook\SOP\service.ftl
guidebook-SOP-ResearchAssistant-must	unreferenced message	corvax\guidebook\SOP\research.ftl
guidebook-SOP-ResearchAssistant-prohibited	unreferenced message	corvax\guidebook\SOP\research.ftl
guidebook-SOP-ResearchDirector-must	unreferenced message	corvax\guidebook\SOP\research.ftl
guidebook-SOP-ResearchDirector-prohibited	unreferenced message	corvax\guidebook\SOP\research.ftl
guidebook-SOP-ResearchDirector-right	unreferenced message	corvax\guidebook\SOP\research.ftl
guidebook-SOP-Roboticist-must	unreferenced message	corvax\guidebook\SOP\research.ftl
guidebook-SOP-Roboticist-right	unreferenced message	corvax\guidebook\SOP\research.ftl
guidebook-SOP-SalvageSpecialist-must	unreferenced message	corvax\guidebook\SOP\cargo.ftl
guidebook-SOP-SalvageSpecialist-prohibited	unreferenced message	corvax\guidebook\SOP\cargo.ftl
guidebook-SOP-SalvageSpecialist-right	unreferenced message	corvax\guidebook\SOP\cargo.ftl
guidebook-SOP-Scientist-must	unreferenced message	corvax\guidebook\SOP\research.ftl
guidebook-SOP-Scientist-prohibited	unreferenced message	corvax\guidebook\SOP\research.ftl
guidebook-SOP-Scientist-right	unreferenced message	corvax\guidebook\SOP\research.ftl
guidebook-SOP-Security-must	unreferenced message	corvax\guidebook\SOP\security.ftl
guidebook-SOP-Security-right	unreferenced message	corvax\guidebook\SOP\security.ftl
guidebook-SOP-SecurityCadet-must	unreferenced message	corvax\guidebook\SOP\security.ftl
guidebook-SOP-SecurityCadet-prohibited	unreferenced message	corvax\guidebook\SOP\security.ftl
guidebook-SOP-SecurityPilot-must	unreferenced message	corvax\guidebook\SOP\security.ftl
guidebook-SOP-SecurityPilot-prohibited	unreferenced message	corvax\guidebook\SOP\security.ftl
guidebook-SOP-SecurityPilot-right	unreferenced message	corvax\guidebook\SOP\security.ftl
guidebook-SOP-SeniorEngineer-must	unreferenced message	corvax\guidebook\SOP\engineering.ftl
guidebook-SOP-SeniorEngineer-prohibited	unreferenced message	corvax\guidebook\SOP\engineering.ftl
guidebook-SOP-SeniorEngineer-right	unreferenced message	corvax\guidebook\SOP\engineering.ftl
guidebook-SOP-ServiceWorker-must	unreferenced message	corvax\guidebook\SOP\service.ftl
guidebook-SOP-ServiceWorker-right	unreferenced message	corvax\guidebook\SOP\service.ftl
guidebook-SOP-ShaftMiner-must	unreferenced message	corvax\guidebook\SOP\cargo.ftl
guidebook-SOP-ShaftMiner-prohibited	unreferenced message	corvax\guidebook\SOP\cargo.ftl
guidebook-SOP-ShaftMiner-right	unreferenced message	corvax\guidebook\SOP\cargo.ftl
guidebook-SOP-StationEngineer-must	unreferenced message	corvax\guidebook\SOP\engineering.ftl
guidebook-SOP-StationEngineer-prohibited	unreferenced message	corvax\guidebook\SOP\engineering.ftl
guidebook-SOP-StationEngineer-right	unreferenced message	corvax\guidebook\SOP\engineering.ftl
guidebook-SOP-Surgeon-must	unreferenced message	corvax\guidebook\SOP\medical.ftl
guidebook-SOP-Surgeon-prohibited	unreferenced message	corvax\guidebook\SOP\medical.ftl
guidebook-SOP-TechnicalAssistant-must	unreferenced message	corvax\guidebook\SOP\engineering.ftl
guidebook-SOP-TechnicalAssistant-prohibited	unreferenced message	corvax\guidebook\SOP\engineering.ftl
guidebook-SOP-TechnicalAssistant-right	unreferenced message	corvax\guidebook\SOP\engineering.ftl
guidebook-SOP-Virologist-must	unreferenced message	corvax\guidebook\SOP\medical.ftl
guidebook-SOP-Virologist-right	unreferenced message	corvax\guidebook\SOP\medical.ftl
guidebook-SOP-Warden-must	unreferenced message	corvax\guidebook\SOP\security.ftl
guidebook-SOP-Warden-right	unreferenced message	corvax\guidebook\SOP\security.ftl
guidebook-SOP-WardenHelper-must	unreferenced message	corvax\guidebook\SOP\security.ftl
guidebook-SOP-WardenHelper-prohibited	unreferenced message	corvax\guidebook\SOP\security.ftl
guidebook-SOP-WardenHelper-right	unreferenced message	corvax\guidebook\SOP\security.ftl
guidebook-SOP-Zookeeper-must	unreferenced message	corvax\guidebook\SOP\service.ftl
guidebook-SOP-Zookeeper-prohibited	unreferenced message	corvax\guidebook\SOP\service.ftl
guidebook-SOP-Zookeeper-right	unreferenced message	corvax\guidebook\SOP\service.ftl
guidebook-SOP-cargo-general-must	unreferenced message	corvax\guidebook\SOP\cargo.ftl
guidebook-SOP-cargo-general-prohibited	unreferenced message	corvax\guidebook\SOP\cargo.ftl
guidebook-SOP-cargo-general-right	unreferenced message	corvax\guidebook\SOP\cargo.ftl
guidebook-SOP-cargo-procedure-expeditions	unreferenced message	corvax\guidebook\SOP\cargo.ftl
guidebook-SOP-cargo-procedure-salvage-items	unreferenced message	corvax\guidebook\SOP\cargo.ftl
guidebook-SOP-cargo-procedure-salvage-orders	unreferenced message	corvax\guidebook\SOP\cargo.ftl
guidebook-SOP-cargo-safety	unreferenced message	corvax\guidebook\SOP\cargo.ftl
guidebook-SOP-cargo-tooltip-dangerous-goods	unreferenced message	corvax\guidebook\SOP\cargo.ftl
guidebook-SOP-cargo-tooltip-salvage-equipment	unreferenced message	corvax\guidebook\SOP\cargo.ftl
guidebook-SOP-cargo-tooltip-salvage-weapons	unreferenced message	corvax\guidebook\SOP\cargo.ftl
guidebook-SOP-cargo-tooltip-salvage-works	unreferenced message	corvax\guidebook\SOP\cargo.ftl
guidebook-SOP-centcomm-general-must	unreferenced message	corvax\guidebook\SOP\centcomm.ftl
guidebook-SOP-centcomm-general-prohibited	unreferenced message	corvax\guidebook\SOP\centcomm.ftl
guidebook-SOP-centcomm-general-right	unreferenced message	corvax\guidebook\SOP\centcomm.ftl
guidebook-SOP-centcomm-infobox	unreferenced message	corvax\guidebook\SOP\centcomm.ftl
guidebook-SOP-centcomm-tooltip-bso-chasing-offenders	unreferenced message	corvax\guidebook\SOP\centcomm.ftl
guidebook-SOP-centcomm-tooltip-ntr-business-speech	unreferenced message	corvax\guidebook\SOP\centcomm.ftl
guidebook-SOP-centcomm-tooltip-ntr-dress-code	unreferenced message	corvax\guidebook\SOP\centcomm.ftl
guidebook-SOP-centcomm-tooltip-ntr-edit-note	unreferenced message	corvax\guidebook\SOP\centcomm.ftl
guidebook-SOP-centcomm-tooltip-ntr-nonstandard-conditions	unreferenced message	corvax\guidebook\SOP\centcomm.ftl
guidebook-SOP-centcomm-tooltip-ntr-valuable-items	unreferenced message	corvax\guidebook\SOP\centcomm.ftl
guidebook-SOP-centcomm-tooltip-public-dangerous-crime	unreferenced message	corvax\guidebook\SOP\centcomm.ftl
guidebook-SOP-codes	unreferenced message	corvax\guidebook\SOP\codes.ftl
guidebook-SOP-codes-blue	unreferenced message	corvax\guidebook\SOP\codes.ftl
guidebook-SOP-codes-blue-norms	unreferenced message	corvax\guidebook\SOP\codes.ftl
guidebook-SOP-codes-blue-terms	unreferenced message	corvax\guidebook\SOP\codes.ftl
guidebook-SOP-codes-delta	unreferenced message	corvax\guidebook\SOP\codes.ftl
guidebook-SOP-codes-delta-norms	unreferenced message	corvax\guidebook\SOP\codes.ftl
guidebook-SOP-codes-delta-terms	unreferenced message	corvax\guidebook\SOP\codes.ftl
guidebook-SOP-codes-gamma	unreferenced message	corvax\guidebook\SOP\codes.ftl
guidebook-SOP-codes-gamma-norms	unreferenced message	corvax\guidebook\SOP\codes.ftl
guidebook-SOP-codes-gamma-terms	unreferenced message	corvax\guidebook\SOP\codes.ftl
guidebook-SOP-codes-green	unreferenced message	corvax\guidebook\SOP\codes.ftl
guidebook-SOP-codes-green-norms	unreferenced message	corvax\guidebook\SOP\codes.ftl
guidebook-SOP-codes-green-terms	unreferenced message	corvax\guidebook\SOP\codes.ftl
guidebook-SOP-codes-octarine	unreferenced message	corvax\guidebook\SOP\codes.ftl
guidebook-SOP-codes-octarine-norms	unreferenced message	corvax\guidebook\SOP\codes.ftl
guidebook-SOP-codes-octarine-terms	unreferenced message	corvax\guidebook\SOP\codes.ftl
guidebook-SOP-codes-omicrone	unreferenced message	corvax\guidebook\SOP\codes.ftl
guidebook-SOP-codes-omicrone-norms	unreferenced message	corvax\guidebook\SOP\codes.ftl
guidebook-SOP-codes-omicrone-terms	unreferenced message	corvax\guidebook\SOP\codes.ftl
guidebook-SOP-codes-purple	unreferenced message	corvax\guidebook\SOP\codes.ftl
guidebook-SOP-codes-purple-norms	unreferenced message	corvax\guidebook\SOP\codes.ftl
guidebook-SOP-codes-purple-terms	unreferenced message	corvax\guidebook\SOP\codes.ftl
guidebook-SOP-codes-red	unreferenced message	corvax\guidebook\SOP\codes.ftl
guidebook-SOP-codes-red-norms	unreferenced message	corvax\guidebook\SOP\codes.ftl
guidebook-SOP-codes-red-terms	unreferenced message	corvax\guidebook\SOP\codes.ftl
guidebook-SOP-codes-tooltip-neutralization	unreferenced message	corvax\guidebook\SOP\codes.ftl
guidebook-SOP-codes-yellow	unreferenced message	corvax\guidebook\SOP\codes.ftl
guidebook-SOP-codes-yellow-norms	unreferenced message	corvax\guidebook\SOP\codes.ftl
guidebook-SOP-codes-yellow-terms	unreferenced message	corvax\guidebook\SOP\codes.ftl
guidebook-SOP-command-general-must	unreferenced message	corvax\guidebook\SOP\command.ftl
guidebook-SOP-command-general-prohibited	unreferenced message	corvax\guidebook\SOP\command.ftl
guidebook-SOP-command-general-right	unreferenced message	corvax\guidebook\SOP\command.ftl
guidebook-SOP-command-highrisk-items-instructions	unreferenced message	corvax\guidebook\SOP\command.ftl
guidebook-SOP-command-procedure-accesses	unreferenced message	corvax\guidebook\SOP\command.ftl
guidebook-SOP-command-procedure-appoint-acting-captain	unreferenced message	corvax\guidebook\SOP\command.ftl
guidebook-SOP-command-procedure-appoint-acting-head	unreferenced message	corvax\guidebook\SOP\command.ftl
guidebook-SOP-command-procedure-council-of-heads	unreferenced message	corvax\guidebook\SOP\command.ftl
guidebook-SOP-command-procedure-dismissal	unreferenced message	corvax\guidebook\SOP\command.ftl
guidebook-SOP-command-procedure-hire	unreferenced message	corvax\guidebook\SOP\command.ftl
guidebook-SOP-command-procedure-promotion	unreferenced message	corvax\guidebook\SOP\command.ftl
guidebook-SOP-command-procedure-reasons-for-removal	unreferenced message	corvax\guidebook\SOP\command.ftl
guidebook-SOP-command-procedure-remove-acting-head	unreferenced message	corvax\guidebook\SOP\command.ftl
guidebook-SOP-command-protocol-evacuation	unreferenced message	corvax\guidebook\SOP\command.ftl
guidebook-SOP-command-tooltip-abuse-of-power	unreferenced message	corvax\guidebook\SOP\command.ftl
guidebook-SOP-command-tooltip-activity	unreferenced message	corvax\guidebook\SOP\command.ftl
guidebook-SOP-command-tooltip-business-speech	unreferenced message	corvax\guidebook\SOP\command.ftl
guidebook-SOP-command-tooltip-cannot-compose	unreferenced message	corvax\guidebook\SOP\command.ftl
guidebook-SOP-command-tooltip-controversial-decree	unreferenced message	corvax\guidebook\SOP\command.ftl
guidebook-SOP-command-tooltip-corporate-agents	unreferenced message	corvax\guidebook\SOP\command.ftl
guidebook-SOP-command-tooltip-dangerous-work	unreferenced message	corvax\guidebook\SOP\command.ftl
guidebook-SOP-command-tooltip-dead-title	unreferenced message	corvax\guidebook\SOP\command.ftl
guidebook-SOP-command-tooltip-dismissal	unreferenced message	corvax\guidebook\SOP\command.ftl
guidebook-SOP-command-tooltip-dress-code	unreferenced message	corvax\guidebook\SOP\command.ftl
guidebook-SOP-command-tooltip-inactivity	unreferenced message	corvax\guidebook\SOP\command.ftl
guidebook-SOP-command-tooltip-incident	unreferenced message	corvax\guidebook\SOP\command.ftl
guidebook-SOP-command-tooltip-interns	unreferenced message	corvax\guidebook\SOP\command.ftl
guidebook-SOP-command-tooltip-lowest-in-hierarchy	unreferenced message	corvax\guidebook\SOP\command.ftl
guidebook-SOP-command-tooltip-neutralization	unreferenced message	corvax\guidebook\SOP\command.ftl
guidebook-SOP-command-tooltip-no-centcomm	unreferenced message	corvax\guidebook\SOP\command.ftl
guidebook-SOP-command-tooltip-srp-of-position	unreferenced message	corvax\guidebook\SOP\command.ftl
guidebook-SOP-command-tooltip-toxic-environment	unreferenced message	corvax\guidebook\SOP\command.ftl
guidebook-SOP-desc	unreferenced message	corvax\guidebook\SOP\SOP.ftl
guidebook-SOP-dso-general-must	unreferenced message	corvax\guidebook\SOP\dso.ftl
guidebook-SOP-dso-general-prohibited	unreferenced message	corvax\guidebook\SOP\dso.ftl
guidebook-SOP-dso-general-right	unreferenced message	corvax\guidebook\SOP\dso.ftl
guidebook-SOP-dso-infobox	unreferenced message	corvax\guidebook\SOP\dso.ftl
guidebook-SOP-emergencies-blob	unreferenced message	corvax\guidebook\SOP\emergencies.ftl
guidebook-SOP-emergencies-chs-definition	unreferenced message	corvax\guidebook\SOP\emergencies.ftl
guidebook-SOP-emergencies-critical-damage	unreferenced message	corvax\guidebook\SOP\emergencies.ftl
guidebook-SOP-emergencies-cult	unreferenced message	corvax\guidebook\SOP\emergencies.ftl
guidebook-SOP-emergencies-dragon	unreferenced message	corvax\guidebook\SOP\emergencies.ftl
guidebook-SOP-emergencies-heretic	unreferenced message	corvax\guidebook\SOP\emergencies.ftl
guidebook-SOP-emergencies-kseno	unreferenced message	corvax\guidebook\SOP\emergencies.ftl
guidebook-SOP-emergencies-mutiny	unreferenced message	corvax\guidebook\SOP\emergencies.ftl
guidebook-SOP-emergencies-revenant	unreferenced message	corvax\guidebook\SOP\emergencies.ftl
guidebook-SOP-emergencies-shadowkin	unreferenced message	corvax\guidebook\SOP\emergencies.ftl
guidebook-SOP-emergencies-singularity	unreferenced message	corvax\guidebook\SOP\emergencies.ftl
guidebook-SOP-emergencies-war	unreferenced message	corvax\guidebook\SOP\emergencies.ftl
guidebook-SOP-emergencies-zombie	unreferenced message	corvax\guidebook\SOP\emergencies.ftl
guidebook-SOP-engineering-general-must	unreferenced message	corvax\guidebook\SOP\engineering.ftl
guidebook-SOP-engineering-general-prohibited	unreferenced message	corvax\guidebook\SOP\engineering.ftl
guidebook-SOP-engineering-general-right	unreferenced message	corvax\guidebook\SOP\engineering.ftl
guidebook-SOP-engineering-tooltip-generator-main	unreferenced message	corvax\guidebook\SOP\engineering.ftl
guidebook-SOP-engineering-tooltip-generator-spare	unreferenced message	corvax\guidebook\SOP\engineering.ftl
guidebook-SOP-engineering-tooltip-safety-precautions	unreferenced message	corvax\guidebook\SOP\engineering.ftl
guidebook-SOP-general-basic	unreferenced message	corvax\guidebook\SOP\general.ftl
guidebook-SOP-general-basic-duties	unreferenced message	corvax\guidebook\SOP\general.ftl
guidebook-SOP-general-basic-rights	unreferenced message	corvax\guidebook\SOP\general.ftl
guidebook-SOP-general-guests	unreferenced message	corvax\guidebook\SOP\general.ftl
guidebook-SOP-general-guests-duties	unreferenced message	corvax\guidebook\SOP\general.ftl
guidebook-SOP-general-guests-rights	unreferenced message	corvax\guidebook\SOP\general.ftl
guidebook-SOP-general-mobilization	unreferenced message	corvax\guidebook\SOP\general.ftl
guidebook-SOP-general-orders	unreferenced message	corvax\guidebook\SOP\general.ftl
guidebook-SOP-general-orders-must	unreferenced message	corvax\guidebook\SOP\general.ftl
guidebook-SOP-general-orders-prohibited	unreferenced message	corvax\guidebook\SOP\general.ftl
guidebook-SOP-general-parole	unreferenced message	corvax\guidebook\SOP\general.ftl
guidebook-SOP-general-parole-duties	unreferenced message	corvax\guidebook\SOP\general.ftl
guidebook-SOP-general-parole-rights	unreferenced message	corvax\guidebook\SOP\general.ftl
guidebook-SOP-general-prisoners	unreferenced message	corvax\guidebook\SOP\general.ftl
guidebook-SOP-general-prisoners-duties	unreferenced message	corvax\guidebook\SOP\general.ftl
guidebook-SOP-general-prisoners-rights	unreferenced message	corvax\guidebook\SOP\general.ftl
guidebook-SOP-general-specialops-instructions	unreferenced message	corvax\guidebook\SOP\general.ftl
guidebook-SOP-general-tooltip-agressive-biological-threat	unreferenced message	corvax\guidebook\SOP\general.ftl
guidebook-SOP-general-tooltip-profile-head	unreferenced message	corvax\guidebook\SOP\general.ftl
guidebook-SOP-infobox-main	unreferenced message	corvax\guidebook\SOP\SOP.ftl
guidebook-SOP-legal-court-appeal	unreferenced message	corvax\guidebook\SOP\legal.ftl
guidebook-SOP-legal-court-general	unreferenced message	corvax\guidebook\SOP\legal.ftl
guidebook-SOP-legal-court-litigation	unreferenced message	corvax\guidebook\SOP\legal.ftl
guidebook-SOP-legal-court-norms	unreferenced message	corvax\guidebook\SOP\legal.ftl
guidebook-SOP-legal-court-responsibilities	unreferenced message	corvax\guidebook\SOP\legal.ftl
guidebook-SOP-legal-court-supervision	unreferenced message	corvax\guidebook\SOP\legal.ftl
guidebook-SOP-legal-court-verdict	unreferenced message	corvax\guidebook\SOP\legal.ftl
guidebook-SOP-legal-procedure-internal-investigation	unreferenced message	corvax\guidebook\SOP\legal.ftl
guidebook-SOP-legal-tooltip-edit-note	unreferenced message	corvax\guidebook\SOP\legal.ftl
guidebook-SOP-medical-confidentiality	unreferenced message	corvax\guidebook\SOP\medical.ftl
guidebook-SOP-medical-general-must	unreferenced message	corvax\guidebook\SOP\medical.ftl
guidebook-SOP-medical-general-prohibited	unreferenced message	corvax\guidebook\SOP\medical.ftl
guidebook-SOP-medical-general-right	unreferenced message	corvax\guidebook\SOP\medical.ftl
guidebook-SOP-medical-procedure-bodies	unreferenced message	corvax\guidebook\SOP\medical.ftl
guidebook-SOP-medical-procedure-property	unreferenced message	corvax\guidebook\SOP\medical.ftl
guidebook-SOP-medical-procedure-psychiatric	unreferenced message	corvax\guidebook\SOP\medical.ftl
guidebook-SOP-medical-procedure-safety	unreferenced message	corvax\guidebook\SOP\medical.ftl
guidebook-SOP-medical-tooltip-allowed-implants	unreferenced message	corvax\guidebook\SOP\medical.ftl
guidebook-SOP-medical-tooltip-armed-equipment	unreferenced message	corvax\guidebook\SOP\medical.ftl
guidebook-SOP-medical-tooltip-cloneable	unreferenced message	corvax\guidebook\SOP\medical.ftl
guidebook-SOP-medical-tooltip-extended-access	unreferenced message	corvax\guidebook\SOP\medical.ftl
guidebook-SOP-medical-tooltip-long-recovery	unreferenced message	corvax\guidebook\SOP\medical.ftl
guidebook-SOP-medical-tooltip-sensitive-positions	unreferenced message	corvax\guidebook\SOP\medical.ftl
guidebook-SOP-medical-tooltip-small-volumes	unreferenced message	corvax\guidebook\SOP\medical.ftl
guidebook-SOP-medical-tooltip-special-equipment	unreferenced message	corvax\guidebook\SOP\medical.ftl
guidebook-SOP-medical-tooltip-threat-examples	unreferenced message	corvax\guidebook\SOP\medical.ftl
guidebook-SOP-medical-tooltip-use-for-corp	unreferenced message	corvax\guidebook\SOP\medical.ftl
guidebook-SOP-research-general-must	unreferenced message	corvax\guidebook\SOP\research.ftl
guidebook-SOP-research-general-prohibited	unreferenced message	corvax\guidebook\SOP\research.ftl
guidebook-SOP-research-general-right	unreferenced message	corvax\guidebook\SOP\research.ftl
guidebook-SOP-research-procedure-anomaly-control	unreferenced message	corvax\guidebook\SOP\research.ftl
guidebook-SOP-research-procedure-sapience	unreferenced message	corvax\guidebook\SOP\research.ftl
guidebook-SOP-research-safety-chemistry	unreferenced message	corvax\guidebook\SOP\research.ftl
guidebook-SOP-research-safety-general	unreferenced message	corvax\guidebook\SOP\research.ftl
guidebook-SOP-research-safety-xenoarchaeology	unreferenced message	corvax\guidebook\SOP\research.ftl
guidebook-SOP-research-tooltip-dangerous-equipment	unreferenced message	corvax\guidebook\SOP\research.ftl
guidebook-SOP-research-tooltip-dangerous-substances	unreferenced message	corvax\guidebook\SOP\research.ftl
guidebook-SOP-research-tooltip-nonstandard-objects	unreferenced message	corvax\guidebook\SOP\research.ftl
guidebook-SOP-security-general-must	unreferenced message	corvax\guidebook\SOP\security.ftl
guidebook-SOP-security-general-prohibited	unreferenced message	corvax\guidebook\SOP\security.ftl
guidebook-SOP-security-general-right	unreferenced message	corvax\guidebook\SOP\security.ftl
guidebook-SOP-security-procedure-force-level-1	unreferenced message	corvax\guidebook\SOP\security.ftl
guidebook-SOP-security-procedure-force-level-2	unreferenced message	corvax\guidebook\SOP\security.ftl
guidebook-SOP-security-procedure-force-level-3	unreferenced message	corvax\guidebook\SOP\security.ftl
guidebook-SOP-security-procedure-force-level-4	unreferenced message	corvax\guidebook\SOP\security.ftl
guidebook-SOP-security-procedure-force-level-5	unreferenced message	corvax\guidebook\SOP\security.ftl
guidebook-SOP-security-procedure-force-levels	unreferenced message	corvax\guidebook\SOP\security.ftl
guidebook-SOP-security-procedure-investigation	unreferenced message	corvax\guidebook\SOP\security.ftl
guidebook-SOP-security-procedure-investigation-analysis	unreferenced message	corvax\guidebook\SOP\security.ftl
guidebook-SOP-security-procedure-investigation-arrest	unreferenced message	corvax\guidebook\SOP\security.ftl
guidebook-SOP-security-procedure-investigation-implementation	unreferenced message	corvax\guidebook\SOP\security.ftl
guidebook-SOP-security-procedure-investigation-interrogation	unreferenced message	corvax\guidebook\SOP\security.ftl
guidebook-SOP-security-procedure-investigation-rozysk	unreferenced message	corvax\guidebook\SOP\security.ftl
guidebook-SOP-security-procedure-investigation-verdict	unreferenced message	corvax\guidebook\SOP\security.ftl
guidebook-SOP-security-procedure-parole	unreferenced message	corvax\guidebook\SOP\security.ftl
guidebook-SOP-security-procedure-parole-completing	unreferenced message	corvax\guidebook\SOP\security.ftl
guidebook-SOP-security-procedure-parole-general	unreferenced message	corvax\guidebook\SOP\security.ftl
guidebook-SOP-security-procedure-parole-obtaining	unreferenced message	corvax\guidebook\SOP\security.ftl
guidebook-SOP-security-procedure-parole-revoking	unreferenced message	corvax\guidebook\SOP\security.ftl
guidebook-SOP-security-procedure-prisoner	unreferenced message	corvax\guidebook\SOP\security.ftl
guidebook-SOP-security-procedure-prisoner-cell	unreferenced message	corvax\guidebook\SOP\security.ftl
guidebook-SOP-security-procedure-prisoner-eternal	unreferenced message	corvax\guidebook\SOP\security.ftl
guidebook-SOP-security-procedure-prisoner-general	unreferenced message	corvax\guidebook\SOP\security.ftl
guidebook-SOP-security-procedure-prisoner-katorga	unreferenced message	corvax\guidebook\SOP\security.ftl
guidebook-SOP-security-procedure-prisoner-temporary	unreferenced message	corvax\guidebook\SOP\security.ftl
guidebook-SOP-security-procedure-search	unreferenced message	corvax\guidebook\SOP\security.ftl
guidebook-SOP-security-procedure-search-department	unreferenced message	corvax\guidebook\SOP\security.ftl
guidebook-SOP-security-procedure-search-identification	unreferenced message	corvax\guidebook\SOP\security.ftl
guidebook-SOP-security-procedure-search-personal	unreferenced message	corvax\guidebook\SOP\security.ftl
guidebook-SOP-security-procedure-search-surgical	unreferenced message	corvax\guidebook\SOP\security.ftl
guidebook-SOP-security-procedure-seizure	unreferenced message	corvax\guidebook\SOP\security.ftl
guidebook-SOP-security-procedure-seizure-storage	unreferenced message	corvax\guidebook\SOP\security.ftl
guidebook-SOP-security-procedure-seizure-turnover	unreferenced message	corvax\guidebook\SOP\security.ftl
guidebook-SOP-security-procedure-tooltip-approved-executions	unreferenced message	corvax\guidebook\SOP\security.ftl
guidebook-SOP-security-procedure-tooltip-direct-evidence	unreferenced message	corvax\guidebook\SOP\security.ftl
guidebook-SOP-security-procedure-tooltip-emergencies	unreferenced message	corvax\guidebook\SOP\security.ftl
guidebook-SOP-security-procedure-tooltip-limited-contraband-use	unreferenced message	corvax\guidebook\SOP\security.ftl
guidebook-SOP-security-procedure-tooltip-previous-levels	unreferenced message	corvax\guidebook\SOP\security.ftl
guidebook-SOP-security-procedure-unregistered-protocol	unreferenced message	corvax\guidebook\SOP\security.ftl
guidebook-SOP-security-procedure-weapons-regulation	unreferenced message	corvax\guidebook\SOP\security.ftl
guidebook-SOP-security-tooltip-aggressive-mage	unreferenced message	corvax\guidebook\SOP\security.ftl
guidebook-SOP-security-tooltip-extended-access	unreferenced message	corvax\guidebook\SOP\security.ftl
guidebook-SOP-security-tooltip-full-access	unreferenced message	corvax\guidebook\SOP\security.ftl
guidebook-SOP-security-tooltip-lawful-orders	unreferenced message	corvax\guidebook\SOP\security.ftl
guidebook-SOP-security-tooltip-legal-immunity	unreferenced message	corvax\guidebook\SOP\security.ftl
guidebook-SOP-security-tooltip-nt-territory	unreferenced message	corvax\guidebook\SOP\security.ftl
guidebook-SOP-security-tooltip-officials	unreferenced message	corvax\guidebook\SOP\security.ftl
guidebook-SOP-security-tooltip-public-dangerous-crime	unreferenced message	corvax\guidebook\SOP\security.ftl
guidebook-SOP-security-tooltip-regulation-speech	unreferenced message	corvax\guidebook\SOP\security.ftl
guidebook-SOP-security-tooltip-sapient	unreferenced message	corvax\guidebook\SOP\security.ftl
guidebook-SOP-security-tooltip-sapient-no-oprs	unreferenced message	corvax\guidebook\SOP\security.ftl
guidebook-SOP-security-tooltip-significant-threat	unreferenced message	corvax\guidebook\SOP\security.ftl
guidebook-SOP-security-tooltip-uniform	unreferenced message	corvax\guidebook\SOP\security.ftl
guidebook-SOP-security-tooltip-unregistered	unreferenced message	corvax\guidebook\SOP\security.ftl
guidebook-SOP-security-weapons-table-blue	unreferenced message	corvax\guidebook\SOP\security.ftl
guidebook-SOP-security-weapons-table-gamma	unreferenced message	corvax\guidebook\SOP\security.ftl
guidebook-SOP-security-weapons-table-green	unreferenced message	corvax\guidebook\SOP\security.ftl
guidebook-SOP-security-weapons-table-green-2	unreferenced message	corvax\guidebook\SOP\security.ftl
guidebook-SOP-security-weapons-table-red	unreferenced message	corvax\guidebook\SOP\security.ftl
guidebook-SOP-security-weapons-tooltip-laser	unreferenced message	corvax\guidebook\SOP\security.ftl
guidebook-SOP-security-weapons-tooltip-melee	unreferenced message	corvax\guidebook\SOP\security.ftl
guidebook-SOP-security-weapons-tooltip-melee-list	unreferenced message	corvax\guidebook\SOP\security.ftl
guidebook-SOP-security-weapons-tooltip-pistols	unreferenced message	corvax\guidebook\SOP\security.ftl
guidebook-SOP-security-weapons-tooltip-reinforced	unreferenced message	corvax\guidebook\SOP\security.ftl
guidebook-SOP-security-weapons-tooltip-restraints	unreferenced message	corvax\guidebook\SOP\security.ftl
guidebook-SOP-security-weapons-tooltip-shotguns	unreferenced message	corvax\guidebook\SOP\security.ftl
guidebook-SOP-security-weapons-tooltip-special-grenades	unreferenced message	corvax\guidebook\SOP\security.ftl
guidebook-SOP-security-weapons-tooltip-standard-armor	unreferenced message	corvax\guidebook\SOP\security.ftl
guidebook-SOP-service-tooltip-Bartender-intoxication	unreferenced message	corvax\guidebook\SOP\service.ftl
guidebook-SOP-service-tooltip-Bartender-officials	unreferenced message	corvax\guidebook\SOP\service.ftl
guidebook-SOP-service-tooltip-Chaplain-sacredmeans	unreferenced message	corvax\guidebook\SOP\service.ftl
guidebook-SOP-service-tooltip-Clown-mischief	unreferenced message	corvax\guidebook\SOP\service.ftl
guidebook-SOP-service-tooltip-HeadOfPersonnel-incident	unreferenced message	corvax\guidebook\SOP\service.ftl
guidebook-SOP-service-tooltip-Janitor-biowaste	unreferenced message	corvax\guidebook\SOP\service.ftl
guidebook-SOP-service-tooltip-Lawyer-business-style	unreferenced message	corvax\guidebook\SOP\service.ftl
guidebook-SOP-service-tooltip-Lawyer-dress-code	unreferenced message	corvax\guidebook\SOP\service.ftl
guidebook-SOP-service-tooltip-Lawyer-secret	unreferenced message	corvax\guidebook\SOP\service.ftl
guidebook-SOP-service-tooltip-Mime-mischief	unreferenced message	corvax\guidebook\SOP\service.ftl
guidebook-SOP-service-tooltip-Reporter-investigation	unreferenced message	corvax\guidebook\SOP\service.ftl
guidebook-corporatelaw-111-desc	unreferenced message	corvax\guidebook\corporatelaw\articles.ftl
guidebook-corporatelaw-111-note	unreferenced message	corvax\guidebook\corporatelaw\articles.ftl
guidebook-corporatelaw-112-desc	unreferenced message	corvax\guidebook\corporatelaw\articles.ftl
guidebook-corporatelaw-112-note	unreferenced message	corvax\guidebook\corporatelaw\articles.ftl
guidebook-corporatelaw-113-desc	unreferenced message	corvax\guidebook\corporatelaw\articles.ftl
guidebook-corporatelaw-113-note	unreferenced message	corvax\guidebook\corporatelaw\articles.ftl
guidebook-corporatelaw-115-desc	unreferenced message	corvax\guidebook\corporatelaw\articles.ftl
guidebook-corporatelaw-115-note	unreferenced message	corvax\guidebook\corporatelaw\articles.ftl
guidebook-corporatelaw-116-desc	unreferenced message	corvax\guidebook\corporatelaw\articles.ftl
guidebook-corporatelaw-116-note	unreferenced message	corvax\guidebook\corporatelaw\articles.ftl
guidebook-corporatelaw-121-desc	unreferenced message	corvax\guidebook\corporatelaw\articles.ftl
guidebook-corporatelaw-121-note	unreferenced message	corvax\guidebook\corporatelaw\articles.ftl
guidebook-corporatelaw-122-desc	unreferenced message	corvax\guidebook\corporatelaw\articles.ftl
guidebook-corporatelaw-122-note	unreferenced message	corvax\guidebook\corporatelaw\articles.ftl
guidebook-corporatelaw-123-desc	unreferenced message	corvax\guidebook\corporatelaw\articles.ftl
guidebook-corporatelaw-123-note	unreferenced message	corvax\guidebook\corporatelaw\articles.ftl
guidebook-corporatelaw-124-desc	unreferenced message	corvax\guidebook\corporatelaw\articles.ftl
guidebook-corporatelaw-124-note	unreferenced message	corvax\guidebook\corporatelaw\articles.ftl
guidebook-corporatelaw-125-desc	unreferenced message	corvax\guidebook\corporatelaw\articles.ftl
guidebook-corporatelaw-125-note	unreferenced message	corvax\guidebook\corporatelaw\articles.ftl
guidebook-corporatelaw-126-desc	unreferenced message	corvax\guidebook\corporatelaw\articles.ftl
guidebook-corporatelaw-126-note	unreferenced message	corvax\guidebook\corporatelaw\articles.ftl
guidebook-corporatelaw-131-desc	unreferenced message	corvax\guidebook\corporatelaw\articles.ftl
guidebook-corporatelaw-131-note	unreferenced message	corvax\guidebook\corporatelaw\articles.ftl
guidebook-corporatelaw-133-desc	unreferenced message	corvax\guidebook\corporatelaw\articles.ftl
guidebook-corporatelaw-133-note	unreferenced message	corvax\guidebook\corporatelaw\articles.ftl
guidebook-corporatelaw-135-desc	unreferenced message	corvax\guidebook\corporatelaw\articles.ftl
guidebook-corporatelaw-135-note	unreferenced message	corvax\guidebook\corporatelaw\articles.ftl
guidebook-corporatelaw-136-desc	unreferenced message	corvax\guidebook\corporatelaw\articles.ftl
guidebook-corporatelaw-136-note	unreferenced message	corvax\guidebook\corporatelaw\articles.ftl
guidebook-corporatelaw-141-desc	unreferenced message	corvax\guidebook\corporatelaw\articles.ftl
guidebook-corporatelaw-141-note	unreferenced message	corvax\guidebook\corporatelaw\articles.ftl
guidebook-corporatelaw-142-desc	unreferenced message	corvax\guidebook\corporatelaw\articles.ftl
guidebook-corporatelaw-142-note	unreferenced message	corvax\guidebook\corporatelaw\articles.ftl
guidebook-corporatelaw-144-desc	unreferenced message	corvax\guidebook\corporatelaw\articles.ftl
guidebook-corporatelaw-144-note	unreferenced message	corvax\guidebook\corporatelaw\articles.ftl
guidebook-corporatelaw-145-desc	unreferenced message	corvax\guidebook\corporatelaw\articles.ftl
guidebook-corporatelaw-145-note	unreferenced message	corvax\guidebook\corporatelaw\articles.ftl
guidebook-corporatelaw-212-desc	unreferenced message	corvax\guidebook\corporatelaw\articles.ftl
guidebook-corporatelaw-212-note	unreferenced message	corvax\guidebook\corporatelaw\articles.ftl
guidebook-corporatelaw-213-desc	unreferenced message	corvax\guidebook\corporatelaw\articles.ftl
guidebook-corporatelaw-213-note	unreferenced message	corvax\guidebook\corporatelaw\articles.ftl
guidebook-corporatelaw-214-desc	unreferenced message	corvax\guidebook\corporatelaw\articles.ftl
guidebook-corporatelaw-214-note	unreferenced message	corvax\guidebook\corporatelaw\articles.ftl
guidebook-corporatelaw-215-desc	unreferenced message	corvax\guidebook\corporatelaw\articles.ftl
guidebook-corporatelaw-215-note	unreferenced message	corvax\guidebook\corporatelaw\articles.ftl
guidebook-corporatelaw-216-desc	unreferenced message	corvax\guidebook\corporatelaw\articles.ftl
guidebook-corporatelaw-216-note	unreferenced message	corvax\guidebook\corporatelaw\articles.ftl
guidebook-corporatelaw-221-desc	unreferenced message	corvax\guidebook\corporatelaw\articles.ftl
guidebook-corporatelaw-221-note	unreferenced message	corvax\guidebook\corporatelaw\articles.ftl
guidebook-corporatelaw-223-desc	unreferenced message	corvax\guidebook\corporatelaw\articles.ftl
guidebook-corporatelaw-223-note	unreferenced message	corvax\guidebook\corporatelaw\articles.ftl
guidebook-corporatelaw-224-desc	unreferenced message	corvax\guidebook\corporatelaw\articles.ftl
guidebook-corporatelaw-224-note	unreferenced message	corvax\guidebook\corporatelaw\articles.ftl
guidebook-corporatelaw-311-desc	unreferenced message	corvax\guidebook\corporatelaw\articles.ftl
guidebook-corporatelaw-311-note	unreferenced message	corvax\guidebook\corporatelaw\articles.ftl
guidebook-corporatelaw-312-desc	unreferenced message	corvax\guidebook\corporatelaw\articles.ftl
guidebook-corporatelaw-312-note	unreferenced message	corvax\guidebook\corporatelaw\articles.ftl
guidebook-corporatelaw-313-desc	unreferenced message	corvax\guidebook\corporatelaw\articles.ftl
guidebook-corporatelaw-313-note	unreferenced message	corvax\guidebook\corporatelaw\articles.ftl
guidebook-corporatelaw-314-desc	unreferenced message	corvax\guidebook\corporatelaw\articles.ftl
guidebook-corporatelaw-314-note	unreferenced message	corvax\guidebook\corporatelaw\articles.ftl
guidebook-corporatelaw-315-desc	unreferenced message	corvax\guidebook\corporatelaw\articles.ftl
guidebook-corporatelaw-315-note	unreferenced message	corvax\guidebook\corporatelaw\articles.ftl
guidebook-corporatelaw-321-desc	unreferenced message	corvax\guidebook\corporatelaw\articles.ftl
guidebook-corporatelaw-321-note	unreferenced message	corvax\guidebook\corporatelaw\articles.ftl
guidebook-corporatelaw-322-desc	unreferenced message	corvax\guidebook\corporatelaw\articles.ftl
guidebook-corporatelaw-322-note	unreferenced message	corvax\guidebook\corporatelaw\articles.ftl
guidebook-corporatelaw-323-desc	unreferenced message	corvax\guidebook\corporatelaw\articles.ftl
guidebook-corporatelaw-323-note	unreferenced message	corvax\guidebook\corporatelaw\articles.ftl
guidebook-corporatelaw-324-desc	unreferenced message	corvax\guidebook\corporatelaw\articles.ftl
guidebook-corporatelaw-324-note	unreferenced message	corvax\guidebook\corporatelaw\articles.ftl
guidebook-corporatelaw-326-desc	unreferenced message	corvax\guidebook\corporatelaw\articles.ftl
guidebook-corporatelaw-326-note	unreferenced message	corvax\guidebook\corporatelaw\articles.ftl
guidebook-corporatelaw-411-desc	unreferenced message	corvax\guidebook\corporatelaw\articles.ftl
guidebook-corporatelaw-411-note	unreferenced message	corvax\guidebook\corporatelaw\articles.ftl
guidebook-corporatelaw-413-desc	unreferenced message	corvax\guidebook\corporatelaw\articles.ftl
guidebook-corporatelaw-413-note	unreferenced message	corvax\guidebook\corporatelaw\articles.ftl
guidebook-corporatelaw-415-desc	unreferenced message	corvax\guidebook\corporatelaw\articles.ftl
guidebook-corporatelaw-415-note	unreferenced message	corvax\guidebook\corporatelaw\articles.ftl
guidebook-corporatelaw-416-desc	unreferenced message	corvax\guidebook\corporatelaw\articles.ftl
guidebook-corporatelaw-416-note	unreferenced message	corvax\guidebook\corporatelaw\articles.ftl
guidebook-corporatelaw-421-desc	unreferenced message	corvax\guidebook\corporatelaw\articles.ftl
guidebook-corporatelaw-421-note	unreferenced message	corvax\guidebook\corporatelaw\articles.ftl
guidebook-corporatelaw-422-desc	unreferenced message	corvax\guidebook\corporatelaw\articles.ftl
guidebook-corporatelaw-422-note	unreferenced message	corvax\guidebook\corporatelaw\articles.ftl
guidebook-corporatelaw-423-desc	unreferenced message	corvax\guidebook\corporatelaw\articles.ftl
guidebook-corporatelaw-423-note	unreferenced message	corvax\guidebook\corporatelaw\articles.ftl
guidebook-corporatelaw-425-desc	unreferenced message	corvax\guidebook\corporatelaw\articles.ftl
guidebook-corporatelaw-425-note	unreferenced message	corvax\guidebook\corporatelaw\articles.ftl
guidebook-corporatelaw-431-desc	unreferenced message	corvax\guidebook\corporatelaw\articles.ftl
guidebook-corporatelaw-431-note	unreferenced message	corvax\guidebook\corporatelaw\articles.ftl
guidebook-corporatelaw-432-desc	unreferenced message	corvax\guidebook\corporatelaw\articles.ftl
guidebook-corporatelaw-432-note	unreferenced message	corvax\guidebook\corporatelaw\articles.ftl
guidebook-corporatelaw-433-desc	unreferenced message	corvax\guidebook\corporatelaw\articles.ftl
guidebook-corporatelaw-433-note	unreferenced message	corvax\guidebook\corporatelaw\articles.ftl
guidebook-corporatelaw-434-desc	unreferenced message	corvax\guidebook\corporatelaw\articles.ftl
guidebook-corporatelaw-434-note	unreferenced message	corvax\guidebook\corporatelaw\articles.ftl
guidebook-corporatelaw-435-desc	unreferenced message	corvax\guidebook\corporatelaw\articles.ftl
guidebook-corporatelaw-435-note	unreferenced message	corvax\guidebook\corporatelaw\articles.ftl
guidebook-corporatelaw-436-desc	unreferenced message	corvax\guidebook\corporatelaw\articles.ftl
guidebook-corporatelaw-436-note	unreferenced message	corvax\guidebook\corporatelaw\articles.ftl
guidebook-corporatelaw-442-desc	unreferenced message	corvax\guidebook\corporatelaw\articles.ftl
guidebook-corporatelaw-442-note	unreferenced message	corvax\guidebook\corporatelaw\articles.ftl
guidebook-corporatelaw-443-desc	unreferenced message	corvax\guidebook\corporatelaw\articles.ftl
guidebook-corporatelaw-443-note	unreferenced message	corvax\guidebook\corporatelaw\articles.ftl
guidebook-corporatelaw-444-desc	unreferenced message	corvax\guidebook\corporatelaw\articles.ftl
guidebook-corporatelaw-444-note	unreferenced message	corvax\guidebook\corporatelaw\articles.ftl
guidebook-corporatelaw-445-desc	unreferenced message	corvax\guidebook\corporatelaw\articles.ftl
guidebook-corporatelaw-445-note	unreferenced message	corvax\guidebook\corporatelaw\articles.ftl
guidebook-corporatelaw-OPRS	unreferenced message	corvax\guidebook\corporatelaw\corporatelaw.ftl
guidebook-corporatelaw-desc	unreferenced message	corvax\guidebook\corporatelaw\corporatelaw.ftl
guidebook-corporatelaw-misc	unreferenced message	corvax\guidebook\corporatelaw\corporatelaw.ftl
guidebook-corporatelaw-mod-complicity-accomplice-desc	unreferenced message	corvax\guidebook\corporatelaw\modificators.ftl
guidebook-corporatelaw-mod-complicity-accomplice-effect	unreferenced message	corvax\guidebook\corporatelaw\modificators.ftl
guidebook-corporatelaw-mod-complicity-instigator-desc	unreferenced message	corvax\guidebook\corporatelaw\modificators.ftl
guidebook-corporatelaw-mod-complicity-instigator-effect	unreferenced message	corvax\guidebook\corporatelaw\modificators.ftl
guidebook-corporatelaw-mod-complicity-organizer-desc	unreferenced message	corvax\guidebook\corporatelaw\modificators.ftl
guidebook-corporatelaw-mod-complicity-organizer-effect	unreferenced message	corvax\guidebook\corporatelaw\modificators.ftl
guidebook-corporatelaw-mod-complicity-perpetrator-desc	unreferenced message	corvax\guidebook\corporatelaw\modificators.ftl
guidebook-corporatelaw-mod-complicity-perpetrator-effect	unreferenced message	corvax\guidebook\corporatelaw\modificators.ftl
guidebook-corporatelaw-mod-guilt-intentional-desc	unreferenced message	corvax\guidebook\corporatelaw\modificators.ftl
guidebook-corporatelaw-mod-guilt-intentional-effect	unreferenced message	corvax\guidebook\corporatelaw\modificators.ftl
guidebook-corporatelaw-mod-guilt-negligence-desc	unreferenced message	corvax\guidebook\corporatelaw\modificators.ftl
guidebook-corporatelaw-mod-guilt-negligence-effect	unreferenced message	corvax\guidebook\corporatelaw\modificators.ftl
guidebook-corporatelaw-mod-guilt-none-desc	unreferenced message	corvax\guidebook\corporatelaw\modificators.ftl
guidebook-corporatelaw-mod-guilt-none-effect	unreferenced message	corvax\guidebook\corporatelaw\modificators.ftl
guidebook-corporatelaw-mod-optional-confession-desc	unreferenced message	corvax\guidebook\corporatelaw\modificators.ftl
guidebook-corporatelaw-mod-optional-confession-effect	unreferenced message	corvax\guidebook\corporatelaw\modificators.ftl
guidebook-corporatelaw-mod-optional-crime-against-official-desc	unreferenced message	corvax\guidebook\corporatelaw\modificators.ftl
guidebook-corporatelaw-mod-optional-crime-against-official-effect	unreferenced message	corvax\guidebook\corporatelaw\modificators.ftl
guidebook-corporatelaw-mod-optional-hypnosis-desc	unreferenced message	corvax\guidebook\corporatelaw\modificators.ftl
guidebook-corporatelaw-mod-optional-hypnosis-effect	unreferenced message	corvax\guidebook\corporatelaw\modificators.ftl
guidebook-corporatelaw-mod-optional-necessity-desc	unreferenced message	corvax\guidebook\corporatelaw\modificators.ftl
guidebook-corporatelaw-mod-optional-necessity-effect	unreferenced message	corvax\guidebook\corporatelaw\modificators.ftl
guidebook-corporatelaw-mod-optional-official-crime-desc	unreferenced message	corvax\guidebook\corporatelaw\modificators.ftl
guidebook-corporatelaw-mod-optional-official-crime-effect	unreferenced message	corvax\guidebook\corporatelaw\modificators.ftl
guidebook-corporatelaw-mod-optional-plea-deal-desc	unreferenced message	corvax\guidebook\corporatelaw\modificators.ftl
guidebook-corporatelaw-mod-optional-plea-deal-effect	unreferenced message	corvax\guidebook\corporatelaw\modificators.ftl
guidebook-corporatelaw-mod-optional-racism-desc	unreferenced message	corvax\guidebook\corporatelaw\modificators.ftl
guidebook-corporatelaw-mod-optional-racism-effect	unreferenced message	corvax\guidebook\corporatelaw\modificators.ftl
guidebook-corporatelaw-mod-optional-recidivism-desc	unreferenced message	corvax\guidebook\corporatelaw\modificators.ftl
guidebook-corporatelaw-mod-optional-recidivism-effect	unreferenced message	corvax\guidebook\corporatelaw\modificators.ftl
guidebook-corporatelaw-mod-optional-self-defense-desc	unreferenced message	corvax\guidebook\corporatelaw\modificators.ftl
guidebook-corporatelaw-mod-optional-self-defense-effect	unreferenced message	corvax\guidebook\corporatelaw\modificators.ftl
guidebook-corporatelaw-mod-optional-synth-desc	unreferenced message	corvax\guidebook\corporatelaw\modificators.ftl
guidebook-corporatelaw-mod-optional-synth-effect	unreferenced message	corvax\guidebook\corporatelaw\modificators.ftl
guidebook-corporatelaw-mod-unfinished-attempt-desc	unreferenced message	corvax\guidebook\corporatelaw\modificators.ftl
guidebook-corporatelaw-mod-unfinished-attempt-effect	unreferenced message	corvax\guidebook\corporatelaw\modificators.ftl
guidebook-corporatelaw-mod-unfinished-failed-refusal-desc	unreferenced message	corvax\guidebook\corporatelaw\modificators.ftl
guidebook-corporatelaw-mod-unfinished-failed-refusal-effect	unreferenced message	corvax\guidebook\corporatelaw\modificators.ftl
guidebook-corporatelaw-mod-unfinished-finished-desc	unreferenced message	corvax\guidebook\corporatelaw\modificators.ftl
guidebook-corporatelaw-mod-unfinished-finished-effect	unreferenced message	corvax\guidebook\corporatelaw\modificators.ftl
guidebook-corporatelaw-mod-unfinished-preparation-desc	unreferenced message	corvax\guidebook\corporatelaw\modificators.ftl
guidebook-corporatelaw-mod-unfinished-preparation-effect	unreferenced message	corvax\guidebook\corporatelaw\modificators.ftl
guidebook-corporatelaw-mod-unfinished-successful-refusal-desc	unreferenced message	corvax\guidebook\corporatelaw\modificators.ftl
guidebook-corporatelaw-mod-unfinished-successful-refusal-effect	unreferenced message	corvax\guidebook\corporatelaw\modificators.ftl
guidebook-corporatelaw-punishments	unreferenced message	corvax\guidebook\corporatelaw\corporatelaw.ftl
guidebook-corporatelaw-tooltip-unauthorized-clones	unreferenced message	corvax\guidebook\corporatelaw\articles.ftl
guidebook-toc-header	unreferenced message	guidebook\guidebook.ftl
harvestable-solution-empty	unreferenced message	nutrition\components\harvestable-solution.ftl
harvestable-solution-success	unreferenced message	nutrition\components\harvestable-solution.ftl
harvestable-solution-target-full	unreferenced message	nutrition\components\harvestable-solution.ftl
harvestable-solution-verb	unreferenced message	nutrition\components\harvestable-solution.ftl
highlights-atmospherictechnician	unreferenced message	chat\highlights.ftl
highlights-borg	unreferenced message	chat\highlights.ftl
highlights-cargotechnician	unreferenced message	chat\highlights.ftl
highlights-cburn	unreferenced message	chat\highlights.ftl
highlights-centralcommandofficial	unreferenced message	chat\highlights.ftl
highlights-chiefengineer	unreferenced message	chat\highlights.ftl
highlights-chiefmedicalofficer	unreferenced message	chat\highlights.ftl
highlights-deathsquad	unreferenced message	chat\highlights.ftl
highlights-ertchaplain	unreferenced message	chat\highlights.ftl
highlights-ertengineer	unreferenced message	chat\highlights.ftl
highlights-ertjanitor	unreferenced message	chat\highlights.ftl
highlights-ertleader	unreferenced message	chat\highlights.ftl
highlights-ertmedical	unreferenced message	chat\highlights.ftl
highlights-ertsecurity	unreferenced message	chat\highlights.ftl
highlights-headofpersonnel	unreferenced message	chat\highlights.ftl
highlights-headofsecurity	unreferenced message	chat\highlights.ftl
highlights-medicaldoctor	unreferenced message	chat\highlights.ftl
highlights-medicalintern	unreferenced message	chat\highlights.ftl
highlights-researchassistant	unreferenced message	chat\highlights.ftl
highlights-researchdirector	unreferenced message	chat\highlights.ftl
highlights-salvagespecialist	unreferenced message	chat\highlights.ftl
highlights-securitycadet	unreferenced message	chat\highlights.ftl
highlights-securityofficer	unreferenced message	chat\highlights.ftl
highlights-serviceworker	unreferenced message	chat\highlights.ftl
highlights-stationai	unreferenced message	chat\highlights.ftl
highlights-stationengineer	unreferenced message	chat\highlights.ftl
highlights-technicalassistant	unreferenced message	chat\highlights.ftl
highlights-tramdriver	unreferenced message	chat\highlights.ftl
highlights-visitor	unreferenced message	chat\highlights.ftl
holopad-salvage-shuttle	unreferenced message	corvax\holopad\holopad.ftl
humanoid-profile-editor-randomize	unreferenced message	preferences\ui\humanoid-profile-editor.ftl
humanoid-profile-editor-randomize-age-button	unreferenced message	preferences\ui\humanoid-profile-editor.ftl
humanoid-profile-editor-randomize-eye-button	unreferenced message	preferences\ui\humanoid-profile-editor.ftl
humanoid-profile-editor-randomize-markings-button	unreferenced message	preferences\ui\humanoid-profile-editor.ftl
humanoid-profile-editor-randomize-name-button	unreferenced message	preferences\ui\humanoid-profile-editor.ftl
humanoid-profile-editor-randomize-sex-button	unreferenced message	preferences\ui\humanoid-profile-editor.ftl
humanoid-profile-editor-randomize-skin-button	unreferenced message	preferences\ui\humanoid-profile-editor.ftl
humanoid-profile-editor-randomize-species-button	unreferenced message	preferences\ui\humanoid-profile-editor.ftl
humanoid-profile-editor-randomize-unlocked-button	unreferenced message	preferences\ui\humanoid-profile-editor.ftl
humanoid-profile-editor-randomizer-lock-tooltip	unreferenced message	preferences\ui\humanoid-profile-editor.ftl
humanoid-profile-editor-voice-categories	unreferenced message	corvax\tts\tts-ui.ftl
humanoid-profile-editor-voice-category-tooltip	unreferenced message	corvax\tts\tts-ui.ftl
humanoid-profile-editor-voice-feminine	unreferenced message	preferences\ui\humanoid-profile-editor.ftl
humanoid-profile-editor-voice-label	unreferenced message	preferences\ui\humanoid-profile-editor.ftl
humanoid-profile-editor-voice-masculine	unreferenced message	preferences\ui\humanoid-profile-editor.ftl
humanoid-profile-editor-voice-match	unreferenced message	corvax\tts\tts-ui.ftl
humanoid-profile-editor-voice-neutral	unreferenced message	preferences\ui\humanoid-profile-editor.ftl
humanoid-profile-editor-voice-none	unreferenced message	preferences\ui\humanoid-profile-editor.ftl
humanoid-profile-editor-voice-other	unreferenced message	corvax\tts\tts-ui.ftl
humanoid-profile-editor-voice-placeholder	unreferenced message	corvax\tts\tts-ui.ftl
humanoid-profile-editor-voice-play	unreferenced message	corvax\tts\tts-ui.ftl
humanoid-profile-editor-voice-tab	unreferenced message	corvax\tts\tts-ui.ftl
humanoid-profile-editor-voice-tooltip-play	unreferenced message	corvax\tts\tts-ui.ftl
humanoid-profile-editor-voice-tooltip-sponsoronly	unreferenced message	corvax\tts\tts-ui.ftl
humanoid-profile-editor-voice-tooltip-sponsoronly-tier	unreferenced message	corvax\tts\tts-ui.ftl
hydro-floor	unreferenced message	corvax\stack\stacks.ftl
hydroxysomnolene-effect-another-hit	unreferenced message	reagents\hydroxysomnolene.ftl
hydroxysomnolene-effect-flavor	unreferenced message	reagents\hydroxysomnolene.ftl
hydroxysomnolene-effect-sluggish	unreferenced message	reagents\hydroxysomnolene.ftl
id-card-access-level-ipc	unreferenced message	ss14-ru\prototypes\corvax\access\accesses.ftl
id-card-access-level-satellite	unreferenced message	corvax\prototypes\accesses.ftl
id-card-access-level-vault	unreferenced message	corvax\prototypes\accesses.ftl
implanter-component-draw-target	unreferenced message	implant\implant.ftl
input-key-Alt	unreferenced message	robust-toolbox\input.ftl
input-key-Alt-mac	unreferenced message	robust-toolbox\input.ftl
input-key-BackSpace	unreferenced message	robust-toolbox\input.ftl
input-key-CapsLock	unreferenced message	robust-toolbox\input.ftl
input-key-Control	unreferenced message	robust-toolbox\input.ftl
input-key-Delete	unreferenced message	robust-toolbox\input.ftl
input-key-Down	unreferenced message	robust-toolbox\input.ftl
input-key-End	unreferenced message	robust-toolbox\input.ftl
input-key-Escape	unreferenced message	robust-toolbox\input.ftl
input-key-F1	unreferenced message	robust-toolbox\input.ftl
input-key-F10	unreferenced message	robust-toolbox\input.ftl
input-key-F11	unreferenced message	robust-toolbox\input.ftl
input-key-F12	unreferenced message	robust-toolbox\input.ftl
input-key-F13	unreferenced message	robust-toolbox\input.ftl
input-key-F14	unreferenced message	robust-toolbox\input.ftl
input-key-F15	unreferenced message	robust-toolbox\input.ftl
input-key-F16	unreferenced message	robust-toolbox\input.ftl
input-key-F17	unreferenced message	robust-toolbox\input.ftl
input-key-F18	unreferenced message	robust-toolbox\input.ftl
input-key-F19	unreferenced message	robust-toolbox\input.ftl
input-key-F2	unreferenced message	robust-toolbox\input.ftl
input-key-F20	unreferenced message	robust-toolbox\input.ftl
input-key-F21	unreferenced message	robust-toolbox\input.ftl
input-key-F22	unreferenced message	robust-toolbox\input.ftl
input-key-F23	unreferenced message	robust-toolbox\input.ftl
input-key-F24	unreferenced message	robust-toolbox\input.ftl
input-key-F3	unreferenced message	robust-toolbox\input.ftl
input-key-F4	unreferenced message	robust-toolbox\input.ftl
input-key-F5	unreferenced message	robust-toolbox\input.ftl
input-key-F6	unreferenced message	robust-toolbox\input.ftl
input-key-F7	unreferenced message	robust-toolbox\input.ftl
input-key-F8	unreferenced message	robust-toolbox\input.ftl
input-key-F9	unreferenced message	robust-toolbox\input.ftl
input-key-Home	unreferenced message	robust-toolbox\input.ftl
input-key-Insert	unreferenced message	robust-toolbox\input.ftl
input-key-LSystem-linux	unreferenced message	robust-toolbox\input.ftl
input-key-LSystem-mac	unreferenced message	robust-toolbox\input.ftl
input-key-LSystem-win	unreferenced message	robust-toolbox\input.ftl
input-key-Left	unreferenced message	robust-toolbox\input.ftl
input-key-Menu	unreferenced message	robust-toolbox\input.ftl
input-key-MouseButton4	unreferenced message	robust-toolbox\input.ftl
input-key-MouseButton5	unreferenced message	robust-toolbox\input.ftl
input-key-MouseButton6	unreferenced message	robust-toolbox\input.ftl
input-key-MouseButton7	unreferenced message	robust-toolbox\input.ftl
input-key-MouseButton8	unreferenced message	robust-toolbox\input.ftl
input-key-MouseButton9	unreferenced message	robust-toolbox\input.ftl
input-key-MouseLeft	unreferenced message	robust-toolbox\input.ftl
input-key-MouseMiddle	unreferenced message	robust-toolbox\input.ftl
input-key-MouseRight	unreferenced message	robust-toolbox\input.ftl
input-key-NumpadAdd	unreferenced message	robust-toolbox\input.ftl
input-key-NumpadDecimal	unreferenced message	robust-toolbox\input.ftl
input-key-NumpadDivide	unreferenced message	robust-toolbox\input.ftl
input-key-NumpadEnter	unreferenced message	robust-toolbox\input.ftl
input-key-NumpadMultiply	unreferenced message	robust-toolbox\input.ftl
input-key-NumpadNum0	unreferenced message	robust-toolbox\input.ftl
input-key-NumpadNum1	unreferenced message	robust-toolbox\input.ftl
input-key-NumpadNum2	unreferenced message	robust-toolbox\input.ftl
input-key-NumpadNum3	unreferenced message	robust-toolbox\input.ftl
input-key-NumpadNum4	unreferenced message	robust-toolbox\input.ftl
input-key-NumpadNum5	unreferenced message	robust-toolbox\input.ftl
input-key-NumpadNum6	unreferenced message	robust-toolbox\input.ftl
input-key-NumpadNum7	unreferenced message	robust-toolbox\input.ftl
input-key-NumpadNum8	unreferenced message	robust-toolbox\input.ftl
input-key-NumpadNum9	unreferenced message	robust-toolbox\input.ftl
input-key-NumpadSubtract	unreferenced message	robust-toolbox\input.ftl
input-key-PageDown	unreferenced message	robust-toolbox\input.ftl
input-key-PageUp	unreferenced message	robust-toolbox\input.ftl
input-key-Pause	unreferenced message	robust-toolbox\input.ftl
input-key-RSystem-linux	unreferenced message	robust-toolbox\input.ftl
input-key-RSystem-mac	unreferenced message	robust-toolbox\input.ftl
input-key-RSystem-win	unreferenced message	robust-toolbox\input.ftl
input-key-Return	unreferenced message	robust-toolbox\input.ftl
input-key-Right	unreferenced message	robust-toolbox\input.ftl
input-key-Shift	unreferenced message	robust-toolbox\input.ftl
input-key-Space	unreferenced message	robust-toolbox\input.ftl
input-key-Tab	unreferenced message	robust-toolbox\input.ftl
input-key-Up	unreferenced message	robust-toolbox\input.ftl
input-key-unknown	unreferenced message	robust-toolbox\input.ftl
instruments-component-band-refresh	unreferenced message	instruments\instruments-component.ftl
instruments-component-band-title-label	unreferenced message	instruments\instruments-component.ftl
instruments-component-channels-all-channels-label	unreferenced message	instruments\instruments-component.ftl
instruments-component-channels-name-display-selector-instrument-button	unreferenced message	instruments\instruments-component.ftl
instruments-component-channels-name-display-selector-label	unreferenced message	instruments\instruments-component.ftl
instruments-component-channels-name-display-selector-program-button	unreferenced message	instruments\instruments-component.ftl
instruments-component-channels-name-display-selector-track-button	unreferenced message	instruments\instruments-component.ftl
instruments-component-channels-percussion-channel-name	unreferenced message	instruments\instruments-component.ftl
instruments-component-menu-band-midi-source-button	unreferenced message	instruments\instruments-component.ftl
instruments-component-menu-channels-label	unreferenced message	instruments\instruments-component.ftl
instruments-component-menu-config-tab-title	unreferenced message	instruments\instruments-component.ftl
instruments-component-menu-file-midi-source-button	unreferenced message	instruments\instruments-component.ftl
instruments-component-menu-files-add-button	unreferenced message	instruments\instruments-component.ftl
instruments-component-menu-files-error	unreferenced message	instruments\instruments-component.ftl
instruments-component-menu-files-file-remove-disabled-info	unreferenced message	instruments\instruments-component.ftl
instruments-component-menu-files-filter	unreferenced message	instruments\instruments-component.ftl
instruments-component-menu-files-remove-button	unreferenced message	instruments\instruments-component.ftl
instruments-component-menu-files-rename-button	unreferenced message	instruments\instruments-component.ftl
instruments-component-menu-files-rename-dialog-prompt	unreferenced message	instruments\instruments-component.ftl
instruments-component-menu-files-rename-dialog-title	unreferenced message	instruments\instruments-component.ftl
instruments-component-menu-files-track-playtime-seconds-minutes	unreferenced message	instruments\instruments-component.ftl
instruments-component-menu-files-track-playtime-seconds-minutes-hours	unreferenced message	instruments\instruments-component.ftl
instruments-component-menu-input-midi-source-button	unreferenced message	instruments\instruments-component.ftl
instruments-component-menu-input-notice-label	unreferenced message	instruments\instruments-component.ftl
instruments-component-menu-midi-min-volume-slider-label	unreferenced message	instruments\instruments-component.ftl
instruments-component-menu-midi-source-button	unreferenced message	instruments\instruments-component.ftl
instruments-component-menu-play-stop-button	unreferenced message	instruments\instruments-component.ftl
instruments-component-menu-play-tab-title	unreferenced message	instruments\instruments-component.ftl
instruments-component-menu-shuffle-button	unreferenced message	instruments\instruments-component.ftl
instruments-component-menu-unknown-midi-source-button	unreferenced message	instruments\instruments-component.ftl
instruments-component-midi-file-collection-delete-all-button	unreferenced message	instruments\instruments-component.ftl
instruments-component-midi-file-collection-label	unreferenced message	instruments\instruments-component.ftl
instruments-component-midi-file-collection-open-dir-button	unreferenced message	instruments\instruments-component.ftl
instruments-component-midi-file-collection-reload-button	unreferenced message	instruments\instruments-component.ftl
instruments-component-midi-file-collection-size-label	unreferenced message	instruments\instruments-component.ftl
interact-artifact-more	unreferenced message	xenoarchaeology\misc-artifact.ftl
ipc-component-disabled	unreferenced message	corvax\ipc\ipc.ftl
ipc-component-ready	unreferenced message	corvax\ipc\ipc.ftl
ipc-face-menu-title	unreferenced message	corvax\ipc\ipc.ftl
item-component-size-Colossal	unreferenced message	items\components\item-component.ftl
item-toggle-activated-low-charge	unreferenced message	item-toggle.ftl
item-toggle-examined-active	unreferenced message	item-toggle.ftl
item-toggle-examined-not-active	unreferenced message	item-toggle.ftl
item-toggle-examined-off	unreferenced message	item-toggle.ftl
item-toggle-examined-on	unreferenced message	item-toggle.ftl
jetpack-no-station	unreferenced message	movement\jetpacks.ftl
job	unreferenced message	job\job-description.ftl
job-description-cburn	unreferenced message	job\job-description.ftl
job-description-iaa	unreferenced message	corvax\job\job-description.ftl
job-description-magistrate	unreferenced message	corvax\job\job-description.ftl
job-description-pilot	unreferenced message	corvax\job\job-description.ftl
job-description-senior-engineer	unreferenced message	corvax\job\job-description.ftl
job-description-senior-officer	unreferenced message	corvax\job\job-description.ftl
job-description-senior-physician	unreferenced message	corvax\job\job-description.ftl
job-description-senior-researcher	unreferenced message	corvax\job\job-description.ftl
job-description-tram-driver	unreferenced message	job\job-description.ftl
job-icon-group-admin	unreferenced message	job\icon-groups.ftl
job-icon-group-antagonist	unreferenced message	job\icon-groups.ftl
job-icon-group-blank	unreferenced message	job\icon-groups.ftl
job-icon-group-cargo	unreferenced message	job\icon-groups.ftl
job-icon-group-centcomm	unreferenced message	job\icon-groups.ftl
job-icon-group-civilian	unreferenced message	job\icon-groups.ftl
job-icon-group-command	unreferenced message	job\icon-groups.ftl
job-icon-group-engineering	unreferenced message	job\icon-groups.ftl
job-icon-group-medical	unreferenced message	job\icon-groups.ftl
job-icon-group-misc	unreferenced message	job\icon-groups.ftl
job-icon-group-science	unreferenced message	job\icon-groups.ftl
job-icon-group-security	unreferenced message	job\icon-groups.ftl
job-icon-group-service	unreferenced message	job\icon-groups.ftl
job-icon-group-silicon	unreferenced message	job\icon-groups.ftl
job-icon-group-task-force	unreferenced message	job\icon-groups.ftl
job-icon-group-theatre	unreferenced message	job\icon-groups.ftl
job-name-iaa	unreferenced message	corvax\job\job-names.ftl
job-name-magistrate	unreferenced message	corvax\job\job-names.ftl
job-name-pilot	unreferenced message	corvax\job\job-names.ftl
job-name-senior-engineer	unreferenced message	corvax\job\job-names.ftl
job-name-senior-officer	unreferenced message	corvax\job\job-names.ftl
job-name-senior-physician	unreferenced message	corvax\job\job-names.ftl
job-name-senior-researcher	unreferenced message	corvax\job\job-names.ftl
job-name-sus	unreferenced message	job\job-names.ftl
job-name-tram-driver	unreferenced message	job\job-names.ftl
large-black-wood-floor	unreferenced message	corvax\stack\stacks.ftl
large-dark-wood-floor	unreferenced message	corvax\stack\stacks.ftl
large-light-wood-floor	unreferenced message	corvax\stack\stacks.ftl
large-red-wood-floor	unreferenced message	corvax\stack\stacks.ftl
lathe-category-complaints	unreferenced message	corvax\lathe\lathe-categories.ftl
lathe-category-conclusions-and-decisions	unreferenced message	corvax\lathe\lathe-categories.ftl
lathe-category-error	unreferenced message	corvax\lathe\lathe-categories.ftl
lathe-category-evidence	unreferenced message	corvax\lathe\lathe-categories.ftl
lathe-category-inquiries-and-appeals	unreferenced message	corvax\lathe\lathe-categories.ftl
lathe-category-orders	unreferenced message	corvax\lathe\lathe-categories.ftl
lathe-category-orders-and-instructions	unreferenced message	corvax\lathe\lathe-categories.ftl
lathe-category-permissions	unreferenced message	corvax\lathe\lathe-categories.ftl
lathe-category-reports	unreferenced message	corvax\lathe\lathe-categories.ftl
lathe-category-statements	unreferenced message	corvax\lathe\lathe-categories.ftl
law-crewsimov-1	unreferenced message	station-laws\laws.ftl
law-crewsimov-2	unreferenced message	station-laws\laws.ftl
law-crewsimov-3	unreferenced message	station-laws\laws.ftl
law-crewsimov-name	unreferenced message	station-laws\laws.ftl
laws-number-wrapper	unreferenced message	station-laws\laws.ftl
laws-owner-audience	unreferenced message	station-laws\laws.ftl
laws-owner-heads	unreferenced message	station-laws\laws.ftl
laws-owner-legitimate-leadership	unreferenced message	station-laws\laws.ftl
laws-owner-others	unreferenced message	station-laws\laws.ftl
laws-owner-public	unreferenced message	station-laws\laws.ftl
laws-owner-xenoborg-mothership	unreferenced message	station-laws\laws.ftl
laws-ui-select-all	unreferenced message	station-laws\laws.ftl
laws-ui-select-all-tooltip	unreferenced message	station-laws\laws.ftl
laws-ui-select-none	unreferenced message	station-laws\laws.ftl
laws-window-footer-left	unreferenced message	station-laws\laws.ftl
laws-window-footer-right	unreferenced message	station-laws\laws.ftl
light-diagonal-steel-floor	unreferenced message	corvax\stack\stacks.ftl
light-offset-steel-floor	unreferenced message	corvax\stack\stacks.ftl
light-wood-floor	unreferenced message	corvax\stack\stacks.ftl
limited-charges-no-charges	unreferenced message	limited-charges\limited-charges.ftl
loadout-group-assistive-items	unreferenced message	preferences\loadout-groups.ftl
loadout-group-brigmedic-backpack	unreferenced message	corvax\preferences\loadout-groups.ftl
loadout-group-brigmedic-clothing	unreferenced message	corvax\preferences\loadout-groups.ftl
loadout-group-brigmedic-gloves	unreferenced message	corvax\preferences\loadout-groups.ftl
loadout-group-brigmedic-head	unreferenced message	corvax\preferences\loadout-groups.ftl
loadout-group-brigmedic-jumpsuit	unreferenced message	corvax\preferences\loadout-groups.ftl
loadout-group-brigmedic-mask	unreferenced message	corvax\preferences\loadout-groups.ftl
loadout-group-brigmedic-shoes	unreferenced message	corvax\preferences\loadout-groups.ftl
loadout-group-chaplain-shoes	unreferenced message	preferences\loadout-groups.ftl
loadout-group-chief-engineer-backpack	unreferenced message	corvax\preferences\loadout-groups.ftl
loadout-group-inventory	unreferenced message	corvax\preferences\loadout-groups.ftl
loadout-group-magistrate-head	unreferenced message	corvax\preferences\loadout-groups.ftl
loadout-group-magistrate-jumpsuit	unreferenced message	corvax\preferences\loadout-groups.ftl
loadout-group-magistrate-outerclothing	unreferenced message	corvax\preferences\loadout-groups.ftl
loadout-group-pilot-head	unreferenced message	corvax\preferences\loadout-groups.ftl
loadout-group-pilot-jumpsuit	unreferenced message	corvax\preferences\loadout-groups.ftl
loadout-group-pilot-outerclothing	unreferenced message	corvax\preferences\loadout-groups.ftl
loadout-group-senior-engineer-backpack	unreferenced message	corvax\preferences\loadout-groups.ftl
loadout-group-senior-engineer-head	unreferenced message	corvax\preferences\loadout-groups.ftl
loadout-group-senior-engineer-jumpsuit	unreferenced message	corvax\preferences\loadout-groups.ftl
loadout-group-senior-engineer-outerclothing	unreferenced message	corvax\preferences\loadout-groups.ftl
loadout-group-senior-engineer-shoes	unreferenced message	corvax\preferences\loadout-groups.ftl
loadout-group-senior-officer-backpack	unreferenced message	corvax\preferences\loadout-groups.ftl
loadout-group-senior-officer-belt	unreferenced message	corvax\preferences\loadout-groups.ftl
loadout-group-senior-officer-head	unreferenced message	corvax\preferences\loadout-groups.ftl
loadout-group-senior-officer-jumpsuit	unreferenced message	corvax\preferences\loadout-groups.ftl
loadout-group-senior-officer-outerclothing	unreferenced message	corvax\preferences\loadout-groups.ftl
loadout-group-senior-officer-shoes	unreferenced message	corvax\preferences\loadout-groups.ftl
loadout-group-senior-physician-backpack	unreferenced message	corvax\preferences\loadout-groups.ftl
loadout-group-senior-physician-head	unreferenced message	corvax\preferences\loadout-groups.ftl
loadout-group-senior-physician-jumpsuit	unreferenced message	corvax\preferences\loadout-groups.ftl
loadout-group-senior-physician-outerclothing	unreferenced message	corvax\preferences\loadout-groups.ftl
loadout-group-senior-physician-shoes	unreferenced message	corvax\preferences\loadout-groups.ftl
loadout-group-senior-researcher-backpack	unreferenced message	corvax\preferences\loadout-groups.ftl
loadout-group-senior-researcher-gloves	unreferenced message	corvax\preferences\loadout-groups.ftl
loadout-group-senior-researcher-head	unreferenced message	corvax\preferences\loadout-groups.ftl
loadout-group-senior-researcher-jumpsuit	unreferenced message	corvax\preferences\loadout-groups.ftl
loadout-group-senior-researcher-outerclothing	unreferenced message	corvax\preferences\loadout-groups.ftl
loadout-group-senior-researcher-shoes	unreferenced message	corvax\preferences\loadout-groups.ftl
loadout-group-tramdriver-gloves	unreferenced message	preferences\loadout-groups.ftl
loadout-group-tramdriver-hat	unreferenced message	preferences\loadout-groups.ftl
loadout-group-tramdriver-jumpsuit	unreferenced message	preferences\loadout-groups.ftl
loadout-group-tramdriver-outerclothing	unreferenced message	preferences\loadout-groups.ftl
loadout-sponsor-only	unreferenced message	corvax\preferences\loadouts.ftl
loadout-sponsor-only-tier	unreferenced message	corvax\preferences\loadouts.ftl
lobby-state-background-aimia-artist	unreferenced message	corvax\lobby\lobby-state-background.ftl
lobby-state-background-aimia-title	unreferenced message	corvax\lobby\lobby-state-background.ftl
lobby-state-background-arnoldintelligence-artist	unreferenced message	corvax\lobby\lobby-state-background.ftl
lobby-state-background-arnoldintelligence-title	unreferenced message	corvax\lobby\lobby-state-background.ftl
lobby-state-background-barlife-artist	unreferenced message	corvax\lobby\lobby-state-background.ftl
lobby-state-background-barlife-title	unreferenced message	corvax\lobby\lobby-state-background.ftl
lobby-state-background-clownspider-artist	unreferenced message	corvax\lobby\lobby-state-background.ftl
lobby-state-background-clownspider-title	unreferenced message	corvax\lobby\lobby-state-background.ftl
lobby-state-background-cyborgninja-artist	unreferenced message	corvax\lobby\lobby-state-background.ftl
lobby-state-background-cyborgninja-title	unreferenced message	corvax\lobby\lobby-state-background.ftl
lobby-state-background-deadinspace-artist	unreferenced message	corvax\lobby\lobby-state-background.ftl
lobby-state-background-deadinspace-title	unreferenced message	corvax\lobby\lobby-state-background.ftl
lobby-state-background-deadsquad-artist	unreferenced message	corvax\lobby\lobby-state-background.ftl
lobby-state-background-deadsquad-title	unreferenced message	corvax\lobby\lobby-state-background.ftl
lobby-state-background-deathnettle-artist	unreferenced message	corvax\lobby\lobby-state-background.ftl
lobby-state-background-deathnettle-title	unreferenced message	corvax\lobby\lobby-state-background.ftl
lobby-state-background-detective-artist	unreferenced message	corvax\lobby\lobby-state-background.ftl
lobby-state-background-detective-title	unreferenced message	corvax\lobby\lobby-state-background.ftl
lobby-state-background-echoteam-artist	unreferenced message	corvax\lobby\lobby-state-background.ftl
lobby-state-background-echoteam-title	unreferenced message	corvax\lobby\lobby-state-background.ftl
lobby-state-background-end-artist	unreferenced message	corvax\lobby\lobby-state-background.ftl
lobby-state-background-end-title	unreferenced message	corvax\lobby\lobby-state-background.ftl
lobby-state-background-engineerschill-artist	unreferenced message	corvax\lobby\lobby-state-background.ftl
lobby-state-background-engineerschill-title	unreferenced message	corvax\lobby\lobby-state-background.ftl
lobby-state-background-engineersvszombies-artist	unreferenced message	corvax\lobby\lobby-state-background.ftl
lobby-state-background-engineersvszombies-title	unreferenced message	corvax\lobby\lobby-state-background.ftl
lobby-state-background-expedition-artist	unreferenced message	corvax\lobby\lobby-state-background.ftl
lobby-state-background-expedition-title	unreferenced message	corvax\lobby\lobby-state-background.ftl
lobby-state-background-fleshanom-artist	unreferenced message	corvax\lobby\lobby-state-background.ftl
lobby-state-background-fleshanom-title	unreferenced message	corvax\lobby\lobby-state-background.ftl
lobby-state-background-gray-tide-artist	unreferenced message	corvax\lobby\lobby-state-background.ftl
lobby-state-background-gray-tide-title	unreferenced message	corvax\lobby\lobby-state-background.ftl
lobby-state-background-hydroponics-artist	unreferenced message	corvax\lobby\lobby-state-background.ftl
lobby-state-background-hydroponics-title	unreferenced message	corvax\lobby\lobby-state-background.ftl
lobby-state-background-intospace-artist	unreferenced message	corvax\lobby\lobby-state-background.ftl
lobby-state-background-intospace-title	unreferenced message	corvax\lobby\lobby-state-background.ftl
lobby-state-background-jailbreak-artist	unreferenced message	corvax\lobby\lobby-state-background.ftl
lobby-state-background-jailbreak-title	unreferenced message	corvax\lobby\lobby-state-background.ftl
lobby-state-background-kosmologistika-artist	unreferenced message	corvax\lobby\lobby-state-background.ftl
lobby-state-background-kosmologistika-title	unreferenced message	corvax\lobby\lobby-state-background.ftl
lobby-state-background-lizardbar-artist	unreferenced message	corvax\lobby\lobby-state-background.ftl
lobby-state-background-lizardbar-title	unreferenced message	corvax\lobby\lobby-state-background.ftl
lobby-state-background-lofi-artist	unreferenced message	corvax\lobby\lobby-state-background.ftl
lobby-state-background-lofi-title	unreferenced message	corvax\lobby\lobby-state-background.ftl
lobby-state-background-lostandpowerless-artist	unreferenced message	corvax\lobby\lobby-state-background.ftl
lobby-state-background-lostandpowerless-title	unreferenced message	corvax\lobby\lobby-state-background.ftl
lobby-state-background-maintenanceclown-artist	unreferenced message	corvax\lobby\lobby-state-background.ftl
lobby-state-background-maintenanceclown-title	unreferenced message	corvax\lobby\lobby-state-background.ftl
lobby-state-background-meddepart-artist	unreferenced message	corvax\lobby\lobby-state-background.ftl
lobby-state-background-meddepart-title	unreferenced message	corvax\lobby\lobby-state-background.ftl
lobby-state-background-menatwork-artist	unreferenced message	corvax\lobby\lobby-state-background.ftl
lobby-state-background-menatwork-title	unreferenced message	corvax\lobby\lobby-state-background.ftl
lobby-state-background-mimesintechs-artist	unreferenced message	corvax\lobby\lobby-state-background.ftl
lobby-state-background-mimesintechs-title	unreferenced message	corvax\lobby\lobby-state-background.ftl
lobby-state-background-narsie-artist	unreferenced message	corvax\lobby\lobby-state-background.ftl
lobby-state-background-narsie-title	unreferenced message	corvax\lobby\lobby-state-background.ftl
lobby-state-background-notfunny-artist	unreferenced message	corvax\lobby\lobby-state-background.ftl
lobby-state-background-notfunny-title	unreferenced message	corvax\lobby\lobby-state-background.ftl
lobby-state-background-nukiedudes-artist	unreferenced message	corvax\lobby\lobby-state-background.ftl
lobby-state-background-nukiedudes-title	unreferenced message	corvax\lobby\lobby-state-background.ftl
lobby-state-background-nukieshere-artist	unreferenced message	corvax\lobby\lobby-state-background.ftl
lobby-state-background-nukieshere-title	unreferenced message	corvax\lobby\lobby-state-background.ftl
lobby-state-background-nukiewar-artist	unreferenced message	corvax\lobby\lobby-state-background.ftl
lobby-state-background-nukiewar-title	unreferenced message	corvax\lobby\lobby-state-background.ftl
lobby-state-background-regularshift-artist	unreferenced message	corvax\lobby\lobby-state-background.ftl
lobby-state-background-regularshift-title	unreferenced message	corvax\lobby\lobby-state-background.ftl
lobby-state-background-revenant-artist	unreferenced message	corvax\lobby\lobby-state-background.ftl
lobby-state-background-revenant-title	unreferenced message	corvax\lobby\lobby-state-background.ftl
lobby-state-background-russellmart-artist	unreferenced message	corvax\lobby\lobby-state-background.ftl
lobby-state-background-russellmart-title	unreferenced message	corvax\lobby\lobby-state-background.ftl
lobby-state-background-security-artist	unreferenced message	corvax\lobby\lobby-state-background.ftl
lobby-state-background-security-title	unreferenced message	corvax\lobby\lobby-state-background.ftl
lobby-state-background-sidor-artist	unreferenced message	corvax\lobby\lobby-state-background.ftl
lobby-state-background-sidor-title	unreferenced message	corvax\lobby\lobby-state-background.ftl
lobby-state-background-silly-artist	unreferenced message	corvax\lobby\lobby-state-background.ftl
lobby-state-background-silly-title	unreferenced message	corvax\lobby\lobby-state-background.ftl
lobby-state-background-singulord-artist	unreferenced message	corvax\lobby\lobby-state-background.ftl
lobby-state-background-singulord-title	unreferenced message	corvax\lobby\lobby-state-background.ftl
lobby-state-background-singulordcage-artist	unreferenced message	corvax\lobby\lobby-state-background.ftl
lobby-state-background-singulordcage-title	unreferenced message	corvax\lobby\lobby-state-background.ftl
lobby-state-background-solesurvivor-artist	unreferenced message	corvax\lobby\lobby-state-background.ftl
lobby-state-background-solesurvivor-title	unreferenced message	corvax\lobby\lobby-state-background.ftl
lobby-state-background-spacemudaki-artist	unreferenced message	corvax\lobby\lobby-state-background.ftl
lobby-state-background-spacemudaki-title	unreferenced message	corvax\lobby\lobby-state-background.ftl
lobby-state-background-spacenuke-artist	unreferenced message	corvax\lobby\lobby-state-background.ftl
lobby-state-background-spacenuke-title	unreferenced message	corvax\lobby\lobby-state-background.ftl
lobby-state-background-traitor-artist	unreferenced message	corvax\lobby\lobby-state-background.ftl
lobby-state-background-traitor-title	unreferenced message	corvax\lobby\lobby-state-background.ftl
lobby-state-background-xeno-artist	unreferenced message	corvax\lobby\lobby-state-background.ftl
lobby-state-background-xeno-title	unreferenced message	corvax\lobby\lobby-state-background.ftl
lobby-state-background-xenoattack-artist	unreferenced message	corvax\lobby\lobby-state-background.ftl
lobby-state-background-xenoattack-title	unreferenced message	corvax\lobby\lobby-state-background.ftl
lobby-state-background-youlooklonely-artist	unreferenced message	corvax\lobby\lobby-state-background.ftl
lobby-state-background-youlooklonely-title	unreferenced message	corvax\lobby\lobby-state-background.ftl
location-beacon	unreferenced message	warps\warp-points-locations.ftl
location-immovable-rod	unreferenced message	warps\warp-points-locations.ftl
location-mothership-core	unreferenced message	warps\warp-points-locations.ftl
location-nar-sie	unreferenced message	warps\warp-points-locations.ftl
location-nuclear-bomb	unreferenced message	warps\warp-points-locations.ftl
location-nuke-disk	unreferenced message	warps\warp-points-locations.ftl
location-powersink	unreferenced message	warps\warp-points-locations.ftl
location-ratvar	unreferenced message	warps\warp-points-locations.ftl
location-singularity	unreferenced message	warps\warp-points-locations.ftl
location-tesla-ball	unreferenced message	warps\warp-points-locations.ftl
magazine-status-rounds	unreferenced message	items\item-status.ftl
marking-AugmentsRoboticRightArm	unreferenced message	corvax\markings\sponsor.ftl
marking-AugmentsRoboticRightArm-robotic_r_arm	unreferenced message	corvax\markings\sponsor.ftl
marking-AugmentsRoboticRightHand	unreferenced message	corvax\markings\sponsor.ftl
marking-AugmentsRoboticRightHand-robotic_r_hand	unreferenced message	corvax\markings\sponsor.ftl
marking-Beard	unreferenced message	corvax\accessories\human-facial-hair.ftl
marking-CatEars-ears_cat_inner	unreferenced message	corvax\markings\cat.ftl
marking-CatEars-ears_cat_outer	unreferenced message	corvax\markings\cat.ftl
marking-CatEarsCurled	unreferenced message	corvax\markings\cat.ftl
marking-CatEarsCurled-ears_curled_inner	unreferenced message	corvax\markings\cat.ftl
marking-CatEarsCurled-ears_curled_outer	unreferenced message	corvax\markings\cat.ftl
marking-CatEarsStubby	unreferenced message	corvax\markings\cat.ftl
marking-CatEarsStubby-ears_stubby_inner	unreferenced message	corvax\markings\cat.ftl
marking-CatEarsStubby-ears_stubby_outer	unreferenced message	corvax\markings\cat.ftl
marking-CatEarsTorn	unreferenced message	corvax\markings\cat.ftl
marking-CatEarsTorn-ears_torn_inner	unreferenced message	corvax\markings\cat.ftl
marking-CatEarsTorn-ears_torn_outer	unreferenced message	corvax\markings\cat.ftl
marking-CatTail-tail_cat_wag	unreferenced message	corvax\markings\cat.ftl
marking-CatTailStripes	unreferenced message	corvax\markings\cat.ftl
marking-CatTailStripes-tail_cat_wag_stripes_prime	unreferenced message	corvax\markings\cat.ftl
marking-CatTailStripes-tail_cat_wag_stripes_second	unreferenced message	corvax\markings\cat.ftl
marking-Cheeks	unreferenced message	corvax\accessories\human-facial-hair.ftl
marking-CyberlimbLArmBishop	unreferenced message	corvax\markings\cyberlibs.ftl
marking-CyberlimbLArmHephaestus	unreferenced message	corvax\markings\cyberlibs.ftl
marking-CyberlimbLArmHephaestusTitan	unreferenced message	corvax\markings\cyberlibs.ftl
marking-CyberlimbLArmMorpheus	unreferenced message	corvax\markings\cyberlibs.ftl
marking-CyberlimbLArmNanotrasen	unreferenced message	corvax\markings\cyberlibs.ftl
marking-CyberlimbLArmWardtakahashi	unreferenced message	corvax\markings\cyberlibs.ftl
marking-CyberlimbLArmXion	unreferenced message	corvax\markings\cyberlibs.ftl
marking-CyberlimbLArmZenghu	unreferenced message	corvax\markings\cyberlibs.ftl
marking-CyberlimbLFootBishop	unreferenced message	corvax\markings\cyberlibs.ftl
marking-CyberlimbLFootHephaestus	unreferenced message	corvax\markings\cyberlibs.ftl
marking-CyberlimbLFootHephaestusTitan	unreferenced message	corvax\markings\cyberlibs.ftl
marking-CyberlimbLFootMorpheus	unreferenced message	corvax\markings\cyberlibs.ftl
marking-CyberlimbLFootNanotrasen	unreferenced message	corvax\markings\cyberlibs.ftl
marking-CyberlimbLFootWardtakahashi	unreferenced message	corvax\markings\cyberlibs.ftl
marking-CyberlimbLFootXion	unreferenced message	corvax\markings\cyberlibs.ftl
marking-CyberlimbLFootZenghu	unreferenced message	corvax\markings\cyberlibs.ftl
marking-CyberlimbLHandBishop	unreferenced message	corvax\markings\cyberlibs.ftl
marking-CyberlimbLHandHephaestus	unreferenced message	corvax\markings\cyberlibs.ftl
marking-CyberlimbLHandHephaestusTitan	unreferenced message	corvax\markings\cyberlibs.ftl
marking-CyberlimbLHandMorpheus	unreferenced message	corvax\markings\cyberlibs.ftl
marking-CyberlimbLHandNanotrasen	unreferenced message	corvax\markings\cyberlibs.ftl
marking-CyberlimbLHandWardtakahashi	unreferenced message	corvax\markings\cyberlibs.ftl
marking-CyberlimbLHandXion	unreferenced message	corvax\markings\cyberlibs.ftl
marking-CyberlimbLHandZenghu	unreferenced message	corvax\markings\cyberlibs.ftl
marking-CyberlimbLLegBishop	unreferenced message	corvax\markings\cyberlibs.ftl
marking-CyberlimbLLegHephaestus	unreferenced message	corvax\markings\cyberlibs.ftl
marking-CyberlimbLLegHephaestusTitan	unreferenced message	corvax\markings\cyberlibs.ftl
marking-CyberlimbLLegMorpheus	unreferenced message	corvax\markings\cyberlibs.ftl
marking-CyberlimbLLegNanotrasen	unreferenced message	corvax\markings\cyberlibs.ftl
marking-CyberlimbLLegWardtakahashi	unreferenced message	corvax\markings\cyberlibs.ftl
marking-CyberlimbLLegXion	unreferenced message	corvax\markings\cyberlibs.ftl
marking-CyberlimbLLegZenghu	unreferenced message	corvax\markings\cyberlibs.ftl
marking-CyberlimbRArmBishop	unreferenced message	corvax\markings\cyberlibs.ftl
marking-CyberlimbRArmHephaestus	unreferenced message	corvax\markings\cyberlibs.ftl
marking-CyberlimbRArmHephaestusTitan	unreferenced message	corvax\markings\cyberlibs.ftl
marking-CyberlimbRArmMorpheus	unreferenced message	corvax\markings\cyberlibs.ftl
marking-CyberlimbRArmNanotrasen	unreferenced message	corvax\markings\cyberlibs.ftl
marking-CyberlimbRArmWardtakahashi	unreferenced message	corvax\markings\cyberlibs.ftl
marking-CyberlimbRArmXion	unreferenced message	corvax\markings\cyberlibs.ftl
marking-CyberlimbRArmZenghu	unreferenced message	corvax\markings\cyberlibs.ftl
marking-CyberlimbRFootBishop	unreferenced message	corvax\markings\cyberlibs.ftl
marking-CyberlimbRFootHephaestus	unreferenced message	corvax\markings\cyberlibs.ftl
marking-CyberlimbRFootHephaestusTitan	unreferenced message	corvax\markings\cyberlibs.ftl
marking-CyberlimbRFootMorpheus	unreferenced message	corvax\markings\cyberlibs.ftl
marking-CyberlimbRFootNanotrasen	unreferenced message	corvax\markings\cyberlibs.ftl
marking-CyberlimbRFootWardtakahashi	unreferenced message	corvax\markings\cyberlibs.ftl
marking-CyberlimbRFootXion	unreferenced message	corvax\markings\cyberlibs.ftl
marking-CyberlimbRFootZenghu	unreferenced message	corvax\markings\cyberlibs.ftl
marking-CyberlimbRHandBishop	unreferenced message	corvax\markings\cyberlibs.ftl
marking-CyberlimbRHandHephaestus	unreferenced message	corvax\markings\cyberlibs.ftl
marking-CyberlimbRHandHephaestusTitan	unreferenced message	corvax\markings\cyberlibs.ftl
marking-CyberlimbRHandMorpheus	unreferenced message	corvax\markings\cyberlibs.ftl
marking-CyberlimbRHandNanotrasen	unreferenced message	corvax\markings\cyberlibs.ftl
marking-CyberlimbRHandWardtakahashi	unreferenced message	corvax\markings\cyberlibs.ftl
marking-CyberlimbRHandXion	unreferenced message	corvax\markings\cyberlibs.ftl
marking-CyberlimbRHandZenghu	unreferenced message	corvax\markings\cyberlibs.ftl
marking-CyberlimbRLegBishop	unreferenced message	corvax\markings\cyberlibs.ftl
marking-CyberlimbRLegHephaestus	unreferenced message	corvax\markings\cyberlibs.ftl
marking-CyberlimbRLegHephaestusTitan	unreferenced message	corvax\markings\cyberlibs.ftl
marking-CyberlimbRLegMorpheus	unreferenced message	corvax\markings\cyberlibs.ftl
marking-CyberlimbRLegNanotrasen	unreferenced message	corvax\markings\cyberlibs.ftl
marking-CyberlimbRLegWardtakahashi	unreferenced message	corvax\markings\cyberlibs.ftl
marking-CyberlimbRLegXion	unreferenced message	corvax\markings\cyberlibs.ftl
marking-CyberlimbRLegZenghu	unreferenced message	corvax\markings\cyberlibs.ftl
marking-CyberlimbTorsoBishop	unreferenced message	corvax\markings\cyberlibs.ftl
marking-CyberlimbTorsoHephaestus	unreferenced message	corvax\markings\cyberlibs.ftl
marking-CyberlimbTorsoHephaestusTitan	unreferenced message	corvax\markings\cyberlibs.ftl
marking-CyberlimbTorsoMorpheus	unreferenced message	corvax\markings\cyberlibs.ftl
marking-CyberlimbTorsoNanotrasen	unreferenced message	corvax\markings\cyberlibs.ftl
marking-CyberlimbTorsoWardtakahashiFemale	unreferenced message	corvax\markings\cyberlibs.ftl
marking-CyberlimbTorsoWardtakahashiMale	unreferenced message	corvax\markings\cyberlibs.ftl
marking-CyberlimbTorsoXion	unreferenced message	corvax\markings\cyberlibs.ftl
marking-CyberlimbTorsoZenghu	unreferenced message	corvax\markings\cyberlibs.ftl
marking-FoxBelly	unreferenced message	corvax\markings\vulpkanin.ftl
marking-FoxBelly-vulp_belly-torso	unreferenced message	corvax\markings\vulpkanin.ftl
marking-FoxEar	unreferenced message	corvax\markings\vulpkanin.ftl
marking-FoxEar-vulp_ear	unreferenced message	corvax\markings\vulpkanin.ftl
marking-FoxEar-vulp_ear_inner	unreferenced message	corvax\markings\vulpkanin.ftl
marking-FoxEars	unreferenced message	corvax\markings\fox.ftl
marking-FoxEars-ears_fox_inner	unreferenced message	corvax\markings\fox.ftl
marking-FoxEars-ears_fox_outer	unreferenced message	corvax\markings\fox.ftl
marking-FoxSnout	unreferenced message	corvax\markings\vulpkanin.ftl
marking-FoxSnout-vulp_face	unreferenced message	corvax\markings\vulpkanin.ftl
marking-FoxTail	unreferenced message	corvax\markings\vulpkanin.ftl
marking-FoxTail-vulp_tail	unreferenced message	corvax\markings\vulpkanin.ftl
marking-FoxTail-vulp_tail_inner	unreferenced message	corvax\markings\vulpkanin.ftl
marking-HumanFacialHair3oclock-3oclock	unreferenced message	accessories\human-facial-hair.ftl
marking-HumanFacialHair5oclockmoustache-5oclockmoustache	unreferenced message	accessories\human-facial-hair.ftl
marking-HumanFacialHair7oclock-7oclock	unreferenced message	accessories\human-facial-hair.ftl
marking-HumanFacialHair7oclockmoustache-7oclockmoustache	unreferenced message	accessories\human-facial-hair.ftl
marking-HumanFacialHairAbe-abe	unreferenced message	accessories\human-facial-hair.ftl
marking-HumanFacialHairBrokenman-brokenman	unreferenced message	accessories\human-facial-hair.ftl
marking-HumanFacialHairChaplin-chaplin	unreferenced message	accessories\human-facial-hair.ftl
marking-HumanFacialHairChin-chin	unreferenced message	accessories\human-facial-hair.ftl
marking-HumanFacialHairChinlessbeard-chinlessbeard	unreferenced message	accessories\human-facial-hair.ftl
marking-HumanFacialHairCroppedfullbeard-croppedfullbeard	unreferenced message	accessories\human-facial-hair.ftl
marking-HumanFacialHairDwarf-dwarf	unreferenced message	accessories\human-facial-hair.ftl
marking-HumanFacialHairElvis-elvis	unreferenced message	accessories\human-facial-hair.ftl
marking-HumanFacialHairFiveoclock-fiveoclock	unreferenced message	accessories\human-facial-hair.ftl
marking-HumanFacialHairFullbeard-fullbeard	unreferenced message	accessories\human-facial-hair.ftl
marking-HumanFacialHairFumanchu-fumanchu	unreferenced message	accessories\human-facial-hair.ftl
marking-HumanFacialHairGt-gt	unreferenced message	accessories\human-facial-hair.ftl
marking-HumanFacialHairHandlebar	unreferenced message	corvax\accessories\human-facial-hair.ftl
marking-HumanFacialHairHandlebarAlt	unreferenced message	corvax\accessories\human-facial-hair.ftl
marking-HumanFacialHairHip-hip	unreferenced message	accessories\human-facial-hair.ftl
marking-HumanFacialHairHogan-hogan	unreferenced message	accessories\human-facial-hair.ftl
marking-HumanFacialHairJensen-jensen	unreferenced message	accessories\human-facial-hair.ftl
marking-HumanFacialHairLongbeard-longbeard	unreferenced message	accessories\human-facial-hair.ftl
marking-HumanFacialHairMartialartist-martialartist	unreferenced message	accessories\human-facial-hair.ftl
marking-HumanFacialHairMoonshiner-moonshiner	unreferenced message	accessories\human-facial-hair.ftl
marking-HumanFacialHairMoustache-moustache	unreferenced message	accessories\human-facial-hair.ftl
marking-HumanFacialHairMutton-mutton	unreferenced message	accessories\human-facial-hair.ftl
marking-HumanFacialHairMuttonmus-muttonmus	unreferenced message	accessories\human-facial-hair.ftl
marking-HumanFacialHairNeckbeard-neckbeard	unreferenced message	accessories\human-facial-hair.ftl
marking-HumanFacialHairPencilstache-pencilstache	unreferenced message	accessories\human-facial-hair.ftl
marking-HumanFacialHairSelleck-selleck	unreferenced message	accessories\human-facial-hair.ftl
marking-HumanFacialHairSideburn-sideburn	unreferenced message	accessories\human-facial-hair.ftl
marking-HumanFacialHairSmallstache-smallstache	unreferenced message	accessories\human-facial-hair.ftl
marking-HumanFacialHairVandyke-vandyke	unreferenced message	accessories\human-facial-hair.ftl
marking-HumanFacialHairVolaju-volaju	unreferenced message	accessories\human-facial-hair.ftl
marking-HumanFacialHairWalrus-walrus	unreferenced message	accessories\human-facial-hair.ftl
marking-HumanFacialHairWatson-watson	unreferenced message	accessories\human-facial-hair.ftl
marking-HumanFacialHairWise-wise	unreferenced message	accessories\human-facial-hair.ftl
marking-HumanHair80s-80s	unreferenced message	accessories\human-hair.ftl
marking-HumanHairA-a	unreferenced message	accessories\human-hair.ftl
marking-HumanHairAfricanPigtails	unreferenced message	corvax\accessories\human-hair.ftl
marking-HumanHairAfro-afro	unreferenced message	accessories\human-hair.ftl
marking-HumanHairAfro2-afro2	unreferenced message	accessories\human-hair.ftl
marking-HumanHairAfropuffdouble	unreferenced message	corvax\accessories\human-hair.ftl
marking-HumanHairAfropuffleft	unreferenced message	corvax\accessories\human-hair.ftl
marking-HumanHairAfropuffright	unreferenced message	corvax\accessories\human-hair.ftl
marking-HumanHairAmazon	unreferenced message	corvax\accessories\human-hair.ftl
marking-HumanHairAntenna-antenna	unreferenced message	accessories\human-hair.ftl
marking-HumanHairAstolfo	unreferenced message	corvax\accessories\human-hair.ftl
marking-HumanHairB-b	unreferenced message	accessories\human-hair.ftl
marking-HumanHairBAlt-b_alt	unreferenced message	accessories\human-hair.ftl
marking-HumanHairBaby-baby	unreferenced message	accessories\human-hair.ftl
marking-HumanHairBaldfade-baldfade	unreferenced message	accessories\human-hair.ftl
marking-HumanHairBalding-e	unreferenced message	accessories\human-hair.ftl
marking-HumanHairBaum	unreferenced message	corvax\accessories\human-hair.ftl
marking-HumanHairBeachwave	unreferenced message	corvax\accessories\human-hair.ftl
marking-HumanHairBedhead-bedhead	unreferenced message	accessories\human-hair.ftl
marking-HumanHairBedheadv2-bedheadv2	unreferenced message	accessories\human-hair.ftl
marking-HumanHairBedheadv3-bedheadv3	unreferenced message	accessories\human-hair.ftl
marking-HumanHairBeehive-beehive	unreferenced message	accessories\human-hair.ftl
marking-HumanHairBeehivev2-beehivev2	unreferenced message	accessories\human-hair.ftl
marking-HumanHairBigafro-bigafro	unreferenced message	accessories\human-hair.ftl
marking-HumanHairBigflattop-bigflattop	unreferenced message	accessories\human-hair.ftl
marking-HumanHairBigpompadour-	unreferenced message	accessories\human-hair.ftl
marking-HumanHairBluntbangs	unreferenced message	corvax\accessories\human-hair.ftl
marking-HumanHairBluntbangsAlt	unreferenced message	corvax\accessories\human-hair.ftl
marking-HumanHairBob-bob	unreferenced message	accessories\human-hair.ftl
marking-HumanHairBob2-bob2	unreferenced message	accessories\human-hair.ftl
marking-HumanHairBob4-bob4	unreferenced message	accessories\human-hair.ftl
marking-HumanHairBob5-bob5	unreferenced message	accessories\human-hair.ftl
marking-HumanHairBobcurl-bobcurl	unreferenced message	accessories\human-hair.ftl
marking-HumanHairBobcut-bob3	unreferenced message	accessories\human-hair.ftl
marking-HumanHairBobcutAlt	unreferenced message	corvax\accessories\human-hair.ftl
marking-HumanHairBoddicker-boddicker	unreferenced message	accessories\human-hair.ftl
marking-HumanHairBowlcut-bowlcut	unreferenced message	accessories\human-hair.ftl
marking-HumanHairBowlcut2-bowlcut2	unreferenced message	accessories\human-hair.ftl
marking-HumanHairBraid-braid	unreferenced message	accessories\human-hair.ftl
marking-HumanHairBraid2-braid2	unreferenced message	accessories\human-hair.ftl
marking-HumanHairBraided-braided	unreferenced message	accessories\human-hair.ftl
marking-HumanHairBraidfront-braidfront	unreferenced message	accessories\human-hair.ftl
marking-HumanHairBraidtail-braidtail	unreferenced message	accessories\human-hair.ftl
marking-HumanHairBun-bun	unreferenced message	accessories\human-hair.ftl
marking-HumanHairBun3-bunhead3	unreferenced message	accessories\human-hair.ftl
marking-HumanHairBunhead2-bunhead2	unreferenced message	accessories\human-hair.ftl
marking-HumanHairBunhead4	unreferenced message	corvax\accessories\human-hair.ftl
marking-HumanHairBusiness-business	unreferenced message	accessories\human-hair.ftl
marking-HumanHairBusiness2-business2	unreferenced message	accessories\human-hair.ftl
marking-HumanHairBusiness3-business3	unreferenced message	accessories\human-hair.ftl
marking-HumanHairBusiness4-business4	unreferenced message	accessories\human-hair.ftl
marking-HumanHairBuzzcut-buzzcut	unreferenced message	accessories\human-hair.ftl
marking-HumanHairC-c	unreferenced message	accessories\human-hair.ftl
marking-HumanHairCia-cia	unreferenced message	accessories\human-hair.ftl
marking-HumanHairClassicAfro-classicafro	unreferenced message	accessories\human-hair.ftl
marking-HumanHairClassicBigAfro-classicbigafro	unreferenced message	accessories\human-hair.ftl
marking-HumanHairClassicBusiness-classicbusiness	unreferenced message	accessories\human-hair.ftl
marking-HumanHairClassicCia-classiccia	unreferenced message	accessories\human-hair.ftl
marking-HumanHairClassicCornrows2-classiccornrows2	unreferenced message	accessories\human-hair.ftl
marking-HumanHairClassicFloorlengthBedhead-classicfloorlength_bedhead	unreferenced message	accessories\human-hair.ftl
marking-HumanHairClassicLong2-classiclong2	unreferenced message	accessories\human-hair.ftl
marking-HumanHairClassicLong3-classiclong3	unreferenced message	accessories\human-hair.ftl
marking-HumanHairClassicModern-classicmodern	unreferenced message	accessories\human-hair.ftl
marking-HumanHairClassicMulder-classicmulder	unreferenced message	accessories\human-hair.ftl
marking-HumanHairClassicWisp-classicwisp	unreferenced message	accessories\human-hair.ftl
marking-HumanHairCoffeehouse-coffeehouse	unreferenced message	accessories\human-hair.ftl
marking-HumanHairCombed	unreferenced message	corvax\accessories\human-hair.ftl
marking-HumanHairCombedbob	unreferenced message	corvax\accessories\human-hair.ftl
marking-HumanHairCombover-combover	unreferenced message	accessories\human-hair.ftl
marking-HumanHairCornrowbraid-cornrowbraid	unreferenced message	accessories\human-hair.ftl
marking-HumanHairCornrowbun-cornrowbun	unreferenced message	accessories\human-hair.ftl
marking-HumanHairCornrows-cornrows	unreferenced message	accessories\human-hair.ftl
marking-HumanHairCornrows2-cornrows2	unreferenced message	accessories\human-hair.ftl
marking-HumanHairCornrowtail-cornrowtail	unreferenced message	accessories\human-hair.ftl
marking-HumanHairCotton	unreferenced message	corvax\accessories\human-hair.ftl
marking-HumanHairCountry-country	unreferenced message	accessories\human-hair.ftl
marking-HumanHairCrewcut-crewcut	unreferenced message	accessories\human-hair.ftl
marking-HumanHairCrewcut2-crewcut2	unreferenced message	accessories\human-hair.ftl
marking-HumanHairCube-cube	unreferenced message	accessories\human-hair.ftl
marking-HumanHairCurls-curls	unreferenced message	accessories\human-hair.ftl
marking-HumanHairCurly	unreferenced message	corvax\accessories\human-hair.ftl
marking-HumanHairD-d	unreferenced message	accessories\human-hair.ftl
marking-HumanHairDandypompadour-dandypompadour	unreferenced message	accessories\human-hair.ftl
marking-HumanHairDave	unreferenced message	corvax\accessories\human-hair.ftl
marking-HumanHairDevilock-devilock	unreferenced message	accessories\human-hair.ftl
marking-HumanHairDiagonalBangs	unreferenced message	corvax\accessories\human-hair.ftl
marking-HumanHairDoublebun-doublebun	unreferenced message	accessories\human-hair.ftl
marking-HumanHairDoublebunLong-doublebun_long	unreferenced message	accessories\human-hair.ftl
marking-HumanHairDreads-dreads	unreferenced message	accessories\human-hair.ftl
marking-HumanHairDrillhairextended-drillhairextended	unreferenced message	accessories\human-hair.ftl
marking-HumanHairDrillruru-drillruru	unreferenced message	accessories\human-hair.ftl
marking-HumanHairE-e	unreferenced message	accessories\human-hair.ftl
marking-HumanHairEmo-emo	unreferenced message	accessories\human-hair.ftl
marking-HumanHairEmofringe-emofringe	unreferenced message	accessories\human-hair.ftl
marking-HumanHairEmolong	unreferenced message	corvax\accessories\human-hair.ftl
marking-HumanHairEmoshort	unreferenced message	corvax\accessories\human-hair.ftl
marking-HumanHairF-f	unreferenced message	accessories\human-hair.ftl
marking-HumanHairFather-father	unreferenced message	accessories\human-hair.ftl
marking-HumanHairFeather-feather	unreferenced message	accessories\human-hair.ftl
marking-HumanHairFingerwave	unreferenced message	corvax\accessories\human-hair.ftl
marking-HumanHairFlair-flair	unreferenced message	accessories\human-hair.ftl
marking-HumanHairFloorlengthBedhead-floorlength_bedhead	unreferenced message	accessories\human-hair.ftl
marking-HumanHairFlow-f	unreferenced message	accessories\human-hair.ftl
marking-HumanHairFluffyShort	unreferenced message	corvax\accessories\human-hair.ftl
marking-HumanHairFortuneteller	unreferenced message	corvax\accessories\human-hair.ftl
marking-HumanHairFortunetellerAlt	unreferenced message	corvax\accessories\human-hair.ftl
marking-HumanHairFringetail-fringetail	unreferenced message	accessories\human-hair.ftl
marking-HumanHairFroofylong	unreferenced message	corvax\accessories\human-hair.ftl
marking-HumanHairGeisha	unreferenced message	corvax\accessories\human-hair.ftl
marking-HumanHairGelled-gelled	unreferenced message	accessories\human-hair.ftl
marking-HumanHairGentle-gentle	unreferenced message	accessories\human-hair.ftl
marking-HumanHairGentle21	unreferenced message	corvax\accessories\human-hair.ftl
marking-HumanHairGlammetal	unreferenced message	corvax\accessories\human-hair.ftl
marking-HumanHairGloomyLong	unreferenced message	corvax\accessories\human-hair.ftl
marking-HumanHairGloomyMedium	unreferenced message	corvax\accessories\human-hair.ftl
marking-HumanHairGrande	unreferenced message	corvax\accessories\human-hair.ftl
marking-HumanHairHalfbang-halfbang	unreferenced message	accessories\human-hair.ftl
marking-HumanHairHalfbang2-halfbang2	unreferenced message	accessories\human-hair.ftl
marking-HumanHairHalfshave	unreferenced message	corvax\accessories\human-hair.ftl
marking-HumanHairHalfshaveLong	unreferenced message	corvax\accessories\human-hair.ftl
marking-HumanHairHalfshaveMessy	unreferenced message	corvax\accessories\human-hair.ftl
marking-HumanHairHalfshaveMessyLong	unreferenced message	corvax\accessories\human-hair.ftl
marking-HumanHairHalfshaveSnout	unreferenced message	corvax\accessories\human-hair.ftl
marking-HumanHairHalfshaved-halfshaved	unreferenced message	accessories\human-hair.ftl
marking-HumanHairHalfshaveglamorous	unreferenced message	corvax\accessories\human-hair.ftl
marking-HumanHairHbraid-hbraid	unreferenced message	accessories\human-hair.ftl
marking-HumanHairHedgehog-hedgehog	unreferenced message	accessories\human-hair.ftl
marking-HumanHairHighfade-highfade	unreferenced message	accessories\human-hair.ftl
marking-HumanHairHighponytail-highponytail	unreferenced message	accessories\human-hair.ftl
marking-HumanHairHightight	unreferenced message	corvax\accessories\human-hair.ftl
marking-HumanHairHimecut-himecut	unreferenced message	accessories\human-hair.ftl
marking-HumanHairHimecut2-himecut2	unreferenced message	accessories\human-hair.ftl
marking-HumanHairHimeup-himeup	unreferenced message	accessories\human-hair.ftl
marking-HumanHairHitop-hitop	unreferenced message	accessories\human-hair.ftl
marking-HumanHairHyenamane	unreferenced message	corvax\accessories\human-hair.ftl
marking-HumanHairJade-jade	unreferenced message	accessories\human-hair.ftl
marking-HumanHairJensen-jensen	unreferenced message	accessories\human-hair.ftl
marking-HumanHairJessica	unreferenced message	corvax\accessories\human-hair.ftl
marking-HumanHairJoestar-joestar	unreferenced message	accessories\human-hair.ftl
marking-HumanHairKagami-kagami	unreferenced message	accessories\human-hair.ftl
marking-HumanHairKeanu-keanu	unreferenced message	accessories\human-hair.ftl
marking-HumanHairKusanagi-kusanagi	unreferenced message	accessories\human-hair.ftl
marking-HumanHairLargebun-largebun	unreferenced message	accessories\human-hair.ftl
marking-HumanHairLbangs-lbangs	unreferenced message	accessories\human-hair.ftl
marking-HumanHairLong-long	unreferenced message	accessories\human-hair.ftl
marking-HumanHairLong2-long2	unreferenced message	accessories\human-hair.ftl
marking-HumanHairLong3-long3	unreferenced message	accessories\human-hair.ftl
marking-HumanHairLong4	unreferenced message	corvax\accessories\human-hair.ftl
marking-HumanHairLongBedhead-long_bedhead	unreferenced message	accessories\human-hair.ftl
marking-HumanHairLongBedhead2-long_bedhead2	unreferenced message	accessories\human-hair.ftl
marking-HumanHairLongBow-longbow	unreferenced message	accessories\human-hair.ftl
marking-HumanHairLongWithBangs-longwithbangs	unreferenced message	accessories\human-hair.ftl
marking-HumanHairLongWithBundles-longbundled	unreferenced message	accessories\human-hair.ftl
marking-HumanHairLongdtails	unreferenced message	corvax\accessories\human-hair.ftl
marking-HumanHairLongemo-longemo	unreferenced message	accessories\human-hair.ftl
marking-HumanHairLongerAlt	unreferenced message	corvax\accessories\human-hair.ftl
marking-HumanHairLongest-longest	unreferenced message	accessories\human-hair.ftl
marking-HumanHairLongest2-longest2	unreferenced message	accessories\human-hair.ftl
marking-HumanHairLongest2-longovereye_highlight	unreferenced message	accessories\human-hair.ftl
marking-HumanHairLongfringe-longfringe	unreferenced message	accessories\human-hair.ftl
marking-HumanHairLongovereye-longovereye	unreferenced message	accessories\human-hair.ftl
marking-HumanHairLongovereye-longovereye_highlight	unreferenced message	accessories\human-hair.ftl
marking-HumanHairLongovereyeAlt	unreferenced message	corvax\accessories\human-hair.ftl
marking-HumanHairLongsidepart-longsidepart	unreferenced message	accessories\human-hair.ftl
marking-HumanHairLongsidepartstraight	unreferenced message	corvax\accessories\human-hair.ftl
marking-HumanHairLongstraightponytail-longstraightponytail	unreferenced message	accessories\human-hair.ftl
marking-HumanHairLooseSlicked	unreferenced message	corvax\accessories\human-hair.ftl
marking-HumanHairLowfade-lowfade	unreferenced message	accessories\human-hair.ftl
marking-HumanHairManbun-manbun	unreferenced message	accessories\human-hair.ftl
marking-HumanHairMedfade-medfade	unreferenced message	accessories\human-hair.ftl
marking-HumanHairMediumbraid	unreferenced message	corvax\accessories\human-hair.ftl
marking-HumanHairMegaeyebrows-megaeyebrows	unreferenced message	accessories\human-hair.ftl
marking-HumanHairMessy-messy	unreferenced message	accessories\human-hair.ftl
marking-HumanHairModern-modern	unreferenced message	accessories\human-hair.ftl
marking-HumanHairMohawk-d	unreferenced message	accessories\human-hair.ftl
marking-HumanHairMulder-mulder	unreferenced message	accessories\human-hair.ftl
marking-HumanHairNewyou	unreferenced message	corvax\accessories\human-hair.ftl
marking-HumanHairNitori-nitori	unreferenced message	accessories\human-hair.ftl
marking-HumanHairNofade-nofade	unreferenced message	accessories\human-hair.ftl
marking-HumanHairOdango-odango	unreferenced message	accessories\human-hair.ftl
marking-HumanHairOmbre-ombre	unreferenced message	accessories\human-hair.ftl
marking-HumanHairOneshoulder-oneshoulder	unreferenced message	accessories\human-hair.ftl
marking-HumanHairOverEyePigtail-overeyepigtail	unreferenced message	accessories\human-hair.ftl
marking-HumanHairOxton-oxton	unreferenced message	accessories\human-hair.ftl
marking-HumanHairPart-part	unreferenced message	accessories\human-hair.ftl
marking-HumanHairParted-parted	unreferenced message	accessories\human-hair.ftl
marking-HumanHairPigtails-pigtails2	unreferenced message	accessories\human-hair.ftl
marking-HumanHairPigtails2-pigtails3	unreferenced message	accessories\human-hair.ftl
marking-HumanHairPixie-pixie	unreferenced message	accessories\human-hair.ftl
marking-HumanHairPompadour-pompadour	unreferenced message	accessories\human-hair.ftl
marking-HumanHairPonytail-bigpompadour	unreferenced message	accessories\human-hair.ftl
marking-HumanHairPonytail2-ponytail2	unreferenced message	accessories\human-hair.ftl
marking-HumanHairPonytail3-ponytail3	unreferenced message	accessories\human-hair.ftl
marking-HumanHairPonytail4-ponytail4	unreferenced message	accessories\human-hair.ftl
marking-HumanHairPonytail5-ponytail5	unreferenced message	accessories\human-hair.ftl
marking-HumanHairPonytail6-ponytail6	unreferenced message	accessories\human-hair.ftl
marking-HumanHairPonytail7-ponytail7	unreferenced message	accessories\human-hair.ftl
marking-HumanHairPonytailAlt	unreferenced message	corvax\accessories\human-hair.ftl
marking-HumanHairPonytailF	unreferenced message	corvax\accessories\human-hair.ftl
marking-HumanHairPoofy-poofy	unreferenced message	accessories\human-hair.ftl
marking-HumanHairPoofy2	unreferenced message	corvax\accessories\human-hair.ftl
marking-HumanHairProtagonist-protagonist	unreferenced message	accessories\human-hair.ftl
marking-HumanHairPulato-pulato	unreferenced message	accessories\human-hair.ftl
marking-HumanHairQuadcurls	unreferenced message	corvax\accessories\human-hair.ftl
marking-HumanHairQuiff-quiff	unreferenced message	accessories\human-hair.ftl
marking-HumanHairReversemohawk-reversemohawk	unreferenced message	accessories\human-hair.ftl
marking-HumanHairRonin-ronin	unreferenced message	accessories\human-hair.ftl
marking-HumanHairRosa-rosa	unreferenced message	accessories\human-hair.ftl
marking-HumanHairSabitsuki	unreferenced message	corvax\accessories\human-hair.ftl
marking-HumanHairSargeant-sargeant	unreferenced message	accessories\human-hair.ftl
marking-HumanHairScully	unreferenced message	corvax\accessories\human-hair.ftl
marking-HumanHairShaped-shaped	unreferenced message	accessories\human-hair.ftl
marking-HumanHairShaved-shaved	unreferenced message	accessories\human-hair.ftl
marking-HumanHairShavedpart-shavedpart	unreferenced message	accessories\human-hair.ftl
marking-HumanHairShortbangs-shortbangs	unreferenced message	accessories\human-hair.ftl
marking-HumanHairShortbraid-shortbraid	unreferenced message	accessories\human-hair.ftl
marking-HumanHairShorthair2-shorthair2	unreferenced message	accessories\human-hair.ftl
marking-HumanHairShorthair3-shorthair3	unreferenced message	accessories\human-hair.ftl
marking-HumanHairShorthair4	unreferenced message	corvax\accessories\human-hair.ftl
marking-HumanHairShorthairg-shorthairg	unreferenced message	accessories\human-hair.ftl
marking-HumanHairShorthime-shorthime	unreferenced message	accessories\human-hair.ftl
marking-HumanHairShortovereye-shortovereye	unreferenced message	accessories\human-hair.ftl
marking-HumanHairShy	unreferenced message	corvax\accessories\human-hair.ftl
marking-HumanHairSidecut-sidecut	unreferenced message	accessories\human-hair.ftl
marking-HumanHairSidetail-sidetail	unreferenced message	accessories\human-hair.ftl
marking-HumanHairSidetail2-sidetail2	unreferenced message	accessories\human-hair.ftl
marking-HumanHairSidetail3-sidetail3	unreferenced message	accessories\human-hair.ftl
marking-HumanHairSidetail4-sidetail4	unreferenced message	accessories\human-hair.ftl
marking-HumanHairSimplePonytail	unreferenced message	corvax\accessories\human-hair.ftl
marking-HumanHairSkinhead-skinhead	unreferenced message	accessories\human-hair.ftl
marking-HumanHairSleaze	unreferenced message	corvax\accessories\human-hair.ftl
marking-HumanHairSlightlyMessy	unreferenced message	corvax\accessories\human-hair.ftl
marking-HumanHairSlimedroplet	unreferenced message	corvax\accessories\human-hair.ftl
marking-HumanHairSlimedropletAlt	unreferenced message	corvax\accessories\human-hair.ftl
marking-HumanHairSlimespikes	unreferenced message	corvax\accessories\human-hair.ftl
marking-HumanHairSlimetendrils	unreferenced message	corvax\accessories\human-hair.ftl
marking-HumanHairSlimetendrilsAlt	unreferenced message	corvax\accessories\human-hair.ftl
marking-HumanHairSpicy	unreferenced message	corvax\accessories\human-hair.ftl
marking-HumanHairSpikey-spikey	unreferenced message	accessories\human-hair.ftl
marking-HumanHairSpiky-spiky	unreferenced message	accessories\human-hair.ftl
marking-HumanHairSpiky2-spiky2	unreferenced message	accessories\human-hair.ftl
marking-HumanHairSpikyponytail-spikyponytail	unreferenced message	accessories\human-hair.ftl
marking-HumanHairSpookyLong-spookylong	unreferenced message	accessories\human-hair.ftl
marking-HumanHairStail-stail	unreferenced message	accessories\human-hair.ftl
marking-HumanHairSwept-swept	unreferenced message	accessories\human-hair.ftl
marking-HumanHairSwept2-swept2	unreferenced message	accessories\human-hair.ftl
marking-HumanHairTailed-tailed	unreferenced message	accessories\human-hair.ftl
marking-HumanHairTerminal	unreferenced message	accessories\human-hair.ftl
marking-HumanHairTerminal-terminal	unreferenced message	accessories\human-hair.ftl
marking-HumanHairTerminal-terminal_headband	unreferenced message	accessories\human-hair.ftl
marking-HumanHairTerminal-terminal_highlight	unreferenced message	accessories\human-hair.ftl
marking-HumanHairThinning-thinning	unreferenced message	accessories\human-hair.ftl
marking-HumanHairThinningfront-thinningfront	unreferenced message	accessories\human-hair.ftl
marking-HumanHairThinningrear-thinningrear	unreferenced message	accessories\human-hair.ftl
marking-HumanHairTightbun-tightbun	unreferenced message	accessories\human-hair.ftl
marking-HumanHairTopknot-topknot	unreferenced message	accessories\human-hair.ftl
marking-HumanHairTressshoulder-tressshoulder	unreferenced message	accessories\human-hair.ftl
marking-HumanHairTrimflat-trimflat	unreferenced message	accessories\human-hair.ftl
marking-HumanHairTrimmed-trimmed	unreferenced message	accessories\human-hair.ftl
marking-HumanHairTwintail-twintail	unreferenced message	accessories\human-hair.ftl
marking-HumanHairTwintailFloor	unreferenced message	corvax\accessories\human-hair.ftl
marking-HumanHairTwoStrands-twostrands	unreferenced message	accessories\human-hair.ftl
marking-HumanHairUndercut-undercut	unreferenced message	accessories\human-hair.ftl
marking-HumanHairUndercutleft-undercutleft	unreferenced message	accessories\human-hair.ftl
marking-HumanHairUndercutright-undercutright	unreferenced message	accessories\human-hair.ftl
marking-HumanHairUneven-uneven	unreferenced message	accessories\human-hair.ftl
marking-HumanHairUnkept-unkept	unreferenced message	accessories\human-hair.ftl
marking-HumanHairUnshavenMohawk-unshaven_mohawk	unreferenced message	accessories\human-hair.ftl
marking-HumanHairUpdo-updo	unreferenced message	accessories\human-hair.ftl
marking-HumanHairVeryshortovereye	unreferenced message	corvax\accessories\human-hair.ftl
marking-HumanHairVeryshortovereyealternate-	unreferenced message	accessories\human-hair.ftl
marking-HumanHairVictory	unreferenced message	corvax\accessories\human-hair.ftl
marking-HumanHairViper	unreferenced message	corvax\accessories\human-hair.ftl
marking-HumanHairVlong-vlong	unreferenced message	accessories\human-hair.ftl
marking-HumanHairVlongfringe-vlongfringe	unreferenced message	accessories\human-hair.ftl
marking-HumanHairVolaju-volaju	unreferenced message	accessories\human-hair.ftl
marking-HumanHairWife	unreferenced message	corvax\accessories\human-hair.ftl
marking-HumanHairWisp-wisp	unreferenced message	accessories\human-hair.ftl
marking-HumanHairZiegler	unreferenced message	corvax\accessories\human-hair.ftl
marking-IpcBishopBishopAlt1Head	unreferenced message	corvax\markings\ipc.ftl
marking-IpcBishopBishopMainHead	unreferenced message	corvax\markings\ipc.ftl
marking-IpcBishopBishopMainLArmCombined	unreferenced message	corvax\markings\ipc.ftl
marking-IpcBishopBishopMainLArmPrimary	unreferenced message	corvax\markings\ipc.ftl
marking-IpcBishopBishopMainLArmSecondary	unreferenced message	corvax\markings\ipc.ftl
marking-IpcBishopBishopMainLArmTertiary	unreferenced message	corvax\markings\ipc.ftl
marking-IpcBishopBishopMainLFoot	unreferenced message	corvax\markings\ipc.ftl
marking-IpcBishopBishopMainLHand	unreferenced message	corvax\markings\ipc.ftl
marking-IpcBishopBishopMainLLegCombined	unreferenced message	corvax\markings\ipc.ftl
marking-IpcBishopBishopMainLLegPrimary	unreferenced message	corvax\markings\ipc.ftl
marking-IpcBishopBishopMainLLegSecondary	unreferenced message	corvax\markings\ipc.ftl
marking-IpcBishopBishopMainRArmCombined	unreferenced message	corvax\markings\ipc.ftl
marking-IpcBishopBishopMainRArmPrimary	unreferenced message	corvax\markings\ipc.ftl
marking-IpcBishopBishopMainRArmSecondary	unreferenced message	corvax\markings\ipc.ftl
marking-IpcBishopBishopMainRArmTertiary	unreferenced message	corvax\markings\ipc.ftl
marking-IpcBishopBishopMainRFoot	unreferenced message	corvax\markings\ipc.ftl
marking-IpcBishopBishopMainRHand	unreferenced message	corvax\markings\ipc.ftl
marking-IpcBishopBishopMainRLegCombined	unreferenced message	corvax\markings\ipc.ftl
marking-IpcBishopBishopMainRLegPrimary	unreferenced message	corvax\markings\ipc.ftl
marking-IpcBishopBishopMainRLegSecondary	unreferenced message	corvax\markings\ipc.ftl
marking-IpcBishopBishopMainTorsoPrimary	unreferenced message	corvax\markings\ipc.ftl
marking-IpcBishopBishopMainTorsoSecondary	unreferenced message	corvax\markings\ipc.ftl
marking-IpcBishopBishopMonitorHead	unreferenced message	corvax\markings\ipc.ftl
marking-IpcBishopBishopMonitorHead2	unreferenced message	corvax\markings\ipc.ftl
marking-IpcBlueS	unreferenced message	corvax\markings\ipc.ftl
marking-IpcBreakoutS	unreferenced message	corvax\markings\ipc.ftl
marking-IpcConsoleS	unreferenced message	corvax\markings\ipc.ftl
marking-IpcEightS	unreferenced message	corvax\markings\ipc.ftl
marking-IpcGogglesHespAltS	unreferenced message	corvax\markings\ipc.ftl
marking-IpcGogglesS	unreferenced message	corvax\markings\ipc.ftl
marking-IpcGolGliderS	unreferenced message	corvax\markings\ipc.ftl
marking-IpcGreenS	unreferenced message	corvax\markings\ipc.ftl
marking-IpcHeartS	unreferenced message	corvax\markings\ipc.ftl
marking-IpcHesphiastosHesphiastosAlt1Head1	unreferenced message	corvax\markings\ipc.ftl
marking-IpcHesphiastosHesphiastosAlt1Head2	unreferenced message	corvax\markings\ipc.ftl
marking-IpcHesphiastosHesphiastosAlt1Head3	unreferenced message	corvax\markings\ipc.ftl
marking-IpcHesphiastosHesphiastosMainLArm1	unreferenced message	corvax\markings\ipc.ftl
marking-IpcHesphiastosHesphiastosMainLArm2	unreferenced message	corvax\markings\ipc.ftl
marking-IpcHesphiastosHesphiastosMainLFoot1	unreferenced message	corvax\markings\ipc.ftl
marking-IpcHesphiastosHesphiastosMainLFoot2	unreferenced message	corvax\markings\ipc.ftl
marking-IpcHesphiastosHesphiastosMainLHand1	unreferenced message	corvax\markings\ipc.ftl
marking-IpcHesphiastosHesphiastosMainLHand2	unreferenced message	corvax\markings\ipc.ftl
marking-IpcHesphiastosHesphiastosMainLLeg1	unreferenced message	corvax\markings\ipc.ftl
marking-IpcHesphiastosHesphiastosMainLLeg2	unreferenced message	corvax\markings\ipc.ftl
marking-IpcHesphiastosHesphiastosMainRArm1	unreferenced message	corvax\markings\ipc.ftl
marking-IpcHesphiastosHesphiastosMainRArm2	unreferenced message	corvax\markings\ipc.ftl
marking-IpcHesphiastosHesphiastosMainRFoot1	unreferenced message	corvax\markings\ipc.ftl
marking-IpcHesphiastosHesphiastosMainRFoot2	unreferenced message	corvax\markings\ipc.ftl
marking-IpcHesphiastosHesphiastosMainRHand1	unreferenced message	corvax\markings\ipc.ftl
marking-IpcHesphiastosHesphiastosMainRHand2	unreferenced message	corvax\markings\ipc.ftl
marking-IpcHesphiastosHesphiastosMainRLeg1	unreferenced message	corvax\markings\ipc.ftl
marking-IpcHesphiastosHesphiastosMainRLeg2	unreferenced message	corvax\markings\ipc.ftl
marking-IpcHesphiastosHesphiastosMainTorso1	unreferenced message	corvax\markings\ipc.ftl
marking-IpcHesphiastosHesphiastosMainTorso2	unreferenced message	corvax\markings\ipc.ftl
marking-IpcHesphiastosHesphiastosMonitorHead1	unreferenced message	corvax\markings\ipc.ftl
marking-IpcHesphiastosHesphiastosMonitorHead2	unreferenced message	corvax\markings\ipc.ftl
marking-IpcMonoeyeS	unreferenced message	corvax\markings\ipc.ftl
marking-IpcMorpheusMorpheusAlt1Head	unreferenced message	corvax\markings\ipc.ftl
marking-IpcMorpheusMorpheusMainHead	unreferenced message	corvax\markings\ipc.ftl
marking-IpcMorpheusMorpheusMainLArm	unreferenced message	corvax\markings\ipc.ftl
marking-IpcMorpheusMorpheusMainLFoot	unreferenced message	corvax\markings\ipc.ftl
marking-IpcMorpheusMorpheusMainLHand	unreferenced message	corvax\markings\ipc.ftl
marking-IpcMorpheusMorpheusMainLLeg	unreferenced message	corvax\markings\ipc.ftl
marking-IpcMorpheusMorpheusMainRArm	unreferenced message	corvax\markings\ipc.ftl
marking-IpcMorpheusMorpheusMainRFoot	unreferenced message	corvax\markings\ipc.ftl
marking-IpcMorpheusMorpheusMainRHand	unreferenced message	corvax\markings\ipc.ftl
marking-IpcMorpheusMorpheusMainRLeg	unreferenced message	corvax\markings\ipc.ftl
marking-IpcMorpheusMorpheusMainTorso	unreferenced message	corvax\markings\ipc.ftl
marking-IpcMusicS	unreferenced message	corvax\markings\ipc.ftl
marking-IpcNatureS	unreferenced message	corvax\markings\ipc.ftl
marking-IpcOffHespAltS	unreferenced message	corvax\markings\ipc.ftl
marking-IpcOrangeHespAltS	unreferenced message	corvax\markings\ipc.ftl
marking-IpcOrangeS	unreferenced message	corvax\markings\ipc.ftl
marking-IpcPinkHespAltS	unreferenced message	corvax\markings\ipc.ftl
marking-IpcPinkS	unreferenced message	corvax\markings\ipc.ftl
marking-IpcPurpleS	unreferenced message	corvax\markings\ipc.ftl
marking-IpcRainbowHespAltS	unreferenced message	corvax\markings\ipc.ftl
marking-IpcRainbowS	unreferenced message	corvax\markings\ipc.ftl
marking-IpcRedS	unreferenced message	corvax\markings\ipc.ftl
marking-IpcRgbHespAltS	unreferenced message	corvax\markings\ipc.ftl
marking-IpcRgbS	unreferenced message	corvax\markings\ipc.ftl
marking-IpcScrollHespAltS	unreferenced message	corvax\markings\ipc.ftl
marking-IpcScrollS	unreferenced message	corvax\markings\ipc.ftl
marking-IpcShellguardShellguardAlt1Head1	unreferenced message	corvax\markings\ipc.ftl
marking-IpcShellguardShellguardAlt1Head2	unreferenced message	corvax\markings\ipc.ftl
marking-IpcShellguardShellguardMainLArm1	unreferenced message	corvax\markings\ipc.ftl
marking-IpcShellguardShellguardMainLArm2	unreferenced message	corvax\markings\ipc.ftl
marking-IpcShellguardShellguardMainLFoot1	unreferenced message	corvax\markings\ipc.ftl
marking-IpcShellguardShellguardMainLFoot2	unreferenced message	corvax\markings\ipc.ftl
marking-IpcShellguardShellguardMainLHand1	unreferenced message	corvax\markings\ipc.ftl
marking-IpcShellguardShellguardMainLHand2	unreferenced message	corvax\markings\ipc.ftl
marking-IpcShellguardShellguardMainLLeg1	unreferenced message	corvax\markings\ipc.ftl
marking-IpcShellguardShellguardMainLLeg2	unreferenced message	corvax\markings\ipc.ftl
marking-IpcShellguardShellguardMainRArm1	unreferenced message	corvax\markings\ipc.ftl
marking-IpcShellguardShellguardMainRArm2	unreferenced message	corvax\markings\ipc.ftl
marking-IpcShellguardShellguardMainRFoot1	unreferenced message	corvax\markings\ipc.ftl
marking-IpcShellguardShellguardMainRFoot2	unreferenced message	corvax\markings\ipc.ftl
marking-IpcShellguardShellguardMainRHand1	unreferenced message	corvax\markings\ipc.ftl
marking-IpcShellguardShellguardMainRHand2	unreferenced message	corvax\markings\ipc.ftl
marking-IpcShellguardShellguardMainRLeg1	unreferenced message	corvax\markings\ipc.ftl
marking-IpcShellguardShellguardMainRLeg2	unreferenced message	corvax\markings\ipc.ftl
marking-IpcShellguardShellguardMainTorso1	unreferenced message	corvax\markings\ipc.ftl
marking-IpcShellguardShellguardMainTorso2	unreferenced message	corvax\markings\ipc.ftl
marking-IpcShellguardShellguardMonitorHead1	unreferenced message	corvax\markings\ipc.ftl
marking-IpcShellguardShellguardMonitorHead2	unreferenced message	corvax\markings\ipc.ftl
marking-IpcShowerS	unreferenced message	corvax\markings\ipc.ftl
marking-IpcSmokingS	unreferenced message	corvax\markings\ipc.ftl
marking-IpcStaticS	unreferenced message	corvax\markings\ipc.ftl
marking-IpcTestS	unreferenced message	corvax\markings\ipc.ftl
marking-IpcWaitingS	unreferenced message	corvax\markings\ipc.ftl
marking-IpcWardtakahashiWardtakahashiAlt1Head	unreferenced message	corvax\markings\ipc.ftl
marking-IpcWardtakahashiWardtakahashiMainHead	unreferenced message	corvax\markings\ipc.ftl
marking-IpcWardtakahashiWardtakahashiMainLArm	unreferenced message	corvax\markings\ipc.ftl
marking-IpcWardtakahashiWardtakahashiMainLFoot	unreferenced message	corvax\markings\ipc.ftl
marking-IpcWardtakahashiWardtakahashiMainLHand	unreferenced message	corvax\markings\ipc.ftl
marking-IpcWardtakahashiWardtakahashiMainLLeg	unreferenced message	corvax\markings\ipc.ftl
marking-IpcWardtakahashiWardtakahashiMainRArm	unreferenced message	corvax\markings\ipc.ftl
marking-IpcWardtakahashiWardtakahashiMainRFoot	unreferenced message	corvax\markings\ipc.ftl
marking-IpcWardtakahashiWardtakahashiMainRHand	unreferenced message	corvax\markings\ipc.ftl
marking-IpcWardtakahashiWardtakahashiMainRLeg	unreferenced message	corvax\markings\ipc.ftl
marking-IpcWardtakahashiWardtakahashiMainTorso	unreferenced message	corvax\markings\ipc.ftl
marking-IpcWardtakahashiWardtakahashiMonitorHead	unreferenced message	corvax\markings\ipc.ftl
marking-IpcXionXionAlt1Head1	unreferenced message	corvax\markings\ipc.ftl
marking-IpcXionXionAlt1Head2	unreferenced message	corvax\markings\ipc.ftl
marking-IpcXionXionMainLArm1	unreferenced message	corvax\markings\ipc.ftl
marking-IpcXionXionMainLArm2	unreferenced message	corvax\markings\ipc.ftl
marking-IpcXionXionMainLFoot1	unreferenced message	corvax\markings\ipc.ftl
marking-IpcXionXionMainLFoot2	unreferenced message	corvax\markings\ipc.ftl
marking-IpcXionXionMainLHand1	unreferenced message	corvax\markings\ipc.ftl
marking-IpcXionXionMainLHand2	unreferenced message	corvax\markings\ipc.ftl
marking-IpcXionXionMainLLeg1	unreferenced message	corvax\markings\ipc.ftl
marking-IpcXionXionMainLLeg2	unreferenced message	corvax\markings\ipc.ftl
marking-IpcXionXionMainRArm1	unreferenced message	corvax\markings\ipc.ftl
marking-IpcXionXionMainRArm2	unreferenced message	corvax\markings\ipc.ftl
marking-IpcXionXionMainRFoot1	unreferenced message	corvax\markings\ipc.ftl
marking-IpcXionXionMainRFoot2	unreferenced message	corvax\markings\ipc.ftl
marking-IpcXionXionMainRHand1	unreferenced message	corvax\markings\ipc.ftl
marking-IpcXionXionMainRHand2	unreferenced message	corvax\markings\ipc.ftl
marking-IpcXionXionMainRLeg1	unreferenced message	corvax\markings\ipc.ftl
marking-IpcXionXionMainRLeg2	unreferenced message	corvax\markings\ipc.ftl
marking-IpcXionXionMainTorso1	unreferenced message	corvax\markings\ipc.ftl
marking-IpcXionXionMainTorso2	unreferenced message	corvax\markings\ipc.ftl
marking-IpcXionXionMonitorHead1	unreferenced message	corvax\markings\ipc.ftl
marking-IpcXionXionMonitorHead2	unreferenced message	corvax\markings\ipc.ftl
marking-IpcYellowS	unreferenced message	corvax\markings\ipc.ftl
marking-IpcZenghuZenghuMainGroin	unreferenced message	corvax\markings\ipc.ftl
marking-IpcZenghuZenghuMainHead1	unreferenced message	corvax\markings\ipc.ftl
marking-IpcZenghuZenghuMainHead2	unreferenced message	corvax\markings\ipc.ftl
marking-IpcZenghuZenghuMainLArm1	unreferenced message	corvax\markings\ipc.ftl
marking-IpcZenghuZenghuMainLArm2	unreferenced message	corvax\markings\ipc.ftl
marking-IpcZenghuZenghuMainLFoot1	unreferenced message	corvax\markings\ipc.ftl
marking-IpcZenghuZenghuMainLFoot2	unreferenced message	corvax\markings\ipc.ftl
marking-IpcZenghuZenghuMainLHand1	unreferenced message	corvax\markings\ipc.ftl
marking-IpcZenghuZenghuMainLHand2	unreferenced message	corvax\markings\ipc.ftl
marking-IpcZenghuZenghuMainLLeg1	unreferenced message	corvax\markings\ipc.ftl
marking-IpcZenghuZenghuMainLLeg2	unreferenced message	corvax\markings\ipc.ftl
marking-IpcZenghuZenghuMainRArm1	unreferenced message	corvax\markings\ipc.ftl
marking-IpcZenghuZenghuMainRArm2	unreferenced message	corvax\markings\ipc.ftl
marking-IpcZenghuZenghuMainRFoot1	unreferenced message	corvax\markings\ipc.ftl
marking-IpcZenghuZenghuMainRFoot2	unreferenced message	corvax\markings\ipc.ftl
marking-IpcZenghuZenghuMainRHand1	unreferenced message	corvax\markings\ipc.ftl
marking-IpcZenghuZenghuMainRHand2	unreferenced message	corvax\markings\ipc.ftl
marking-IpcZenghuZenghuMainRLeg1	unreferenced message	corvax\markings\ipc.ftl
marking-IpcZenghuZenghuMainRLeg2	unreferenced message	corvax\markings\ipc.ftl
marking-IpcZenghuZenghuMainTorso1	unreferenced message	corvax\markings\ipc.ftl
marking-IpcZenghuZenghuMainTorso2	unreferenced message	corvax\markings\ipc.ftl
marking-Mustache	unreferenced message	corvax\accessories\human-facial-hair.ftl
marking-Mustache2	unreferenced message	corvax\accessories\human-facial-hair.ftl
marking-Mustache3	unreferenced message	corvax\accessories\human-facial-hair.ftl
marking-PawSocks	unreferenced message	corvax\markings\vulpkanin.ftl
marking-PawSocks-pawsocks	unreferenced message	corvax\markings\vulpkanin.ftl
marking-SlimeCatEars	unreferenced message	corvax\markings\slime_cat.ftl
marking-SlimeCatEars-ears_slime_cat_inner	unreferenced message	corvax\markings\slime_cat.ftl
marking-SlimeCatEars-ears_slime_cat_outer	unreferenced message	corvax\markings\slime_cat.ftl
marking-SlimeCatEarsCurled	unreferenced message	corvax\markings\slime_cat.ftl
marking-SlimeCatEarsCurled-ears_slime_curled_inner	unreferenced message	corvax\markings\slime_cat.ftl
marking-SlimeCatEarsCurled-ears_slime_curled_outer	unreferenced message	corvax\markings\slime_cat.ftl
marking-SlimeCatEarsStubby	unreferenced message	corvax\markings\slime_cat.ftl
marking-SlimeCatEarsStubby-ears_slime_stubby_inner	unreferenced message	corvax\markings\slime_cat.ftl
marking-SlimeCatEarsStubby-ears_slime_stubby_outer	unreferenced message	corvax\markings\slime_cat.ftl
marking-SlimeCatEarsTorn	unreferenced message	corvax\markings\slime_cat.ftl
marking-SlimeCatEarsTorn-ears_slime_torn_inner	unreferenced message	corvax\markings\slime_cat.ftl
marking-SlimeCatEarsTorn-ears_slime_torn_outer	unreferenced message	corvax\markings\slime_cat.ftl
marking-SlimeCatTail	unreferenced message	corvax\markings\slime_cat.ftl
marking-SlimeCatTail-slime_tail_cat_wag	unreferenced message	corvax\markings\slime_cat.ftl
marking-SlimeCatTailStripes	unreferenced message	corvax\markings\slime_cat.ftl
marking-SlimeCatTailStripes-slime_tail_cat_wag_stripes_prime	unreferenced message	corvax\markings\slime_cat.ftl
marking-SlimeCatTailStripes-slime_tail_cat_wag_stripes_second	unreferenced message	corvax\markings\slime_cat.ftl
marking-SlimeFoxEars	unreferenced message	corvax\markings\slime_fox.ftl
marking-SlimeFoxEars-ears_slime_fox_inner	unreferenced message	corvax\markings\slime_fox.ftl
marking-SlimeFoxEars-ears_slime_fox_outer	unreferenced message	corvax\markings\slime_fox.ftl
marking-Spikey	unreferenced message	corvax\accessories\human-hair.ftl
marking-TailFluffySkeletonAnimated	unreferenced message	corvax\markings\tajaran.ftl
marking-TailMAnimated	unreferenced message	corvax\markings\tajaran.ftl
marking-TailRingAnimated	unreferenced message	corvax\markings\tajaran.ftl
marking-TailSkeletonAnimated	unreferenced message	corvax\markings\tajaran.ftl
marking-TailTipAnimated	unreferenced message	corvax\markings\tajaran.ftl
marking-TailWingler1Animated	unreferenced message	corvax\markings\tajaran.ftl
marking-TailWingler2Animated	unreferenced message	corvax\markings\tajaran.ftl
marking-TailWingler3Animated	unreferenced message	corvax\markings\tajaran.ftl
marking-TajaranBeard	unreferenced message	corvax\markings\tajaran.ftl
marking-TajaranBeard-beard	unreferenced message	corvax\markings\tajaran.ftl
marking-TajaranBelly1	unreferenced message	corvax\markings\tajaran.ftl
marking-TajaranBelly2	unreferenced message	corvax\markings\tajaran.ftl
marking-TajaranBelly3	unreferenced message	corvax\markings\tajaran.ftl
marking-TajaranBlotsBody	unreferenced message	corvax\markings\tajaran.ftl
marking-TajaranCheeks	unreferenced message	corvax\markings\tajaran.ftl
marking-TajaranChest	unreferenced message	corvax\markings\tajaran.ftl
marking-TajaranEyeStripesHead	unreferenced message	corvax\markings\tajaran.ftl
marking-TajaranGradientLarm	unreferenced message	corvax\markings\tajaran.ftl
marking-TajaranGradientLhand	unreferenced message	corvax\markings\tajaran.ftl
marking-TajaranGradientLleg	unreferenced message	corvax\markings\tajaran.ftl
marking-TajaranGradientRarm	unreferenced message	corvax\markings\tajaran.ftl
marking-TajaranGradientRhand	unreferenced message	corvax\markings\tajaran.ftl
marking-TajaranGradientRleg	unreferenced message	corvax\markings\tajaran.ftl
marking-TajaranHairBangs	unreferenced message	corvax\accessories\human-hair.ftl
marking-TajaranHairBedhead	unreferenced message	corvax\accessories\human-hair.ftl
marking-TajaranHairBob	unreferenced message	corvax\accessories\human-hair.ftl
marking-TajaranHairBraid	unreferenced message	corvax\accessories\human-hair.ftl
marking-TajaranHairClean	unreferenced message	corvax\accessories\human-hair.ftl
marking-TajaranHairCurly	unreferenced message	corvax\accessories\human-hair.ftl
marking-TajaranHairEyebrows	unreferenced message	corvax\accessories\human-hair.ftl
marking-TajaranHairFingerwave	unreferenced message	corvax\accessories\human-hair.ftl
marking-TajaranHairLadiesretro	unreferenced message	corvax\accessories\human-hair.ftl
marking-TajaranHairLong	unreferenced message	corvax\accessories\human-hair.ftl
marking-TajaranHairMessy	unreferenced message	corvax\accessories\human-hair.ftl
marking-TajaranHairMohawk	unreferenced message	corvax\accessories\human-hair.ftl
marking-TajaranHairPigtail	unreferenced message	corvax\accessories\human-hair.ftl
marking-TajaranHairPlait	unreferenced message	corvax\accessories\human-hair.ftl
marking-TajaranHairPonytail	unreferenced message	corvax\accessories\human-hair.ftl
marking-TajaranHairRattail	unreferenced message	corvax\accessories\human-hair.ftl
marking-TajaranHairShaggy	unreferenced message	corvax\accessories\human-hair.ftl
marking-TajaranHairStraight	unreferenced message	corvax\accessories\human-hair.ftl
marking-TajaranHairVictory	unreferenced message	corvax\accessories\human-hair.ftl
marking-TajaranInears	unreferenced message	corvax\markings\tajaran.ftl
marking-TajaranManeHead	unreferenced message	corvax\markings\tajaran.ftl
marking-TajaranMustache	unreferenced message	corvax\markings\tajaran.ftl
marking-TajaranMustache2	unreferenced message	corvax\markings\tajaran.ftl
marking-TajaranMustache3	unreferenced message	corvax\markings\tajaran.ftl
marking-TajaranMuzzle	unreferenced message	corvax\markings\tajaran.ftl
marking-TajaranMuzzleinears	unreferenced message	corvax\markings\tajaran.ftl
marking-TajaranNose	unreferenced message	corvax\markings\tajaran.ftl
marking-TajaranOutears	unreferenced message	corvax\markings\tajaran.ftl
marking-TajaranPatch	unreferenced message	corvax\markings\tajaran.ftl
marking-TajaranPatch2	unreferenced message	corvax\markings\tajaran.ftl
marking-TajaranRaccoon-head	unreferenced message	corvax\markings\tajaran.ftl
marking-TajaranSkeletonBody	unreferenced message	corvax\markings\tajaran.ftl
marking-TajaranSpikey	unreferenced message	corvax\markings\tajaran.ftl
marking-TajaranStarHead	unreferenced message	corvax\markings\tajaran.ftl
marking-TajaranStripesBody	unreferenced message	corvax\markings\tajaran.ftl
marking-TajaranTailFluffy	unreferenced message	corvax\markings\tajaran.ftl
marking-TajaranTailFluffyAnimated	unreferenced message	corvax\markings\tajaran.ftl
marking-TajaranTailFluffySkeleton	unreferenced message	corvax\markings\tajaran.ftl
marking-TajaranTailM	unreferenced message	corvax\markings\tajaran.ftl
marking-TajaranTailRing	unreferenced message	corvax\markings\tajaran.ftl
marking-TajaranTailSkeleton	unreferenced message	corvax\markings\tajaran.ftl
marking-TajaranTailTip	unreferenced message	corvax\markings\tajaran.ftl
marking-TajaranTailWingler1	unreferenced message	corvax\markings\tajaran.ftl
marking-TajaranTailWingler2	unreferenced message	corvax\markings\tajaran.ftl
marking-TajaranTailWingler3	unreferenced message	corvax\markings\tajaran.ftl
marking-TajaranTajaranHairLadiesretro	unreferenced message	corvax\markings\tajaran.ftl
marking-TajaranTigerFace	unreferenced message	corvax\markings\tajaran.ftl
marking-TajaranTigerHead	unreferenced message	corvax\markings\tajaran.ftl
marking-VoxFacialHairBeard-beard_s	unreferenced message	accessories\vox-facial-hair.ftl
marking-VoxFacialHairColonel-colonel_s	unreferenced message	accessories\vox-facial-hair.ftl
marking-VoxFacialHairFu-fu_s	unreferenced message	accessories\vox-facial-hair.ftl
marking-VoxFacialHairMane-mane_s	unreferenced message	accessories\vox-facial-hair.ftl
marking-VoxFacialHairManeSmall-manesmall_s	unreferenced message	accessories\vox-facial-hair.ftl
marking-VoxFacialHairNeck-neck_s	unreferenced message	accessories\vox-facial-hair.ftl
marking-VoxFacialHairTufts-tuft_s	unreferenced message	accessories\vox-facial-hair.ftl
marking-VoxHairAfro-afro_s	unreferenced message	accessories\vox-hair.ftl
marking-VoxHairBraids-braid_s	unreferenced message	accessories\vox-hair.ftl
marking-VoxHairBushy-bushy_s	unreferenced message	accessories\vox-hair.ftl
marking-VoxHairCatfish-catfish_s	unreferenced message	accessories\vox-hair.ftl
marking-VoxHairCrestedQuills-crestedquills_s	unreferenced message	accessories\vox-hair.ftl
marking-VoxHairEmperorQuills-emperorquills_s	unreferenced message	accessories\vox-hair.ftl
marking-VoxHairFlowing-flowing_s	unreferenced message	accessories\vox-hair.ftl
marking-VoxHairHawk-hawk_s	unreferenced message	accessories\vox-hair.ftl
marking-VoxHairHedgehog-hedgehog_s	unreferenced message	accessories\vox-hair.ftl
marking-VoxHairHorns-horns_s	unreferenced message	accessories\vox-hair.ftl
marking-VoxHairKeelQuills-keelquills_s	unreferenced message	accessories\vox-hair.ftl
marking-VoxHairKeetQuills-keetquills_s	unreferenced message	accessories\vox-hair.ftl
marking-VoxHairKingly-kingly_s	unreferenced message	accessories\vox-hair.ftl
marking-VoxHairLongBraid-long_braid_s	unreferenced message	accessories\vox-hair.ftl
marking-VoxHairMadScientist-mad_scientist_s	unreferenced message	accessories\vox-hair.ftl
marking-VoxHairMange-mange_s	unreferenced message	accessories\vox-hair.ftl
marking-VoxHairMohawk-mohawk_s	unreferenced message	accessories\vox-hair.ftl
marking-VoxHairNights-nights_s	unreferenced message	accessories\vox-hair.ftl
marking-VoxHairPony-ponytail_s	unreferenced message	accessories\vox-hair.ftl
marking-VoxHairRazor-razor_s	unreferenced message	accessories\vox-hair.ftl
marking-VoxHairRazorClipped-razor_clipped_s	unreferenced message	accessories\vox-hair.ftl
marking-VoxHairShortQuills-shortquills_s	unreferenced message	accessories\vox-hair.ftl
marking-VoxHairSlick-slick_s	unreferenced message	accessories\vox-hair.ftl
marking-VoxHairSortBraid-short_braid_s	unreferenced message	accessories\vox-hair.ftl
marking-VoxHairSpotty-spotty_s	unreferenced message	accessories\vox-hair.ftl
marking-VoxHairSurf-surf_s	unreferenced message	accessories\vox-hair.ftl
marking-VoxHairTielQuills-tielquills_s	unreferenced message	accessories\vox-hair.ftl
marking-VoxHairWiseBraid-wise_braid_s	unreferenced message	accessories\vox-hair.ftl
marking-VoxHairYasu-yasu_s	unreferenced message	accessories\vox-hair.ftl
marking-VulpFacialHairElder-elder	unreferenced message	markings\vulpkanin.ftl
marking-VulpFacialHairElderChin-elder_chin	unreferenced message	markings\vulpkanin.ftl
marking-VulpFacialHairGoatee-goatee	unreferenced message	markings\vulpkanin.ftl
marking-VulpFacialHairKita-kita	unreferenced message	markings\vulpkanin.ftl
marking-VulpFacialHairRuff-ruff	unreferenced message	markings\vulpkanin.ftl
marking-VulpHairAdhara-adhara	unreferenced message	markings\vulpkanin.ftl
marking-VulpHairAnita-anita	unreferenced message	markings\vulpkanin.ftl
marking-VulpHairApollo-apollo	unreferenced message	markings\vulpkanin.ftl
marking-VulpHairBelle-belle	unreferenced message	markings\vulpkanin.ftl
marking-VulpHairBraided-braided	unreferenced message	markings\vulpkanin.ftl
marking-VulpHairBun-bun	unreferenced message	markings\vulpkanin.ftl
marking-VulpHairCleanCut-clean_cut	unreferenced message	markings\vulpkanin.ftl
marking-VulpHairCurl-curl	unreferenced message	markings\vulpkanin.ftl
marking-VulpHairHawk-hawk	unreferenced message	markings\vulpkanin.ftl
marking-VulpHairJagged-jagged	unreferenced message	markings\vulpkanin.ftl
marking-VulpHairJeremy-jeremy	unreferenced message	markings\vulpkanin.ftl
marking-VulpHairKajam-kajam	unreferenced message	markings\vulpkanin.ftl
marking-VulpHairKeid-keid	unreferenced message	markings\vulpkanin.ftl
marking-VulpHairKleeia-kleeia	unreferenced message	markings\vulpkanin.ftl
marking-VulpHairMizar-mizar	unreferenced message	markings\vulpkanin.ftl
marking-VulpHairPunkBraided-punkbraided	unreferenced message	markings\vulpkanin.ftl
marking-VulpHairRaine-raine	unreferenced message	markings\vulpkanin.ftl
marking-VulpHairRough-rough	unreferenced message	markings\vulpkanin.ftl
marking-VulpHairShort-short	unreferenced message	markings\vulpkanin.ftl
marking-VulpHairShort2-short2	unreferenced message	markings\vulpkanin.ftl
marking-VulpHairSpike-spike	unreferenced message	markings\vulpkanin.ftl
marking-WolfTail	unreferenced message	corvax\markings\vulpkanin.ftl
marking-WolfTail-wolf_tail	unreferenced message	corvax\markings\vulpkanin.ftl
marking-WolfTail-wolf_tail_inner	unreferenced message	corvax\markings\vulpkanin.ftl
materials-xenoborg-crystal	unreferenced message	materials\materials.ftl
mech-construction-guide-string-vim	unreferenced message	mech\mech.ftl
melee-self-weapon-dealt-no-damage	unreferenced message	weapons\melee\melee.ftl
metabolizer-type-changeling	unreferenced message	metabolism\metabolizer-types.ftl
microwave-meal-Pelmeni-name	unreferenced message	ss14-ru\prototypes\corvax\entities\objects\consumable\food\soup.ftl
microwave-meal-Vulpkanin-name	unreferenced message	ss14-ru\prototypes\corvax\entities\objects\consumable\food\baked\vulpkanin.ftl
mining-dark-floor	unreferenced message	corvax\stack\stacks.ftl
mining-floor	unreferenced message	corvax\stack\stacks.ftl
mining-light-floor	unreferenced message	corvax\stack\stacks.ftl
mutation-plant-description-kudzu	unreferenced message	botany\mutations.ftl
mutation-plant-description-ligneous	unreferenced message	botany\mutations.ftl
mutation-plant-description-sampled	unreferenced message	botany\mutations.ftl
mutation-plant-description-scream	unreferenced message	botany\mutations.ftl
mutation-plant-description-seedless	unreferenced message	botany\mutations.ftl
mutation-plant-description-unviable	unreferenced message	botany\mutations.ftl
mutation-plant-noun-kudzu	unreferenced message	botany\mutations.ftl
mutation-plant-noun-ligneous	unreferenced message	botany\mutations.ftl
mutation-plant-noun-sampled	unreferenced message	botany\mutations.ftl
mutation-plant-noun-scream	unreferenced message	botany\mutations.ftl
mutation-plant-noun-seedless	unreferenced message	botany\mutations.ftl
mutation-plant-noun-unviable	unreferenced message	botany\mutations.ftl
name-format-smuggler	unreferenced message	corvax\random-metadata\random-metadata-formats.ftl
name-identifier-format-parens	unreferenced message	name-identifier.ftl
name-identifier-format-prepend	unreferenced message	name-identifier\name-identifier.ftl
name-identifier-test-1	unreferenced message	name-identifier\name-identifier.ftl
names-clown-dataset-53	unreferenced message	datasets\names\clown.ftl
names-clown-dataset-54	unreferenced message	datasets\names\clown.ftl
names-clown-dataset-55	unreferenced message	datasets\names\clown.ftl
names-clown-dataset-56	unreferenced message	datasets\names\clown.ftl
names-clown-dataset-57	unreferenced message	datasets\names\clown.ftl
names-clown-dataset-58	unreferenced message	datasets\names\clown.ftl
names-clown-dataset-59	unreferenced message	datasets\names\clown.ftl
names-clown-dataset-60	unreferenced message	datasets\names\clown.ftl
names-clown-dataset-61	unreferenced message	datasets\names\clown.ftl
names-clown-dataset-62	unreferenced message	datasets\names\clown.ftl
names-clown-dataset-63	unreferenced message	datasets\names\clown.ftl
names-clown-dataset-64	unreferenced message	datasets\names\clown.ftl
names-clown-dataset-65	unreferenced message	datasets\names\clown.ftl
names-clown-dataset-66	unreferenced message	datasets\names\clown.ftl
names-clown-dataset-67	unreferenced message	datasets\names\clown.ftl
names-clown-dataset-68	unreferenced message	datasets\names\clown.ftl
names-clown-dataset-69	unreferenced message	datasets\names\clown.ftl
names-clown-dataset-70	unreferenced message	datasets\names\clown.ftl
names-clown-dataset-71	unreferenced message	datasets\names\clown.ftl
names-clown-dataset-72	unreferenced message	datasets\names\clown.ftl
names-clown-dataset-73	unreferenced message	datasets\names\clown.ftl
names-clown-dataset-74	unreferenced message	datasets\names\clown.ftl
names-clown-dataset-75	unreferenced message	datasets\names\clown.ftl
names-death-commando-dataset-100	unreferenced message	datasets\names\death_commando.ftl
names-death-commando-dataset-101	unreferenced message	datasets\names\death_commando.ftl
names-death-commando-dataset-102	unreferenced message	datasets\names\death_commando.ftl
names-death-commando-dataset-103	unreferenced message	datasets\names\death_commando.ftl
names-death-commando-dataset-104	unreferenced message	datasets\names\death_commando.ftl
names-death-commando-dataset-105	unreferenced message	datasets\names\death_commando.ftl
names-death-commando-dataset-106	unreferenced message	datasets\names\death_commando.ftl
names-death-commando-dataset-107	unreferenced message	datasets\names\death_commando.ftl
names-death-commando-dataset-108	unreferenced message	datasets\names\death_commando.ftl
names-death-commando-dataset-109	unreferenced message	datasets\names\death_commando.ftl
names-death-commando-dataset-110	unreferenced message	datasets\names\death_commando.ftl
names-death-commando-dataset-111	unreferenced message	datasets\names\death_commando.ftl
names-death-commando-dataset-112	unreferenced message	datasets\names\death_commando.ftl
names-death-commando-dataset-113	unreferenced message	datasets\names\death_commando.ftl
names-death-commando-dataset-114	unreferenced message	datasets\names\death_commando.ftl
names-death-commando-dataset-115	unreferenced message	datasets\names\death_commando.ftl
names-death-commando-dataset-116	unreferenced message	datasets\names\death_commando.ftl
names-death-commando-dataset-117	unreferenced message	datasets\names\death_commando.ftl
names-death-commando-dataset-118	unreferenced message	datasets\names\death_commando.ftl
names-death-commando-dataset-119	unreferenced message	datasets\names\death_commando.ftl
names-death-commando-dataset-120	unreferenced message	datasets\names\death_commando.ftl
names-death-commando-dataset-121	unreferenced message	datasets\names\death_commando.ftl
names-death-commando-dataset-122	unreferenced message	datasets\names\death_commando.ftl
names-death-commando-dataset-123	unreferenced message	datasets\names\death_commando.ftl
names-death-commando-dataset-124	unreferenced message	datasets\names\death_commando.ftl
names-death-commando-dataset-125	unreferenced message	datasets\names\death_commando.ftl
names-death-commando-dataset-126	unreferenced message	datasets\names\death_commando.ftl
names-death-commando-dataset-127	unreferenced message	datasets\names\death_commando.ftl
names-death-commando-dataset-128	unreferenced message	datasets\names\death_commando.ftl
names-death-commando-dataset-129	unreferenced message	datasets\names\death_commando.ftl
names-death-commando-dataset-130	unreferenced message	datasets\names\death_commando.ftl
names-death-commando-dataset-131	unreferenced message	datasets\names\death_commando.ftl
names-death-commando-dataset-132	unreferenced message	datasets\names\death_commando.ftl
names-death-commando-dataset-133	unreferenced message	datasets\names\death_commando.ftl
names-death-commando-dataset-134	unreferenced message	datasets\names\death_commando.ftl
names-death-commando-dataset-135	unreferenced message	datasets\names\death_commando.ftl
names-death-commando-dataset-136	unreferenced message	datasets\names\death_commando.ftl
names-death-commando-dataset-137	unreferenced message	datasets\names\death_commando.ftl
names-death-commando-dataset-138	unreferenced message	datasets\names\death_commando.ftl
names-death-commando-dataset-139	unreferenced message	datasets\names\death_commando.ftl
names-death-commando-dataset-140	unreferenced message	datasets\names\death_commando.ftl
names-death-commando-dataset-141	unreferenced message	datasets\names\death_commando.ftl
names-death-commando-dataset-142	unreferenced message	datasets\names\death_commando.ftl
names-death-commando-dataset-143	unreferenced message	datasets\names\death_commando.ftl
names-death-commando-dataset-144	unreferenced message	datasets\names\death_commando.ftl
names-death-commando-dataset-145	unreferenced message	datasets\names\death_commando.ftl
names-death-commando-dataset-146	unreferenced message	datasets\names\death_commando.ftl
names-death-commando-dataset-147	unreferenced message	datasets\names\death_commando.ftl
names-death-commando-dataset-148	unreferenced message	datasets\names\death_commando.ftl
names-death-commando-dataset-149	unreferenced message	datasets\names\death_commando.ftl
names-death-commando-dataset-150	unreferenced message	datasets\names\death_commando.ftl
names-death-commando-dataset-151	unreferenced message	datasets\names\death_commando.ftl
names-death-commando-dataset-152	unreferenced message	datasets\names\death_commando.ftl
names-death-commando-dataset-153	unreferenced message	datasets\names\death_commando.ftl
names-death-commando-dataset-154	unreferenced message	datasets\names\death_commando.ftl
names-death-commando-dataset-155	unreferenced message	datasets\names\death_commando.ftl
names-death-commando-dataset-156	unreferenced message	datasets\names\death_commando.ftl
names-death-commando-dataset-157	unreferenced message	datasets\names\death_commando.ftl
names-death-commando-dataset-158	unreferenced message	datasets\names\death_commando.ftl
names-death-commando-dataset-60	unreferenced message	datasets\names\death_commando.ftl
names-death-commando-dataset-61	unreferenced message	datasets\names\death_commando.ftl
names-death-commando-dataset-62	unreferenced message	datasets\names\death_commando.ftl
names-death-commando-dataset-63	unreferenced message	datasets\names\death_commando.ftl
names-death-commando-dataset-64	unreferenced message	datasets\names\death_commando.ftl
names-death-commando-dataset-65	unreferenced message	datasets\names\death_commando.ftl
names-death-commando-dataset-66	unreferenced message	datasets\names\death_commando.ftl
names-death-commando-dataset-67	unreferenced message	datasets\names\death_commando.ftl
names-death-commando-dataset-68	unreferenced message	datasets\names\death_commando.ftl
names-death-commando-dataset-69	unreferenced message	datasets\names\death_commando.ftl
names-death-commando-dataset-70	unreferenced message	datasets\names\death_commando.ftl
names-death-commando-dataset-71	unreferenced message	datasets\names\death_commando.ftl
names-death-commando-dataset-72	unreferenced message	datasets\names\death_commando.ftl
names-death-commando-dataset-73	unreferenced message	datasets\names\death_commando.ftl
names-death-commando-dataset-74	unreferenced message	datasets\names\death_commando.ftl
names-death-commando-dataset-75	unreferenced message	datasets\names\death_commando.ftl
names-death-commando-dataset-76	unreferenced message	datasets\names\death_commando.ftl
names-death-commando-dataset-77	unreferenced message	datasets\names\death_commando.ftl
names-death-commando-dataset-78	unreferenced message	datasets\names\death_commando.ftl
names-death-commando-dataset-79	unreferenced message	datasets\names\death_commando.ftl
names-death-commando-dataset-80	unreferenced message	datasets\names\death_commando.ftl
names-death-commando-dataset-81	unreferenced message	datasets\names\death_commando.ftl
names-death-commando-dataset-82	unreferenced message	datasets\names\death_commando.ftl
names-death-commando-dataset-83	unreferenced message	datasets\names\death_commando.ftl
names-death-commando-dataset-84	unreferenced message	datasets\names\death_commando.ftl
names-death-commando-dataset-85	unreferenced message	datasets\names\death_commando.ftl
names-death-commando-dataset-86	unreferenced message	datasets\names\death_commando.ftl
names-death-commando-dataset-87	unreferenced message	datasets\names\death_commando.ftl
names-death-commando-dataset-88	unreferenced message	datasets\names\death_commando.ftl
names-death-commando-dataset-89	unreferenced message	datasets\names\death_commando.ftl
names-death-commando-dataset-90	unreferenced message	datasets\names\death_commando.ftl
names-death-commando-dataset-91	unreferenced message	datasets\names\death_commando.ftl
names-death-commando-dataset-92	unreferenced message	datasets\names\death_commando.ftl
names-death-commando-dataset-93	unreferenced message	datasets\names\death_commando.ftl
names-death-commando-dataset-94	unreferenced message	datasets\names\death_commando.ftl
names-death-commando-dataset-95	unreferenced message	datasets\names\death_commando.ftl
names-death-commando-dataset-96	unreferenced message	datasets\names\death_commando.ftl
names-death-commando-dataset-97	unreferenced message	datasets\names\death_commando.ftl
names-death-commando-dataset-98	unreferenced message	datasets\names\death_commando.ftl
names-death-commando-dataset-99	unreferenced message	datasets\names\death_commando.ftl
names-first-female-dataset-1000	unreferenced message	datasets\names\first_female.ftl
names-first-female-dataset-1001	unreferenced message	datasets\names\first_female.ftl
names-first-female-dataset-1002	unreferenced message	datasets\names\first_female.ftl
names-first-female-dataset-1003	unreferenced message	datasets\names\first_female.ftl
names-first-female-dataset-1004	unreferenced message	datasets\names\first_female.ftl
names-first-female-dataset-1005	unreferenced message	datasets\names\first_female.ftl
names-first-female-dataset-1006	unreferenced message	datasets\names\first_female.ftl
names-first-female-dataset-1007	unreferenced message	datasets\names\first_female.ftl
names-first-female-dataset-1008	unreferenced message	datasets\names\first_female.ftl
names-first-female-dataset-1009	unreferenced message	datasets\names\first_female.ftl
names-first-female-dataset-1010	unreferenced message	datasets\names\first_female.ftl
names-first-female-dataset-1011	unreferenced message	datasets\names\first_female.ftl
names-first-female-dataset-1012	unreferenced message	datasets\names\first_female.ftl
names-first-female-dataset-1013	unreferenced message	datasets\names\first_female.ftl
names-first-female-dataset-1014	unreferenced message	datasets\names\first_female.ftl
names-first-female-dataset-1015	unreferenced message	datasets\names\first_female.ftl
names-first-female-dataset-1016	unreferenced message	datasets\names\first_female.ftl
names-first-female-dataset-1017	unreferenced message	datasets\names\first_female.ftl
names-first-female-dataset-1018	unreferenced message	datasets\names\first_female.ftl
names-first-female-dataset-1019	unreferenced message	datasets\names\first_female.ftl
names-first-female-dataset-1020	unreferenced message	datasets\names\first_female.ftl
names-first-female-dataset-1021	unreferenced message	datasets\names\first_female.ftl
names-first-female-dataset-1022	unreferenced message	datasets\names\first_female.ftl
names-first-female-dataset-1023	unreferenced message	datasets\names\first_female.ftl
names-first-female-dataset-1024	unreferenced message	datasets\names\first_female.ftl
names-first-female-dataset-1025	unreferenced message	datasets\names\first_female.ftl
names-first-female-dataset-1026	unreferenced message	datasets\names\first_female.ftl
names-first-female-dataset-1027	unreferenced message	datasets\names\first_female.ftl
names-first-female-dataset-1028	unreferenced message	datasets\names\first_female.ftl
names-first-female-dataset-1029	unreferenced message	datasets\names\first_female.ftl
names-first-female-dataset-1030	unreferenced message	datasets\names\first_female.ftl
names-first-female-dataset-1031	unreferenced message	datasets\names\first_female.ftl
names-first-female-dataset-1032	unreferenced message	datasets\names\first_female.ftl
names-first-female-dataset-1033	unreferenced message	datasets\names\first_female.ftl
names-first-female-dataset-1034	unreferenced message	datasets\names\first_female.ftl
names-first-female-dataset-1035	unreferenced message	datasets\names\first_female.ftl
names-first-female-dataset-1036	unreferenced message	datasets\names\first_female.ftl
names-first-female-dataset-1037	unreferenced message	datasets\names\first_female.ftl
names-first-female-dataset-1038	unreferenced message	datasets\names\first_female.ftl
names-first-female-dataset-1039	unreferenced message	datasets\names\first_female.ftl
names-first-female-dataset-1040	unreferenced message	datasets\names\first_female.ftl
names-first-female-dataset-1041	unreferenced message	datasets\names\first_female.ftl
names-first-female-dataset-1042	unreferenced message	datasets\names\first_female.ftl
names-first-female-dataset-1043	unreferenced message	datasets\names\first_female.ftl
names-first-female-dataset-1044	unreferenced message	datasets\names\first_female.ftl
names-first-female-dataset-1045	unreferenced message	datasets\names\first_female.ftl
names-first-female-dataset-1046	unreferenced message	datasets\names\first_female.ftl
names-first-female-dataset-1047	unreferenced message	datasets\names\first_female.ftl
names-first-female-dataset-1048	unreferenced message	datasets\names\first_female.ftl
names-first-female-dataset-1049	unreferenced message	datasets\names\first_female.ftl
names-first-female-dataset-1050	unreferenced message	datasets\names\first_female.ftl
names-first-female-dataset-1051	unreferenced message	datasets\names\first_female.ftl
names-first-female-dataset-1052	unreferenced message	datasets\names\first_female.ftl
names-first-female-dataset-1053	unreferenced message	datasets\names\first_female.ftl
names-first-female-dataset-1054	unreferenced message	datasets\names\first_female.ftl
names-first-female-dataset-1055	unreferenced message	datasets\names\first_female.ftl
names-first-female-dataset-1056	unreferenced message	datasets\names\first_female.ftl
names-first-female-dataset-1057	unreferenced message	datasets\names\first_female.ftl
names-first-female-dataset-1058	unreferenced message	datasets\names\first_female.ftl
names-first-female-dataset-1059	unreferenced message	datasets\names\first_female.ftl
names-first-female-dataset-1060	unreferenced message	datasets\names\first_female.ftl
names-first-female-dataset-1061	unreferenced message	datasets\names\first_female.ftl
names-first-female-dataset-1062	unreferenced message	datasets\names\first_female.ftl
names-first-female-dataset-1063	unreferenced message	datasets\names\first_female.ftl
names-first-female-dataset-1064	unreferenced message	datasets\names\first_female.ftl
names-first-female-dataset-1065	unreferenced message	datasets\names\first_female.ftl
names-first-female-dataset-1066	unreferenced message	datasets\names\first_female.ftl
names-first-female-dataset-1067	unreferenced message	datasets\names\first_female.ftl
names-first-female-dataset-1068	unreferenced message	datasets\names\first_female.ftl
names-first-female-dataset-1069	unreferenced message	datasets\names\first_female.ftl
names-first-female-dataset-1070	unreferenced message	datasets\names\first_female.ftl
names-first-female-dataset-1071	unreferenced message	datasets\names\first_female.ftl
names-first-female-dataset-1072	unreferenced message	datasets\names\first_female.ftl
names-first-female-dataset-1073	unreferenced message	datasets\names\first_female.ftl
names-first-female-dataset-1074	unreferenced message	datasets\names\first_female.ftl
names-first-female-dataset-1075	unreferenced message	datasets\names\first_female.ftl
names-first-female-dataset-1076	unreferenced message	datasets\names\first_female.ftl
names-first-female-dataset-1077	unreferenced message	datasets\names\first_female.ftl
names-first-female-dataset-1078	unreferenced message	datasets\names\first_female.ftl
names-first-female-dataset-1079	unreferenced message	datasets\names\first_female.ftl
names-first-female-dataset-1080	unreferenced message	datasets\names\first_female.ftl
names-first-female-dataset-1081	unreferenced message	datasets\names\first_female.ftl
names-first-female-dataset-1082	unreferenced message	datasets\names\first_female.ftl
names-first-female-dataset-1083	unreferenced message	datasets\names\first_female.ftl
names-first-female-dataset-1084	unreferenced message	datasets\names\first_female.ftl
names-first-female-dataset-1085	unreferenced message	datasets\names\first_female.ftl
names-first-female-dataset-1086	unreferenced message	datasets\names\first_female.ftl
names-first-female-dataset-1087	unreferenced message	datasets\names\first_female.ftl
names-first-female-dataset-1088	unreferenced message	datasets\names\first_female.ftl
names-first-female-dataset-1089	unreferenced message	datasets\names\first_female.ftl
names-first-female-dataset-1090	unreferenced message	datasets\names\first_female.ftl
names-first-female-dataset-1091	unreferenced message	datasets\names\first_female.ftl
names-first-female-dataset-1092	unreferenced message	datasets\names\first_female.ftl
names-first-female-dataset-1093	unreferenced message	datasets\names\first_female.ftl
names-first-female-dataset-1094	unreferenced message	datasets\names\first_female.ftl
names-first-female-dataset-1095	unreferenced message	datasets\names\first_female.ftl
names-first-female-dataset-1096	unreferenced message	datasets\names\first_female.ftl
names-first-female-dataset-1097	unreferenced message	datasets\names\first_female.ftl
names-first-female-dataset-1098	unreferenced message	datasets\names\first_female.ftl
names-first-female-dataset-1099	unreferenced message	datasets\names\first_female.ftl
names-first-female-dataset-1100	unreferenced message	datasets\names\first_female.ftl
names-first-female-dataset-1101	unreferenced message	datasets\names\first_female.ftl
names-first-female-dataset-1102	unreferenced message	datasets\names\first_female.ftl
names-first-female-dataset-1103	unreferenced message	datasets\names\first_female.ftl
names-first-female-dataset-1104	unreferenced message	datasets\names\first_female.ftl
names-first-female-dataset-1105	unreferenced message	datasets\names\first_female.ftl
names-first-female-dataset-1106	unreferenced message	datasets\names\first_female.ftl
names-first-female-dataset-1107	unreferenced message	datasets\names\first_female.ftl
names-first-female-dataset-1108	unreferenced message	datasets\names\first_female.ftl
names-first-female-dataset-1109	unreferenced message	datasets\names\first_female.ftl
names-first-female-dataset-1110	unreferenced message	datasets\names\first_female.ftl
names-first-female-dataset-1111	unreferenced message	datasets\names\first_female.ftl
names-first-female-dataset-1112	unreferenced message	datasets\names\first_female.ftl
names-first-female-dataset-1113	unreferenced message	datasets\names\first_female.ftl
names-first-female-dataset-1114	unreferenced message	datasets\names\first_female.ftl
names-first-female-dataset-1115	unreferenced message	datasets\names\first_female.ftl
names-first-female-dataset-1116	unreferenced message	datasets\names\first_female.ftl
names-first-female-dataset-1117	unreferenced message	datasets\names\first_female.ftl
names-first-female-dataset-1118	unreferenced message	datasets\names\first_female.ftl
names-first-female-dataset-1119	unreferenced message	datasets\names\first_female.ftl
names-first-female-dataset-1120	unreferenced message	datasets\names\first_female.ftl
names-first-female-dataset-1121	unreferenced message	datasets\names\first_female.ftl
names-first-female-dataset-1122	unreferenced message	datasets\names\first_female.ftl
names-first-female-dataset-1123	unreferenced message	datasets\names\first_female.ftl
names-first-female-dataset-1124	unreferenced message	datasets\names\first_female.ftl
names-first-female-dataset-1125	unreferenced message	datasets\names\first_female.ftl
names-first-female-dataset-1126	unreferenced message	datasets\names\first_female.ftl
names-first-female-dataset-1127	unreferenced message	datasets\names\first_female.ftl
names-first-female-dataset-1128	unreferenced message	datasets\names\first_female.ftl
names-first-female-dataset-1129	unreferenced message	datasets\names\first_female.ftl
names-first-female-dataset-1130	unreferenced message	datasets\names\first_female.ftl
names-first-female-dataset-1131	unreferenced message	datasets\names\first_female.ftl
names-first-female-dataset-1132	unreferenced message	datasets\names\first_female.ftl
names-first-female-dataset-1133	unreferenced message	datasets\names\first_female.ftl
names-first-female-dataset-1134	unreferenced message	datasets\names\first_female.ftl
names-first-female-dataset-1135	unreferenced message	datasets\names\first_female.ftl
names-first-female-dataset-1136	unreferenced message	datasets\names\first_female.ftl
names-first-female-dataset-1137	unreferenced message	datasets\names\first_female.ftl
names-first-female-dataset-1138	unreferenced message	datasets\names\first_female.ftl
names-first-female-dataset-1139	unreferenced message	datasets\names\first_female.ftl
names-first-female-dataset-1140	unreferenced message	datasets\names\first_female.ftl
names-first-female-dataset-1141	unreferenced message	datasets\names\first_female.ftl
names-first-female-dataset-1142	unreferenced message	datasets\names\first_female.ftl
names-first-female-dataset-1143	unreferenced message	datasets\names\first_female.ftl
names-first-female-dataset-1144	unreferenced message	datasets\names\first_female.ftl
names-first-female-dataset-1145	unreferenced message	datasets\names\first_female.ftl
names-first-female-dataset-772	unreferenced message	datasets\names\first_female.ftl
names-first-female-dataset-773	unreferenced message	datasets\names\first_female.ftl
names-first-female-dataset-774	unreferenced message	datasets\names\first_female.ftl
names-first-female-dataset-775	unreferenced message	datasets\names\first_female.ftl
names-first-female-dataset-776	unreferenced message	datasets\names\first_female.ftl
names-first-female-dataset-777	unreferenced message	datasets\names\first_female.ftl
names-first-female-dataset-778	unreferenced message	datasets\names\first_female.ftl
names-first-female-dataset-779	unreferenced message	datasets\names\first_female.ftl
names-first-female-dataset-780	unreferenced message	datasets\names\first_female.ftl
names-first-female-dataset-781	unreferenced message	datasets\names\first_female.ftl
names-first-female-dataset-782	unreferenced message	datasets\names\first_female.ftl
names-first-female-dataset-783	unreferenced message	datasets\names\first_female.ftl
names-first-female-dataset-784	unreferenced message	datasets\names\first_female.ftl
names-first-female-dataset-785	unreferenced message	datasets\names\first_female.ftl
names-first-female-dataset-786	unreferenced message	datasets\names\first_female.ftl
names-first-female-dataset-787	unreferenced message	datasets\names\first_female.ftl
names-first-female-dataset-788	unreferenced message	datasets\names\first_female.ftl
names-first-female-dataset-789	unreferenced message	datasets\names\first_female.ftl
names-first-female-dataset-790	unreferenced message	datasets\names\first_female.ftl
names-first-female-dataset-791	unreferenced message	datasets\names\first_female.ftl
names-first-female-dataset-792	unreferenced message	datasets\names\first_female.ftl
names-first-female-dataset-793	unreferenced message	datasets\names\first_female.ftl
names-first-female-dataset-794	unreferenced message	datasets\names\first_female.ftl
names-first-female-dataset-795	unreferenced message	datasets\names\first_female.ftl
names-first-female-dataset-796	unreferenced message	datasets\names\first_female.ftl
names-first-female-dataset-797	unreferenced message	datasets\names\first_female.ftl
names-first-female-dataset-798	unreferenced message	datasets\names\first_female.ftl
names-first-female-dataset-799	unreferenced message	datasets\names\first_female.ftl
names-first-female-dataset-800	unreferenced message	datasets\names\first_female.ftl
names-first-female-dataset-801	unreferenced message	datasets\names\first_female.ftl
names-first-female-dataset-802	unreferenced message	datasets\names\first_female.ftl
names-first-female-dataset-803	unreferenced message	datasets\names\first_female.ftl
names-first-female-dataset-804	unreferenced message	datasets\names\first_female.ftl
names-first-female-dataset-805	unreferenced message	datasets\names\first_female.ftl
names-first-female-dataset-806	unreferenced message	datasets\names\first_female.ftl
names-first-female-dataset-807	unreferenced message	datasets\names\first_female.ftl
names-first-female-dataset-808	unreferenced message	datasets\names\first_female.ftl
names-first-female-dataset-809	unreferenced message	datasets\names\first_female.ftl
names-first-female-dataset-810	unreferenced message	datasets\names\first_female.ftl
names-first-female-dataset-811	unreferenced message	datasets\names\first_female.ftl
names-first-female-dataset-812	unreferenced message	datasets\names\first_female.ftl
names-first-female-dataset-813	unreferenced message	datasets\names\first_female.ftl
names-first-female-dataset-814	unreferenced message	datasets\names\first_female.ftl
names-first-female-dataset-815	unreferenced message	datasets\names\first_female.ftl
names-first-female-dataset-816	unreferenced message	datasets\names\first_female.ftl
names-first-female-dataset-817	unreferenced message	datasets\names\first_female.ftl
names-first-female-dataset-818	unreferenced message	datasets\names\first_female.ftl
names-first-female-dataset-819	unreferenced message	datasets\names\first_female.ftl
names-first-female-dataset-820	unreferenced message	datasets\names\first_female.ftl
names-first-female-dataset-821	unreferenced message	datasets\names\first_female.ftl
names-first-female-dataset-822	unreferenced message	datasets\names\first_female.ftl
names-first-female-dataset-823	unreferenced message	datasets\names\first_female.ftl
names-first-female-dataset-824	unreferenced message	datasets\names\first_female.ftl
names-first-female-dataset-825	unreferenced message	datasets\names\first_female.ftl
names-first-female-dataset-826	unreferenced message	datasets\names\first_female.ftl
names-first-female-dataset-827	unreferenced message	datasets\names\first_female.ftl
names-first-female-dataset-828	unreferenced message	datasets\names\first_female.ftl
names-first-female-dataset-829	unreferenced message	datasets\names\first_female.ftl
names-first-female-dataset-830	unreferenced message	datasets\names\first_female.ftl
names-first-female-dataset-831	unreferenced message	datasets\names\first_female.ftl
names-first-female-dataset-832	unreferenced message	datasets\names\first_female.ftl
names-first-female-dataset-833	unreferenced message	datasets\names\first_female.ftl
names-first-female-dataset-834	unreferenced message	datasets\names\first_female.ftl
names-first-female-dataset-835	unreferenced message	datasets\names\first_female.ftl
names-first-female-dataset-836	unreferenced message	datasets\names\first_female.ftl
names-first-female-dataset-837	unreferenced message	datasets\names\first_female.ftl
names-first-female-dataset-838	unreferenced message	datasets\names\first_female.ftl
names-first-female-dataset-839	unreferenced message	datasets\names\first_female.ftl
names-first-female-dataset-840	unreferenced message	datasets\names\first_female.ftl
names-first-female-dataset-841	unreferenced message	datasets\names\first_female.ftl
names-first-female-dataset-842	unreferenced message	datasets\names\first_female.ftl
names-first-female-dataset-843	unreferenced message	datasets\names\first_female.ftl
names-first-female-dataset-844	unreferenced message	datasets\names\first_female.ftl
names-first-female-dataset-845	unreferenced message	datasets\names\first_female.ftl
names-first-female-dataset-846	unreferenced message	datasets\names\first_female.ftl
names-first-female-dataset-847	unreferenced message	datasets\names\first_female.ftl
names-first-female-dataset-848	unreferenced message	datasets\names\first_female.ftl
names-first-female-dataset-849	unreferenced message	datasets\names\first_female.ftl
names-first-female-dataset-850	unreferenced message	datasets\names\first_female.ftl
names-first-female-dataset-851	unreferenced message	datasets\names\first_female.ftl
names-first-female-dataset-852	unreferenced message	datasets\names\first_female.ftl
names-first-female-dataset-853	unreferenced message	datasets\names\first_female.ftl
names-first-female-dataset-854	unreferenced message	datasets\names\first_female.ftl
names-first-female-dataset-855	unreferenced message	datasets\names\first_female.ftl
names-first-female-dataset-856	unreferenced message	datasets\names\first_female.ftl
names-first-female-dataset-857	unreferenced message	datasets\names\first_female.ftl
names-first-female-dataset-858	unreferenced message	datasets\names\first_female.ftl
names-first-female-dataset-859	unreferenced message	datasets\names\first_female.ftl
names-first-female-dataset-860	unreferenced message	datasets\names\first_female.ftl
names-first-female-dataset-861	unreferenced message	datasets\names\first_female.ftl
names-first-female-dataset-862	unreferenced message	datasets\names\first_female.ftl
names-first-female-dataset-863	unreferenced message	datasets\names\first_female.ftl
names-first-female-dataset-864	unreferenced message	datasets\names\first_female.ftl
names-first-female-dataset-865	unreferenced message	datasets\names\first_female.ftl
names-first-female-dataset-866	unreferenced message	datasets\names\first_female.ftl
names-first-female-dataset-867	unreferenced message	datasets\names\first_female.ftl
names-first-female-dataset-868	unreferenced message	datasets\names\first_female.ftl
names-first-female-dataset-869	unreferenced message	datasets\names\first_female.ftl
names-first-female-dataset-870	unreferenced message	datasets\names\first_female.ftl
names-first-female-dataset-871	unreferenced message	datasets\names\first_female.ftl
names-first-female-dataset-872	unreferenced message	datasets\names\first_female.ftl
names-first-female-dataset-873	unreferenced message	datasets\names\first_female.ftl
names-first-female-dataset-874	unreferenced message	datasets\names\first_female.ftl
names-first-female-dataset-875	unreferenced message	datasets\names\first_female.ftl
names-first-female-dataset-876	unreferenced message	datasets\names\first_female.ftl
names-first-female-dataset-877	unreferenced message	datasets\names\first_female.ftl
names-first-female-dataset-878	unreferenced message	datasets\names\first_female.ftl
names-first-female-dataset-879	unreferenced message	datasets\names\first_female.ftl
names-first-female-dataset-880	unreferenced message	datasets\names\first_female.ftl
names-first-female-dataset-881	unreferenced message	datasets\names\first_female.ftl
names-first-female-dataset-882	unreferenced message	datasets\names\first_female.ftl
names-first-female-dataset-883	unreferenced message	datasets\names\first_female.ftl
names-first-female-dataset-884	unreferenced message	datasets\names\first_female.ftl
names-first-female-dataset-885	unreferenced message	datasets\names\first_female.ftl
names-first-female-dataset-886	unreferenced message	datasets\names\first_female.ftl
names-first-female-dataset-887	unreferenced message	datasets\names\first_female.ftl
names-first-female-dataset-888	unreferenced message	datasets\names\first_female.ftl
names-first-female-dataset-889	unreferenced message	datasets\names\first_female.ftl
names-first-female-dataset-890	unreferenced message	datasets\names\first_female.ftl
names-first-female-dataset-891	unreferenced message	datasets\names\first_female.ftl
names-first-female-dataset-892	unreferenced message	datasets\names\first_female.ftl
names-first-female-dataset-893	unreferenced message	datasets\names\first_female.ftl
names-first-female-dataset-894	unreferenced message	datasets\names\first_female.ftl
names-first-female-dataset-895	unreferenced message	datasets\names\first_female.ftl
names-first-female-dataset-896	unreferenced message	datasets\names\first_female.ftl
names-first-female-dataset-897	unreferenced message	datasets\names\first_female.ftl
names-first-female-dataset-898	unreferenced message	datasets\names\first_female.ftl
names-first-female-dataset-899	unreferenced message	datasets\names\first_female.ftl
names-first-female-dataset-900	unreferenced message	datasets\names\first_female.ftl
names-first-female-dataset-901	unreferenced message	datasets\names\first_female.ftl
names-first-female-dataset-902	unreferenced message	datasets\names\first_female.ftl
names-first-female-dataset-903	unreferenced message	datasets\names\first_female.ftl
names-first-female-dataset-904	unreferenced message	datasets\names\first_female.ftl
names-first-female-dataset-905	unreferenced message	datasets\names\first_female.ftl
names-first-female-dataset-906	unreferenced message	datasets\names\first_female.ftl
names-first-female-dataset-907	unreferenced message	datasets\names\first_female.ftl
names-first-female-dataset-908	unreferenced message	datasets\names\first_female.ftl
names-first-female-dataset-909	unreferenced message	datasets\names\first_female.ftl
names-first-female-dataset-910	unreferenced message	datasets\names\first_female.ftl
names-first-female-dataset-911	unreferenced message	datasets\names\first_female.ftl
names-first-female-dataset-912	unreferenced message	datasets\names\first_female.ftl
names-first-female-dataset-913	unreferenced message	datasets\names\first_female.ftl
names-first-female-dataset-914	unreferenced message	datasets\names\first_female.ftl
names-first-female-dataset-915	unreferenced message	datasets\names\first_female.ftl
names-first-female-dataset-916	unreferenced message	datasets\names\first_female.ftl
names-first-female-dataset-917	unreferenced message	datasets\names\first_female.ftl
names-first-female-dataset-918	unreferenced message	datasets\names\first_female.ftl
names-first-female-dataset-919	unreferenced message	datasets\names\first_female.ftl
names-first-female-dataset-920	unreferenced message	datasets\names\first_female.ftl
names-first-female-dataset-921	unreferenced message	datasets\names\first_female.ftl
names-first-female-dataset-922	unreferenced message	datasets\names\first_female.ftl
names-first-female-dataset-923	unreferenced message	datasets\names\first_female.ftl
names-first-female-dataset-924	unreferenced message	datasets\names\first_female.ftl
names-first-female-dataset-925	unreferenced message	datasets\names\first_female.ftl
names-first-female-dataset-926	unreferenced message	datasets\names\first_female.ftl
names-first-female-dataset-927	unreferenced message	datasets\names\first_female.ftl
names-first-female-dataset-928	unreferenced message	datasets\names\first_female.ftl
names-first-female-dataset-929	unreferenced message	datasets\names\first_female.ftl
names-first-female-dataset-930	unreferenced message	datasets\names\first_female.ftl
names-first-female-dataset-931	unreferenced message	datasets\names\first_female.ftl
names-first-female-dataset-932	unreferenced message	datasets\names\first_female.ftl
names-first-female-dataset-933	unreferenced message	datasets\names\first_female.ftl
names-first-female-dataset-934	unreferenced message	datasets\names\first_female.ftl
names-first-female-dataset-935	unreferenced message	datasets\names\first_female.ftl
names-first-female-dataset-936	unreferenced message	datasets\names\first_female.ftl
names-first-female-dataset-937	unreferenced message	datasets\names\first_female.ftl
names-first-female-dataset-938	unreferenced message	datasets\names\first_female.ftl
names-first-female-dataset-939	unreferenced message	datasets\names\first_female.ftl
names-first-female-dataset-940	unreferenced message	datasets\names\first_female.ftl
names-first-female-dataset-941	unreferenced message	datasets\names\first_female.ftl
names-first-female-dataset-942	unreferenced message	datasets\names\first_female.ftl
names-first-female-dataset-943	unreferenced message	datasets\names\first_female.ftl
names-first-female-dataset-944	unreferenced message	datasets\names\first_female.ftl
names-first-female-dataset-945	unreferenced message	datasets\names\first_female.ftl
names-first-female-dataset-946	unreferenced message	datasets\names\first_female.ftl
names-first-female-dataset-947	unreferenced message	datasets\names\first_female.ftl
names-first-female-dataset-948	unreferenced message	datasets\names\first_female.ftl
names-first-female-dataset-949	unreferenced message	datasets\names\first_female.ftl
names-first-female-dataset-950	unreferenced message	datasets\names\first_female.ftl
names-first-female-dataset-951	unreferenced message	datasets\names\first_female.ftl
names-first-female-dataset-952	unreferenced message	datasets\names\first_female.ftl
names-first-female-dataset-953	unreferenced message	datasets\names\first_female.ftl
names-first-female-dataset-954	unreferenced message	datasets\names\first_female.ftl
names-first-female-dataset-955	unreferenced message	datasets\names\first_female.ftl
names-first-female-dataset-956	unreferenced message	datasets\names\first_female.ftl
names-first-female-dataset-957	unreferenced message	datasets\names\first_female.ftl
names-first-female-dataset-958	unreferenced message	datasets\names\first_female.ftl
names-first-female-dataset-959	unreferenced message	datasets\names\first_female.ftl
names-first-female-dataset-960	unreferenced message	datasets\names\first_female.ftl
names-first-female-dataset-961	unreferenced message	datasets\names\first_female.ftl
names-first-female-dataset-962	unreferenced message	datasets\names\first_female.ftl
names-first-female-dataset-963	unreferenced message	datasets\names\first_female.ftl
names-first-female-dataset-964	unreferenced message	datasets\names\first_female.ftl
names-first-female-dataset-965	unreferenced message	datasets\names\first_female.ftl
names-first-female-dataset-966	unreferenced message	datasets\names\first_female.ftl
names-first-female-dataset-967	unreferenced message	datasets\names\first_female.ftl
names-first-female-dataset-968	unreferenced message	datasets\names\first_female.ftl
names-first-female-dataset-969	unreferenced message	datasets\names\first_female.ftl
names-first-female-dataset-970	unreferenced message	datasets\names\first_female.ftl
names-first-female-dataset-971	unreferenced message	datasets\names\first_female.ftl
names-first-female-dataset-972	unreferenced message	datasets\names\first_female.ftl
names-first-female-dataset-973	unreferenced message	datasets\names\first_female.ftl
names-first-female-dataset-974	unreferenced message	datasets\names\first_female.ftl
names-first-female-dataset-975	unreferenced message	datasets\names\first_female.ftl
names-first-female-dataset-976	unreferenced message	datasets\names\first_female.ftl
names-first-female-dataset-977	unreferenced message	datasets\names\first_female.ftl
names-first-female-dataset-978	unreferenced message	datasets\names\first_female.ftl
names-first-female-dataset-979	unreferenced message	datasets\names\first_female.ftl
names-first-female-dataset-980	unreferenced message	datasets\names\first_female.ftl
names-first-female-dataset-981	unreferenced message	datasets\names\first_female.ftl
names-first-female-dataset-982	unreferenced message	datasets\names\first_female.ftl
names-first-female-dataset-983	unreferenced message	datasets\names\first_female.ftl
names-first-female-dataset-984	unreferenced message	datasets\names\first_female.ftl
names-first-female-dataset-985	unreferenced message	datasets\names\first_female.ftl
names-first-female-dataset-986	unreferenced message	datasets\names\first_female.ftl
names-first-female-dataset-987	unreferenced message	datasets\names\first_female.ftl
names-first-female-dataset-988	unreferenced message	datasets\names\first_female.ftl
names-first-female-dataset-989	unreferenced message	datasets\names\first_female.ftl
names-first-female-dataset-990	unreferenced message	datasets\names\first_female.ftl
names-first-female-dataset-991	unreferenced message	datasets\names\first_female.ftl
names-first-female-dataset-992	unreferenced message	datasets\names\first_female.ftl
names-first-female-dataset-993	unreferenced message	datasets\names\first_female.ftl
names-first-female-dataset-994	unreferenced message	datasets\names\first_female.ftl
names-first-female-dataset-995	unreferenced message	datasets\names\first_female.ftl
names-first-female-dataset-996	unreferenced message	datasets\names\first_female.ftl
names-first-female-dataset-997	unreferenced message	datasets\names\first_female.ftl
names-first-female-dataset-998	unreferenced message	datasets\names\first_female.ftl
names-first-female-dataset-999	unreferenced message	datasets\names\first_female.ftl
names-first-male-dataset-667	unreferenced message	datasets\names\first_male.ftl
names-first-male-dataset-668	unreferenced message	datasets\names\first_male.ftl
names-first-male-dataset-669	unreferenced message	datasets\names\first_male.ftl
names-first-male-dataset-670	unreferenced message	datasets\names\first_male.ftl
names-first-male-dataset-671	unreferenced message	datasets\names\first_male.ftl
names-first-male-dataset-672	unreferenced message	datasets\names\first_male.ftl
names-first-male-dataset-673	unreferenced message	datasets\names\first_male.ftl
names-first-male-dataset-674	unreferenced message	datasets\names\first_male.ftl
names-first-male-dataset-675	unreferenced message	datasets\names\first_male.ftl
names-first-male-dataset-676	unreferenced message	datasets\names\first_male.ftl
names-first-male-dataset-677	unreferenced message	datasets\names\first_male.ftl
names-first-male-dataset-678	unreferenced message	datasets\names\first_male.ftl
names-first-male-dataset-679	unreferenced message	datasets\names\first_male.ftl
names-first-male-dataset-680	unreferenced message	datasets\names\first_male.ftl
names-first-male-dataset-681	unreferenced message	datasets\names\first_male.ftl
names-first-male-dataset-682	unreferenced message	datasets\names\first_male.ftl
names-first-male-dataset-683	unreferenced message	datasets\names\first_male.ftl
names-first-male-dataset-684	unreferenced message	datasets\names\first_male.ftl
names-first-male-dataset-685	unreferenced message	datasets\names\first_male.ftl
names-first-male-dataset-686	unreferenced message	datasets\names\first_male.ftl
names-first-male-dataset-687	unreferenced message	datasets\names\first_male.ftl
names-first-male-dataset-688	unreferenced message	datasets\names\first_male.ftl
names-first-male-dataset-689	unreferenced message	datasets\names\first_male.ftl
names-first-male-dataset-690	unreferenced message	datasets\names\first_male.ftl
names-first-male-dataset-691	unreferenced message	datasets\names\first_male.ftl
names-first-male-dataset-692	unreferenced message	datasets\names\first_male.ftl
names-first-male-dataset-693	unreferenced message	datasets\names\first_male.ftl
names-first-male-dataset-694	unreferenced message	datasets\names\first_male.ftl
names-first-male-dataset-695	unreferenced message	datasets\names\first_male.ftl
names-first-male-dataset-696	unreferenced message	datasets\names\first_male.ftl
names-first-male-dataset-697	unreferenced message	datasets\names\first_male.ftl
names-first-male-dataset-698	unreferenced message	datasets\names\first_male.ftl
names-first-male-dataset-699	unreferenced message	datasets\names\first_male.ftl
names-first-male-dataset-700	unreferenced message	datasets\names\first_male.ftl
names-first-male-dataset-701	unreferenced message	datasets\names\first_male.ftl
names-first-male-dataset-702	unreferenced message	datasets\names\first_male.ftl
names-first-male-dataset-703	unreferenced message	datasets\names\first_male.ftl
names-first-male-dataset-704	unreferenced message	datasets\names\first_male.ftl
names-first-male-dataset-705	unreferenced message	datasets\names\first_male.ftl
names-first-male-dataset-706	unreferenced message	datasets\names\first_male.ftl
names-first-male-dataset-707	unreferenced message	datasets\names\first_male.ftl
names-first-male-dataset-708	unreferenced message	datasets\names\first_male.ftl
names-first-male-dataset-709	unreferenced message	datasets\names\first_male.ftl
names-first-male-dataset-710	unreferenced message	datasets\names\first_male.ftl
names-first-male-dataset-711	unreferenced message	datasets\names\first_male.ftl
names-first-male-dataset-712	unreferenced message	datasets\names\first_male.ftl
names-first-male-dataset-713	unreferenced message	datasets\names\first_male.ftl
names-first-male-dataset-714	unreferenced message	datasets\names\first_male.ftl
names-first-male-dataset-715	unreferenced message	datasets\names\first_male.ftl
names-first-male-dataset-716	unreferenced message	datasets\names\first_male.ftl
names-first-male-dataset-717	unreferenced message	datasets\names\first_male.ftl
names-first-male-dataset-718	unreferenced message	datasets\names\first_male.ftl
names-first-male-dataset-719	unreferenced message	datasets\names\first_male.ftl
names-first-male-dataset-720	unreferenced message	datasets\names\first_male.ftl
names-first-male-dataset-721	unreferenced message	datasets\names\first_male.ftl
names-first-male-dataset-722	unreferenced message	datasets\names\first_male.ftl
names-first-male-dataset-723	unreferenced message	datasets\names\first_male.ftl
names-first-male-dataset-724	unreferenced message	datasets\names\first_male.ftl
names-first-male-dataset-725	unreferenced message	datasets\names\first_male.ftl
names-first-male-dataset-726	unreferenced message	datasets\names\first_male.ftl
names-first-male-dataset-727	unreferenced message	datasets\names\first_male.ftl
names-first-male-dataset-728	unreferenced message	datasets\names\first_male.ftl
names-first-male-dataset-729	unreferenced message	datasets\names\first_male.ftl
names-first-male-dataset-730	unreferenced message	datasets\names\first_male.ftl
names-first-male-dataset-731	unreferenced message	datasets\names\first_male.ftl
names-first-male-dataset-732	unreferenced message	datasets\names\first_male.ftl
names-first-male-dataset-733	unreferenced message	datasets\names\first_male.ftl
names-first-male-dataset-734	unreferenced message	datasets\names\first_male.ftl
names-first-male-dataset-735	unreferenced message	datasets\names\first_male.ftl
names-first-male-dataset-736	unreferenced message	datasets\names\first_male.ftl
names-first-male-dataset-737	unreferenced message	datasets\names\first_male.ftl
names-first-male-dataset-738	unreferenced message	datasets\names\first_male.ftl
names-first-male-dataset-739	unreferenced message	datasets\names\first_male.ftl
names-first-male-dataset-740	unreferenced message	datasets\names\first_male.ftl
names-first-male-dataset-741	unreferenced message	datasets\names\first_male.ftl
names-first-male-dataset-742	unreferenced message	datasets\names\first_male.ftl
names-first-male-dataset-743	unreferenced message	datasets\names\first_male.ftl
names-first-male-dataset-744	unreferenced message	datasets\names\first_male.ftl
names-first-male-dataset-745	unreferenced message	datasets\names\first_male.ftl
names-first-male-dataset-746	unreferenced message	datasets\names\first_male.ftl
names-first-male-dataset-747	unreferenced message	datasets\names\first_male.ftl
names-first-male-dataset-748	unreferenced message	datasets\names\first_male.ftl
names-first-male-dataset-749	unreferenced message	datasets\names\first_male.ftl
names-first-male-dataset-750	unreferenced message	datasets\names\first_male.ftl
names-first-male-dataset-751	unreferenced message	datasets\names\first_male.ftl
names-first-male-dataset-752	unreferenced message	datasets\names\first_male.ftl
names-first-male-dataset-753	unreferenced message	datasets\names\first_male.ftl
names-first-male-dataset-754	unreferenced message	datasets\names\first_male.ftl
names-first-male-dataset-755	unreferenced message	datasets\names\first_male.ftl
names-first-male-dataset-756	unreferenced message	datasets\names\first_male.ftl
names-first-male-dataset-757	unreferenced message	datasets\names\first_male.ftl
names-first-male-dataset-758	unreferenced message	datasets\names\first_male.ftl
names-first-male-dataset-759	unreferenced message	datasets\names\first_male.ftl
names-first-male-dataset-760	unreferenced message	datasets\names\first_male.ftl
names-first-male-dataset-761	unreferenced message	datasets\names\first_male.ftl
names-first-male-dataset-762	unreferenced message	datasets\names\first_male.ftl
names-first-male-dataset-763	unreferenced message	datasets\names\first_male.ftl
names-first-male-dataset-764	unreferenced message	datasets\names\first_male.ftl
names-first-male-dataset-765	unreferenced message	datasets\names\first_male.ftl
names-first-male-dataset-766	unreferenced message	datasets\names\first_male.ftl
names-first-male-dataset-767	unreferenced message	datasets\names\first_male.ftl
names-first-male-dataset-768	unreferenced message	datasets\names\first_male.ftl
names-first-male-dataset-769	unreferenced message	datasets\names\first_male.ftl
names-first-male-dataset-770	unreferenced message	datasets\names\first_male.ftl
names-first-male-dataset-771	unreferenced message	datasets\names\first_male.ftl
names-first-male-dataset-772	unreferenced message	datasets\names\first_male.ftl
names-first-male-dataset-773	unreferenced message	datasets\names\first_male.ftl
names-first-male-dataset-774	unreferenced message	datasets\names\first_male.ftl
names-first-male-dataset-775	unreferenced message	datasets\names\first_male.ftl
names-first-male-dataset-776	unreferenced message	datasets\names\first_male.ftl
names-first-male-dataset-777	unreferenced message	datasets\names\first_male.ftl
names-first-male-dataset-778	unreferenced message	datasets\names\first_male.ftl
names-first-male-dataset-779	unreferenced message	datasets\names\first_male.ftl
names-first-male-dataset-780	unreferenced message	datasets\names\first_male.ftl
names-first-male-dataset-781	unreferenced message	datasets\names\first_male.ftl
names-first-male-dataset-782	unreferenced message	datasets\names\first_male.ftl
names-first-male-dataset-783	unreferenced message	datasets\names\first_male.ftl
names-first-male-dataset-784	unreferenced message	datasets\names\first_male.ftl
names-first-male-dataset-785	unreferenced message	datasets\names\first_male.ftl
names-first-male-dataset-786	unreferenced message	datasets\names\first_male.ftl
names-first-male-dataset-787	unreferenced message	datasets\names\first_male.ftl
names-first-male-dataset-788	unreferenced message	datasets\names\first_male.ftl
names-first-male-dataset-789	unreferenced message	datasets\names\first_male.ftl
names-first-male-dataset-790	unreferenced message	datasets\names\first_male.ftl
names-first-male-dataset-791	unreferenced message	datasets\names\first_male.ftl
names-first-male-dataset-792	unreferenced message	datasets\names\first_male.ftl
names-first-male-dataset-793	unreferenced message	datasets\names\first_male.ftl
names-first-male-dataset-794	unreferenced message	datasets\names\first_male.ftl
names-first-male-dataset-795	unreferenced message	datasets\names\first_male.ftl
names-first-male-dataset-796	unreferenced message	datasets\names\first_male.ftl
names-first-male-dataset-797	unreferenced message	datasets\names\first_male.ftl
names-first-male-dataset-798	unreferenced message	datasets\names\first_male.ftl
names-first-male-dataset-799	unreferenced message	datasets\names\first_male.ftl
names-first-male-dataset-800	unreferenced message	datasets\names\first_male.ftl
names-first-male-dataset-801	unreferenced message	datasets\names\first_male.ftl
names-first-male-dataset-802	unreferenced message	datasets\names\first_male.ftl
names-first-male-dataset-803	unreferenced message	datasets\names\first_male.ftl
names-first-male-dataset-804	unreferenced message	datasets\names\first_male.ftl
names-first-male-dataset-805	unreferenced message	datasets\names\first_male.ftl
names-first-male-dataset-806	unreferenced message	datasets\names\first_male.ftl
names-first-male-dataset-807	unreferenced message	datasets\names\first_male.ftl
names-first-male-dataset-808	unreferenced message	datasets\names\first_male.ftl
names-first-male-dataset-809	unreferenced message	datasets\names\first_male.ftl
names-first-male-dataset-810	unreferenced message	datasets\names\first_male.ftl
names-first-male-dataset-811	unreferenced message	datasets\names\first_male.ftl
names-first-male-dataset-812	unreferenced message	datasets\names\first_male.ftl
names-first-male-dataset-813	unreferenced message	datasets\names\first_male.ftl
names-first-male-dataset-814	unreferenced message	datasets\names\first_male.ftl
names-first-male-dataset-815	unreferenced message	datasets\names\first_male.ftl
names-first-male-dataset-816	unreferenced message	datasets\names\first_male.ftl
names-first-male-dataset-817	unreferenced message	datasets\names\first_male.ftl
names-first-male-dataset-818	unreferenced message	datasets\names\first_male.ftl
names-first-male-dataset-819	unreferenced message	datasets\names\first_male.ftl
names-first-male-dataset-820	unreferenced message	datasets\names\first_male.ftl
names-first-male-dataset-821	unreferenced message	datasets\names\first_male.ftl
names-first-male-dataset-822	unreferenced message	datasets\names\first_male.ftl
names-first-male-dataset-823	unreferenced message	datasets\names\first_male.ftl
names-first-male-dataset-824	unreferenced message	datasets\names\first_male.ftl
names-first-male-dataset-825	unreferenced message	datasets\names\first_male.ftl
names-first-male-dataset-826	unreferenced message	datasets\names\first_male.ftl
names-first-male-dataset-827	unreferenced message	datasets\names\first_male.ftl
names-first-male-dataset-828	unreferenced message	datasets\names\first_male.ftl
names-first-male-dataset-829	unreferenced message	datasets\names\first_male.ftl
names-first-male-dataset-830	unreferenced message	datasets\names\first_male.ftl
names-first-male-dataset-831	unreferenced message	datasets\names\first_male.ftl
names-first-male-dataset-832	unreferenced message	datasets\names\first_male.ftl
names-first-male-dataset-833	unreferenced message	datasets\names\first_male.ftl
names-first-male-dataset-834	unreferenced message	datasets\names\first_male.ftl
names-first-male-dataset-835	unreferenced message	datasets\names\first_male.ftl
names-first-male-dataset-836	unreferenced message	datasets\names\first_male.ftl
names-first-male-dataset-837	unreferenced message	datasets\names\first_male.ftl
names-first-male-dataset-838	unreferenced message	datasets\names\first_male.ftl
names-first-male-dataset-839	unreferenced message	datasets\names\first_male.ftl
names-first-male-dataset-840	unreferenced message	datasets\names\first_male.ftl
names-first-male-dataset-841	unreferenced message	datasets\names\first_male.ftl
names-first-male-dataset-842	unreferenced message	datasets\names\first_male.ftl
names-first-male-dataset-843	unreferenced message	datasets\names\first_male.ftl
names-first-male-dataset-844	unreferenced message	datasets\names\first_male.ftl
names-first-male-dataset-845	unreferenced message	datasets\names\first_male.ftl
names-first-male-dataset-846	unreferenced message	datasets\names\first_male.ftl
names-first-male-dataset-847	unreferenced message	datasets\names\first_male.ftl
names-first-male-dataset-848	unreferenced message	datasets\names\first_male.ftl
names-first-male-dataset-849	unreferenced message	datasets\names\first_male.ftl
names-first-male-dataset-850	unreferenced message	datasets\names\first_male.ftl
names-first-male-dataset-851	unreferenced message	datasets\names\first_male.ftl
names-first-male-dataset-852	unreferenced message	datasets\names\first_male.ftl
names-first-male-dataset-853	unreferenced message	datasets\names\first_male.ftl
names-first-male-dataset-854	unreferenced message	datasets\names\first_male.ftl
names-first-male-dataset-855	unreferenced message	datasets\names\first_male.ftl
names-first-male-dataset-856	unreferenced message	datasets\names\first_male.ftl
names-first-male-dataset-857	unreferenced message	datasets\names\first_male.ftl
names-first-male-dataset-858	unreferenced message	datasets\names\first_male.ftl
names-first-male-dataset-859	unreferenced message	datasets\names\first_male.ftl
names-first-male-dataset-860	unreferenced message	datasets\names\first_male.ftl
names-first-male-dataset-861	unreferenced message	datasets\names\first_male.ftl
names-first-male-dataset-862	unreferenced message	datasets\names\first_male.ftl
names-first-male-dataset-863	unreferenced message	datasets\names\first_male.ftl
names-first-male-dataset-864	unreferenced message	datasets\names\first_male.ftl
names-first-male-dataset-865	unreferenced message	datasets\names\first_male.ftl
names-first-male-dataset-866	unreferenced message	datasets\names\first_male.ftl
names-first-male-dataset-867	unreferenced message	datasets\names\first_male.ftl
names-first-male-dataset-868	unreferenced message	datasets\names\first_male.ftl
names-first-male-dataset-869	unreferenced message	datasets\names\first_male.ftl
names-first-male-dataset-870	unreferenced message	datasets\names\first_male.ftl
names-first-male-dataset-871	unreferenced message	datasets\names\first_male.ftl
names-first-male-dataset-872	unreferenced message	datasets\names\first_male.ftl
names-first-male-dataset-873	unreferenced message	datasets\names\first_male.ftl
names-first-male-dataset-874	unreferenced message	datasets\names\first_male.ftl
names-first-male-dataset-875	unreferenced message	datasets\names\first_male.ftl
names-first-male-dataset-876	unreferenced message	datasets\names\first_male.ftl
names-first-male-dataset-877	unreferenced message	datasets\names\first_male.ftl
names-first-male-dataset-878	unreferenced message	datasets\names\first_male.ftl
names-first-male-dataset-879	unreferenced message	datasets\names\first_male.ftl
names-first-male-dataset-880	unreferenced message	datasets\names\first_male.ftl
names-first-male-dataset-881	unreferenced message	datasets\names\first_male.ftl
names-first-male-dataset-882	unreferenced message	datasets\names\first_male.ftl
names-first-male-dataset-883	unreferenced message	datasets\names\first_male.ftl
names-first-male-dataset-884	unreferenced message	datasets\names\first_male.ftl
names-first-male-dataset-885	unreferenced message	datasets\names\first_male.ftl
names-first-male-dataset-886	unreferenced message	datasets\names\first_male.ftl
names-first-male-dataset-887	unreferenced message	datasets\names\first_male.ftl
names-first-male-dataset-888	unreferenced message	datasets\names\first_male.ftl
names-first-male-dataset-889	unreferenced message	datasets\names\first_male.ftl
names-first-male-dataset-890	unreferenced message	datasets\names\first_male.ftl
names-first-male-dataset-891	unreferenced message	datasets\names\first_male.ftl
names-first-male-dataset-892	unreferenced message	datasets\names\first_male.ftl
names-first-male-dataset-893	unreferenced message	datasets\names\first_male.ftl
names-first-male-dataset-894	unreferenced message	datasets\names\first_male.ftl
names-first-male-dataset-895	unreferenced message	datasets\names\first_male.ftl
names-first-male-dataset-896	unreferenced message	datasets\names\first_male.ftl
names-first-male-dataset-897	unreferenced message	datasets\names\first_male.ftl
names-first-male-dataset-898	unreferenced message	datasets\names\first_male.ftl
names-first-male-dataset-899	unreferenced message	datasets\names\first_male.ftl
names-first-male-dataset-900	unreferenced message	datasets\names\first_male.ftl
names-first-male-dataset-901	unreferenced message	datasets\names\first_male.ftl
names-first-male-dataset-902	unreferenced message	datasets\names\first_male.ftl
names-first-male-dataset-903	unreferenced message	datasets\names\first_male.ftl
names-first-male-dataset-904	unreferenced message	datasets\names\first_male.ftl
names-first-male-dataset-905	unreferenced message	datasets\names\first_male.ftl
names-first-male-dataset-906	unreferenced message	datasets\names\first_male.ftl
names-first-male-dataset-907	unreferenced message	datasets\names\first_male.ftl
names-first-male-dataset-908	unreferenced message	datasets\names\first_male.ftl
names-first-male-dataset-909	unreferenced message	datasets\names\first_male.ftl
names-first-male-dataset-910	unreferenced message	datasets\names\first_male.ftl
names-first-male-dataset-911	unreferenced message	datasets\names\first_male.ftl
names-first-male-dataset-912	unreferenced message	datasets\names\first_male.ftl
names-first-male-dataset-913	unreferenced message	datasets\names\first_male.ftl
names-first-male-dataset-914	unreferenced message	datasets\names\first_male.ftl
names-first-male-dataset-915	unreferenced message	datasets\names\first_male.ftl
names-first-male-dataset-916	unreferenced message	datasets\names\first_male.ftl
names-first-male-dataset-917	unreferenced message	datasets\names\first_male.ftl
names-first-male-dataset-918	unreferenced message	datasets\names\first_male.ftl
names-first-male-dataset-919	unreferenced message	datasets\names\first_male.ftl
names-first-male-dataset-920	unreferenced message	datasets\names\first_male.ftl
names-first-male-dataset-921	unreferenced message	datasets\names\first_male.ftl
names-first-male-dataset-922	unreferenced message	datasets\names\first_male.ftl
names-first-male-dataset-923	unreferenced message	datasets\names\first_male.ftl
names-first-male-dataset-924	unreferenced message	datasets\names\first_male.ftl
names-first-male-dataset-925	unreferenced message	datasets\names\first_male.ftl
names-first-male-dataset-926	unreferenced message	datasets\names\first_male.ftl
names-first-male-dataset-927	unreferenced message	datasets\names\first_male.ftl
names-first-male-dataset-928	unreferenced message	datasets\names\first_male.ftl
names-first-male-dataset-929	unreferenced message	datasets\names\first_male.ftl
names-first-male-dataset-930	unreferenced message	datasets\names\first_male.ftl
names-first-male-dataset-931	unreferenced message	datasets\names\first_male.ftl
names-first-male-dataset-932	unreferenced message	datasets\names\first_male.ftl
names-first-male-dataset-933	unreferenced message	datasets\names\first_male.ftl
names-first-male-dataset-934	unreferenced message	datasets\names\first_male.ftl
names-first-male-dataset-935	unreferenced message	datasets\names\first_male.ftl
names-first-male-dataset-936	unreferenced message	datasets\names\first_male.ftl
names-first-male-dataset-937	unreferenced message	datasets\names\first_male.ftl
names-first-male-dataset-938	unreferenced message	datasets\names\first_male.ftl
names-first-male-dataset-939	unreferenced message	datasets\names\first_male.ftl
names-first-male-dataset-940	unreferenced message	datasets\names\first_male.ftl
names-first-male-dataset-941	unreferenced message	datasets\names\first_male.ftl
names-first-male-dataset-942	unreferenced message	datasets\names\first_male.ftl
names-first-male-dataset-943	unreferenced message	datasets\names\first_male.ftl
names-first-male-dataset-944	unreferenced message	datasets\names\first_male.ftl
names-first-male-dataset-945	unreferenced message	datasets\names\first_male.ftl
names-first-male-dataset-946	unreferenced message	datasets\names\first_male.ftl
names-first-male-dataset-947	unreferenced message	datasets\names\first_male.ftl
names-first-male-dataset-948	unreferenced message	datasets\names\first_male.ftl
names-first-male-dataset-949	unreferenced message	datasets\names\first_male.ftl
names-first-male-dataset-950	unreferenced message	datasets\names\first_male.ftl
names-first-male-dataset-951	unreferenced message	datasets\names\first_male.ftl
names-first-male-dataset-952	unreferenced message	datasets\names\first_male.ftl
names-first-male-dataset-953	unreferenced message	datasets\names\first_male.ftl
names-first-male-dataset-954	unreferenced message	datasets\names\first_male.ftl
names-first-male-dataset-955	unreferenced message	datasets\names\first_male.ftl
names-first-male-dataset-956	unreferenced message	datasets\names\first_male.ftl
names-first-male-dataset-957	unreferenced message	datasets\names\first_male.ftl
names-first-male-dataset-958	unreferenced message	datasets\names\first_male.ftl
names-first-male-dataset-959	unreferenced message	datasets\names\first_male.ftl
names-first-male-dataset-960	unreferenced message	datasets\names\first_male.ftl
names-first-male-dataset-961	unreferenced message	datasets\names\first_male.ftl
names-first-male-dataset-962	unreferenced message	datasets\names\first_male.ftl
names-first-male-dataset-963	unreferenced message	datasets\names\first_male.ftl
names-first-male-dataset-964	unreferenced message	datasets\names\first_male.ftl
names-first-male-dataset-965	unreferenced message	datasets\names\first_male.ftl
names-first-male-dataset-966	unreferenced message	datasets\names\first_male.ftl
names-first-male-dataset-967	unreferenced message	datasets\names\first_male.ftl
names-first-male-dataset-968	unreferenced message	datasets\names\first_male.ftl
names-first-male-dataset-969	unreferenced message	datasets\names\first_male.ftl
names-first-male-dataset-970	unreferenced message	datasets\names\first_male.ftl
names-first-male-dataset-971	unreferenced message	datasets\names\first_male.ftl
names-first-male-dataset-972	unreferenced message	datasets\names\first_male.ftl
names-first-male-dataset-973	unreferenced message	datasets\names\first_male.ftl
names-first-male-dataset-974	unreferenced message	datasets\names\first_male.ftl
names-first-male-dataset-975	unreferenced message	datasets\names\first_male.ftl
names-first-male-dataset-976	unreferenced message	datasets\names\first_male.ftl
names-first-male-dataset-977	unreferenced message	datasets\names\first_male.ftl
names-first-male-dataset-978	unreferenced message	datasets\names\first_male.ftl
names-first-male-dataset-979	unreferenced message	datasets\names\first_male.ftl
names-first-male-dataset-980	unreferenced message	datasets\names\first_male.ftl
names-first-male-dataset-981	unreferenced message	datasets\names\first_male.ftl
names-first-male-dataset-982	unreferenced message	datasets\names\first_male.ftl
names-first-male-dataset-983	unreferenced message	datasets\names\first_male.ftl
names-first-male-dataset-984	unreferenced message	datasets\names\first_male.ftl
names-first-male-dataset-985	unreferenced message	datasets\names\first_male.ftl
names-first-male-dataset-986	unreferenced message	datasets\names\first_male.ftl
names-ipc-first-female-dataset-1	unreferenced message	corvax\datasets\names\ipc_first_female.ftl
names-ipc-first-female-dataset-10	unreferenced message	corvax\datasets\names\ipc_first_female.ftl
names-ipc-first-female-dataset-100	unreferenced message	corvax\datasets\names\ipc_first_female.ftl
names-ipc-first-female-dataset-11	unreferenced message	corvax\datasets\names\ipc_first_female.ftl
names-ipc-first-female-dataset-12	unreferenced message	corvax\datasets\names\ipc_first_female.ftl
names-ipc-first-female-dataset-13	unreferenced message	corvax\datasets\names\ipc_first_female.ftl
names-ipc-first-female-dataset-14	unreferenced message	corvax\datasets\names\ipc_first_female.ftl
names-ipc-first-female-dataset-15	unreferenced message	corvax\datasets\names\ipc_first_female.ftl
names-ipc-first-female-dataset-16	unreferenced message	corvax\datasets\names\ipc_first_female.ftl
names-ipc-first-female-dataset-17	unreferenced message	corvax\datasets\names\ipc_first_female.ftl
names-ipc-first-female-dataset-18	unreferenced message	corvax\datasets\names\ipc_first_female.ftl
names-ipc-first-female-dataset-19	unreferenced message	corvax\datasets\names\ipc_first_female.ftl
names-ipc-first-female-dataset-2	unreferenced message	corvax\datasets\names\ipc_first_female.ftl
names-ipc-first-female-dataset-20	unreferenced message	corvax\datasets\names\ipc_first_female.ftl
names-ipc-first-female-dataset-21	unreferenced message	corvax\datasets\names\ipc_first_female.ftl
names-ipc-first-female-dataset-22	unreferenced message	corvax\datasets\names\ipc_first_female.ftl
names-ipc-first-female-dataset-23	unreferenced message	corvax\datasets\names\ipc_first_female.ftl
names-ipc-first-female-dataset-24	unreferenced message	corvax\datasets\names\ipc_first_female.ftl
names-ipc-first-female-dataset-25	unreferenced message	corvax\datasets\names\ipc_first_female.ftl
names-ipc-first-female-dataset-26	unreferenced message	corvax\datasets\names\ipc_first_female.ftl
names-ipc-first-female-dataset-27	unreferenced message	corvax\datasets\names\ipc_first_female.ftl
names-ipc-first-female-dataset-28	unreferenced message	corvax\datasets\names\ipc_first_female.ftl
names-ipc-first-female-dataset-29	unreferenced message	corvax\datasets\names\ipc_first_female.ftl
names-ipc-first-female-dataset-3	unreferenced message	corvax\datasets\names\ipc_first_female.ftl
names-ipc-first-female-dataset-30	unreferenced message	corvax\datasets\names\ipc_first_female.ftl
names-ipc-first-female-dataset-31	unreferenced message	corvax\datasets\names\ipc_first_female.ftl
names-ipc-first-female-dataset-32	unreferenced message	corvax\datasets\names\ipc_first_female.ftl
names-ipc-first-female-dataset-33	unreferenced message	corvax\datasets\names\ipc_first_female.ftl
names-ipc-first-female-dataset-34	unreferenced message	corvax\datasets\names\ipc_first_female.ftl
names-ipc-first-female-dataset-35	unreferenced message	corvax\datasets\names\ipc_first_female.ftl
names-ipc-first-female-dataset-36	unreferenced message	corvax\datasets\names\ipc_first_female.ftl
names-ipc-first-female-dataset-37	unreferenced message	corvax\datasets\names\ipc_first_female.ftl
names-ipc-first-female-dataset-38	unreferenced message	corvax\datasets\names\ipc_first_female.ftl
names-ipc-first-female-dataset-39	unreferenced message	corvax\datasets\names\ipc_first_female.ftl
names-ipc-first-female-dataset-4	unreferenced message	corvax\datasets\names\ipc_first_female.ftl
names-ipc-first-female-dataset-40	unreferenced message	corvax\datasets\names\ipc_first_female.ftl
names-ipc-first-female-dataset-41	unreferenced message	corvax\datasets\names\ipc_first_female.ftl
names-ipc-first-female-dataset-42	unreferenced message	corvax\datasets\names\ipc_first_female.ftl
names-ipc-first-female-dataset-43	unreferenced message	corvax\datasets\names\ipc_first_female.ftl
names-ipc-first-female-dataset-44	unreferenced message	corvax\datasets\names\ipc_first_female.ftl
names-ipc-first-female-dataset-45	unreferenced message	corvax\datasets\names\ipc_first_female.ftl
names-ipc-first-female-dataset-46	unreferenced message	corvax\datasets\names\ipc_first_female.ftl
names-ipc-first-female-dataset-47	unreferenced message	corvax\datasets\names\ipc_first_female.ftl
names-ipc-first-female-dataset-48	unreferenced message	corvax\datasets\names\ipc_first_female.ftl
names-ipc-first-female-dataset-49	unreferenced message	corvax\datasets\names\ipc_first_female.ftl
names-ipc-first-female-dataset-5	unreferenced message	corvax\datasets\names\ipc_first_female.ftl
names-ipc-first-female-dataset-50	unreferenced message	corvax\datasets\names\ipc_first_female.ftl
names-ipc-first-female-dataset-51	unreferenced message	corvax\datasets\names\ipc_first_female.ftl
names-ipc-first-female-dataset-52	unreferenced message	corvax\datasets\names\ipc_first_female.ftl
names-ipc-first-female-dataset-53	unreferenced message	corvax\datasets\names\ipc_first_female.ftl
names-ipc-first-female-dataset-54	unreferenced message	corvax\datasets\names\ipc_first_female.ftl
names-ipc-first-female-dataset-55	unreferenced message	corvax\datasets\names\ipc_first_female.ftl
names-ipc-first-female-dataset-56	unreferenced message	corvax\datasets\names\ipc_first_female.ftl
names-ipc-first-female-dataset-57	unreferenced message	corvax\datasets\names\ipc_first_female.ftl
names-ipc-first-female-dataset-58	unreferenced message	corvax\datasets\names\ipc_first_female.ftl
names-ipc-first-female-dataset-59	unreferenced message	corvax\datasets\names\ipc_first_female.ftl
names-ipc-first-female-dataset-6	unreferenced message	corvax\datasets\names\ipc_first_female.ftl
names-ipc-first-female-dataset-60	unreferenced message	corvax\datasets\names\ipc_first_female.ftl
names-ipc-first-female-dataset-61	unreferenced message	corvax\datasets\names\ipc_first_female.ftl
names-ipc-first-female-dataset-62	unreferenced message	corvax\datasets\names\ipc_first_female.ftl
names-ipc-first-female-dataset-63	unreferenced message	corvax\datasets\names\ipc_first_female.ftl
names-ipc-first-female-dataset-64	unreferenced message	corvax\datasets\names\ipc_first_female.ftl
names-ipc-first-female-dataset-65	unreferenced message	corvax\datasets\names\ipc_first_female.ftl
names-ipc-first-female-dataset-66	unreferenced message	corvax\datasets\names\ipc_first_female.ftl
names-ipc-first-female-dataset-67	unreferenced message	corvax\datasets\names\ipc_first_female.ftl
names-ipc-first-female-dataset-68	unreferenced message	corvax\datasets\names\ipc_first_female.ftl
names-ipc-first-female-dataset-69	unreferenced message	corvax\datasets\names\ipc_first_female.ftl
names-ipc-first-female-dataset-7	unreferenced message	corvax\datasets\names\ipc_first_female.ftl
names-ipc-first-female-dataset-70	unreferenced message	corvax\datasets\names\ipc_first_female.ftl
names-ipc-first-female-dataset-71	unreferenced message	corvax\datasets\names\ipc_first_female.ftl
names-ipc-first-female-dataset-72	unreferenced message	corvax\datasets\names\ipc_first_female.ftl
names-ipc-first-female-dataset-73	unreferenced message	corvax\datasets\names\ipc_first_female.ftl
names-ipc-first-female-dataset-74	unreferenced message	corvax\datasets\names\ipc_first_female.ftl
names-ipc-first-female-dataset-75	unreferenced message	corvax\datasets\names\ipc_first_female.ftl
names-ipc-first-female-dataset-76	unreferenced message	corvax\datasets\names\ipc_first_female.ftl
names-ipc-first-female-dataset-77	unreferenced message	corvax\datasets\names\ipc_first_female.ftl
names-ipc-first-female-dataset-78	unreferenced message	corvax\datasets\names\ipc_first_female.ftl
names-ipc-first-female-dataset-79	unreferenced message	corvax\datasets\names\ipc_first_female.ftl
names-ipc-first-female-dataset-8	unreferenced message	corvax\datasets\names\ipc_first_female.ftl
names-ipc-first-female-dataset-80	unreferenced message	corvax\datasets\names\ipc_first_female.ftl
names-ipc-first-female-dataset-81	unreferenced message	corvax\datasets\names\ipc_first_female.ftl
names-ipc-first-female-dataset-82	unreferenced message	corvax\datasets\names\ipc_first_female.ftl
names-ipc-first-female-dataset-83	unreferenced message	corvax\datasets\names\ipc_first_female.ftl
names-ipc-first-female-dataset-84	unreferenced message	corvax\datasets\names\ipc_first_female.ftl
names-ipc-first-female-dataset-85	unreferenced message	corvax\datasets\names\ipc_first_female.ftl
names-ipc-first-female-dataset-86	unreferenced message	corvax\datasets\names\ipc_first_female.ftl
names-ipc-first-female-dataset-87	unreferenced message	corvax\datasets\names\ipc_first_female.ftl
names-ipc-first-female-dataset-88	unreferenced message	corvax\datasets\names\ipc_first_female.ftl
names-ipc-first-female-dataset-89	unreferenced message	corvax\datasets\names\ipc_first_female.ftl
names-ipc-first-female-dataset-9	unreferenced message	corvax\datasets\names\ipc_first_female.ftl
names-ipc-first-female-dataset-90	unreferenced message	corvax\datasets\names\ipc_first_female.ftl
names-ipc-first-female-dataset-91	unreferenced message	corvax\datasets\names\ipc_first_female.ftl
names-ipc-first-female-dataset-92	unreferenced message	corvax\datasets\names\ipc_first_female.ftl
names-ipc-first-female-dataset-93	unreferenced message	corvax\datasets\names\ipc_first_female.ftl
names-ipc-first-female-dataset-94	unreferenced message	corvax\datasets\names\ipc_first_female.ftl
names-ipc-first-female-dataset-95	unreferenced message	corvax\datasets\names\ipc_first_female.ftl
names-ipc-first-female-dataset-96	unreferenced message	corvax\datasets\names\ipc_first_female.ftl
names-ipc-first-female-dataset-97	unreferenced message	corvax\datasets\names\ipc_first_female.ftl
names-ipc-first-female-dataset-98	unreferenced message	corvax\datasets\names\ipc_first_female.ftl
names-ipc-first-female-dataset-99	unreferenced message	corvax\datasets\names\ipc_first_female.ftl
names-ipc-first-male-dataset-1	unreferenced message	corvax\datasets\names\ipc_first_male.ftl
names-ipc-first-male-dataset-10	unreferenced message	corvax\datasets\names\ipc_first_male.ftl
names-ipc-first-male-dataset-100	unreferenced message	corvax\datasets\names\ipc_first_male.ftl
names-ipc-first-male-dataset-11	unreferenced message	corvax\datasets\names\ipc_first_male.ftl
names-ipc-first-male-dataset-12	unreferenced message	corvax\datasets\names\ipc_first_male.ftl
names-ipc-first-male-dataset-13	unreferenced message	corvax\datasets\names\ipc_first_male.ftl
names-ipc-first-male-dataset-14	unreferenced message	corvax\datasets\names\ipc_first_male.ftl
names-ipc-first-male-dataset-15	unreferenced message	corvax\datasets\names\ipc_first_male.ftl
names-ipc-first-male-dataset-16	unreferenced message	corvax\datasets\names\ipc_first_male.ftl
names-ipc-first-male-dataset-17	unreferenced message	corvax\datasets\names\ipc_first_male.ftl
names-ipc-first-male-dataset-18	unreferenced message	corvax\datasets\names\ipc_first_male.ftl
names-ipc-first-male-dataset-19	unreferenced message	corvax\datasets\names\ipc_first_male.ftl
names-ipc-first-male-dataset-2	unreferenced message	corvax\datasets\names\ipc_first_male.ftl
names-ipc-first-male-dataset-20	unreferenced message	corvax\datasets\names\ipc_first_male.ftl
names-ipc-first-male-dataset-21	unreferenced message	corvax\datasets\names\ipc_first_male.ftl
names-ipc-first-male-dataset-22	unreferenced message	corvax\datasets\names\ipc_first_male.ftl
names-ipc-first-male-dataset-23	unreferenced message	corvax\datasets\names\ipc_first_male.ftl
names-ipc-first-male-dataset-24	unreferenced message	corvax\datasets\names\ipc_first_male.ftl
names-ipc-first-male-dataset-25	unreferenced message	corvax\datasets\names\ipc_first_male.ftl
names-ipc-first-male-dataset-26	unreferenced message	corvax\datasets\names\ipc_first_male.ftl
names-ipc-first-male-dataset-27	unreferenced message	corvax\datasets\names\ipc_first_male.ftl
names-ipc-first-male-dataset-28	unreferenced message	corvax\datasets\names\ipc_first_male.ftl
names-ipc-first-male-dataset-29	unreferenced message	corvax\datasets\names\ipc_first_male.ftl
names-ipc-first-male-dataset-3	unreferenced message	corvax\datasets\names\ipc_first_male.ftl
names-ipc-first-male-dataset-30	unreferenced message	corvax\datasets\names\ipc_first_male.ftl
names-ipc-first-male-dataset-31	unreferenced message	corvax\datasets\names\ipc_first_male.ftl
names-ipc-first-male-dataset-32	unreferenced message	corvax\datasets\names\ipc_first_male.ftl
names-ipc-first-male-dataset-33	unreferenced message	corvax\datasets\names\ipc_first_male.ftl
names-ipc-first-male-dataset-34	unreferenced message	corvax\datasets\names\ipc_first_male.ftl
names-ipc-first-male-dataset-35	unreferenced message	corvax\datasets\names\ipc_first_male.ftl
names-ipc-first-male-dataset-36	unreferenced message	corvax\datasets\names\ipc_first_male.ftl
names-ipc-first-male-dataset-37	unreferenced message	corvax\datasets\names\ipc_first_male.ftl
names-ipc-first-male-dataset-38	unreferenced message	corvax\datasets\names\ipc_first_male.ftl
names-ipc-first-male-dataset-39	unreferenced message	corvax\datasets\names\ipc_first_male.ftl
names-ipc-first-male-dataset-4	unreferenced message	corvax\datasets\names\ipc_first_male.ftl
names-ipc-first-male-dataset-40	unreferenced message	corvax\datasets\names\ipc_first_male.ftl
names-ipc-first-male-dataset-41	unreferenced message	corvax\datasets\names\ipc_first_male.ftl
names-ipc-first-male-dataset-42	unreferenced message	corvax\datasets\names\ipc_first_male.ftl
names-ipc-first-male-dataset-43	unreferenced message	corvax\datasets\names\ipc_first_male.ftl
names-ipc-first-male-dataset-44	unreferenced message	corvax\datasets\names\ipc_first_male.ftl
names-ipc-first-male-dataset-45	unreferenced message	corvax\datasets\names\ipc_first_male.ftl
names-ipc-first-male-dataset-46	unreferenced message	corvax\datasets\names\ipc_first_male.ftl
names-ipc-first-male-dataset-47	unreferenced message	corvax\datasets\names\ipc_first_male.ftl
names-ipc-first-male-dataset-48	unreferenced message	corvax\datasets\names\ipc_first_male.ftl
names-ipc-first-male-dataset-49	unreferenced message	corvax\datasets\names\ipc_first_male.ftl
names-ipc-first-male-dataset-5	unreferenced message	corvax\datasets\names\ipc_first_male.ftl
names-ipc-first-male-dataset-50	unreferenced message	corvax\datasets\names\ipc_first_male.ftl
names-ipc-first-male-dataset-51	unreferenced message	corvax\datasets\names\ipc_first_male.ftl
names-ipc-first-male-dataset-52	unreferenced message	corvax\datasets\names\ipc_first_male.ftl
names-ipc-first-male-dataset-53	unreferenced message	corvax\datasets\names\ipc_first_male.ftl
names-ipc-first-male-dataset-54	unreferenced message	corvax\datasets\names\ipc_first_male.ftl
names-ipc-first-male-dataset-55	unreferenced message	corvax\datasets\names\ipc_first_male.ftl
names-ipc-first-male-dataset-56	unreferenced message	corvax\datasets\names\ipc_first_male.ftl
names-ipc-first-male-dataset-57	unreferenced message	corvax\datasets\names\ipc_first_male.ftl
names-ipc-first-male-dataset-58	unreferenced message	corvax\datasets\names\ipc_first_male.ftl
names-ipc-first-male-dataset-59	unreferenced message	corvax\datasets\names\ipc_first_male.ftl
names-ipc-first-male-dataset-6	unreferenced message	corvax\datasets\names\ipc_first_male.ftl
names-ipc-first-male-dataset-60	unreferenced message	corvax\datasets\names\ipc_first_male.ftl
names-ipc-first-male-dataset-61	unreferenced message	corvax\datasets\names\ipc_first_male.ftl
names-ipc-first-male-dataset-62	unreferenced message	corvax\datasets\names\ipc_first_male.ftl
names-ipc-first-male-dataset-63	unreferenced message	corvax\datasets\names\ipc_first_male.ftl
names-ipc-first-male-dataset-64	unreferenced message	corvax\datasets\names\ipc_first_male.ftl
names-ipc-first-male-dataset-65	unreferenced message	corvax\datasets\names\ipc_first_male.ftl
names-ipc-first-male-dataset-66	unreferenced message	corvax\datasets\names\ipc_first_male.ftl
names-ipc-first-male-dataset-67	unreferenced message	corvax\datasets\names\ipc_first_male.ftl
names-ipc-first-male-dataset-68	unreferenced message	corvax\datasets\names\ipc_first_male.ftl
names-ipc-first-male-dataset-69	unreferenced message	corvax\datasets\names\ipc_first_male.ftl
names-ipc-first-male-dataset-7	unreferenced message	corvax\datasets\names\ipc_first_male.ftl
names-ipc-first-male-dataset-70	unreferenced message	corvax\datasets\names\ipc_first_male.ftl
names-ipc-first-male-dataset-71	unreferenced message	corvax\datasets\names\ipc_first_male.ftl
names-ipc-first-male-dataset-72	unreferenced message	corvax\datasets\names\ipc_first_male.ftl
names-ipc-first-male-dataset-73	unreferenced message	corvax\datasets\names\ipc_first_male.ftl
names-ipc-first-male-dataset-74	unreferenced message	corvax\datasets\names\ipc_first_male.ftl
names-ipc-first-male-dataset-75	unreferenced message	corvax\datasets\names\ipc_first_male.ftl
names-ipc-first-male-dataset-76	unreferenced message	corvax\datasets\names\ipc_first_male.ftl
names-ipc-first-male-dataset-77	unreferenced message	corvax\datasets\names\ipc_first_male.ftl
names-ipc-first-male-dataset-78	unreferenced message	corvax\datasets\names\ipc_first_male.ftl
names-ipc-first-male-dataset-79	unreferenced message	corvax\datasets\names\ipc_first_male.ftl
names-ipc-first-male-dataset-8	unreferenced message	corvax\datasets\names\ipc_first_male.ftl
names-ipc-first-male-dataset-80	unreferenced message	corvax\datasets\names\ipc_first_male.ftl
names-ipc-first-male-dataset-81	unreferenced message	corvax\datasets\names\ipc_first_male.ftl
names-ipc-first-male-dataset-82	unreferenced message	corvax\datasets\names\ipc_first_male.ftl
names-ipc-first-male-dataset-83	unreferenced message	corvax\datasets\names\ipc_first_male.ftl
names-ipc-first-male-dataset-84	unreferenced message	corvax\datasets\names\ipc_first_male.ftl
names-ipc-first-male-dataset-85	unreferenced message	corvax\datasets\names\ipc_first_male.ftl
names-ipc-first-male-dataset-86	unreferenced message	corvax\datasets\names\ipc_first_male.ftl
names-ipc-first-male-dataset-87	unreferenced message	corvax\datasets\names\ipc_first_male.ftl
names-ipc-first-male-dataset-88	unreferenced message	corvax\datasets\names\ipc_first_male.ftl
names-ipc-first-male-dataset-89	unreferenced message	corvax\datasets\names\ipc_first_male.ftl
names-ipc-first-male-dataset-9	unreferenced message	corvax\datasets\names\ipc_first_male.ftl
names-ipc-first-male-dataset-90	unreferenced message	corvax\datasets\names\ipc_first_male.ftl
names-ipc-first-male-dataset-91	unreferenced message	corvax\datasets\names\ipc_first_male.ftl
names-ipc-first-male-dataset-92	unreferenced message	corvax\datasets\names\ipc_first_male.ftl
names-ipc-first-male-dataset-93	unreferenced message	corvax\datasets\names\ipc_first_male.ftl
names-ipc-first-male-dataset-94	unreferenced message	corvax\datasets\names\ipc_first_male.ftl
names-ipc-first-male-dataset-95	unreferenced message	corvax\datasets\names\ipc_first_male.ftl
names-ipc-first-male-dataset-96	unreferenced message	corvax\datasets\names\ipc_first_male.ftl
names-ipc-first-male-dataset-97	unreferenced message	corvax\datasets\names\ipc_first_male.ftl
names-ipc-first-male-dataset-98	unreferenced message	corvax\datasets\names\ipc_first_male.ftl
names-ipc-first-male-dataset-99	unreferenced message	corvax\datasets\names\ipc_first_male.ftl
names-ipc-last-dataset-1	unreferenced message	corvax\datasets\names\ipc_last.ftl
names-ipc-last-dataset-10	unreferenced message	corvax\datasets\names\ipc_last.ftl
names-ipc-last-dataset-100	unreferenced message	corvax\datasets\names\ipc_last.ftl
names-ipc-last-dataset-11	unreferenced message	corvax\datasets\names\ipc_last.ftl
names-ipc-last-dataset-12	unreferenced message	corvax\datasets\names\ipc_last.ftl
names-ipc-last-dataset-13	unreferenced message	corvax\datasets\names\ipc_last.ftl
names-ipc-last-dataset-14	unreferenced message	corvax\datasets\names\ipc_last.ftl
names-ipc-last-dataset-15	unreferenced message	corvax\datasets\names\ipc_last.ftl
names-ipc-last-dataset-16	unreferenced message	corvax\datasets\names\ipc_last.ftl
names-ipc-last-dataset-17	unreferenced message	corvax\datasets\names\ipc_last.ftl
names-ipc-last-dataset-18	unreferenced message	corvax\datasets\names\ipc_last.ftl
names-ipc-last-dataset-19	unreferenced message	corvax\datasets\names\ipc_last.ftl
names-ipc-last-dataset-2	unreferenced message	corvax\datasets\names\ipc_last.ftl
names-ipc-last-dataset-20	unreferenced message	corvax\datasets\names\ipc_last.ftl
names-ipc-last-dataset-21	unreferenced message	corvax\datasets\names\ipc_last.ftl
names-ipc-last-dataset-22	unreferenced message	corvax\datasets\names\ipc_last.ftl
names-ipc-last-dataset-23	unreferenced message	corvax\datasets\names\ipc_last.ftl
names-ipc-last-dataset-24	unreferenced message	corvax\datasets\names\ipc_last.ftl
names-ipc-last-dataset-25	unreferenced message	corvax\datasets\names\ipc_last.ftl
names-ipc-last-dataset-26	unreferenced message	corvax\datasets\names\ipc_last.ftl
names-ipc-last-dataset-27	unreferenced message	corvax\datasets\names\ipc_last.ftl
names-ipc-last-dataset-28	unreferenced message	corvax\datasets\names\ipc_last.ftl
names-ipc-last-dataset-29	unreferenced message	corvax\datasets\names\ipc_last.ftl
names-ipc-last-dataset-3	unreferenced message	corvax\datasets\names\ipc_last.ftl
names-ipc-last-dataset-30	unreferenced message	corvax\datasets\names\ipc_last.ftl
names-ipc-last-dataset-31	unreferenced message	corvax\datasets\names\ipc_last.ftl
names-ipc-last-dataset-32	unreferenced message	corvax\datasets\names\ipc_last.ftl
names-ipc-last-dataset-33	unreferenced message	corvax\datasets\names\ipc_last.ftl
names-ipc-last-dataset-34	unreferenced message	corvax\datasets\names\ipc_last.ftl
names-ipc-last-dataset-35	unreferenced message	corvax\datasets\names\ipc_last.ftl
names-ipc-last-dataset-36	unreferenced message	corvax\datasets\names\ipc_last.ftl
names-ipc-last-dataset-37	unreferenced message	corvax\datasets\names\ipc_last.ftl
names-ipc-last-dataset-38	unreferenced message	corvax\datasets\names\ipc_last.ftl
names-ipc-last-dataset-39	unreferenced message	corvax\datasets\names\ipc_last.ftl
names-ipc-last-dataset-4	unreferenced message	corvax\datasets\names\ipc_last.ftl
names-ipc-last-dataset-40	unreferenced message	corvax\datasets\names\ipc_last.ftl
names-ipc-last-dataset-41	unreferenced message	corvax\datasets\names\ipc_last.ftl
names-ipc-last-dataset-42	unreferenced message	corvax\datasets\names\ipc_last.ftl
names-ipc-last-dataset-43	unreferenced message	corvax\datasets\names\ipc_last.ftl
names-ipc-last-dataset-44	unreferenced message	corvax\datasets\names\ipc_last.ftl
names-ipc-last-dataset-45	unreferenced message	corvax\datasets\names\ipc_last.ftl
names-ipc-last-dataset-46	unreferenced message	corvax\datasets\names\ipc_last.ftl
names-ipc-last-dataset-47	unreferenced message	corvax\datasets\names\ipc_last.ftl
names-ipc-last-dataset-48	unreferenced message	corvax\datasets\names\ipc_last.ftl
names-ipc-last-dataset-49	unreferenced message	corvax\datasets\names\ipc_last.ftl
names-ipc-last-dataset-5	unreferenced message	corvax\datasets\names\ipc_last.ftl
names-ipc-last-dataset-50	unreferenced message	corvax\datasets\names\ipc_last.ftl
names-ipc-last-dataset-51	unreferenced message	corvax\datasets\names\ipc_last.ftl
names-ipc-last-dataset-52	unreferenced message	corvax\datasets\names\ipc_last.ftl
names-ipc-last-dataset-53	unreferenced message	corvax\datasets\names\ipc_last.ftl
names-ipc-last-dataset-54	unreferenced message	corvax\datasets\names\ipc_last.ftl
names-ipc-last-dataset-55	unreferenced message	corvax\datasets\names\ipc_last.ftl
names-ipc-last-dataset-56	unreferenced message	corvax\datasets\names\ipc_last.ftl
names-ipc-last-dataset-57	unreferenced message	corvax\datasets\names\ipc_last.ftl
names-ipc-last-dataset-58	unreferenced message	corvax\datasets\names\ipc_last.ftl
names-ipc-last-dataset-59	unreferenced message	corvax\datasets\names\ipc_last.ftl
names-ipc-last-dataset-6	unreferenced message	corvax\datasets\names\ipc_last.ftl
names-ipc-last-dataset-60	unreferenced message	corvax\datasets\names\ipc_last.ftl
names-ipc-last-dataset-61	unreferenced message	corvax\datasets\names\ipc_last.ftl
names-ipc-last-dataset-62	unreferenced message	corvax\datasets\names\ipc_last.ftl
names-ipc-last-dataset-63	unreferenced message	corvax\datasets\names\ipc_last.ftl
names-ipc-last-dataset-64	unreferenced message	corvax\datasets\names\ipc_last.ftl
names-ipc-last-dataset-65	unreferenced message	corvax\datasets\names\ipc_last.ftl
names-ipc-last-dataset-66	unreferenced message	corvax\datasets\names\ipc_last.ftl
names-ipc-last-dataset-67	unreferenced message	corvax\datasets\names\ipc_last.ftl
names-ipc-last-dataset-68	unreferenced message	corvax\datasets\names\ipc_last.ftl
names-ipc-last-dataset-69	unreferenced message	corvax\datasets\names\ipc_last.ftl
names-ipc-last-dataset-7	unreferenced message	corvax\datasets\names\ipc_last.ftl
names-ipc-last-dataset-70	unreferenced message	corvax\datasets\names\ipc_last.ftl
names-ipc-last-dataset-71	unreferenced message	corvax\datasets\names\ipc_last.ftl
names-ipc-last-dataset-72	unreferenced message	corvax\datasets\names\ipc_last.ftl
names-ipc-last-dataset-73	unreferenced message	corvax\datasets\names\ipc_last.ftl
names-ipc-last-dataset-74	unreferenced message	corvax\datasets\names\ipc_last.ftl
names-ipc-last-dataset-75	unreferenced message	corvax\datasets\names\ipc_last.ftl
names-ipc-last-dataset-76	unreferenced message	corvax\datasets\names\ipc_last.ftl
names-ipc-last-dataset-77	unreferenced message	corvax\datasets\names\ipc_last.ftl
names-ipc-last-dataset-78	unreferenced message	corvax\datasets\names\ipc_last.ftl
names-ipc-last-dataset-79	unreferenced message	corvax\datasets\names\ipc_last.ftl
names-ipc-last-dataset-8	unreferenced message	corvax\datasets\names\ipc_last.ftl
names-ipc-last-dataset-80	unreferenced message	corvax\datasets\names\ipc_last.ftl
names-ipc-last-dataset-81	unreferenced message	corvax\datasets\names\ipc_last.ftl
names-ipc-last-dataset-82	unreferenced message	corvax\datasets\names\ipc_last.ftl
names-ipc-last-dataset-83	unreferenced message	corvax\datasets\names\ipc_last.ftl
names-ipc-last-dataset-84	unreferenced message	corvax\datasets\names\ipc_last.ftl
names-ipc-last-dataset-85	unreferenced message	corvax\datasets\names\ipc_last.ftl
names-ipc-last-dataset-86	unreferenced message	corvax\datasets\names\ipc_last.ftl
names-ipc-last-dataset-87	unreferenced message	corvax\datasets\names\ipc_last.ftl
names-ipc-last-dataset-88	unreferenced message	corvax\datasets\names\ipc_last.ftl
names-ipc-last-dataset-89	unreferenced message	corvax\datasets\names\ipc_last.ftl
names-ipc-last-dataset-9	unreferenced message	corvax\datasets\names\ipc_last.ftl
names-ipc-last-dataset-90	unreferenced message	corvax\datasets\names\ipc_last.ftl
names-ipc-last-dataset-91	unreferenced message	corvax\datasets\names\ipc_last.ftl
names-ipc-last-dataset-92	unreferenced message	corvax\datasets\names\ipc_last.ftl
names-ipc-last-dataset-93	unreferenced message	corvax\datasets\names\ipc_last.ftl
names-ipc-last-dataset-94	unreferenced message	corvax\datasets\names\ipc_last.ftl
names-ipc-last-dataset-95	unreferenced message	corvax\datasets\names\ipc_last.ftl
names-ipc-last-dataset-96	unreferenced message	corvax\datasets\names\ipc_last.ftl
names-ipc-last-dataset-97	unreferenced message	corvax\datasets\names\ipc_last.ftl
names-ipc-last-dataset-98	unreferenced message	corvax\datasets\names\ipc_last.ftl
names-ipc-last-dataset-99	unreferenced message	corvax\datasets\names\ipc_last.ftl
names-last-female-dataset-1	unreferenced message	datasets\names\last_female.ftl
names-last-female-dataset-10	unreferenced message	datasets\names\last_female.ftl
names-last-female-dataset-100	unreferenced message	datasets\names\last_female.ftl
names-last-female-dataset-101	unreferenced message	datasets\names\last_female.ftl
names-last-female-dataset-102	unreferenced message	datasets\names\last_female.ftl
names-last-female-dataset-103	unreferenced message	datasets\names\last_female.ftl
names-last-female-dataset-104	unreferenced message	datasets\names\last_female.ftl
names-last-female-dataset-105	unreferenced message	datasets\names\last_female.ftl
names-last-female-dataset-106	unreferenced message	datasets\names\last_female.ftl
names-last-female-dataset-107	unreferenced message	datasets\names\last_female.ftl
names-last-female-dataset-108	unreferenced message	datasets\names\last_female.ftl
names-last-female-dataset-109	unreferenced message	datasets\names\last_female.ftl
names-last-female-dataset-11	unreferenced message	datasets\names\last_female.ftl
names-last-female-dataset-110	unreferenced message	datasets\names\last_female.ftl
names-last-female-dataset-111	unreferenced message	datasets\names\last_female.ftl
names-last-female-dataset-112	unreferenced message	datasets\names\last_female.ftl
names-last-female-dataset-113	unreferenced message	datasets\names\last_female.ftl
names-last-female-dataset-114	unreferenced message	datasets\names\last_female.ftl
names-last-female-dataset-115	unreferenced message	datasets\names\last_female.ftl
names-last-female-dataset-116	unreferenced message	datasets\names\last_female.ftl
names-last-female-dataset-117	unreferenced message	datasets\names\last_female.ftl
names-last-female-dataset-118	unreferenced message	datasets\names\last_female.ftl
names-last-female-dataset-119	unreferenced message	datasets\names\last_female.ftl
names-last-female-dataset-12	unreferenced message	datasets\names\last_female.ftl
names-last-female-dataset-120	unreferenced message	datasets\names\last_female.ftl
names-last-female-dataset-121	unreferenced message	datasets\names\last_female.ftl
names-last-female-dataset-122	unreferenced message	datasets\names\last_female.ftl
names-last-female-dataset-123	unreferenced message	datasets\names\last_female.ftl
names-last-female-dataset-124	unreferenced message	datasets\names\last_female.ftl
names-last-female-dataset-125	unreferenced message	datasets\names\last_female.ftl
names-last-female-dataset-126	unreferenced message	datasets\names\last_female.ftl
names-last-female-dataset-127	unreferenced message	datasets\names\last_female.ftl
names-last-female-dataset-128	unreferenced message	datasets\names\last_female.ftl
names-last-female-dataset-129	unreferenced message	datasets\names\last_female.ftl
names-last-female-dataset-13	unreferenced message	datasets\names\last_female.ftl
names-last-female-dataset-130	unreferenced message	datasets\names\last_female.ftl
names-last-female-dataset-131	unreferenced message	datasets\names\last_female.ftl
names-last-female-dataset-132	unreferenced message	datasets\names\last_female.ftl
names-last-female-dataset-133	unreferenced message	datasets\names\last_female.ftl
names-last-female-dataset-134	unreferenced message	datasets\names\last_female.ftl
names-last-female-dataset-135	unreferenced message	datasets\names\last_female.ftl
names-last-female-dataset-136	unreferenced message	datasets\names\last_female.ftl
names-last-female-dataset-137	unreferenced message	datasets\names\last_female.ftl
names-last-female-dataset-138	unreferenced message	datasets\names\last_female.ftl
names-last-female-dataset-139	unreferenced message	datasets\names\last_female.ftl
names-last-female-dataset-14	unreferenced message	datasets\names\last_female.ftl
names-last-female-dataset-140	unreferenced message	datasets\names\last_female.ftl
names-last-female-dataset-141	unreferenced message	datasets\names\last_female.ftl
names-last-female-dataset-142	unreferenced message	datasets\names\last_female.ftl
names-last-female-dataset-143	unreferenced message	datasets\names\last_female.ftl
names-last-female-dataset-144	unreferenced message	datasets\names\last_female.ftl
names-last-female-dataset-145	unreferenced message	datasets\names\last_female.ftl
names-last-female-dataset-146	unreferenced message	datasets\names\last_female.ftl
names-last-female-dataset-147	unreferenced message	datasets\names\last_female.ftl
names-last-female-dataset-148	unreferenced message	datasets\names\last_female.ftl
names-last-female-dataset-149	unreferenced message	datasets\names\last_female.ftl
names-last-female-dataset-15	unreferenced message	datasets\names\last_female.ftl
names-last-female-dataset-150	unreferenced message	datasets\names\last_female.ftl
names-last-female-dataset-151	unreferenced message	datasets\names\last_female.ftl
names-last-female-dataset-152	unreferenced message	datasets\names\last_female.ftl
names-last-female-dataset-153	unreferenced message	datasets\names\last_female.ftl
names-last-female-dataset-154	unreferenced message	datasets\names\last_female.ftl
names-last-female-dataset-155	unreferenced message	datasets\names\last_female.ftl
names-last-female-dataset-156	unreferenced message	datasets\names\last_female.ftl
names-last-female-dataset-157	unreferenced message	datasets\names\last_female.ftl
names-last-female-dataset-158	unreferenced message	datasets\names\last_female.ftl
names-last-female-dataset-159	unreferenced message	datasets\names\last_female.ftl
names-last-female-dataset-16	unreferenced message	datasets\names\last_female.ftl
names-last-female-dataset-160	unreferenced message	datasets\names\last_female.ftl
names-last-female-dataset-161	unreferenced message	datasets\names\last_female.ftl
names-last-female-dataset-162	unreferenced message	datasets\names\last_female.ftl
names-last-female-dataset-163	unreferenced message	datasets\names\last_female.ftl
names-last-female-dataset-164	unreferenced message	datasets\names\last_female.ftl
names-last-female-dataset-165	unreferenced message	datasets\names\last_female.ftl
names-last-female-dataset-166	unreferenced message	datasets\names\last_female.ftl
names-last-female-dataset-167	unreferenced message	datasets\names\last_female.ftl
names-last-female-dataset-168	unreferenced message	datasets\names\last_female.ftl
names-last-female-dataset-169	unreferenced message	datasets\names\last_female.ftl
names-last-female-dataset-17	unreferenced message	datasets\names\last_female.ftl
names-last-female-dataset-170	unreferenced message	datasets\names\last_female.ftl
names-last-female-dataset-171	unreferenced message	datasets\names\last_female.ftl
names-last-female-dataset-172	unreferenced message	datasets\names\last_female.ftl
names-last-female-dataset-173	unreferenced message	datasets\names\last_female.ftl
names-last-female-dataset-174	unreferenced message	datasets\names\last_female.ftl
names-last-female-dataset-175	unreferenced message	datasets\names\last_female.ftl
names-last-female-dataset-176	unreferenced message	datasets\names\last_female.ftl
names-last-female-dataset-177	unreferenced message	datasets\names\last_female.ftl
names-last-female-dataset-178	unreferenced message	datasets\names\last_female.ftl
names-last-female-dataset-179	unreferenced message	datasets\names\last_female.ftl
names-last-female-dataset-18	unreferenced message	datasets\names\last_female.ftl
names-last-female-dataset-180	unreferenced message	datasets\names\last_female.ftl
names-last-female-dataset-181	unreferenced message	datasets\names\last_female.ftl
names-last-female-dataset-182	unreferenced message	datasets\names\last_female.ftl
names-last-female-dataset-183	unreferenced message	datasets\names\last_female.ftl
names-last-female-dataset-184	unreferenced message	datasets\names\last_female.ftl
names-last-female-dataset-185	unreferenced message	datasets\names\last_female.ftl
names-last-female-dataset-186	unreferenced message	datasets\names\last_female.ftl
names-last-female-dataset-187	unreferenced message	datasets\names\last_female.ftl
names-last-female-dataset-188	unreferenced message	datasets\names\last_female.ftl
names-last-female-dataset-189	unreferenced message	datasets\names\last_female.ftl
names-last-female-dataset-19	unreferenced message	datasets\names\last_female.ftl
names-last-female-dataset-190	unreferenced message	datasets\names\last_female.ftl
names-last-female-dataset-191	unreferenced message	datasets\names\last_female.ftl
names-last-female-dataset-192	unreferenced message	datasets\names\last_female.ftl
names-last-female-dataset-193	unreferenced message	datasets\names\last_female.ftl
names-last-female-dataset-194	unreferenced message	datasets\names\last_female.ftl
names-last-female-dataset-195	unreferenced message	datasets\names\last_female.ftl
names-last-female-dataset-196	unreferenced message	datasets\names\last_female.ftl
names-last-female-dataset-197	unreferenced message	datasets\names\last_female.ftl
names-last-female-dataset-198	unreferenced message	datasets\names\last_female.ftl
names-last-female-dataset-199	unreferenced message	datasets\names\last_female.ftl
names-last-female-dataset-2	unreferenced message	datasets\names\last_female.ftl
names-last-female-dataset-20	unreferenced message	datasets\names\last_female.ftl
names-last-female-dataset-200	unreferenced message	datasets\names\last_female.ftl
names-last-female-dataset-201	unreferenced message	datasets\names\last_female.ftl
names-last-female-dataset-202	unreferenced message	datasets\names\last_female.ftl
names-last-female-dataset-203	unreferenced message	datasets\names\last_female.ftl
names-last-female-dataset-204	unreferenced message	datasets\names\last_female.ftl
names-last-female-dataset-205	unreferenced message	datasets\names\last_female.ftl
names-last-female-dataset-206	unreferenced message	datasets\names\last_female.ftl
names-last-female-dataset-207	unreferenced message	datasets\names\last_female.ftl
names-last-female-dataset-208	unreferenced message	datasets\names\last_female.ftl
names-last-female-dataset-209	unreferenced message	datasets\names\last_female.ftl
names-last-female-dataset-21	unreferenced message	datasets\names\last_female.ftl
names-last-female-dataset-210	unreferenced message	datasets\names\last_female.ftl
names-last-female-dataset-211	unreferenced message	datasets\names\last_female.ftl
names-last-female-dataset-212	unreferenced message	datasets\names\last_female.ftl
names-last-female-dataset-213	unreferenced message	datasets\names\last_female.ftl
names-last-female-dataset-214	unreferenced message	datasets\names\last_female.ftl
names-last-female-dataset-215	unreferenced message	datasets\names\last_female.ftl
names-last-female-dataset-216	unreferenced message	datasets\names\last_female.ftl
names-last-female-dataset-217	unreferenced message	datasets\names\last_female.ftl
names-last-female-dataset-218	unreferenced message	datasets\names\last_female.ftl
names-last-female-dataset-219	unreferenced message	datasets\names\last_female.ftl
names-last-female-dataset-22	unreferenced message	datasets\names\last_female.ftl
names-last-female-dataset-220	unreferenced message	datasets\names\last_female.ftl
names-last-female-dataset-221	unreferenced message	datasets\names\last_female.ftl
names-last-female-dataset-222	unreferenced message	datasets\names\last_female.ftl
names-last-female-dataset-223	unreferenced message	datasets\names\last_female.ftl
names-last-female-dataset-224	unreferenced message	datasets\names\last_female.ftl
names-last-female-dataset-225	unreferenced message	datasets\names\last_female.ftl
names-last-female-dataset-226	unreferenced message	datasets\names\last_female.ftl
names-last-female-dataset-227	unreferenced message	datasets\names\last_female.ftl
names-last-female-dataset-228	unreferenced message	datasets\names\last_female.ftl
names-last-female-dataset-229	unreferenced message	datasets\names\last_female.ftl
names-last-female-dataset-23	unreferenced message	datasets\names\last_female.ftl
names-last-female-dataset-230	unreferenced message	datasets\names\last_female.ftl
names-last-female-dataset-231	unreferenced message	datasets\names\last_female.ftl
names-last-female-dataset-232	unreferenced message	datasets\names\last_female.ftl
names-last-female-dataset-233	unreferenced message	datasets\names\last_female.ftl
names-last-female-dataset-234	unreferenced message	datasets\names\last_female.ftl
names-last-female-dataset-235	unreferenced message	datasets\names\last_female.ftl
names-last-female-dataset-236	unreferenced message	datasets\names\last_female.ftl
names-last-female-dataset-237	unreferenced message	datasets\names\last_female.ftl
names-last-female-dataset-238	unreferenced message	datasets\names\last_female.ftl
names-last-female-dataset-239	unreferenced message	datasets\names\last_female.ftl
names-last-female-dataset-24	unreferenced message	datasets\names\last_female.ftl
names-last-female-dataset-240	unreferenced message	datasets\names\last_female.ftl
names-last-female-dataset-241	unreferenced message	datasets\names\last_female.ftl
names-last-female-dataset-242	unreferenced message	datasets\names\last_female.ftl
names-last-female-dataset-243	unreferenced message	datasets\names\last_female.ftl
names-last-female-dataset-244	unreferenced message	datasets\names\last_female.ftl
names-last-female-dataset-245	unreferenced message	datasets\names\last_female.ftl
names-last-female-dataset-246	unreferenced message	datasets\names\last_female.ftl
names-last-female-dataset-247	unreferenced message	datasets\names\last_female.ftl
names-last-female-dataset-248	unreferenced message	datasets\names\last_female.ftl
names-last-female-dataset-249	unreferenced message	datasets\names\last_female.ftl
names-last-female-dataset-25	unreferenced message	datasets\names\last_female.ftl
names-last-female-dataset-26	unreferenced message	datasets\names\last_female.ftl
names-last-female-dataset-27	unreferenced message	datasets\names\last_female.ftl
names-last-female-dataset-28	unreferenced message	datasets\names\last_female.ftl
names-last-female-dataset-29	unreferenced message	datasets\names\last_female.ftl
names-last-female-dataset-3	unreferenced message	datasets\names\last_female.ftl
names-last-female-dataset-30	unreferenced message	datasets\names\last_female.ftl
names-last-female-dataset-31	unreferenced message	datasets\names\last_female.ftl
names-last-female-dataset-32	unreferenced message	datasets\names\last_female.ftl
names-last-female-dataset-33	unreferenced message	datasets\names\last_female.ftl
names-last-female-dataset-34	unreferenced message	datasets\names\last_female.ftl
names-last-female-dataset-35	unreferenced message	datasets\names\last_female.ftl
names-last-female-dataset-36	unreferenced message	datasets\names\last_female.ftl
names-last-female-dataset-37	unreferenced message	datasets\names\last_female.ftl
names-last-female-dataset-38	unreferenced message	datasets\names\last_female.ftl
names-last-female-dataset-39	unreferenced message	datasets\names\last_female.ftl
names-last-female-dataset-4	unreferenced message	datasets\names\last_female.ftl
names-last-female-dataset-40	unreferenced message	datasets\names\last_female.ftl
names-last-female-dataset-41	unreferenced message	datasets\names\last_female.ftl
names-last-female-dataset-42	unreferenced message	datasets\names\last_female.ftl
names-last-female-dataset-43	unreferenced message	datasets\names\last_female.ftl
names-last-female-dataset-44	unreferenced message	datasets\names\last_female.ftl
names-last-female-dataset-45	unreferenced message	datasets\names\last_female.ftl
names-last-female-dataset-46	unreferenced message	datasets\names\last_female.ftl
names-last-female-dataset-47	unreferenced message	datasets\names\last_female.ftl
names-last-female-dataset-48	unreferenced message	datasets\names\last_female.ftl
names-last-female-dataset-49	unreferenced message	datasets\names\last_female.ftl
names-last-female-dataset-5	unreferenced message	datasets\names\last_female.ftl
names-last-female-dataset-50	unreferenced message	datasets\names\last_female.ftl
names-last-female-dataset-51	unreferenced message	datasets\names\last_female.ftl
names-last-female-dataset-52	unreferenced message	datasets\names\last_female.ftl
names-last-female-dataset-53	unreferenced message	datasets\names\last_female.ftl
names-last-female-dataset-54	unreferenced message	datasets\names\last_female.ftl
names-last-female-dataset-55	unreferenced message	datasets\names\last_female.ftl
names-last-female-dataset-56	unreferenced message	datasets\names\last_female.ftl
names-last-female-dataset-57	unreferenced message	datasets\names\last_female.ftl
names-last-female-dataset-58	unreferenced message	datasets\names\last_female.ftl
names-last-female-dataset-59	unreferenced message	datasets\names\last_female.ftl
names-last-female-dataset-6	unreferenced message	datasets\names\last_female.ftl
names-last-female-dataset-60	unreferenced message	datasets\names\last_female.ftl
names-last-female-dataset-61	unreferenced message	datasets\names\last_female.ftl
names-last-female-dataset-62	unreferenced message	datasets\names\last_female.ftl
names-last-female-dataset-63	unreferenced message	datasets\names\last_female.ftl
names-last-female-dataset-64	unreferenced message	datasets\names\last_female.ftl
names-last-female-dataset-65	unreferenced message	datasets\names\last_female.ftl
names-last-female-dataset-66	unreferenced message	datasets\names\last_female.ftl
names-last-female-dataset-67	unreferenced message	datasets\names\last_female.ftl
names-last-female-dataset-68	unreferenced message	datasets\names\last_female.ftl
names-last-female-dataset-69	unreferenced message	datasets\names\last_female.ftl
names-last-female-dataset-7	unreferenced message	datasets\names\last_female.ftl
names-last-female-dataset-70	unreferenced message	datasets\names\last_female.ftl
names-last-female-dataset-71	unreferenced message	datasets\names\last_female.ftl
names-last-female-dataset-72	unreferenced message	datasets\names\last_female.ftl
names-last-female-dataset-73	unreferenced message	datasets\names\last_female.ftl
names-last-female-dataset-74	unreferenced message	datasets\names\last_female.ftl
names-last-female-dataset-75	unreferenced message	datasets\names\last_female.ftl
names-last-female-dataset-76	unreferenced message	datasets\names\last_female.ftl
names-last-female-dataset-77	unreferenced message	datasets\names\last_female.ftl
names-last-female-dataset-78	unreferenced message	datasets\names\last_female.ftl
names-last-female-dataset-79	unreferenced message	datasets\names\last_female.ftl
names-last-female-dataset-8	unreferenced message	datasets\names\last_female.ftl
names-last-female-dataset-80	unreferenced message	datasets\names\last_female.ftl
names-last-female-dataset-81	unreferenced message	datasets\names\last_female.ftl
names-last-female-dataset-82	unreferenced message	datasets\names\last_female.ftl
names-last-female-dataset-83	unreferenced message	datasets\names\last_female.ftl
names-last-female-dataset-84	unreferenced message	datasets\names\last_female.ftl
names-last-female-dataset-85	unreferenced message	datasets\names\last_female.ftl
names-last-female-dataset-86	unreferenced message	datasets\names\last_female.ftl
names-last-female-dataset-87	unreferenced message	datasets\names\last_female.ftl
names-last-female-dataset-88	unreferenced message	datasets\names\last_female.ftl
names-last-female-dataset-89	unreferenced message	datasets\names\last_female.ftl
names-last-female-dataset-9	unreferenced message	datasets\names\last_female.ftl
names-last-female-dataset-90	unreferenced message	datasets\names\last_female.ftl
names-last-female-dataset-91	unreferenced message	datasets\names\last_female.ftl
names-last-female-dataset-92	unreferenced message	datasets\names\last_female.ftl
names-last-female-dataset-93	unreferenced message	datasets\names\last_female.ftl
names-last-female-dataset-94	unreferenced message	datasets\names\last_female.ftl
names-last-female-dataset-95	unreferenced message	datasets\names\last_female.ftl
names-last-female-dataset-96	unreferenced message	datasets\names\last_female.ftl
names-last-female-dataset-97	unreferenced message	datasets\names\last_female.ftl
names-last-female-dataset-98	unreferenced message	datasets\names\last_female.ftl
names-last-female-dataset-99	unreferenced message	datasets\names\last_female.ftl
names-last-male-dataset-1	unreferenced message	datasets\names\last_male.ftl
names-last-male-dataset-10	unreferenced message	datasets\names\last_male.ftl
names-last-male-dataset-100	unreferenced message	datasets\names\last_male.ftl
names-last-male-dataset-101	unreferenced message	datasets\names\last_male.ftl
names-last-male-dataset-102	unreferenced message	datasets\names\last_male.ftl
names-last-male-dataset-103	unreferenced message	datasets\names\last_male.ftl
names-last-male-dataset-104	unreferenced message	datasets\names\last_male.ftl
names-last-male-dataset-105	unreferenced message	datasets\names\last_male.ftl
names-last-male-dataset-106	unreferenced message	datasets\names\last_male.ftl
names-last-male-dataset-107	unreferenced message	datasets\names\last_male.ftl
names-last-male-dataset-108	unreferenced message	datasets\names\last_male.ftl
names-last-male-dataset-109	unreferenced message	datasets\names\last_male.ftl
names-last-male-dataset-11	unreferenced message	datasets\names\last_male.ftl
names-last-male-dataset-110	unreferenced message	datasets\names\last_male.ftl
names-last-male-dataset-111	unreferenced message	datasets\names\last_male.ftl
names-last-male-dataset-112	unreferenced message	datasets\names\last_male.ftl
names-last-male-dataset-113	unreferenced message	datasets\names\last_male.ftl
names-last-male-dataset-114	unreferenced message	datasets\names\last_male.ftl
names-last-male-dataset-115	unreferenced message	datasets\names\last_male.ftl
names-last-male-dataset-116	unreferenced message	datasets\names\last_male.ftl
names-last-male-dataset-117	unreferenced message	datasets\names\last_male.ftl
names-last-male-dataset-118	unreferenced message	datasets\names\last_male.ftl
names-last-male-dataset-119	unreferenced message	datasets\names\last_male.ftl
names-last-male-dataset-12	unreferenced message	datasets\names\last_male.ftl
names-last-male-dataset-120	unreferenced message	datasets\names\last_male.ftl
names-last-male-dataset-121	unreferenced message	datasets\names\last_male.ftl
names-last-male-dataset-122	unreferenced message	datasets\names\last_male.ftl
names-last-male-dataset-123	unreferenced message	datasets\names\last_male.ftl
names-last-male-dataset-124	unreferenced message	datasets\names\last_male.ftl
names-last-male-dataset-125	unreferenced message	datasets\names\last_male.ftl
names-last-male-dataset-126	unreferenced message	datasets\names\last_male.ftl
names-last-male-dataset-127	unreferenced message	datasets\names\last_male.ftl
names-last-male-dataset-128	unreferenced message	datasets\names\last_male.ftl
names-last-male-dataset-129	unreferenced message	datasets\names\last_male.ftl
names-last-male-dataset-13	unreferenced message	datasets\names\last_male.ftl
names-last-male-dataset-130	unreferenced message	datasets\names\last_male.ftl
names-last-male-dataset-131	unreferenced message	datasets\names\last_male.ftl
names-last-male-dataset-132	unreferenced message	datasets\names\last_male.ftl
names-last-male-dataset-133	unreferenced message	datasets\names\last_male.ftl
names-last-male-dataset-134	unreferenced message	datasets\names\last_male.ftl
names-last-male-dataset-135	unreferenced message	datasets\names\last_male.ftl
names-last-male-dataset-136	unreferenced message	datasets\names\last_male.ftl
names-last-male-dataset-137	unreferenced message	datasets\names\last_male.ftl
names-last-male-dataset-138	unreferenced message	datasets\names\last_male.ftl
names-last-male-dataset-139	unreferenced message	datasets\names\last_male.ftl
names-last-male-dataset-14	unreferenced message	datasets\names\last_male.ftl
names-last-male-dataset-140	unreferenced message	datasets\names\last_male.ftl
names-last-male-dataset-141	unreferenced message	datasets\names\last_male.ftl
names-last-male-dataset-142	unreferenced message	datasets\names\last_male.ftl
names-last-male-dataset-143	unreferenced message	datasets\names\last_male.ftl
names-last-male-dataset-144	unreferenced message	datasets\names\last_male.ftl
names-last-male-dataset-145	unreferenced message	datasets\names\last_male.ftl
names-last-male-dataset-146	unreferenced message	datasets\names\last_male.ftl
names-last-male-dataset-147	unreferenced message	datasets\names\last_male.ftl
names-last-male-dataset-148	unreferenced message	datasets\names\last_male.ftl
names-last-male-dataset-149	unreferenced message	datasets\names\last_male.ftl
names-last-male-dataset-15	unreferenced message	datasets\names\last_male.ftl
names-last-male-dataset-150	unreferenced message	datasets\names\last_male.ftl
names-last-male-dataset-151	unreferenced message	datasets\names\last_male.ftl
names-last-male-dataset-152	unreferenced message	datasets\names\last_male.ftl
names-last-male-dataset-153	unreferenced message	datasets\names\last_male.ftl
names-last-male-dataset-154	unreferenced message	datasets\names\last_male.ftl
names-last-male-dataset-155	unreferenced message	datasets\names\last_male.ftl
names-last-male-dataset-156	unreferenced message	datasets\names\last_male.ftl
names-last-male-dataset-157	unreferenced message	datasets\names\last_male.ftl
names-last-male-dataset-158	unreferenced message	datasets\names\last_male.ftl
names-last-male-dataset-159	unreferenced message	datasets\names\last_male.ftl
names-last-male-dataset-16	unreferenced message	datasets\names\last_male.ftl
names-last-male-dataset-160	unreferenced message	datasets\names\last_male.ftl
names-last-male-dataset-161	unreferenced message	datasets\names\last_male.ftl
names-last-male-dataset-162	unreferenced message	datasets\names\last_male.ftl
names-last-male-dataset-163	unreferenced message	datasets\names\last_male.ftl
names-last-male-dataset-164	unreferenced message	datasets\names\last_male.ftl
names-last-male-dataset-165	unreferenced message	datasets\names\last_male.ftl
names-last-male-dataset-166	unreferenced message	datasets\names\last_male.ftl
names-last-male-dataset-167	unreferenced message	datasets\names\last_male.ftl
names-last-male-dataset-168	unreferenced message	datasets\names\last_male.ftl
names-last-male-dataset-169	unreferenced message	datasets\names\last_male.ftl
names-last-male-dataset-17	unreferenced message	datasets\names\last_male.ftl
names-last-male-dataset-170	unreferenced message	datasets\names\last_male.ftl
names-last-male-dataset-171	unreferenced message	datasets\names\last_male.ftl
names-last-male-dataset-172	unreferenced message	datasets\names\last_male.ftl
names-last-male-dataset-173	unreferenced message	datasets\names\last_male.ftl
names-last-male-dataset-174	unreferenced message	datasets\names\last_male.ftl
names-last-male-dataset-175	unreferenced message	datasets\names\last_male.ftl
names-last-male-dataset-176	unreferenced message	datasets\names\last_male.ftl
names-last-male-dataset-177	unreferenced message	datasets\names\last_male.ftl
names-last-male-dataset-178	unreferenced message	datasets\names\last_male.ftl
names-last-male-dataset-179	unreferenced message	datasets\names\last_male.ftl
names-last-male-dataset-18	unreferenced message	datasets\names\last_male.ftl
names-last-male-dataset-180	unreferenced message	datasets\names\last_male.ftl
names-last-male-dataset-181	unreferenced message	datasets\names\last_male.ftl
names-last-male-dataset-182	unreferenced message	datasets\names\last_male.ftl
names-last-male-dataset-183	unreferenced message	datasets\names\last_male.ftl
names-last-male-dataset-184	unreferenced message	datasets\names\last_male.ftl
names-last-male-dataset-185	unreferenced message	datasets\names\last_male.ftl
names-last-male-dataset-186	unreferenced message	datasets\names\last_male.ftl
names-last-male-dataset-187	unreferenced message	datasets\names\last_male.ftl
names-last-male-dataset-188	unreferenced message	datasets\names\last_male.ftl
names-last-male-dataset-189	unreferenced message	datasets\names\last_male.ftl
names-last-male-dataset-19	unreferenced message	datasets\names\last_male.ftl
names-last-male-dataset-190	unreferenced message	datasets\names\last_male.ftl
names-last-male-dataset-191	unreferenced message	datasets\names\last_male.ftl
names-last-male-dataset-192	unreferenced message	datasets\names\last_male.ftl
names-last-male-dataset-193	unreferenced message	datasets\names\last_male.ftl
names-last-male-dataset-194	unreferenced message	datasets\names\last_male.ftl
names-last-male-dataset-195	unreferenced message	datasets\names\last_male.ftl
names-last-male-dataset-196	unreferenced message	datasets\names\last_male.ftl
names-last-male-dataset-197	unreferenced message	datasets\names\last_male.ftl
names-last-male-dataset-198	unreferenced message	datasets\names\last_male.ftl
names-last-male-dataset-199	unreferenced message	datasets\names\last_male.ftl
names-last-male-dataset-2	unreferenced message	datasets\names\last_male.ftl
names-last-male-dataset-20	unreferenced message	datasets\names\last_male.ftl
names-last-male-dataset-200	unreferenced message	datasets\names\last_male.ftl
names-last-male-dataset-201	unreferenced message	datasets\names\last_male.ftl
names-last-male-dataset-202	unreferenced message	datasets\names\last_male.ftl
names-last-male-dataset-203	unreferenced message	datasets\names\last_male.ftl
names-last-male-dataset-204	unreferenced message	datasets\names\last_male.ftl
names-last-male-dataset-205	unreferenced message	datasets\names\last_male.ftl
names-last-male-dataset-206	unreferenced message	datasets\names\last_male.ftl
names-last-male-dataset-207	unreferenced message	datasets\names\last_male.ftl
names-last-male-dataset-208	unreferenced message	datasets\names\last_male.ftl
names-last-male-dataset-209	unreferenced message	datasets\names\last_male.ftl
names-last-male-dataset-21	unreferenced message	datasets\names\last_male.ftl
names-last-male-dataset-210	unreferenced message	datasets\names\last_male.ftl
names-last-male-dataset-211	unreferenced message	datasets\names\last_male.ftl
names-last-male-dataset-212	unreferenced message	datasets\names\last_male.ftl
names-last-male-dataset-213	unreferenced message	datasets\names\last_male.ftl
names-last-male-dataset-214	unreferenced message	datasets\names\last_male.ftl
names-last-male-dataset-215	unreferenced message	datasets\names\last_male.ftl
names-last-male-dataset-216	unreferenced message	datasets\names\last_male.ftl
names-last-male-dataset-217	unreferenced message	datasets\names\last_male.ftl
names-last-male-dataset-218	unreferenced message	datasets\names\last_male.ftl
names-last-male-dataset-219	unreferenced message	datasets\names\last_male.ftl
names-last-male-dataset-22	unreferenced message	datasets\names\last_male.ftl
names-last-male-dataset-220	unreferenced message	datasets\names\last_male.ftl
names-last-male-dataset-221	unreferenced message	datasets\names\last_male.ftl
names-last-male-dataset-222	unreferenced message	datasets\names\last_male.ftl
names-last-male-dataset-223	unreferenced message	datasets\names\last_male.ftl
names-last-male-dataset-224	unreferenced message	datasets\names\last_male.ftl
names-last-male-dataset-225	unreferenced message	datasets\names\last_male.ftl
names-last-male-dataset-226	unreferenced message	datasets\names\last_male.ftl
names-last-male-dataset-227	unreferenced message	datasets\names\last_male.ftl
names-last-male-dataset-228	unreferenced message	datasets\names\last_male.ftl
names-last-male-dataset-229	unreferenced message	datasets\names\last_male.ftl
names-last-male-dataset-23	unreferenced message	datasets\names\last_male.ftl
names-last-male-dataset-230	unreferenced message	datasets\names\last_male.ftl
names-last-male-dataset-231	unreferenced message	datasets\names\last_male.ftl
names-last-male-dataset-232	unreferenced message	datasets\names\last_male.ftl
names-last-male-dataset-233	unreferenced message	datasets\names\last_male.ftl
names-last-male-dataset-234	unreferenced message	datasets\names\last_male.ftl
names-last-male-dataset-235	unreferenced message	datasets\names\last_male.ftl
names-last-male-dataset-236	unreferenced message	datasets\names\last_male.ftl
names-last-male-dataset-237	unreferenced message	datasets\names\last_male.ftl
names-last-male-dataset-238	unreferenced message	datasets\names\last_male.ftl
names-last-male-dataset-239	unreferenced message	datasets\names\last_male.ftl
names-last-male-dataset-24	unreferenced message	datasets\names\last_male.ftl
names-last-male-dataset-240	unreferenced message	datasets\names\last_male.ftl
names-last-male-dataset-241	unreferenced message	datasets\names\last_male.ftl
names-last-male-dataset-242	unreferenced message	datasets\names\last_male.ftl
names-last-male-dataset-243	unreferenced message	datasets\names\last_male.ftl
names-last-male-dataset-244	unreferenced message	datasets\names\last_male.ftl
names-last-male-dataset-245	unreferenced message	datasets\names\last_male.ftl
names-last-male-dataset-246	unreferenced message	datasets\names\last_male.ftl
names-last-male-dataset-247	unreferenced message	datasets\names\last_male.ftl
names-last-male-dataset-248	unreferenced message	datasets\names\last_male.ftl
names-last-male-dataset-249	unreferenced message	datasets\names\last_male.ftl
names-last-male-dataset-25	unreferenced message	datasets\names\last_male.ftl
names-last-male-dataset-250	unreferenced message	datasets\names\last_male.ftl
names-last-male-dataset-251	unreferenced message	datasets\names\last_male.ftl
names-last-male-dataset-252	unreferenced message	datasets\names\last_male.ftl
names-last-male-dataset-253	unreferenced message	datasets\names\last_male.ftl
names-last-male-dataset-254	unreferenced message	datasets\names\last_male.ftl
names-last-male-dataset-255	unreferenced message	datasets\names\last_male.ftl
names-last-male-dataset-256	unreferenced message	datasets\names\last_male.ftl
names-last-male-dataset-257	unreferenced message	datasets\names\last_male.ftl
names-last-male-dataset-258	unreferenced message	datasets\names\last_male.ftl
names-last-male-dataset-259	unreferenced message	datasets\names\last_male.ftl
names-last-male-dataset-26	unreferenced message	datasets\names\last_male.ftl
names-last-male-dataset-260	unreferenced message	datasets\names\last_male.ftl
names-last-male-dataset-261	unreferenced message	datasets\names\last_male.ftl
names-last-male-dataset-262	unreferenced message	datasets\names\last_male.ftl
names-last-male-dataset-263	unreferenced message	datasets\names\last_male.ftl
names-last-male-dataset-264	unreferenced message	datasets\names\last_male.ftl
names-last-male-dataset-265	unreferenced message	datasets\names\last_male.ftl
names-last-male-dataset-266	unreferenced message	datasets\names\last_male.ftl
names-last-male-dataset-267	unreferenced message	datasets\names\last_male.ftl
names-last-male-dataset-268	unreferenced message	datasets\names\last_male.ftl
names-last-male-dataset-269	unreferenced message	datasets\names\last_male.ftl
names-last-male-dataset-27	unreferenced message	datasets\names\last_male.ftl
names-last-male-dataset-270	unreferenced message	datasets\names\last_male.ftl
names-last-male-dataset-271	unreferenced message	datasets\names\last_male.ftl
names-last-male-dataset-272	unreferenced message	datasets\names\last_male.ftl
names-last-male-dataset-273	unreferenced message	datasets\names\last_male.ftl
names-last-male-dataset-274	unreferenced message	datasets\names\last_male.ftl
names-last-male-dataset-275	unreferenced message	datasets\names\last_male.ftl
names-last-male-dataset-276	unreferenced message	datasets\names\last_male.ftl
names-last-male-dataset-277	unreferenced message	datasets\names\last_male.ftl
names-last-male-dataset-278	unreferenced message	datasets\names\last_male.ftl
names-last-male-dataset-279	unreferenced message	datasets\names\last_male.ftl
names-last-male-dataset-28	unreferenced message	datasets\names\last_male.ftl
names-last-male-dataset-280	unreferenced message	datasets\names\last_male.ftl
names-last-male-dataset-281	unreferenced message	datasets\names\last_male.ftl
names-last-male-dataset-282	unreferenced message	datasets\names\last_male.ftl
names-last-male-dataset-283	unreferenced message	datasets\names\last_male.ftl
names-last-male-dataset-284	unreferenced message	datasets\names\last_male.ftl
names-last-male-dataset-285	unreferenced message	datasets\names\last_male.ftl
names-last-male-dataset-286	unreferenced message	datasets\names\last_male.ftl
names-last-male-dataset-287	unreferenced message	datasets\names\last_male.ftl
names-last-male-dataset-288	unreferenced message	datasets\names\last_male.ftl
names-last-male-dataset-289	unreferenced message	datasets\names\last_male.ftl
names-last-male-dataset-29	unreferenced message	datasets\names\last_male.ftl
names-last-male-dataset-290	unreferenced message	datasets\names\last_male.ftl
names-last-male-dataset-291	unreferenced message	datasets\names\last_male.ftl
names-last-male-dataset-292	unreferenced message	datasets\names\last_male.ftl
names-last-male-dataset-293	unreferenced message	datasets\names\last_male.ftl
names-last-male-dataset-294	unreferenced message	datasets\names\last_male.ftl
names-last-male-dataset-295	unreferenced message	datasets\names\last_male.ftl
names-last-male-dataset-296	unreferenced message	datasets\names\last_male.ftl
names-last-male-dataset-297	unreferenced message	datasets\names\last_male.ftl
names-last-male-dataset-298	unreferenced message	datasets\names\last_male.ftl
names-last-male-dataset-299	unreferenced message	datasets\names\last_male.ftl
names-last-male-dataset-3	unreferenced message	datasets\names\last_male.ftl
names-last-male-dataset-30	unreferenced message	datasets\names\last_male.ftl
names-last-male-dataset-300	unreferenced message	datasets\names\last_male.ftl
names-last-male-dataset-301	unreferenced message	datasets\names\last_male.ftl
names-last-male-dataset-302	unreferenced message	datasets\names\last_male.ftl
names-last-male-dataset-303	unreferenced message	datasets\names\last_male.ftl
names-last-male-dataset-304	unreferenced message	datasets\names\last_male.ftl
names-last-male-dataset-305	unreferenced message	datasets\names\last_male.ftl
names-last-male-dataset-306	unreferenced message	datasets\names\last_male.ftl
names-last-male-dataset-307	unreferenced message	datasets\names\last_male.ftl
names-last-male-dataset-308	unreferenced message	datasets\names\last_male.ftl
names-last-male-dataset-309	unreferenced message	datasets\names\last_male.ftl
names-last-male-dataset-31	unreferenced message	datasets\names\last_male.ftl
names-last-male-dataset-310	unreferenced message	datasets\names\last_male.ftl
names-last-male-dataset-311	unreferenced message	datasets\names\last_male.ftl
names-last-male-dataset-312	unreferenced message	datasets\names\last_male.ftl
names-last-male-dataset-313	unreferenced message	datasets\names\last_male.ftl
names-last-male-dataset-314	unreferenced message	datasets\names\last_male.ftl
names-last-male-dataset-315	unreferenced message	datasets\names\last_male.ftl
names-last-male-dataset-316	unreferenced message	datasets\names\last_male.ftl
names-last-male-dataset-317	unreferenced message	datasets\names\last_male.ftl
names-last-male-dataset-318	unreferenced message	datasets\names\last_male.ftl
names-last-male-dataset-319	unreferenced message	datasets\names\last_male.ftl
names-last-male-dataset-32	unreferenced message	datasets\names\last_male.ftl
names-last-male-dataset-320	unreferenced message	datasets\names\last_male.ftl
names-last-male-dataset-321	unreferenced message	datasets\names\last_male.ftl
names-last-male-dataset-322	unreferenced message	datasets\names\last_male.ftl
names-last-male-dataset-323	unreferenced message	datasets\names\last_male.ftl
names-last-male-dataset-324	unreferenced message	datasets\names\last_male.ftl
names-last-male-dataset-325	unreferenced message	datasets\names\last_male.ftl
names-last-male-dataset-326	unreferenced message	datasets\names\last_male.ftl
names-last-male-dataset-327	unreferenced message	datasets\names\last_male.ftl
names-last-male-dataset-328	unreferenced message	datasets\names\last_male.ftl
names-last-male-dataset-329	unreferenced message	datasets\names\last_male.ftl
names-last-male-dataset-33	unreferenced message	datasets\names\last_male.ftl
names-last-male-dataset-330	unreferenced message	datasets\names\last_male.ftl
names-last-male-dataset-331	unreferenced message	datasets\names\last_male.ftl
names-last-male-dataset-332	unreferenced message	datasets\names\last_male.ftl
names-last-male-dataset-333	unreferenced message	datasets\names\last_male.ftl
names-last-male-dataset-334	unreferenced message	datasets\names\last_male.ftl
names-last-male-dataset-335	unreferenced message	datasets\names\last_male.ftl
names-last-male-dataset-336	unreferenced message	datasets\names\last_male.ftl
names-last-male-dataset-337	unreferenced message	datasets\names\last_male.ftl
names-last-male-dataset-338	unreferenced message	datasets\names\last_male.ftl
names-last-male-dataset-339	unreferenced message	datasets\names\last_male.ftl
names-last-male-dataset-34	unreferenced message	datasets\names\last_male.ftl
names-last-male-dataset-340	unreferenced message	datasets\names\last_male.ftl
names-last-male-dataset-341	unreferenced message	datasets\names\last_male.ftl
names-last-male-dataset-342	unreferenced message	datasets\names\last_male.ftl
names-last-male-dataset-343	unreferenced message	datasets\names\last_male.ftl
names-last-male-dataset-344	unreferenced message	datasets\names\last_male.ftl
names-last-male-dataset-345	unreferenced message	datasets\names\last_male.ftl
names-last-male-dataset-346	unreferenced message	datasets\names\last_male.ftl
names-last-male-dataset-347	unreferenced message	datasets\names\last_male.ftl
names-last-male-dataset-348	unreferenced message	datasets\names\last_male.ftl
names-last-male-dataset-349	unreferenced message	datasets\names\last_male.ftl
names-last-male-dataset-35	unreferenced message	datasets\names\last_male.ftl
names-last-male-dataset-350	unreferenced message	datasets\names\last_male.ftl
names-last-male-dataset-351	unreferenced message	datasets\names\last_male.ftl
names-last-male-dataset-352	unreferenced message	datasets\names\last_male.ftl
names-last-male-dataset-353	unreferenced message	datasets\names\last_male.ftl
names-last-male-dataset-354	unreferenced message	datasets\names\last_male.ftl
names-last-male-dataset-355	unreferenced message	datasets\names\last_male.ftl
names-last-male-dataset-356	unreferenced message	datasets\names\last_male.ftl
names-last-male-dataset-357	unreferenced message	datasets\names\last_male.ftl
names-last-male-dataset-358	unreferenced message	datasets\names\last_male.ftl
names-last-male-dataset-359	unreferenced message	datasets\names\last_male.ftl
names-last-male-dataset-36	unreferenced message	datasets\names\last_male.ftl
names-last-male-dataset-360	unreferenced message	datasets\names\last_male.ftl
names-last-male-dataset-361	unreferenced message	datasets\names\last_male.ftl
names-last-male-dataset-362	unreferenced message	datasets\names\last_male.ftl
names-last-male-dataset-363	unreferenced message	datasets\names\last_male.ftl
names-last-male-dataset-364	unreferenced message	datasets\names\last_male.ftl
names-last-male-dataset-365	unreferenced message	datasets\names\last_male.ftl
names-last-male-dataset-366	unreferenced message	datasets\names\last_male.ftl
names-last-male-dataset-367	unreferenced message	datasets\names\last_male.ftl
names-last-male-dataset-368	unreferenced message	datasets\names\last_male.ftl
names-last-male-dataset-369	unreferenced message	datasets\names\last_male.ftl
names-last-male-dataset-37	unreferenced message	datasets\names\last_male.ftl
names-last-male-dataset-370	unreferenced message	datasets\names\last_male.ftl
names-last-male-dataset-371	unreferenced message	datasets\names\last_male.ftl
names-last-male-dataset-372	unreferenced message	datasets\names\last_male.ftl
names-last-male-dataset-373	unreferenced message	datasets\names\last_male.ftl
names-last-male-dataset-374	unreferenced message	datasets\names\last_male.ftl
names-last-male-dataset-375	unreferenced message	datasets\names\last_male.ftl
names-last-male-dataset-376	unreferenced message	datasets\names\last_male.ftl
names-last-male-dataset-377	unreferenced message	datasets\names\last_male.ftl
names-last-male-dataset-378	unreferenced message	datasets\names\last_male.ftl
names-last-male-dataset-379	unreferenced message	datasets\names\last_male.ftl
names-last-male-dataset-38	unreferenced message	datasets\names\last_male.ftl
names-last-male-dataset-380	unreferenced message	datasets\names\last_male.ftl
names-last-male-dataset-381	unreferenced message	datasets\names\last_male.ftl
names-last-male-dataset-382	unreferenced message	datasets\names\last_male.ftl
names-last-male-dataset-383	unreferenced message	datasets\names\last_male.ftl
names-last-male-dataset-384	unreferenced message	datasets\names\last_male.ftl
names-last-male-dataset-385	unreferenced message	datasets\names\last_male.ftl
names-last-male-dataset-386	unreferenced message	datasets\names\last_male.ftl
names-last-male-dataset-387	unreferenced message	datasets\names\last_male.ftl
names-last-male-dataset-388	unreferenced message	datasets\names\last_male.ftl
names-last-male-dataset-389	unreferenced message	datasets\names\last_male.ftl
names-last-male-dataset-39	unreferenced message	datasets\names\last_male.ftl
names-last-male-dataset-390	unreferenced message	datasets\names\last_male.ftl
names-last-male-dataset-391	unreferenced message	datasets\names\last_male.ftl
names-last-male-dataset-392	unreferenced message	datasets\names\last_male.ftl
names-last-male-dataset-393	unreferenced message	datasets\names\last_male.ftl
names-last-male-dataset-394	unreferenced message	datasets\names\last_male.ftl
names-last-male-dataset-395	unreferenced message	datasets\names\last_male.ftl
names-last-male-dataset-396	unreferenced message	datasets\names\last_male.ftl
names-last-male-dataset-397	unreferenced message	datasets\names\last_male.ftl
names-last-male-dataset-398	unreferenced message	datasets\names\last_male.ftl
names-last-male-dataset-399	unreferenced message	datasets\names\last_male.ftl
names-last-male-dataset-4	unreferenced message	datasets\names\last_male.ftl
names-last-male-dataset-40	unreferenced message	datasets\names\last_male.ftl
names-last-male-dataset-400	unreferenced message	datasets\names\last_male.ftl
names-last-male-dataset-401	unreferenced message	datasets\names\last_male.ftl
names-last-male-dataset-402	unreferenced message	datasets\names\last_male.ftl
names-last-male-dataset-403	unreferenced message	datasets\names\last_male.ftl
names-last-male-dataset-404	unreferenced message	datasets\names\last_male.ftl
names-last-male-dataset-405	unreferenced message	datasets\names\last_male.ftl
names-last-male-dataset-406	unreferenced message	datasets\names\last_male.ftl
names-last-male-dataset-407	unreferenced message	datasets\names\last_male.ftl
names-last-male-dataset-408	unreferenced message	datasets\names\last_male.ftl
names-last-male-dataset-409	unreferenced message	datasets\names\last_male.ftl
names-last-male-dataset-41	unreferenced message	datasets\names\last_male.ftl
names-last-male-dataset-410	unreferenced message	datasets\names\last_male.ftl
names-last-male-dataset-411	unreferenced message	datasets\names\last_male.ftl
names-last-male-dataset-412	unreferenced message	datasets\names\last_male.ftl
names-last-male-dataset-413	unreferenced message	datasets\names\last_male.ftl
names-last-male-dataset-414	unreferenced message	datasets\names\last_male.ftl
names-last-male-dataset-415	unreferenced message	datasets\names\last_male.ftl
names-last-male-dataset-416	unreferenced message	datasets\names\last_male.ftl
names-last-male-dataset-417	unreferenced message	datasets\names\last_male.ftl
names-last-male-dataset-418	unreferenced message	datasets\names\last_male.ftl
names-last-male-dataset-419	unreferenced message	datasets\names\last_male.ftl
names-last-male-dataset-42	unreferenced message	datasets\names\last_male.ftl
names-last-male-dataset-420	unreferenced message	datasets\names\last_male.ftl
names-last-male-dataset-421	unreferenced message	datasets\names\last_male.ftl
names-last-male-dataset-422	unreferenced message	datasets\names\last_male.ftl
names-last-male-dataset-423	unreferenced message	datasets\names\last_male.ftl
names-last-male-dataset-424	unreferenced message	datasets\names\last_male.ftl
names-last-male-dataset-425	unreferenced message	datasets\names\last_male.ftl
names-last-male-dataset-426	unreferenced message	datasets\names\last_male.ftl
names-last-male-dataset-427	unreferenced message	datasets\names\last_male.ftl
names-last-male-dataset-428	unreferenced message	datasets\names\last_male.ftl
names-last-male-dataset-429	unreferenced message	datasets\names\last_male.ftl
names-last-male-dataset-43	unreferenced message	datasets\names\last_male.ftl
names-last-male-dataset-430	unreferenced message	datasets\names\last_male.ftl
names-last-male-dataset-431	unreferenced message	datasets\names\last_male.ftl
names-last-male-dataset-432	unreferenced message	datasets\names\last_male.ftl
names-last-male-dataset-433	unreferenced message	datasets\names\last_male.ftl
names-last-male-dataset-434	unreferenced message	datasets\names\last_male.ftl
names-last-male-dataset-435	unreferenced message	datasets\names\last_male.ftl
names-last-male-dataset-436	unreferenced message	datasets\names\last_male.ftl
names-last-male-dataset-437	unreferenced message	datasets\names\last_male.ftl
names-last-male-dataset-438	unreferenced message	datasets\names\last_male.ftl
names-last-male-dataset-439	unreferenced message	datasets\names\last_male.ftl
names-last-male-dataset-44	unreferenced message	datasets\names\last_male.ftl
names-last-male-dataset-440	unreferenced message	datasets\names\last_male.ftl
names-last-male-dataset-441	unreferenced message	datasets\names\last_male.ftl
names-last-male-dataset-442	unreferenced message	datasets\names\last_male.ftl
names-last-male-dataset-443	unreferenced message	datasets\names\last_male.ftl
names-last-male-dataset-444	unreferenced message	datasets\names\last_male.ftl
names-last-male-dataset-445	unreferenced message	datasets\names\last_male.ftl
names-last-male-dataset-446	unreferenced message	datasets\names\last_male.ftl
names-last-male-dataset-447	unreferenced message	datasets\names\last_male.ftl
names-last-male-dataset-448	unreferenced message	datasets\names\last_male.ftl
names-last-male-dataset-449	unreferenced message	datasets\names\last_male.ftl
names-last-male-dataset-45	unreferenced message	datasets\names\last_male.ftl
names-last-male-dataset-450	unreferenced message	datasets\names\last_male.ftl
names-last-male-dataset-451	unreferenced message	datasets\names\last_male.ftl
names-last-male-dataset-452	unreferenced message	datasets\names\last_male.ftl
names-last-male-dataset-453	unreferenced message	datasets\names\last_male.ftl
names-last-male-dataset-454	unreferenced message	datasets\names\last_male.ftl
names-last-male-dataset-455	unreferenced message	datasets\names\last_male.ftl
names-last-male-dataset-456	unreferenced message	datasets\names\last_male.ftl
names-last-male-dataset-457	unreferenced message	datasets\names\last_male.ftl
names-last-male-dataset-458	unreferenced message	datasets\names\last_male.ftl
names-last-male-dataset-459	unreferenced message	datasets\names\last_male.ftl
names-last-male-dataset-46	unreferenced message	datasets\names\last_male.ftl
names-last-male-dataset-460	unreferenced message	datasets\names\last_male.ftl
names-last-male-dataset-461	unreferenced message	datasets\names\last_male.ftl
names-last-male-dataset-462	unreferenced message	datasets\names\last_male.ftl
names-last-male-dataset-463	unreferenced message	datasets\names\last_male.ftl
names-last-male-dataset-464	unreferenced message	datasets\names\last_male.ftl
names-last-male-dataset-465	unreferenced message	datasets\names\last_male.ftl
names-last-male-dataset-466	unreferenced message	datasets\names\last_male.ftl
names-last-male-dataset-467	unreferenced message	datasets\names\last_male.ftl
names-last-male-dataset-468	unreferenced message	datasets\names\last_male.ftl
names-last-male-dataset-469	unreferenced message	datasets\names\last_male.ftl
names-last-male-dataset-47	unreferenced message	datasets\names\last_male.ftl
names-last-male-dataset-470	unreferenced message	datasets\names\last_male.ftl
names-last-male-dataset-48	unreferenced message	datasets\names\last_male.ftl
names-last-male-dataset-49	unreferenced message	datasets\names\last_male.ftl
names-last-male-dataset-5	unreferenced message	datasets\names\last_male.ftl
names-last-male-dataset-50	unreferenced message	datasets\names\last_male.ftl
names-last-male-dataset-51	unreferenced message	datasets\names\last_male.ftl
names-last-male-dataset-52	unreferenced message	datasets\names\last_male.ftl
names-last-male-dataset-53	unreferenced message	datasets\names\last_male.ftl
names-last-male-dataset-54	unreferenced message	datasets\names\last_male.ftl
names-last-male-dataset-55	unreferenced message	datasets\names\last_male.ftl
names-last-male-dataset-56	unreferenced message	datasets\names\last_male.ftl
names-last-male-dataset-57	unreferenced message	datasets\names\last_male.ftl
names-last-male-dataset-58	unreferenced message	datasets\names\last_male.ftl
names-last-male-dataset-59	unreferenced message	datasets\names\last_male.ftl
names-last-male-dataset-6	unreferenced message	datasets\names\last_male.ftl
names-last-male-dataset-60	unreferenced message	datasets\names\last_male.ftl
names-last-male-dataset-61	unreferenced message	datasets\names\last_male.ftl
names-last-male-dataset-62	unreferenced message	datasets\names\last_male.ftl
names-last-male-dataset-63	unreferenced message	datasets\names\last_male.ftl
names-last-male-dataset-64	unreferenced message	datasets\names\last_male.ftl
names-last-male-dataset-65	unreferenced message	datasets\names\last_male.ftl
names-last-male-dataset-66	unreferenced message	datasets\names\last_male.ftl
names-last-male-dataset-67	unreferenced message	datasets\names\last_male.ftl
names-last-male-dataset-68	unreferenced message	datasets\names\last_male.ftl
names-last-male-dataset-69	unreferenced message	datasets\names\last_male.ftl
names-last-male-dataset-7	unreferenced message	datasets\names\last_male.ftl
names-last-male-dataset-70	unreferenced message	datasets\names\last_male.ftl
names-last-male-dataset-71	unreferenced message	datasets\names\last_male.ftl
names-last-male-dataset-72	unreferenced message	datasets\names\last_male.ftl
names-last-male-dataset-73	unreferenced message	datasets\names\last_male.ftl
names-last-male-dataset-74	unreferenced message	datasets\names\last_male.ftl
names-last-male-dataset-75	unreferenced message	datasets\names\last_male.ftl
names-last-male-dataset-76	unreferenced message	datasets\names\last_male.ftl
names-last-male-dataset-77	unreferenced message	datasets\names\last_male.ftl
names-last-male-dataset-78	unreferenced message	datasets\names\last_male.ftl
names-last-male-dataset-79	unreferenced message	datasets\names\last_male.ftl
names-last-male-dataset-8	unreferenced message	datasets\names\last_male.ftl
names-last-male-dataset-80	unreferenced message	datasets\names\last_male.ftl
names-last-male-dataset-81	unreferenced message	datasets\names\last_male.ftl
names-last-male-dataset-82	unreferenced message	datasets\names\last_male.ftl
names-last-male-dataset-83	unreferenced message	datasets\names\last_male.ftl
names-last-male-dataset-84	unreferenced message	datasets\names\last_male.ftl
names-last-male-dataset-85	unreferenced message	datasets\names\last_male.ftl
names-last-male-dataset-86	unreferenced message	datasets\names\last_male.ftl
names-last-male-dataset-87	unreferenced message	datasets\names\last_male.ftl
names-last-male-dataset-88	unreferenced message	datasets\names\last_male.ftl
names-last-male-dataset-89	unreferenced message	datasets\names\last_male.ftl
names-last-male-dataset-9	unreferenced message	datasets\names\last_male.ftl
names-last-male-dataset-90	unreferenced message	datasets\names\last_male.ftl
names-last-male-dataset-91	unreferenced message	datasets\names\last_male.ftl
names-last-male-dataset-92	unreferenced message	datasets\names\last_male.ftl
names-last-male-dataset-93	unreferenced message	datasets\names\last_male.ftl
names-last-male-dataset-94	unreferenced message	datasets\names\last_male.ftl
names-last-male-dataset-95	unreferenced message	datasets\names\last_male.ftl
names-last-male-dataset-96	unreferenced message	datasets\names\last_male.ftl
names-last-male-dataset-97	unreferenced message	datasets\names\last_male.ftl
names-last-male-dataset-98	unreferenced message	datasets\names\last_male.ftl
names-last-male-dataset-99	unreferenced message	datasets\names\last_male.ftl
names-military-first-dataset-4	unreferenced message	datasets\names\military_first.ftl
names-military-first-dataset-5	unreferenced message	datasets\names\military_first.ftl
names-military-last-dataset-43	unreferenced message	datasets\names\military_last.ftl
names-military-leader-first-dataset-5	unreferenced message	datasets\names\military_first_leader.ftl
names-regal-rat-kingdom-dataset-16	unreferenced message	datasets\names\regalrat_kingdom.ftl
names-reptilian-male-dataset-329	unreferenced message	datasets\names\reptilian_male.ftl
names-reptilian-male-dataset-330	unreferenced message	datasets\names\reptilian_male.ftl
names-reptilian-male-dataset-331	unreferenced message	datasets\names\reptilian_male.ftl
names-syndicate-normal-dataset-26	unreferenced message	datasets\names\syndicate_normal.ftl
names-syndie-smuggler-dataset-1	unreferenced message	corvax\datasets\names\syndie_smuggler.ftl
names-syndie-smuggler-dataset-10	unreferenced message	corvax\datasets\names\syndie_smuggler.ftl
names-syndie-smuggler-dataset-11	unreferenced message	corvax\datasets\names\syndie_smuggler.ftl
names-syndie-smuggler-dataset-12	unreferenced message	corvax\datasets\names\syndie_smuggler.ftl
names-syndie-smuggler-dataset-13	unreferenced message	corvax\datasets\names\syndie_smuggler.ftl
names-syndie-smuggler-dataset-14	unreferenced message	corvax\datasets\names\syndie_smuggler.ftl
names-syndie-smuggler-dataset-15	unreferenced message	corvax\datasets\names\syndie_smuggler.ftl
names-syndie-smuggler-dataset-16	unreferenced message	corvax\datasets\names\syndie_smuggler.ftl
names-syndie-smuggler-dataset-17	unreferenced message	corvax\datasets\names\syndie_smuggler.ftl
names-syndie-smuggler-dataset-18	unreferenced message	corvax\datasets\names\syndie_smuggler.ftl
names-syndie-smuggler-dataset-19	unreferenced message	corvax\datasets\names\syndie_smuggler.ftl
names-syndie-smuggler-dataset-2	unreferenced message	corvax\datasets\names\syndie_smuggler.ftl
names-syndie-smuggler-dataset-20	unreferenced message	corvax\datasets\names\syndie_smuggler.ftl
names-syndie-smuggler-dataset-21	unreferenced message	corvax\datasets\names\syndie_smuggler.ftl
names-syndie-smuggler-dataset-22	unreferenced message	corvax\datasets\names\syndie_smuggler.ftl
names-syndie-smuggler-dataset-23	unreferenced message	corvax\datasets\names\syndie_smuggler.ftl
names-syndie-smuggler-dataset-24	unreferenced message	corvax\datasets\names\syndie_smuggler.ftl
names-syndie-smuggler-dataset-25	unreferenced message	corvax\datasets\names\syndie_smuggler.ftl
names-syndie-smuggler-dataset-26	unreferenced message	corvax\datasets\names\syndie_smuggler.ftl
names-syndie-smuggler-dataset-27	unreferenced message	corvax\datasets\names\syndie_smuggler.ftl
names-syndie-smuggler-dataset-28	unreferenced message	corvax\datasets\names\syndie_smuggler.ftl
names-syndie-smuggler-dataset-29	unreferenced message	corvax\datasets\names\syndie_smuggler.ftl
names-syndie-smuggler-dataset-3	unreferenced message	corvax\datasets\names\syndie_smuggler.ftl
names-syndie-smuggler-dataset-30	unreferenced message	corvax\datasets\names\syndie_smuggler.ftl
names-syndie-smuggler-dataset-31	unreferenced message	corvax\datasets\names\syndie_smuggler.ftl
names-syndie-smuggler-dataset-32	unreferenced message	corvax\datasets\names\syndie_smuggler.ftl
names-syndie-smuggler-dataset-33	unreferenced message	corvax\datasets\names\syndie_smuggler.ftl
names-syndie-smuggler-dataset-34	unreferenced message	corvax\datasets\names\syndie_smuggler.ftl
names-syndie-smuggler-dataset-35	unreferenced message	corvax\datasets\names\syndie_smuggler.ftl
names-syndie-smuggler-dataset-36	unreferenced message	corvax\datasets\names\syndie_smuggler.ftl
names-syndie-smuggler-dataset-37	unreferenced message	corvax\datasets\names\syndie_smuggler.ftl
names-syndie-smuggler-dataset-38	unreferenced message	corvax\datasets\names\syndie_smuggler.ftl
names-syndie-smuggler-dataset-39	unreferenced message	corvax\datasets\names\syndie_smuggler.ftl
names-syndie-smuggler-dataset-4	unreferenced message	corvax\datasets\names\syndie_smuggler.ftl
names-syndie-smuggler-dataset-40	unreferenced message	corvax\datasets\names\syndie_smuggler.ftl
names-syndie-smuggler-dataset-41	unreferenced message	corvax\datasets\names\syndie_smuggler.ftl
names-syndie-smuggler-dataset-42	unreferenced message	corvax\datasets\names\syndie_smuggler.ftl
names-syndie-smuggler-dataset-43	unreferenced message	corvax\datasets\names\syndie_smuggler.ftl
names-syndie-smuggler-dataset-44	unreferenced message	corvax\datasets\names\syndie_smuggler.ftl
names-syndie-smuggler-dataset-45	unreferenced message	corvax\datasets\names\syndie_smuggler.ftl
names-syndie-smuggler-dataset-46	unreferenced message	corvax\datasets\names\syndie_smuggler.ftl
names-syndie-smuggler-dataset-47	unreferenced message	corvax\datasets\names\syndie_smuggler.ftl
names-syndie-smuggler-dataset-48	unreferenced message	corvax\datasets\names\syndie_smuggler.ftl
names-syndie-smuggler-dataset-49	unreferenced message	corvax\datasets\names\syndie_smuggler.ftl
names-syndie-smuggler-dataset-5	unreferenced message	corvax\datasets\names\syndie_smuggler.ftl
names-syndie-smuggler-dataset-50	unreferenced message	corvax\datasets\names\syndie_smuggler.ftl
names-syndie-smuggler-dataset-51	unreferenced message	corvax\datasets\names\syndie_smuggler.ftl
names-syndie-smuggler-dataset-52	unreferenced message	corvax\datasets\names\syndie_smuggler.ftl
names-syndie-smuggler-dataset-53	unreferenced message	corvax\datasets\names\syndie_smuggler.ftl
names-syndie-smuggler-dataset-54	unreferenced message	corvax\datasets\names\syndie_smuggler.ftl
names-syndie-smuggler-dataset-55	unreferenced message	corvax\datasets\names\syndie_smuggler.ftl
names-syndie-smuggler-dataset-56	unreferenced message	corvax\datasets\names\syndie_smuggler.ftl
names-syndie-smuggler-dataset-57	unreferenced message	corvax\datasets\names\syndie_smuggler.ftl
names-syndie-smuggler-dataset-58	unreferenced message	corvax\datasets\names\syndie_smuggler.ftl
names-syndie-smuggler-dataset-59	unreferenced message	corvax\datasets\names\syndie_smuggler.ftl
names-syndie-smuggler-dataset-6	unreferenced message	corvax\datasets\names\syndie_smuggler.ftl
names-syndie-smuggler-dataset-60	unreferenced message	corvax\datasets\names\syndie_smuggler.ftl
names-syndie-smuggler-dataset-61	unreferenced message	corvax\datasets\names\syndie_smuggler.ftl
names-syndie-smuggler-dataset-62	unreferenced message	corvax\datasets\names\syndie_smuggler.ftl
names-syndie-smuggler-dataset-63	unreferenced message	corvax\datasets\names\syndie_smuggler.ftl
names-syndie-smuggler-dataset-64	unreferenced message	corvax\datasets\names\syndie_smuggler.ftl
names-syndie-smuggler-dataset-65	unreferenced message	corvax\datasets\names\syndie_smuggler.ftl
names-syndie-smuggler-dataset-66	unreferenced message	corvax\datasets\names\syndie_smuggler.ftl
names-syndie-smuggler-dataset-67	unreferenced message	corvax\datasets\names\syndie_smuggler.ftl
names-syndie-smuggler-dataset-68	unreferenced message	corvax\datasets\names\syndie_smuggler.ftl
names-syndie-smuggler-dataset-69	unreferenced message	corvax\datasets\names\syndie_smuggler.ftl
names-syndie-smuggler-dataset-7	unreferenced message	corvax\datasets\names\syndie_smuggler.ftl
names-syndie-smuggler-dataset-70	unreferenced message	corvax\datasets\names\syndie_smuggler.ftl
names-syndie-smuggler-dataset-71	unreferenced message	corvax\datasets\names\syndie_smuggler.ftl
names-syndie-smuggler-dataset-72	unreferenced message	corvax\datasets\names\syndie_smuggler.ftl
names-syndie-smuggler-dataset-73	unreferenced message	corvax\datasets\names\syndie_smuggler.ftl
names-syndie-smuggler-dataset-74	unreferenced message	corvax\datasets\names\syndie_smuggler.ftl
names-syndie-smuggler-dataset-75	unreferenced message	corvax\datasets\names\syndie_smuggler.ftl
names-syndie-smuggler-dataset-76	unreferenced message	corvax\datasets\names\syndie_smuggler.ftl
names-syndie-smuggler-dataset-77	unreferenced message	corvax\datasets\names\syndie_smuggler.ftl
names-syndie-smuggler-dataset-78	unreferenced message	corvax\datasets\names\syndie_smuggler.ftl
names-syndie-smuggler-dataset-79	unreferenced message	corvax\datasets\names\syndie_smuggler.ftl
names-syndie-smuggler-dataset-8	unreferenced message	corvax\datasets\names\syndie_smuggler.ftl
names-syndie-smuggler-dataset-80	unreferenced message	corvax\datasets\names\syndie_smuggler.ftl
names-syndie-smuggler-dataset-9	unreferenced message	corvax\datasets\names\syndie_smuggler.ftl
names-tajar-first-female-dataset-1	unreferenced message	corvax\datasets\names\tajaran_female_names.ftl
names-tajar-first-female-dataset-10	unreferenced message	corvax\datasets\names\tajaran_female_names.ftl
names-tajar-first-female-dataset-100	unreferenced message	corvax\datasets\names\tajaran_female_names.ftl
names-tajar-first-female-dataset-101	unreferenced message	corvax\datasets\names\tajaran_female_names.ftl
names-tajar-first-female-dataset-102	unreferenced message	corvax\datasets\names\tajaran_female_names.ftl
names-tajar-first-female-dataset-103	unreferenced message	corvax\datasets\names\tajaran_female_names.ftl
names-tajar-first-female-dataset-104	unreferenced message	corvax\datasets\names\tajaran_female_names.ftl
names-tajar-first-female-dataset-105	unreferenced message	corvax\datasets\names\tajaran_female_names.ftl
names-tajar-first-female-dataset-106	unreferenced message	corvax\datasets\names\tajaran_female_names.ftl
names-tajar-first-female-dataset-107	unreferenced message	corvax\datasets\names\tajaran_female_names.ftl
names-tajar-first-female-dataset-108	unreferenced message	corvax\datasets\names\tajaran_female_names.ftl
names-tajar-first-female-dataset-109	unreferenced message	corvax\datasets\names\tajaran_female_names.ftl
names-tajar-first-female-dataset-11	unreferenced message	corvax\datasets\names\tajaran_female_names.ftl
names-tajar-first-female-dataset-110	unreferenced message	corvax\datasets\names\tajaran_female_names.ftl
names-tajar-first-female-dataset-111	unreferenced message	corvax\datasets\names\tajaran_female_names.ftl
names-tajar-first-female-dataset-112	unreferenced message	corvax\datasets\names\tajaran_female_names.ftl
names-tajar-first-female-dataset-113	unreferenced message	corvax\datasets\names\tajaran_female_names.ftl
names-tajar-first-female-dataset-114	unreferenced message	corvax\datasets\names\tajaran_female_names.ftl
names-tajar-first-female-dataset-115	unreferenced message	corvax\datasets\names\tajaran_female_names.ftl
names-tajar-first-female-dataset-116	unreferenced message	corvax\datasets\names\tajaran_female_names.ftl
names-tajar-first-female-dataset-117	unreferenced message	corvax\datasets\names\tajaran_female_names.ftl
names-tajar-first-female-dataset-118	unreferenced message	corvax\datasets\names\tajaran_female_names.ftl
names-tajar-first-female-dataset-119	unreferenced message	corvax\datasets\names\tajaran_female_names.ftl
names-tajar-first-female-dataset-12	unreferenced message	corvax\datasets\names\tajaran_female_names.ftl
names-tajar-first-female-dataset-120	unreferenced message	corvax\datasets\names\tajaran_female_names.ftl
names-tajar-first-female-dataset-121	unreferenced message	corvax\datasets\names\tajaran_female_names.ftl
names-tajar-first-female-dataset-122	unreferenced message	corvax\datasets\names\tajaran_female_names.ftl
names-tajar-first-female-dataset-123	unreferenced message	corvax\datasets\names\tajaran_female_names.ftl
names-tajar-first-female-dataset-124	unreferenced message	corvax\datasets\names\tajaran_female_names.ftl
names-tajar-first-female-dataset-125	unreferenced message	corvax\datasets\names\tajaran_female_names.ftl
names-tajar-first-female-dataset-126	unreferenced message	corvax\datasets\names\tajaran_female_names.ftl
names-tajar-first-female-dataset-127	unreferenced message	corvax\datasets\names\tajaran_female_names.ftl
names-tajar-first-female-dataset-128	unreferenced message	corvax\datasets\names\tajaran_female_names.ftl
names-tajar-first-female-dataset-129	unreferenced message	corvax\datasets\names\tajaran_female_names.ftl
names-tajar-first-female-dataset-13	unreferenced message	corvax\datasets\names\tajaran_female_names.ftl
names-tajar-first-female-dataset-130	unreferenced message	corvax\datasets\names\tajaran_female_names.ftl
names-tajar-first-female-dataset-131	unreferenced message	corvax\datasets\names\tajaran_female_names.ftl
names-tajar-first-female-dataset-132	unreferenced message	corvax\datasets\names\tajaran_female_names.ftl
names-tajar-first-female-dataset-133	unreferenced message	corvax\datasets\names\tajaran_female_names.ftl
names-tajar-first-female-dataset-134	unreferenced message	corvax\datasets\names\tajaran_female_names.ftl
names-tajar-first-female-dataset-135	unreferenced message	corvax\datasets\names\tajaran_female_names.ftl
names-tajar-first-female-dataset-136	unreferenced message	corvax\datasets\names\tajaran_female_names.ftl
names-tajar-first-female-dataset-137	unreferenced message	corvax\datasets\names\tajaran_female_names.ftl
names-tajar-first-female-dataset-138	unreferenced message	corvax\datasets\names\tajaran_female_names.ftl
names-tajar-first-female-dataset-139	unreferenced message	corvax\datasets\names\tajaran_female_names.ftl
names-tajar-first-female-dataset-14	unreferenced message	corvax\datasets\names\tajaran_female_names.ftl
names-tajar-first-female-dataset-140	unreferenced message	corvax\datasets\names\tajaran_female_names.ftl
names-tajar-first-female-dataset-141	unreferenced message	corvax\datasets\names\tajaran_female_names.ftl
names-tajar-first-female-dataset-142	unreferenced message	corvax\datasets\names\tajaran_female_names.ftl
names-tajar-first-female-dataset-143	unreferenced message	corvax\datasets\names\tajaran_female_names.ftl
names-tajar-first-female-dataset-144	unreferenced message	corvax\datasets\names\tajaran_female_names.ftl
names-tajar-first-female-dataset-145	unreferenced message	corvax\datasets\names\tajaran_female_names.ftl
names-tajar-first-female-dataset-146	unreferenced message	corvax\datasets\names\tajaran_female_names.ftl
names-tajar-first-female-dataset-147	unreferenced message	corvax\datasets\names\tajaran_female_names.ftl
names-tajar-first-female-dataset-148	unreferenced message	corvax\datasets\names\tajaran_female_names.ftl
names-tajar-first-female-dataset-149	unreferenced message	corvax\datasets\names\tajaran_female_names.ftl
names-tajar-first-female-dataset-15	unreferenced message	corvax\datasets\names\tajaran_female_names.ftl
names-tajar-first-female-dataset-150	unreferenced message	corvax\datasets\names\tajaran_female_names.ftl
names-tajar-first-female-dataset-151	unreferenced message	corvax\datasets\names\tajaran_female_names.ftl
names-tajar-first-female-dataset-152	unreferenced message	corvax\datasets\names\tajaran_female_names.ftl
names-tajar-first-female-dataset-153	unreferenced message	corvax\datasets\names\tajaran_female_names.ftl
names-tajar-first-female-dataset-154	unreferenced message	corvax\datasets\names\tajaran_female_names.ftl
names-tajar-first-female-dataset-155	unreferenced message	corvax\datasets\names\tajaran_female_names.ftl
names-tajar-first-female-dataset-156	unreferenced message	corvax\datasets\names\tajaran_female_names.ftl
names-tajar-first-female-dataset-157	unreferenced message	corvax\datasets\names\tajaran_female_names.ftl
names-tajar-first-female-dataset-158	unreferenced message	corvax\datasets\names\tajaran_female_names.ftl
names-tajar-first-female-dataset-159	unreferenced message	corvax\datasets\names\tajaran_female_names.ftl
names-tajar-first-female-dataset-16	unreferenced message	corvax\datasets\names\tajaran_female_names.ftl
names-tajar-first-female-dataset-160	unreferenced message	corvax\datasets\names\tajaran_female_names.ftl
names-tajar-first-female-dataset-161	unreferenced message	corvax\datasets\names\tajaran_female_names.ftl
names-tajar-first-female-dataset-162	unreferenced message	corvax\datasets\names\tajaran_female_names.ftl
names-tajar-first-female-dataset-163	unreferenced message	corvax\datasets\names\tajaran_female_names.ftl
names-tajar-first-female-dataset-164	unreferenced message	corvax\datasets\names\tajaran_female_names.ftl
names-tajar-first-female-dataset-165	unreferenced message	corvax\datasets\names\tajaran_female_names.ftl
names-tajar-first-female-dataset-166	unreferenced message	corvax\datasets\names\tajaran_female_names.ftl
names-tajar-first-female-dataset-167	unreferenced message	corvax\datasets\names\tajaran_female_names.ftl
names-tajar-first-female-dataset-168	unreferenced message	corvax\datasets\names\tajaran_female_names.ftl
names-tajar-first-female-dataset-169	unreferenced message	corvax\datasets\names\tajaran_female_names.ftl
names-tajar-first-female-dataset-17	unreferenced message	corvax\datasets\names\tajaran_female_names.ftl
names-tajar-first-female-dataset-170	unreferenced message	corvax\datasets\names\tajaran_female_names.ftl
names-tajar-first-female-dataset-171	unreferenced message	corvax\datasets\names\tajaran_female_names.ftl
names-tajar-first-female-dataset-172	unreferenced message	corvax\datasets\names\tajaran_female_names.ftl
names-tajar-first-female-dataset-173	unreferenced message	corvax\datasets\names\tajaran_female_names.ftl
names-tajar-first-female-dataset-174	unreferenced message	corvax\datasets\names\tajaran_female_names.ftl
names-tajar-first-female-dataset-175	unreferenced message	corvax\datasets\names\tajaran_female_names.ftl
names-tajar-first-female-dataset-176	unreferenced message	corvax\datasets\names\tajaran_female_names.ftl
names-tajar-first-female-dataset-177	unreferenced message	corvax\datasets\names\tajaran_female_names.ftl
names-tajar-first-female-dataset-178	unreferenced message	corvax\datasets\names\tajaran_female_names.ftl
names-tajar-first-female-dataset-179	unreferenced message	corvax\datasets\names\tajaran_female_names.ftl
names-tajar-first-female-dataset-18	unreferenced message	corvax\datasets\names\tajaran_female_names.ftl
names-tajar-first-female-dataset-180	unreferenced message	corvax\datasets\names\tajaran_female_names.ftl
names-tajar-first-female-dataset-181	unreferenced message	corvax\datasets\names\tajaran_female_names.ftl
names-tajar-first-female-dataset-182	unreferenced message	corvax\datasets\names\tajaran_female_names.ftl
names-tajar-first-female-dataset-183	unreferenced message	corvax\datasets\names\tajaran_female_names.ftl
names-tajar-first-female-dataset-184	unreferenced message	corvax\datasets\names\tajaran_female_names.ftl
names-tajar-first-female-dataset-185	unreferenced message	corvax\datasets\names\tajaran_female_names.ftl
names-tajar-first-female-dataset-186	unreferenced message	corvax\datasets\names\tajaran_female_names.ftl
names-tajar-first-female-dataset-187	unreferenced message	corvax\datasets\names\tajaran_female_names.ftl
names-tajar-first-female-dataset-188	unreferenced message	corvax\datasets\names\tajaran_female_names.ftl
names-tajar-first-female-dataset-189	unreferenced message	corvax\datasets\names\tajaran_female_names.ftl
names-tajar-first-female-dataset-19	unreferenced message	corvax\datasets\names\tajaran_female_names.ftl
names-tajar-first-female-dataset-190	unreferenced message	corvax\datasets\names\tajaran_female_names.ftl
names-tajar-first-female-dataset-191	unreferenced message	corvax\datasets\names\tajaran_female_names.ftl
names-tajar-first-female-dataset-192	unreferenced message	corvax\datasets\names\tajaran_female_names.ftl
names-tajar-first-female-dataset-193	unreferenced message	corvax\datasets\names\tajaran_female_names.ftl
names-tajar-first-female-dataset-194	unreferenced message	corvax\datasets\names\tajaran_female_names.ftl
names-tajar-first-female-dataset-195	unreferenced message	corvax\datasets\names\tajaran_female_names.ftl
names-tajar-first-female-dataset-196	unreferenced message	corvax\datasets\names\tajaran_female_names.ftl
names-tajar-first-female-dataset-197	unreferenced message	corvax\datasets\names\tajaran_female_names.ftl
names-tajar-first-female-dataset-198	unreferenced message	corvax\datasets\names\tajaran_female_names.ftl
names-tajar-first-female-dataset-199	unreferenced message	corvax\datasets\names\tajaran_female_names.ftl
names-tajar-first-female-dataset-2	unreferenced message	corvax\datasets\names\tajaran_female_names.ftl
names-tajar-first-female-dataset-20	unreferenced message	corvax\datasets\names\tajaran_female_names.ftl
names-tajar-first-female-dataset-200	unreferenced message	corvax\datasets\names\tajaran_female_names.ftl
names-tajar-first-female-dataset-201	unreferenced message	corvax\datasets\names\tajaran_female_names.ftl
names-tajar-first-female-dataset-202	unreferenced message	corvax\datasets\names\tajaran_female_names.ftl
names-tajar-first-female-dataset-203	unreferenced message	corvax\datasets\names\tajaran_female_names.ftl
names-tajar-first-female-dataset-204	unreferenced message	corvax\datasets\names\tajaran_female_names.ftl
names-tajar-first-female-dataset-205	unreferenced message	corvax\datasets\names\tajaran_female_names.ftl
names-tajar-first-female-dataset-206	unreferenced message	corvax\datasets\names\tajaran_female_names.ftl
names-tajar-first-female-dataset-207	unreferenced message	corvax\datasets\names\tajaran_female_names.ftl
names-tajar-first-female-dataset-208	unreferenced message	corvax\datasets\names\tajaran_female_names.ftl
names-tajar-first-female-dataset-209	unreferenced message	corvax\datasets\names\tajaran_female_names.ftl
names-tajar-first-female-dataset-21	unreferenced message	corvax\datasets\names\tajaran_female_names.ftl
names-tajar-first-female-dataset-210	unreferenced message	corvax\datasets\names\tajaran_female_names.ftl
names-tajar-first-female-dataset-211	unreferenced message	corvax\datasets\names\tajaran_female_names.ftl
names-tajar-first-female-dataset-212	unreferenced message	corvax\datasets\names\tajaran_female_names.ftl
names-tajar-first-female-dataset-213	unreferenced message	corvax\datasets\names\tajaran_female_names.ftl
names-tajar-first-female-dataset-214	unreferenced message	corvax\datasets\names\tajaran_female_names.ftl
names-tajar-first-female-dataset-215	unreferenced message	corvax\datasets\names\tajaran_female_names.ftl
names-tajar-first-female-dataset-216	unreferenced message	corvax\datasets\names\tajaran_female_names.ftl
names-tajar-first-female-dataset-217	unreferenced message	corvax\datasets\names\tajaran_female_names.ftl
names-tajar-first-female-dataset-218	unreferenced message	corvax\datasets\names\tajaran_female_names.ftl
names-tajar-first-female-dataset-219	unreferenced message	corvax\datasets\names\tajaran_female_names.ftl
names-tajar-first-female-dataset-22	unreferenced message	corvax\datasets\names\tajaran_female_names.ftl
names-tajar-first-female-dataset-220	unreferenced message	corvax\datasets\names\tajaran_female_names.ftl
names-tajar-first-female-dataset-221	unreferenced message	corvax\datasets\names\tajaran_female_names.ftl
names-tajar-first-female-dataset-222	unreferenced message	corvax\datasets\names\tajaran_female_names.ftl
names-tajar-first-female-dataset-223	unreferenced message	corvax\datasets\names\tajaran_female_names.ftl
names-tajar-first-female-dataset-224	unreferenced message	corvax\datasets\names\tajaran_female_names.ftl
names-tajar-first-female-dataset-225	unreferenced message	corvax\datasets\names\tajaran_female_names.ftl
names-tajar-first-female-dataset-226	unreferenced message	corvax\datasets\names\tajaran_female_names.ftl
names-tajar-first-female-dataset-227	unreferenced message	corvax\datasets\names\tajaran_female_names.ftl
names-tajar-first-female-dataset-228	unreferenced message	corvax\datasets\names\tajaran_female_names.ftl
names-tajar-first-female-dataset-229	unreferenced message	corvax\datasets\names\tajaran_female_names.ftl
names-tajar-first-female-dataset-23	unreferenced message	corvax\datasets\names\tajaran_female_names.ftl
names-tajar-first-female-dataset-230	unreferenced message	corvax\datasets\names\tajaran_female_names.ftl
names-tajar-first-female-dataset-231	unreferenced message	corvax\datasets\names\tajaran_female_names.ftl
names-tajar-first-female-dataset-232	unreferenced message	corvax\datasets\names\tajaran_female_names.ftl
names-tajar-first-female-dataset-233	unreferenced message	corvax\datasets\names\tajaran_female_names.ftl
names-tajar-first-female-dataset-234	unreferenced message	corvax\datasets\names\tajaran_female_names.ftl
names-tajar-first-female-dataset-235	unreferenced message	corvax\datasets\names\tajaran_female_names.ftl
names-tajar-first-female-dataset-236	unreferenced message	corvax\datasets\names\tajaran_female_names.ftl
names-tajar-first-female-dataset-237	unreferenced message	corvax\datasets\names\tajaran_female_names.ftl
names-tajar-first-female-dataset-238	unreferenced message	corvax\datasets\names\tajaran_female_names.ftl
names-tajar-first-female-dataset-239	unreferenced message	corvax\datasets\names\tajaran_female_names.ftl
names-tajar-first-female-dataset-24	unreferenced message	corvax\datasets\names\tajaran_female_names.ftl
names-tajar-first-female-dataset-240	unreferenced message	corvax\datasets\names\tajaran_female_names.ftl
names-tajar-first-female-dataset-241	unreferenced message	corvax\datasets\names\tajaran_female_names.ftl
names-tajar-first-female-dataset-242	unreferenced message	corvax\datasets\names\tajaran_female_names.ftl
names-tajar-first-female-dataset-243	unreferenced message	corvax\datasets\names\tajaran_female_names.ftl
names-tajar-first-female-dataset-244	unreferenced message	corvax\datasets\names\tajaran_female_names.ftl
names-tajar-first-female-dataset-245	unreferenced message	corvax\datasets\names\tajaran_female_names.ftl
names-tajar-first-female-dataset-246	unreferenced message	corvax\datasets\names\tajaran_female_names.ftl
names-tajar-first-female-dataset-247	unreferenced message	corvax\datasets\names\tajaran_female_names.ftl
names-tajar-first-female-dataset-248	unreferenced message	corvax\datasets\names\tajaran_female_names.ftl
names-tajar-first-female-dataset-249	unreferenced message	corvax\datasets\names\tajaran_female_names.ftl
names-tajar-first-female-dataset-25	unreferenced message	corvax\datasets\names\tajaran_female_names.ftl
names-tajar-first-female-dataset-250	unreferenced message	corvax\datasets\names\tajaran_female_names.ftl
names-tajar-first-female-dataset-251	unreferenced message	corvax\datasets\names\tajaran_female_names.ftl
names-tajar-first-female-dataset-252	unreferenced message	corvax\datasets\names\tajaran_female_names.ftl
names-tajar-first-female-dataset-253	unreferenced message	corvax\datasets\names\tajaran_female_names.ftl
names-tajar-first-female-dataset-254	unreferenced message	corvax\datasets\names\tajaran_female_names.ftl
names-tajar-first-female-dataset-255	unreferenced message	corvax\datasets\names\tajaran_female_names.ftl
names-tajar-first-female-dataset-256	unreferenced message	corvax\datasets\names\tajaran_female_names.ftl
names-tajar-first-female-dataset-257	unreferenced message	corvax\datasets\names\tajaran_female_names.ftl
names-tajar-first-female-dataset-258	unreferenced message	corvax\datasets\names\tajaran_female_names.ftl
names-tajar-first-female-dataset-259	unreferenced message	corvax\datasets\names\tajaran_female_names.ftl
names-tajar-first-female-dataset-26	unreferenced message	corvax\datasets\names\tajaran_female_names.ftl
names-tajar-first-female-dataset-260	unreferenced message	corvax\datasets\names\tajaran_female_names.ftl
names-tajar-first-female-dataset-261	unreferenced message	corvax\datasets\names\tajaran_female_names.ftl
names-tajar-first-female-dataset-262	unreferenced message	corvax\datasets\names\tajaran_female_names.ftl
names-tajar-first-female-dataset-263	unreferenced message	corvax\datasets\names\tajaran_female_names.ftl
names-tajar-first-female-dataset-264	unreferenced message	corvax\datasets\names\tajaran_female_names.ftl
names-tajar-first-female-dataset-265	unreferenced message	corvax\datasets\names\tajaran_female_names.ftl
names-tajar-first-female-dataset-266	unreferenced message	corvax\datasets\names\tajaran_female_names.ftl
names-tajar-first-female-dataset-267	unreferenced message	corvax\datasets\names\tajaran_female_names.ftl
names-tajar-first-female-dataset-268	unreferenced message	corvax\datasets\names\tajaran_female_names.ftl
names-tajar-first-female-dataset-269	unreferenced message	corvax\datasets\names\tajaran_female_names.ftl
names-tajar-first-female-dataset-27	unreferenced message	corvax\datasets\names\tajaran_female_names.ftl
names-tajar-first-female-dataset-270	unreferenced message	corvax\datasets\names\tajaran_female_names.ftl
names-tajar-first-female-dataset-271	unreferenced message	corvax\datasets\names\tajaran_female_names.ftl
names-tajar-first-female-dataset-272	unreferenced message	corvax\datasets\names\tajaran_female_names.ftl
names-tajar-first-female-dataset-273	unreferenced message	corvax\datasets\names\tajaran_female_names.ftl
names-tajar-first-female-dataset-274	unreferenced message	corvax\datasets\names\tajaran_female_names.ftl
names-tajar-first-female-dataset-275	unreferenced message	corvax\datasets\names\tajaran_female_names.ftl
names-tajar-first-female-dataset-276	unreferenced message	corvax\datasets\names\tajaran_female_names.ftl
names-tajar-first-female-dataset-277	unreferenced message	corvax\datasets\names\tajaran_female_names.ftl
names-tajar-first-female-dataset-278	unreferenced message	corvax\datasets\names\tajaran_female_names.ftl
names-tajar-first-female-dataset-279	unreferenced message	corvax\datasets\names\tajaran_female_names.ftl
names-tajar-first-female-dataset-28	unreferenced message	corvax\datasets\names\tajaran_female_names.ftl
names-tajar-first-female-dataset-280	unreferenced message	corvax\datasets\names\tajaran_female_names.ftl
names-tajar-first-female-dataset-281	unreferenced message	corvax\datasets\names\tajaran_female_names.ftl
names-tajar-first-female-dataset-282	unreferenced message	corvax\datasets\names\tajaran_female_names.ftl
names-tajar-first-female-dataset-283	unreferenced message	corvax\datasets\names\tajaran_female_names.ftl
names-tajar-first-female-dataset-284	unreferenced message	corvax\datasets\names\tajaran_female_names.ftl
names-tajar-first-female-dataset-285	unreferenced message	corvax\datasets\names\tajaran_female_names.ftl
names-tajar-first-female-dataset-286	unreferenced message	corvax\datasets\names\tajaran_female_names.ftl
names-tajar-first-female-dataset-287	unreferenced message	corvax\datasets\names\tajaran_female_names.ftl
names-tajar-first-female-dataset-288	unreferenced message	corvax\datasets\names\tajaran_female_names.ftl
names-tajar-first-female-dataset-289	unreferenced message	corvax\datasets\names\tajaran_female_names.ftl
names-tajar-first-female-dataset-29	unreferenced message	corvax\datasets\names\tajaran_female_names.ftl
names-tajar-first-female-dataset-290	unreferenced message	corvax\datasets\names\tajaran_female_names.ftl
names-tajar-first-female-dataset-291	unreferenced message	corvax\datasets\names\tajaran_female_names.ftl
names-tajar-first-female-dataset-292	unreferenced message	corvax\datasets\names\tajaran_female_names.ftl
names-tajar-first-female-dataset-293	unreferenced message	corvax\datasets\names\tajaran_female_names.ftl
names-tajar-first-female-dataset-294	unreferenced message	corvax\datasets\names\tajaran_female_names.ftl
names-tajar-first-female-dataset-295	unreferenced message	corvax\datasets\names\tajaran_female_names.ftl
names-tajar-first-female-dataset-296	unreferenced message	corvax\datasets\names\tajaran_female_names.ftl
names-tajar-first-female-dataset-297	unreferenced message	corvax\datasets\names\tajaran_female_names.ftl
names-tajar-first-female-dataset-298	unreferenced message	corvax\datasets\names\tajaran_female_names.ftl
names-tajar-first-female-dataset-299	unreferenced message	corvax\datasets\names\tajaran_female_names.ftl
names-tajar-first-female-dataset-3	unreferenced message	corvax\datasets\names\tajaran_female_names.ftl
names-tajar-first-female-dataset-30	unreferenced message	corvax\datasets\names\tajaran_female_names.ftl
names-tajar-first-female-dataset-300	unreferenced message	corvax\datasets\names\tajaran_female_names.ftl
names-tajar-first-female-dataset-301	unreferenced message	corvax\datasets\names\tajaran_female_names.ftl
names-tajar-first-female-dataset-302	unreferenced message	corvax\datasets\names\tajaran_female_names.ftl
names-tajar-first-female-dataset-303	unreferenced message	corvax\datasets\names\tajaran_female_names.ftl
names-tajar-first-female-dataset-304	unreferenced message	corvax\datasets\names\tajaran_female_names.ftl
names-tajar-first-female-dataset-305	unreferenced message	corvax\datasets\names\tajaran_female_names.ftl
names-tajar-first-female-dataset-306	unreferenced message	corvax\datasets\names\tajaran_female_names.ftl
names-tajar-first-female-dataset-307	unreferenced message	corvax\datasets\names\tajaran_female_names.ftl
names-tajar-first-female-dataset-308	unreferenced message	corvax\datasets\names\tajaran_female_names.ftl
names-tajar-first-female-dataset-309	unreferenced message	corvax\datasets\names\tajaran_female_names.ftl
names-tajar-first-female-dataset-31	unreferenced message	corvax\datasets\names\tajaran_female_names.ftl
names-tajar-first-female-dataset-310	unreferenced message	corvax\datasets\names\tajaran_female_names.ftl
names-tajar-first-female-dataset-311	unreferenced message	corvax\datasets\names\tajaran_female_names.ftl
names-tajar-first-female-dataset-312	unreferenced message	corvax\datasets\names\tajaran_female_names.ftl
names-tajar-first-female-dataset-313	unreferenced message	corvax\datasets\names\tajaran_female_names.ftl
names-tajar-first-female-dataset-314	unreferenced message	corvax\datasets\names\tajaran_female_names.ftl
names-tajar-first-female-dataset-315	unreferenced message	corvax\datasets\names\tajaran_female_names.ftl
names-tajar-first-female-dataset-316	unreferenced message	corvax\datasets\names\tajaran_female_names.ftl
names-tajar-first-female-dataset-317	unreferenced message	corvax\datasets\names\tajaran_female_names.ftl
names-tajar-first-female-dataset-318	unreferenced message	corvax\datasets\names\tajaran_female_names.ftl
names-tajar-first-female-dataset-319	unreferenced message	corvax\datasets\names\tajaran_female_names.ftl
names-tajar-first-female-dataset-32	unreferenced message	corvax\datasets\names\tajaran_female_names.ftl
names-tajar-first-female-dataset-320	unreferenced message	corvax\datasets\names\tajaran_female_names.ftl
names-tajar-first-female-dataset-321	unreferenced message	corvax\datasets\names\tajaran_female_names.ftl
names-tajar-first-female-dataset-322	unreferenced message	corvax\datasets\names\tajaran_female_names.ftl
names-tajar-first-female-dataset-323	unreferenced message	corvax\datasets\names\tajaran_female_names.ftl
names-tajar-first-female-dataset-324	unreferenced message	corvax\datasets\names\tajaran_female_names.ftl
names-tajar-first-female-dataset-325	unreferenced message	corvax\datasets\names\tajaran_female_names.ftl
names-tajar-first-female-dataset-326	unreferenced message	corvax\datasets\names\tajaran_female_names.ftl
names-tajar-first-female-dataset-327	unreferenced message	corvax\datasets\names\tajaran_female_names.ftl
names-tajar-first-female-dataset-328	unreferenced message	corvax\datasets\names\tajaran_female_names.ftl
names-tajar-first-female-dataset-329	unreferenced message	corvax\datasets\names\tajaran_female_names.ftl
names-tajar-first-female-dataset-33	unreferenced message	corvax\datasets\names\tajaran_female_names.ftl
names-tajar-first-female-dataset-330	unreferenced message	corvax\datasets\names\tajaran_female_names.ftl
names-tajar-first-female-dataset-331	unreferenced message	corvax\datasets\names\tajaran_female_names.ftl
names-tajar-first-female-dataset-332	unreferenced message	corvax\datasets\names\tajaran_female_names.ftl
names-tajar-first-female-dataset-333	unreferenced message	corvax\datasets\names\tajaran_female_names.ftl
names-tajar-first-female-dataset-334	unreferenced message	corvax\datasets\names\tajaran_female_names.ftl
names-tajar-first-female-dataset-335	unreferenced message	corvax\datasets\names\tajaran_female_names.ftl
names-tajar-first-female-dataset-336	unreferenced message	corvax\datasets\names\tajaran_female_names.ftl
names-tajar-first-female-dataset-337	unreferenced message	corvax\datasets\names\tajaran_female_names.ftl
names-tajar-first-female-dataset-338	unreferenced message	corvax\datasets\names\tajaran_female_names.ftl
names-tajar-first-female-dataset-339	unreferenced message	corvax\datasets\names\tajaran_female_names.ftl
names-tajar-first-female-dataset-34	unreferenced message	corvax\datasets\names\tajaran_female_names.ftl
names-tajar-first-female-dataset-340	unreferenced message	corvax\datasets\names\tajaran_female_names.ftl
names-tajar-first-female-dataset-341	unreferenced message	corvax\datasets\names\tajaran_female_names.ftl
names-tajar-first-female-dataset-342	unreferenced message	corvax\datasets\names\tajaran_female_names.ftl
names-tajar-first-female-dataset-343	unreferenced message	corvax\datasets\names\tajaran_female_names.ftl
names-tajar-first-female-dataset-344	unreferenced message	corvax\datasets\names\tajaran_female_names.ftl
names-tajar-first-female-dataset-345	unreferenced message	corvax\datasets\names\tajaran_female_names.ftl
names-tajar-first-female-dataset-35	unreferenced message	corvax\datasets\names\tajaran_female_names.ftl
names-tajar-first-female-dataset-36	unreferenced message	corvax\datasets\names\tajaran_female_names.ftl
names-tajar-first-female-dataset-37	unreferenced message	corvax\datasets\names\tajaran_female_names.ftl
names-tajar-first-female-dataset-38	unreferenced message	corvax\datasets\names\tajaran_female_names.ftl
names-tajar-first-female-dataset-39	unreferenced message	corvax\datasets\names\tajaran_female_names.ftl
names-tajar-first-female-dataset-4	unreferenced message	corvax\datasets\names\tajaran_female_names.ftl
names-tajar-first-female-dataset-40	unreferenced message	corvax\datasets\names\tajaran_female_names.ftl
names-tajar-first-female-dataset-41	unreferenced message	corvax\datasets\names\tajaran_female_names.ftl
names-tajar-first-female-dataset-42	unreferenced message	corvax\datasets\names\tajaran_female_names.ftl
names-tajar-first-female-dataset-43	unreferenced message	corvax\datasets\names\tajaran_female_names.ftl
names-tajar-first-female-dataset-44	unreferenced message	corvax\datasets\names\tajaran_female_names.ftl
names-tajar-first-female-dataset-45	unreferenced message	corvax\datasets\names\tajaran_female_names.ftl
names-tajar-first-female-dataset-46	unreferenced message	corvax\datasets\names\tajaran_female_names.ftl
names-tajar-first-female-dataset-47	unreferenced message	corvax\datasets\names\tajaran_female_names.ftl
names-tajar-first-female-dataset-48	unreferenced message	corvax\datasets\names\tajaran_female_names.ftl
names-tajar-first-female-dataset-49	unreferenced message	corvax\datasets\names\tajaran_female_names.ftl
names-tajar-first-female-dataset-5	unreferenced message	corvax\datasets\names\tajaran_female_names.ftl
names-tajar-first-female-dataset-50	unreferenced message	corvax\datasets\names\tajaran_female_names.ftl
names-tajar-first-female-dataset-51	unreferenced message	corvax\datasets\names\tajaran_female_names.ftl
names-tajar-first-female-dataset-52	unreferenced message	corvax\datasets\names\tajaran_female_names.ftl
names-tajar-first-female-dataset-53	unreferenced message	corvax\datasets\names\tajaran_female_names.ftl
names-tajar-first-female-dataset-54	unreferenced message	corvax\datasets\names\tajaran_female_names.ftl
names-tajar-first-female-dataset-55	unreferenced message	corvax\datasets\names\tajaran_female_names.ftl
names-tajar-first-female-dataset-56	unreferenced message	corvax\datasets\names\tajaran_female_names.ftl
names-tajar-first-female-dataset-57	unreferenced message	corvax\datasets\names\tajaran_female_names.ftl
names-tajar-first-female-dataset-58	unreferenced message	corvax\datasets\names\tajaran_female_names.ftl
names-tajar-first-female-dataset-59	unreferenced message	corvax\datasets\names\tajaran_female_names.ftl
names-tajar-first-female-dataset-6	unreferenced message	corvax\datasets\names\tajaran_female_names.ftl
names-tajar-first-female-dataset-60	unreferenced message	corvax\datasets\names\tajaran_female_names.ftl
names-tajar-first-female-dataset-61	unreferenced message	corvax\datasets\names\tajaran_female_names.ftl
names-tajar-first-female-dataset-62	unreferenced message	corvax\datasets\names\tajaran_female_names.ftl
names-tajar-first-female-dataset-63	unreferenced message	corvax\datasets\names\tajaran_female_names.ftl
names-tajar-first-female-dataset-64	unreferenced message	corvax\datasets\names\tajaran_female_names.ftl
names-tajar-first-female-dataset-65	unreferenced message	corvax\datasets\names\tajaran_female_names.ftl
names-tajar-first-female-dataset-66	unreferenced message	corvax\datasets\names\tajaran_female_names.ftl
names-tajar-first-female-dataset-67	unreferenced message	corvax\datasets\names\tajaran_female_names.ftl
names-tajar-first-female-dataset-68	unreferenced message	corvax\datasets\names\tajaran_female_names.ftl
names-tajar-first-female-dataset-69	unreferenced message	corvax\datasets\names\tajaran_female_names.ftl
names-tajar-first-female-dataset-7	unreferenced message	corvax\datasets\names\tajaran_female_names.ftl
names-tajar-first-female-dataset-70	unreferenced message	corvax\datasets\names\tajaran_female_names.ftl
names-tajar-first-female-dataset-71	unreferenced message	corvax\datasets\names\tajaran_female_names.ftl
names-tajar-first-female-dataset-72	unreferenced message	corvax\datasets\names\tajaran_female_names.ftl
names-tajar-first-female-dataset-73	unreferenced message	corvax\datasets\names\tajaran_female_names.ftl
names-tajar-first-female-dataset-74	unreferenced message	corvax\datasets\names\tajaran_female_names.ftl
names-tajar-first-female-dataset-75	unreferenced message	corvax\datasets\names\tajaran_female_names.ftl
names-tajar-first-female-dataset-76	unreferenced message	corvax\datasets\names\tajaran_female_names.ftl
names-tajar-first-female-dataset-77	unreferenced message	corvax\datasets\names\tajaran_female_names.ftl
names-tajar-first-female-dataset-78	unreferenced message	corvax\datasets\names\tajaran_female_names.ftl
names-tajar-first-female-dataset-79	unreferenced message	corvax\datasets\names\tajaran_female_names.ftl
names-tajar-first-female-dataset-8	unreferenced message	corvax\datasets\names\tajaran_female_names.ftl
names-tajar-first-female-dataset-80	unreferenced message	corvax\datasets\names\tajaran_female_names.ftl
names-tajar-first-female-dataset-81	unreferenced message	corvax\datasets\names\tajaran_female_names.ftl
names-tajar-first-female-dataset-82	unreferenced message	corvax\datasets\names\tajaran_female_names.ftl
names-tajar-first-female-dataset-83	unreferenced message	corvax\datasets\names\tajaran_female_names.ftl
names-tajar-first-female-dataset-84	unreferenced message	corvax\datasets\names\tajaran_female_names.ftl
names-tajar-first-female-dataset-85	unreferenced message	corvax\datasets\names\tajaran_female_names.ftl
names-tajar-first-female-dataset-86	unreferenced message	corvax\datasets\names\tajaran_female_names.ftl
names-tajar-first-female-dataset-87	unreferenced message	corvax\datasets\names\tajaran_female_names.ftl
names-tajar-first-female-dataset-88	unreferenced message	corvax\datasets\names\tajaran_female_names.ftl
names-tajar-first-female-dataset-89	unreferenced message	corvax\datasets\names\tajaran_female_names.ftl
names-tajar-first-female-dataset-9	unreferenced message	corvax\datasets\names\tajaran_female_names.ftl
names-tajar-first-female-dataset-90	unreferenced message	corvax\datasets\names\tajaran_female_names.ftl
names-tajar-first-female-dataset-91	unreferenced message	corvax\datasets\names\tajaran_female_names.ftl
names-tajar-first-female-dataset-92	unreferenced message	corvax\datasets\names\tajaran_female_names.ftl
names-tajar-first-female-dataset-93	unreferenced message	corvax\datasets\names\tajaran_female_names.ftl
names-tajar-first-female-dataset-94	unreferenced message	corvax\datasets\names\tajaran_female_names.ftl
names-tajar-first-female-dataset-95	unreferenced message	corvax\datasets\names\tajaran_female_names.ftl
names-tajar-first-female-dataset-96	unreferenced message	corvax\datasets\names\tajaran_female_names.ftl
names-tajar-first-female-dataset-97	unreferenced message	corvax\datasets\names\tajaran_female_names.ftl
names-tajar-first-female-dataset-98	unreferenced message	corvax\datasets\names\tajaran_female_names.ftl
names-tajar-first-female-dataset-99	unreferenced message	corvax\datasets\names\tajaran_female_names.ftl
names-tajar-first-male-dataset-1	unreferenced message	corvax\datasets\names\tajaran_male_names.ftl
names-tajar-first-male-dataset-10	unreferenced message	corvax\datasets\names\tajaran_male_names.ftl
names-tajar-first-male-dataset-100	unreferenced message	corvax\datasets\names\tajaran_male_names.ftl
names-tajar-first-male-dataset-101	unreferenced message	corvax\datasets\names\tajaran_male_names.ftl
names-tajar-first-male-dataset-102	unreferenced message	corvax\datasets\names\tajaran_male_names.ftl
names-tajar-first-male-dataset-103	unreferenced message	corvax\datasets\names\tajaran_male_names.ftl
names-tajar-first-male-dataset-104	unreferenced message	corvax\datasets\names\tajaran_male_names.ftl
names-tajar-first-male-dataset-105	unreferenced message	corvax\datasets\names\tajaran_male_names.ftl
names-tajar-first-male-dataset-106	unreferenced message	corvax\datasets\names\tajaran_male_names.ftl
names-tajar-first-male-dataset-107	unreferenced message	corvax\datasets\names\tajaran_male_names.ftl
names-tajar-first-male-dataset-108	unreferenced message	corvax\datasets\names\tajaran_male_names.ftl
names-tajar-first-male-dataset-109	unreferenced message	corvax\datasets\names\tajaran_male_names.ftl
names-tajar-first-male-dataset-11	unreferenced message	corvax\datasets\names\tajaran_male_names.ftl
names-tajar-first-male-dataset-110	unreferenced message	corvax\datasets\names\tajaran_male_names.ftl
names-tajar-first-male-dataset-111	unreferenced message	corvax\datasets\names\tajaran_male_names.ftl
names-tajar-first-male-dataset-112	unreferenced message	corvax\datasets\names\tajaran_male_names.ftl
names-tajar-first-male-dataset-113	unreferenced message	corvax\datasets\names\tajaran_male_names.ftl
names-tajar-first-male-dataset-114	unreferenced message	corvax\datasets\names\tajaran_male_names.ftl
names-tajar-first-male-dataset-115	unreferenced message	corvax\datasets\names\tajaran_male_names.ftl
names-tajar-first-male-dataset-116	unreferenced message	corvax\datasets\names\tajaran_male_names.ftl
names-tajar-first-male-dataset-117	unreferenced message	corvax\datasets\names\tajaran_male_names.ftl
names-tajar-first-male-dataset-118	unreferenced message	corvax\datasets\names\tajaran_male_names.ftl
names-tajar-first-male-dataset-119	unreferenced message	corvax\datasets\names\tajaran_male_names.ftl
names-tajar-first-male-dataset-12	unreferenced message	corvax\datasets\names\tajaran_male_names.ftl
names-tajar-first-male-dataset-120	unreferenced message	corvax\datasets\names\tajaran_male_names.ftl
names-tajar-first-male-dataset-121	unreferenced message	corvax\datasets\names\tajaran_male_names.ftl
names-tajar-first-male-dataset-122	unreferenced message	corvax\datasets\names\tajaran_male_names.ftl
names-tajar-first-male-dataset-123	unreferenced message	corvax\datasets\names\tajaran_male_names.ftl
names-tajar-first-male-dataset-124	unreferenced message	corvax\datasets\names\tajaran_male_names.ftl
names-tajar-first-male-dataset-125	unreferenced message	corvax\datasets\names\tajaran_male_names.ftl
names-tajar-first-male-dataset-126	unreferenced message	corvax\datasets\names\tajaran_male_names.ftl
names-tajar-first-male-dataset-127	unreferenced message	corvax\datasets\names\tajaran_male_names.ftl
names-tajar-first-male-dataset-128	unreferenced message	corvax\datasets\names\tajaran_male_names.ftl
names-tajar-first-male-dataset-129	unreferenced message	corvax\datasets\names\tajaran_male_names.ftl
names-tajar-first-male-dataset-13	unreferenced message	corvax\datasets\names\tajaran_male_names.ftl
names-tajar-first-male-dataset-130	unreferenced message	corvax\datasets\names\tajaran_male_names.ftl
names-tajar-first-male-dataset-131	unreferenced message	corvax\datasets\names\tajaran_male_names.ftl
names-tajar-first-male-dataset-132	unreferenced message	corvax\datasets\names\tajaran_male_names.ftl
names-tajar-first-male-dataset-133	unreferenced message	corvax\datasets\names\tajaran_male_names.ftl
names-tajar-first-male-dataset-134	unreferenced message	corvax\datasets\names\tajaran_male_names.ftl
names-tajar-first-male-dataset-135	unreferenced message	corvax\datasets\names\tajaran_male_names.ftl
names-tajar-first-male-dataset-136	unreferenced message	corvax\datasets\names\tajaran_male_names.ftl
names-tajar-first-male-dataset-137	unreferenced message	corvax\datasets\names\tajaran_male_names.ftl
names-tajar-first-male-dataset-138	unreferenced message	corvax\datasets\names\tajaran_male_names.ftl
names-tajar-first-male-dataset-139	unreferenced message	corvax\datasets\names\tajaran_male_names.ftl
names-tajar-first-male-dataset-14	unreferenced message	corvax\datasets\names\tajaran_male_names.ftl
names-tajar-first-male-dataset-140	unreferenced message	corvax\datasets\names\tajaran_male_names.ftl
names-tajar-first-male-dataset-141	unreferenced message	corvax\datasets\names\tajaran_male_names.ftl
names-tajar-first-male-dataset-142	unreferenced message	corvax\datasets\names\tajaran_male_names.ftl
names-tajar-first-male-dataset-143	unreferenced message	corvax\datasets\names\tajaran_male_names.ftl
names-tajar-first-male-dataset-144	unreferenced message	corvax\datasets\names\tajaran_male_names.ftl
names-tajar-first-male-dataset-145	unreferenced message	corvax\datasets\names\tajaran_male_names.ftl
names-tajar-first-male-dataset-146	unreferenced message	corvax\datasets\names\tajaran_male_names.ftl
names-tajar-first-male-dataset-147	unreferenced message	corvax\datasets\names\tajaran_male_names.ftl
names-tajar-first-male-dataset-148	unreferenced message	corvax\datasets\names\tajaran_male_names.ftl
names-tajar-first-male-dataset-149	unreferenced message	corvax\datasets\names\tajaran_male_names.ftl
names-tajar-first-male-dataset-15	unreferenced message	corvax\datasets\names\tajaran_male_names.ftl
names-tajar-first-male-dataset-150	unreferenced message	corvax\datasets\names\tajaran_male_names.ftl
names-tajar-first-male-dataset-151	unreferenced message	corvax\datasets\names\tajaran_male_names.ftl
names-tajar-first-male-dataset-152	unreferenced message	corvax\datasets\names\tajaran_male_names.ftl
names-tajar-first-male-dataset-153	unreferenced message	corvax\datasets\names\tajaran_male_names.ftl
names-tajar-first-male-dataset-154	unreferenced message	corvax\datasets\names\tajaran_male_names.ftl
names-tajar-first-male-dataset-155	unreferenced message	corvax\datasets\names\tajaran_male_names.ftl
names-tajar-first-male-dataset-156	unreferenced message	corvax\datasets\names\tajaran_male_names.ftl
names-tajar-first-male-dataset-157	unreferenced message	corvax\datasets\names\tajaran_male_names.ftl
names-tajar-first-male-dataset-158	unreferenced message	corvax\datasets\names\tajaran_male_names.ftl
names-tajar-first-male-dataset-159	unreferenced message	corvax\datasets\names\tajaran_male_names.ftl
names-tajar-first-male-dataset-16	unreferenced message	corvax\datasets\names\tajaran_male_names.ftl
names-tajar-first-male-dataset-160	unreferenced message	corvax\datasets\names\tajaran_male_names.ftl
names-tajar-first-male-dataset-161	unreferenced message	corvax\datasets\names\tajaran_male_names.ftl
names-tajar-first-male-dataset-162	unreferenced message	corvax\datasets\names\tajaran_male_names.ftl
names-tajar-first-male-dataset-163	unreferenced message	corvax\datasets\names\tajaran_male_names.ftl
names-tajar-first-male-dataset-164	unreferenced message	corvax\datasets\names\tajaran_male_names.ftl
names-tajar-first-male-dataset-165	unreferenced message	corvax\datasets\names\tajaran_male_names.ftl
names-tajar-first-male-dataset-166	unreferenced message	corvax\datasets\names\tajaran_male_names.ftl
names-tajar-first-male-dataset-167	unreferenced message	corvax\datasets\names\tajaran_male_names.ftl
names-tajar-first-male-dataset-168	unreferenced message	corvax\datasets\names\tajaran_male_names.ftl
names-tajar-first-male-dataset-169	unreferenced message	corvax\datasets\names\tajaran_male_names.ftl
names-tajar-first-male-dataset-17	unreferenced message	corvax\datasets\names\tajaran_male_names.ftl
names-tajar-first-male-dataset-170	unreferenced message	corvax\datasets\names\tajaran_male_names.ftl
names-tajar-first-male-dataset-171	unreferenced message	corvax\datasets\names\tajaran_male_names.ftl
names-tajar-first-male-dataset-172	unreferenced message	corvax\datasets\names\tajaran_male_names.ftl
names-tajar-first-male-dataset-173	unreferenced message	corvax\datasets\names\tajaran_male_names.ftl
names-tajar-first-male-dataset-174	unreferenced message	corvax\datasets\names\tajaran_male_names.ftl
names-tajar-first-male-dataset-175	unreferenced message	corvax\datasets\names\tajaran_male_names.ftl
names-tajar-first-male-dataset-176	unreferenced message	corvax\datasets\names\tajaran_male_names.ftl
names-tajar-first-male-dataset-177	unreferenced message	corvax\datasets\names\tajaran_male_names.ftl
names-tajar-first-male-dataset-178	unreferenced message	corvax\datasets\names\tajaran_male_names.ftl
names-tajar-first-male-dataset-179	unreferenced message	corvax\datasets\names\tajaran_male_names.ftl
names-tajar-first-male-dataset-18	unreferenced message	corvax\datasets\names\tajaran_male_names.ftl
names-tajar-first-male-dataset-180	unreferenced message	corvax\datasets\names\tajaran_male_names.ftl
names-tajar-first-male-dataset-181	unreferenced message	corvax\datasets\names\tajaran_male_names.ftl
names-tajar-first-male-dataset-182	unreferenced message	corvax\datasets\names\tajaran_male_names.ftl
names-tajar-first-male-dataset-183	unreferenced message	corvax\datasets\names\tajaran_male_names.ftl
names-tajar-first-male-dataset-184	unreferenced message	corvax\datasets\names\tajaran_male_names.ftl
names-tajar-first-male-dataset-185	unreferenced message	corvax\datasets\names\tajaran_male_names.ftl
names-tajar-first-male-dataset-186	unreferenced message	corvax\datasets\names\tajaran_male_names.ftl
names-tajar-first-male-dataset-187	unreferenced message	corvax\datasets\names\tajaran_male_names.ftl
names-tajar-first-male-dataset-188	unreferenced message	corvax\datasets\names\tajaran_male_names.ftl
names-tajar-first-male-dataset-189	unreferenced message	corvax\datasets\names\tajaran_male_names.ftl
names-tajar-first-male-dataset-19	unreferenced message	corvax\datasets\names\tajaran_male_names.ftl
names-tajar-first-male-dataset-190	unreferenced message	corvax\datasets\names\tajaran_male_names.ftl
names-tajar-first-male-dataset-191	unreferenced message	corvax\datasets\names\tajaran_male_names.ftl
names-tajar-first-male-dataset-192	unreferenced message	corvax\datasets\names\tajaran_male_names.ftl
names-tajar-first-male-dataset-193	unreferenced message	corvax\datasets\names\tajaran_male_names.ftl
names-tajar-first-male-dataset-194	unreferenced message	corvax\datasets\names\tajaran_male_names.ftl
names-tajar-first-male-dataset-195	unreferenced message	corvax\datasets\names\tajaran_male_names.ftl
names-tajar-first-male-dataset-196	unreferenced message	corvax\datasets\names\tajaran_male_names.ftl
names-tajar-first-male-dataset-197	unreferenced message	corvax\datasets\names\tajaran_male_names.ftl
names-tajar-first-male-dataset-198	unreferenced message	corvax\datasets\names\tajaran_male_names.ftl
names-tajar-first-male-dataset-199	unreferenced message	corvax\datasets\names\tajaran_male_names.ftl
names-tajar-first-male-dataset-2	unreferenced message	corvax\datasets\names\tajaran_male_names.ftl
names-tajar-first-male-dataset-20	unreferenced message	corvax\datasets\names\tajaran_male_names.ftl
names-tajar-first-male-dataset-200	unreferenced message	corvax\datasets\names\tajaran_male_names.ftl
names-tajar-first-male-dataset-201	unreferenced message	corvax\datasets\names\tajaran_male_names.ftl
names-tajar-first-male-dataset-202	unreferenced message	corvax\datasets\names\tajaran_male_names.ftl
names-tajar-first-male-dataset-203	unreferenced message	corvax\datasets\names\tajaran_male_names.ftl
names-tajar-first-male-dataset-204	unreferenced message	corvax\datasets\names\tajaran_male_names.ftl
names-tajar-first-male-dataset-205	unreferenced message	corvax\datasets\names\tajaran_male_names.ftl
names-tajar-first-male-dataset-206	unreferenced message	corvax\datasets\names\tajaran_male_names.ftl
names-tajar-first-male-dataset-207	unreferenced message	corvax\datasets\names\tajaran_male_names.ftl
names-tajar-first-male-dataset-208	unreferenced message	corvax\datasets\names\tajaran_male_names.ftl
names-tajar-first-male-dataset-209	unreferenced message	corvax\datasets\names\tajaran_male_names.ftl
names-tajar-first-male-dataset-21	unreferenced message	corvax\datasets\names\tajaran_male_names.ftl
names-tajar-first-male-dataset-210	unreferenced message	corvax\datasets\names\tajaran_male_names.ftl
names-tajar-first-male-dataset-211	unreferenced message	corvax\datasets\names\tajaran_male_names.ftl
names-tajar-first-male-dataset-212	unreferenced message	corvax\datasets\names\tajaran_male_names.ftl
names-tajar-first-male-dataset-213	unreferenced message	corvax\datasets\names\tajaran_male_names.ftl
names-tajar-first-male-dataset-214	unreferenced message	corvax\datasets\names\tajaran_male_names.ftl
names-tajar-first-male-dataset-215	unreferenced message	corvax\datasets\names\tajaran_male_names.ftl
names-tajar-first-male-dataset-216	unreferenced message	corvax\datasets\names\tajaran_male_names.ftl
names-tajar-first-male-dataset-217	unreferenced message	corvax\datasets\names\tajaran_male_names.ftl
names-tajar-first-male-dataset-218	unreferenced message	corvax\datasets\names\tajaran_male_names.ftl
names-tajar-first-male-dataset-219	unreferenced message	corvax\datasets\names\tajaran_male_names.ftl
names-tajar-first-male-dataset-22	unreferenced message	corvax\datasets\names\tajaran_male_names.ftl
names-tajar-first-male-dataset-220	unreferenced message	corvax\datasets\names\tajaran_male_names.ftl
names-tajar-first-male-dataset-221	unreferenced message	corvax\datasets\names\tajaran_male_names.ftl
names-tajar-first-male-dataset-222	unreferenced message	corvax\datasets\names\tajaran_male_names.ftl
names-tajar-first-male-dataset-223	unreferenced message	corvax\datasets\names\tajaran_male_names.ftl
names-tajar-first-male-dataset-224	unreferenced message	corvax\datasets\names\tajaran_male_names.ftl
names-tajar-first-male-dataset-225	unreferenced message	corvax\datasets\names\tajaran_male_names.ftl
names-tajar-first-male-dataset-226	unreferenced message	corvax\datasets\names\tajaran_male_names.ftl
names-tajar-first-male-dataset-227	unreferenced message	corvax\datasets\names\tajaran_male_names.ftl
names-tajar-first-male-dataset-228	unreferenced message	corvax\datasets\names\tajaran_male_names.ftl
names-tajar-first-male-dataset-229	unreferenced message	corvax\datasets\names\tajaran_male_names.ftl
names-tajar-first-male-dataset-23	unreferenced message	corvax\datasets\names\tajaran_male_names.ftl
names-tajar-first-male-dataset-230	unreferenced message	corvax\datasets\names\tajaran_male_names.ftl
names-tajar-first-male-dataset-231	unreferenced message	corvax\datasets\names\tajaran_male_names.ftl
names-tajar-first-male-dataset-232	unreferenced message	corvax\datasets\names\tajaran_male_names.ftl
names-tajar-first-male-dataset-233	unreferenced message	corvax\datasets\names\tajaran_male_names.ftl
names-tajar-first-male-dataset-234	unreferenced message	corvax\datasets\names\tajaran_male_names.ftl
names-tajar-first-male-dataset-235	unreferenced message	corvax\datasets\names\tajaran_male_names.ftl
names-tajar-first-male-dataset-236	unreferenced message	corvax\datasets\names\tajaran_male_names.ftl
names-tajar-first-male-dataset-237	unreferenced message	corvax\datasets\names\tajaran_male_names.ftl
names-tajar-first-male-dataset-238	unreferenced message	corvax\datasets\names\tajaran_male_names.ftl
names-tajar-first-male-dataset-239	unreferenced message	corvax\datasets\names\tajaran_male_names.ftl
names-tajar-first-male-dataset-24	unreferenced message	corvax\datasets\names\tajaran_male_names.ftl
names-tajar-first-male-dataset-240	unreferenced message	corvax\datasets\names\tajaran_male_names.ftl
names-tajar-first-male-dataset-241	unreferenced message	corvax\datasets\names\tajaran_male_names.ftl
names-tajar-first-male-dataset-242	unreferenced message	corvax\datasets\names\tajaran_male_names.ftl
names-tajar-first-male-dataset-243	unreferenced message	corvax\datasets\names\tajaran_male_names.ftl
names-tajar-first-male-dataset-244	unreferenced message	corvax\datasets\names\tajaran_male_names.ftl
names-tajar-first-male-dataset-245	unreferenced message	corvax\datasets\names\tajaran_male_names.ftl
names-tajar-first-male-dataset-246	unreferenced message	corvax\datasets\names\tajaran_male_names.ftl
names-tajar-first-male-dataset-247	unreferenced message	corvax\datasets\names\tajaran_male_names.ftl
names-tajar-first-male-dataset-248	unreferenced message	corvax\datasets\names\tajaran_male_names.ftl
names-tajar-first-male-dataset-249	unreferenced message	corvax\datasets\names\tajaran_male_names.ftl
names-tajar-first-male-dataset-25	unreferenced message	corvax\datasets\names\tajaran_male_names.ftl
names-tajar-first-male-dataset-250	unreferenced message	corvax\datasets\names\tajaran_male_names.ftl
names-tajar-first-male-dataset-251	unreferenced message	corvax\datasets\names\tajaran_male_names.ftl
names-tajar-first-male-dataset-252	unreferenced message	corvax\datasets\names\tajaran_male_names.ftl
names-tajar-first-male-dataset-253	unreferenced message	corvax\datasets\names\tajaran_male_names.ftl
names-tajar-first-male-dataset-254	unreferenced message	corvax\datasets\names\tajaran_male_names.ftl
names-tajar-first-male-dataset-255	unreferenced message	corvax\datasets\names\tajaran_male_names.ftl
names-tajar-first-male-dataset-256	unreferenced message	corvax\datasets\names\tajaran_male_names.ftl
names-tajar-first-male-dataset-257	unreferenced message	corvax\datasets\names\tajaran_male_names.ftl
names-tajar-first-male-dataset-258	unreferenced message	corvax\datasets\names\tajaran_male_names.ftl
names-tajar-first-male-dataset-259	unreferenced message	corvax\datasets\names\tajaran_male_names.ftl
names-tajar-first-male-dataset-26	unreferenced message	corvax\datasets\names\tajaran_male_names.ftl
names-tajar-first-male-dataset-260	unreferenced message	corvax\datasets\names\tajaran_male_names.ftl
names-tajar-first-male-dataset-261	unreferenced message	corvax\datasets\names\tajaran_male_names.ftl
names-tajar-first-male-dataset-262	unreferenced message	corvax\datasets\names\tajaran_male_names.ftl
names-tajar-first-male-dataset-263	unreferenced message	corvax\datasets\names\tajaran_male_names.ftl
names-tajar-first-male-dataset-264	unreferenced message	corvax\datasets\names\tajaran_male_names.ftl
names-tajar-first-male-dataset-265	unreferenced message	corvax\datasets\names\tajaran_male_names.ftl
names-tajar-first-male-dataset-266	unreferenced message	corvax\datasets\names\tajaran_male_names.ftl
names-tajar-first-male-dataset-267	unreferenced message	corvax\datasets\names\tajaran_male_names.ftl
names-tajar-first-male-dataset-268	unreferenced message	corvax\datasets\names\tajaran_male_names.ftl
names-tajar-first-male-dataset-269	unreferenced message	corvax\datasets\names\tajaran_male_names.ftl
names-tajar-first-male-dataset-27	unreferenced message	corvax\datasets\names\tajaran_male_names.ftl
names-tajar-first-male-dataset-270	unreferenced message	corvax\datasets\names\tajaran_male_names.ftl
names-tajar-first-male-dataset-271	unreferenced message	corvax\datasets\names\tajaran_male_names.ftl
names-tajar-first-male-dataset-272	unreferenced message	corvax\datasets\names\tajaran_male_names.ftl
names-tajar-first-male-dataset-273	unreferenced message	corvax\datasets\names\tajaran_male_names.ftl
names-tajar-first-male-dataset-274	unreferenced message	corvax\datasets\names\tajaran_male_names.ftl
names-tajar-first-male-dataset-275	unreferenced message	corvax\datasets\names\tajaran_male_names.ftl
names-tajar-first-male-dataset-276	unreferenced message	corvax\datasets\names\tajaran_male_names.ftl
names-tajar-first-male-dataset-277	unreferenced message	corvax\datasets\names\tajaran_male_names.ftl
names-tajar-first-male-dataset-278	unreferenced message	corvax\datasets\names\tajaran_male_names.ftl
names-tajar-first-male-dataset-279	unreferenced message	corvax\datasets\names\tajaran_male_names.ftl
names-tajar-first-male-dataset-28	unreferenced message	corvax\datasets\names\tajaran_male_names.ftl
names-tajar-first-male-dataset-280	unreferenced message	corvax\datasets\names\tajaran_male_names.ftl
names-tajar-first-male-dataset-281	unreferenced message	corvax\datasets\names\tajaran_male_names.ftl
names-tajar-first-male-dataset-282	unreferenced message	corvax\datasets\names\tajaran_male_names.ftl
names-tajar-first-male-dataset-283	unreferenced message	corvax\datasets\names\tajaran_male_names.ftl
names-tajar-first-male-dataset-284	unreferenced message	corvax\datasets\names\tajaran_male_names.ftl
names-tajar-first-male-dataset-285	unreferenced message	corvax\datasets\names\tajaran_male_names.ftl
names-tajar-first-male-dataset-286	unreferenced message	corvax\datasets\names\tajaran_male_names.ftl
names-tajar-first-male-dataset-287	unreferenced message	corvax\datasets\names\tajaran_male_names.ftl
names-tajar-first-male-dataset-288	unreferenced message	corvax\datasets\names\tajaran_male_names.ftl
names-tajar-first-male-dataset-289	unreferenced message	corvax\datasets\names\tajaran_male_names.ftl
names-tajar-first-male-dataset-29	unreferenced message	corvax\datasets\names\tajaran_male_names.ftl
names-tajar-first-male-dataset-290	unreferenced message	corvax\datasets\names\tajaran_male_names.ftl
names-tajar-first-male-dataset-291	unreferenced message	corvax\datasets\names\tajaran_male_names.ftl
names-tajar-first-male-dataset-292	unreferenced message	corvax\datasets\names\tajaran_male_names.ftl
names-tajar-first-male-dataset-293	unreferenced message	corvax\datasets\names\tajaran_male_names.ftl
names-tajar-first-male-dataset-294	unreferenced message	corvax\datasets\names\tajaran_male_names.ftl
names-tajar-first-male-dataset-295	unreferenced message	corvax\datasets\names\tajaran_male_names.ftl
names-tajar-first-male-dataset-296	unreferenced message	corvax\datasets\names\tajaran_male_names.ftl
names-tajar-first-male-dataset-297	unreferenced message	corvax\datasets\names\tajaran_male_names.ftl
names-tajar-first-male-dataset-298	unreferenced message	corvax\datasets\names\tajaran_male_names.ftl
names-tajar-first-male-dataset-299	unreferenced message	corvax\datasets\names\tajaran_male_names.ftl
names-tajar-first-male-dataset-3	unreferenced message	corvax\datasets\names\tajaran_male_names.ftl
names-tajar-first-male-dataset-30	unreferenced message	corvax\datasets\names\tajaran_male_names.ftl
names-tajar-first-male-dataset-300	unreferenced message	corvax\datasets\names\tajaran_male_names.ftl
names-tajar-first-male-dataset-301	unreferenced message	corvax\datasets\names\tajaran_male_names.ftl
names-tajar-first-male-dataset-302	unreferenced message	corvax\datasets\names\tajaran_male_names.ftl
names-tajar-first-male-dataset-303	unreferenced message	corvax\datasets\names\tajaran_male_names.ftl
names-tajar-first-male-dataset-304	unreferenced message	corvax\datasets\names\tajaran_male_names.ftl
names-tajar-first-male-dataset-305	unreferenced message	corvax\datasets\names\tajaran_male_names.ftl
names-tajar-first-male-dataset-306	unreferenced message	corvax\datasets\names\tajaran_male_names.ftl
names-tajar-first-male-dataset-307	unreferenced message	corvax\datasets\names\tajaran_male_names.ftl
names-tajar-first-male-dataset-308	unreferenced message	corvax\datasets\names\tajaran_male_names.ftl
names-tajar-first-male-dataset-309	unreferenced message	corvax\datasets\names\tajaran_male_names.ftl
names-tajar-first-male-dataset-31	unreferenced message	corvax\datasets\names\tajaran_male_names.ftl
names-tajar-first-male-dataset-310	unreferenced message	corvax\datasets\names\tajaran_male_names.ftl
names-tajar-first-male-dataset-311	unreferenced message	corvax\datasets\names\tajaran_male_names.ftl
names-tajar-first-male-dataset-312	unreferenced message	corvax\datasets\names\tajaran_male_names.ftl
names-tajar-first-male-dataset-313	unreferenced message	corvax\datasets\names\tajaran_male_names.ftl
names-tajar-first-male-dataset-314	unreferenced message	corvax\datasets\names\tajaran_male_names.ftl
names-tajar-first-male-dataset-315	unreferenced message	corvax\datasets\names\tajaran_male_names.ftl
names-tajar-first-male-dataset-316	unreferenced message	corvax\datasets\names\tajaran_male_names.ftl
names-tajar-first-male-dataset-317	unreferenced message	corvax\datasets\names\tajaran_male_names.ftl
names-tajar-first-male-dataset-318	unreferenced message	corvax\datasets\names\tajaran_male_names.ftl
names-tajar-first-male-dataset-319	unreferenced message	corvax\datasets\names\tajaran_male_names.ftl
names-tajar-first-male-dataset-32	unreferenced message	corvax\datasets\names\tajaran_male_names.ftl
names-tajar-first-male-dataset-320	unreferenced message	corvax\datasets\names\tajaran_male_names.ftl
names-tajar-first-male-dataset-321	unreferenced message	corvax\datasets\names\tajaran_male_names.ftl
names-tajar-first-male-dataset-322	unreferenced message	corvax\datasets\names\tajaran_male_names.ftl
names-tajar-first-male-dataset-323	unreferenced message	corvax\datasets\names\tajaran_male_names.ftl
names-tajar-first-male-dataset-324	unreferenced message	corvax\datasets\names\tajaran_male_names.ftl
names-tajar-first-male-dataset-325	unreferenced message	corvax\datasets\names\tajaran_male_names.ftl
names-tajar-first-male-dataset-326	unreferenced message	corvax\datasets\names\tajaran_male_names.ftl
names-tajar-first-male-dataset-327	unreferenced message	corvax\datasets\names\tajaran_male_names.ftl
names-tajar-first-male-dataset-328	unreferenced message	corvax\datasets\names\tajaran_male_names.ftl
names-tajar-first-male-dataset-329	unreferenced message	corvax\datasets\names\tajaran_male_names.ftl
names-tajar-first-male-dataset-33	unreferenced message	corvax\datasets\names\tajaran_male_names.ftl
names-tajar-first-male-dataset-330	unreferenced message	corvax\datasets\names\tajaran_male_names.ftl
names-tajar-first-male-dataset-331	unreferenced message	corvax\datasets\names\tajaran_male_names.ftl
names-tajar-first-male-dataset-332	unreferenced message	corvax\datasets\names\tajaran_male_names.ftl
names-tajar-first-male-dataset-333	unreferenced message	corvax\datasets\names\tajaran_male_names.ftl
names-tajar-first-male-dataset-334	unreferenced message	corvax\datasets\names\tajaran_male_names.ftl
names-tajar-first-male-dataset-335	unreferenced message	corvax\datasets\names\tajaran_male_names.ftl
names-tajar-first-male-dataset-336	unreferenced message	corvax\datasets\names\tajaran_male_names.ftl
names-tajar-first-male-dataset-337	unreferenced message	corvax\datasets\names\tajaran_male_names.ftl
names-tajar-first-male-dataset-338	unreferenced message	corvax\datasets\names\tajaran_male_names.ftl
names-tajar-first-male-dataset-339	unreferenced message	corvax\datasets\names\tajaran_male_names.ftl
names-tajar-first-male-dataset-34	unreferenced message	corvax\datasets\names\tajaran_male_names.ftl
names-tajar-first-male-dataset-340	unreferenced message	corvax\datasets\names\tajaran_male_names.ftl
names-tajar-first-male-dataset-341	unreferenced message	corvax\datasets\names\tajaran_male_names.ftl
names-tajar-first-male-dataset-342	unreferenced message	corvax\datasets\names\tajaran_male_names.ftl
names-tajar-first-male-dataset-343	unreferenced message	corvax\datasets\names\tajaran_male_names.ftl
names-tajar-first-male-dataset-344	unreferenced message	corvax\datasets\names\tajaran_male_names.ftl
names-tajar-first-male-dataset-345	unreferenced message	corvax\datasets\names\tajaran_male_names.ftl
names-tajar-first-male-dataset-35	unreferenced message	corvax\datasets\names\tajaran_male_names.ftl
names-tajar-first-male-dataset-36	unreferenced message	corvax\datasets\names\tajaran_male_names.ftl
names-tajar-first-male-dataset-37	unreferenced message	corvax\datasets\names\tajaran_male_names.ftl
names-tajar-first-male-dataset-38	unreferenced message	corvax\datasets\names\tajaran_male_names.ftl
names-tajar-first-male-dataset-39	unreferenced message	corvax\datasets\names\tajaran_male_names.ftl
names-tajar-first-male-dataset-4	unreferenced message	corvax\datasets\names\tajaran_male_names.ftl
names-tajar-first-male-dataset-40	unreferenced message	corvax\datasets\names\tajaran_male_names.ftl
names-tajar-first-male-dataset-41	unreferenced message	corvax\datasets\names\tajaran_male_names.ftl
names-tajar-first-male-dataset-42	unreferenced message	corvax\datasets\names\tajaran_male_names.ftl
names-tajar-first-male-dataset-43	unreferenced message	corvax\datasets\names\tajaran_male_names.ftl
names-tajar-first-male-dataset-44	unreferenced message	corvax\datasets\names\tajaran_male_names.ftl
names-tajar-first-male-dataset-45	unreferenced message	corvax\datasets\names\tajaran_male_names.ftl
names-tajar-first-male-dataset-46	unreferenced message	corvax\datasets\names\tajaran_male_names.ftl
names-tajar-first-male-dataset-47	unreferenced message	corvax\datasets\names\tajaran_male_names.ftl
names-tajar-first-male-dataset-48	unreferenced message	corvax\datasets\names\tajaran_male_names.ftl
names-tajar-first-male-dataset-49	unreferenced message	corvax\datasets\names\tajaran_male_names.ftl
names-tajar-first-male-dataset-5	unreferenced message	corvax\datasets\names\tajaran_male_names.ftl
names-tajar-first-male-dataset-50	unreferenced message	corvax\datasets\names\tajaran_male_names.ftl
names-tajar-first-male-dataset-51	unreferenced message	corvax\datasets\names\tajaran_male_names.ftl
names-tajar-first-male-dataset-52	unreferenced message	corvax\datasets\names\tajaran_male_names.ftl
names-tajar-first-male-dataset-53	unreferenced message	corvax\datasets\names\tajaran_male_names.ftl
names-tajar-first-male-dataset-54	unreferenced message	corvax\datasets\names\tajaran_male_names.ftl
names-tajar-first-male-dataset-55	unreferenced message	corvax\datasets\names\tajaran_male_names.ftl
names-tajar-first-male-dataset-56	unreferenced message	corvax\datasets\names\tajaran_male_names.ftl
names-tajar-first-male-dataset-57	unreferenced message	corvax\datasets\names\tajaran_male_names.ftl
names-tajar-first-male-dataset-58	unreferenced message	corvax\datasets\names\tajaran_male_names.ftl
names-tajar-first-male-dataset-59	unreferenced message	corvax\datasets\names\tajaran_male_names.ftl
names-tajar-first-male-dataset-6	unreferenced message	corvax\datasets\names\tajaran_male_names.ftl
names-tajar-first-male-dataset-60	unreferenced message	corvax\datasets\names\tajaran_male_names.ftl
names-tajar-first-male-dataset-61	unreferenced message	corvax\datasets\names\tajaran_male_names.ftl
names-tajar-first-male-dataset-62	unreferenced message	corvax\datasets\names\tajaran_male_names.ftl
names-tajar-first-male-dataset-63	unreferenced message	corvax\datasets\names\tajaran_male_names.ftl
names-tajar-first-male-dataset-64	unreferenced message	corvax\datasets\names\tajaran_male_names.ftl
names-tajar-first-male-dataset-65	unreferenced message	corvax\datasets\names\tajaran_male_names.ftl
names-tajar-first-male-dataset-66	unreferenced message	corvax\datasets\names\tajaran_male_names.ftl
names-tajar-first-male-dataset-67	unreferenced message	corvax\datasets\names\tajaran_male_names.ftl
names-tajar-first-male-dataset-68	unreferenced message	corvax\datasets\names\tajaran_male_names.ftl
names-tajar-first-male-dataset-69	unreferenced message	corvax\datasets\names\tajaran_male_names.ftl
names-tajar-first-male-dataset-7	unreferenced message	corvax\datasets\names\tajaran_male_names.ftl
names-tajar-first-male-dataset-70	unreferenced message	corvax\datasets\names\tajaran_male_names.ftl
names-tajar-first-male-dataset-71	unreferenced message	corvax\datasets\names\tajaran_male_names.ftl
names-tajar-first-male-dataset-72	unreferenced message	corvax\datasets\names\tajaran_male_names.ftl
names-tajar-first-male-dataset-73	unreferenced message	corvax\datasets\names\tajaran_male_names.ftl
names-tajar-first-male-dataset-74	unreferenced message	corvax\datasets\names\tajaran_male_names.ftl
names-tajar-first-male-dataset-75	unreferenced message	corvax\datasets\names\tajaran_male_names.ftl
names-tajar-first-male-dataset-76	unreferenced message	corvax\datasets\names\tajaran_male_names.ftl
names-tajar-first-male-dataset-77	unreferenced message	corvax\datasets\names\tajaran_male_names.ftl
names-tajar-first-male-dataset-78	unreferenced message	corvax\datasets\names\tajaran_male_names.ftl
names-tajar-first-male-dataset-79	unreferenced message	corvax\datasets\names\tajaran_male_names.ftl
names-tajar-first-male-dataset-8	unreferenced message	corvax\datasets\names\tajaran_male_names.ftl
names-tajar-first-male-dataset-80	unreferenced message	corvax\datasets\names\tajaran_male_names.ftl
names-tajar-first-male-dataset-81	unreferenced message	corvax\datasets\names\tajaran_male_names.ftl
names-tajar-first-male-dataset-82	unreferenced message	corvax\datasets\names\tajaran_male_names.ftl
names-tajar-first-male-dataset-83	unreferenced message	corvax\datasets\names\tajaran_male_names.ftl
names-tajar-first-male-dataset-84	unreferenced message	corvax\datasets\names\tajaran_male_names.ftl
names-tajar-first-male-dataset-85	unreferenced message	corvax\datasets\names\tajaran_male_names.ftl
names-tajar-first-male-dataset-86	unreferenced message	corvax\datasets\names\tajaran_male_names.ftl
names-tajar-first-male-dataset-87	unreferenced message	corvax\datasets\names\tajaran_male_names.ftl
names-tajar-first-male-dataset-88	unreferenced message	corvax\datasets\names\tajaran_male_names.ftl
names-tajar-first-male-dataset-89	unreferenced message	corvax\datasets\names\tajaran_male_names.ftl
names-tajar-first-male-dataset-9	unreferenced message	corvax\datasets\names\tajaran_male_names.ftl
names-tajar-first-male-dataset-90	unreferenced message	corvax\datasets\names\tajaran_male_names.ftl
names-tajar-first-male-dataset-91	unreferenced message	corvax\datasets\names\tajaran_male_names.ftl
names-tajar-first-male-dataset-92	unreferenced message	corvax\datasets\names\tajaran_male_names.ftl
names-tajar-first-male-dataset-93	unreferenced message	corvax\datasets\names\tajaran_male_names.ftl
names-tajar-first-male-dataset-94	unreferenced message	corvax\datasets\names\tajaran_male_names.ftl
names-tajar-first-male-dataset-95	unreferenced message	corvax\datasets\names\tajaran_male_names.ftl
names-tajar-first-male-dataset-96	unreferenced message	corvax\datasets\names\tajaran_male_names.ftl
names-tajar-first-male-dataset-97	unreferenced message	corvax\datasets\names\tajaran_male_names.ftl
names-tajar-first-male-dataset-98	unreferenced message	corvax\datasets\names\tajaran_male_names.ftl
names-tajar-first-male-dataset-99	unreferenced message	corvax\datasets\names\tajaran_male_names.ftl
names-tajar-last-dataset-1	unreferenced message	corvax\datasets\names\tajaran_last_names.ftl
names-tajar-last-dataset-10	unreferenced message	corvax\datasets\names\tajaran_last_names.ftl
names-tajar-last-dataset-100	unreferenced message	corvax\datasets\names\tajaran_last_names.ftl
names-tajar-last-dataset-101	unreferenced message	corvax\datasets\names\tajaran_last_names.ftl
names-tajar-last-dataset-102	unreferenced message	corvax\datasets\names\tajaran_last_names.ftl
names-tajar-last-dataset-103	unreferenced message	corvax\datasets\names\tajaran_last_names.ftl
names-tajar-last-dataset-104	unreferenced message	corvax\datasets\names\tajaran_last_names.ftl
names-tajar-last-dataset-105	unreferenced message	corvax\datasets\names\tajaran_last_names.ftl
names-tajar-last-dataset-106	unreferenced message	corvax\datasets\names\tajaran_last_names.ftl
names-tajar-last-dataset-107	unreferenced message	corvax\datasets\names\tajaran_last_names.ftl
names-tajar-last-dataset-108	unreferenced message	corvax\datasets\names\tajaran_last_names.ftl
names-tajar-last-dataset-109	unreferenced message	corvax\datasets\names\tajaran_last_names.ftl
names-tajar-last-dataset-11	unreferenced message	corvax\datasets\names\tajaran_last_names.ftl
names-tajar-last-dataset-110	unreferenced message	corvax\datasets\names\tajaran_last_names.ftl
names-tajar-last-dataset-111	unreferenced message	corvax\datasets\names\tajaran_last_names.ftl
names-tajar-last-dataset-112	unreferenced message	corvax\datasets\names\tajaran_last_names.ftl
names-tajar-last-dataset-113	unreferenced message	corvax\datasets\names\tajaran_last_names.ftl
names-tajar-last-dataset-114	unreferenced message	corvax\datasets\names\tajaran_last_names.ftl
names-tajar-last-dataset-115	unreferenced message	corvax\datasets\names\tajaran_last_names.ftl
names-tajar-last-dataset-116	unreferenced message	corvax\datasets\names\tajaran_last_names.ftl
names-tajar-last-dataset-117	unreferenced message	corvax\datasets\names\tajaran_last_names.ftl
names-tajar-last-dataset-118	unreferenced message	corvax\datasets\names\tajaran_last_names.ftl
names-tajar-last-dataset-119	unreferenced message	corvax\datasets\names\tajaran_last_names.ftl
names-tajar-last-dataset-12	unreferenced message	corvax\datasets\names\tajaran_last_names.ftl
names-tajar-last-dataset-120	unreferenced message	corvax\datasets\names\tajaran_last_names.ftl
names-tajar-last-dataset-121	unreferenced message	corvax\datasets\names\tajaran_last_names.ftl
names-tajar-last-dataset-122	unreferenced message	corvax\datasets\names\tajaran_last_names.ftl
names-tajar-last-dataset-123	unreferenced message	corvax\datasets\names\tajaran_last_names.ftl
names-tajar-last-dataset-124	unreferenced message	corvax\datasets\names\tajaran_last_names.ftl
names-tajar-last-dataset-125	unreferenced message	corvax\datasets\names\tajaran_last_names.ftl
names-tajar-last-dataset-126	unreferenced message	corvax\datasets\names\tajaran_last_names.ftl
names-tajar-last-dataset-127	unreferenced message	corvax\datasets\names\tajaran_last_names.ftl
names-tajar-last-dataset-128	unreferenced message	corvax\datasets\names\tajaran_last_names.ftl
names-tajar-last-dataset-129	unreferenced message	corvax\datasets\names\tajaran_last_names.ftl
names-tajar-last-dataset-13	unreferenced message	corvax\datasets\names\tajaran_last_names.ftl
names-tajar-last-dataset-130	unreferenced message	corvax\datasets\names\tajaran_last_names.ftl
names-tajar-last-dataset-131	unreferenced message	corvax\datasets\names\tajaran_last_names.ftl
names-tajar-last-dataset-132	unreferenced message	corvax\datasets\names\tajaran_last_names.ftl
names-tajar-last-dataset-133	unreferenced message	corvax\datasets\names\tajaran_last_names.ftl
names-tajar-last-dataset-134	unreferenced message	corvax\datasets\names\tajaran_last_names.ftl
names-tajar-last-dataset-135	unreferenced message	corvax\datasets\names\tajaran_last_names.ftl
names-tajar-last-dataset-136	unreferenced message	corvax\datasets\names\tajaran_last_names.ftl
names-tajar-last-dataset-137	unreferenced message	corvax\datasets\names\tajaran_last_names.ftl
names-tajar-last-dataset-138	unreferenced message	corvax\datasets\names\tajaran_last_names.ftl
names-tajar-last-dataset-139	unreferenced message	corvax\datasets\names\tajaran_last_names.ftl
names-tajar-last-dataset-14	unreferenced message	corvax\datasets\names\tajaran_last_names.ftl
names-tajar-last-dataset-140	unreferenced message	corvax\datasets\names\tajaran_last_names.ftl
names-tajar-last-dataset-141	unreferenced message	corvax\datasets\names\tajaran_last_names.ftl
names-tajar-last-dataset-142	unreferenced message	corvax\datasets\names\tajaran_last_names.ftl
names-tajar-last-dataset-143	unreferenced message	corvax\datasets\names\tajaran_last_names.ftl
names-tajar-last-dataset-144	unreferenced message	corvax\datasets\names\tajaran_last_names.ftl
names-tajar-last-dataset-145	unreferenced message	corvax\datasets\names\tajaran_last_names.ftl
names-tajar-last-dataset-146	unreferenced message	corvax\datasets\names\tajaran_last_names.ftl
names-tajar-last-dataset-147	unreferenced message	corvax\datasets\names\tajaran_last_names.ftl
names-tajar-last-dataset-148	unreferenced message	corvax\datasets\names\tajaran_last_names.ftl
names-tajar-last-dataset-149	unreferenced message	corvax\datasets\names\tajaran_last_names.ftl
names-tajar-last-dataset-15	unreferenced message	corvax\datasets\names\tajaran_last_names.ftl
names-tajar-last-dataset-150	unreferenced message	corvax\datasets\names\tajaran_last_names.ftl
names-tajar-last-dataset-151	unreferenced message	corvax\datasets\names\tajaran_last_names.ftl
names-tajar-last-dataset-152	unreferenced message	corvax\datasets\names\tajaran_last_names.ftl
names-tajar-last-dataset-153	unreferenced message	corvax\datasets\names\tajaran_last_names.ftl
names-tajar-last-dataset-154	unreferenced message	corvax\datasets\names\tajaran_last_names.ftl
names-tajar-last-dataset-155	unreferenced message	corvax\datasets\names\tajaran_last_names.ftl
names-tajar-last-dataset-156	unreferenced message	corvax\datasets\names\tajaran_last_names.ftl
names-tajar-last-dataset-157	unreferenced message	corvax\datasets\names\tajaran_last_names.ftl
names-tajar-last-dataset-158	unreferenced message	corvax\datasets\names\tajaran_last_names.ftl
names-tajar-last-dataset-159	unreferenced message	corvax\datasets\names\tajaran_last_names.ftl
names-tajar-last-dataset-16	unreferenced message	corvax\datasets\names\tajaran_last_names.ftl
names-tajar-last-dataset-160	unreferenced message	corvax\datasets\names\tajaran_last_names.ftl
names-tajar-last-dataset-161	unreferenced message	corvax\datasets\names\tajaran_last_names.ftl
names-tajar-last-dataset-162	unreferenced message	corvax\datasets\names\tajaran_last_names.ftl
names-tajar-last-dataset-163	unreferenced message	corvax\datasets\names\tajaran_last_names.ftl
names-tajar-last-dataset-164	unreferenced message	corvax\datasets\names\tajaran_last_names.ftl
names-tajar-last-dataset-165	unreferenced message	corvax\datasets\names\tajaran_last_names.ftl
names-tajar-last-dataset-166	unreferenced message	corvax\datasets\names\tajaran_last_names.ftl
names-tajar-last-dataset-167	unreferenced message	corvax\datasets\names\tajaran_last_names.ftl
names-tajar-last-dataset-168	unreferenced message	corvax\datasets\names\tajaran_last_names.ftl
names-tajar-last-dataset-169	unreferenced message	corvax\datasets\names\tajaran_last_names.ftl
names-tajar-last-dataset-17	unreferenced message	corvax\datasets\names\tajaran_last_names.ftl
names-tajar-last-dataset-170	unreferenced message	corvax\datasets\names\tajaran_last_names.ftl
names-tajar-last-dataset-171	unreferenced message	corvax\datasets\names\tajaran_last_names.ftl
names-tajar-last-dataset-172	unreferenced message	corvax\datasets\names\tajaran_last_names.ftl
names-tajar-last-dataset-173	unreferenced message	corvax\datasets\names\tajaran_last_names.ftl
names-tajar-last-dataset-174	unreferenced message	corvax\datasets\names\tajaran_last_names.ftl
names-tajar-last-dataset-175	unreferenced message	corvax\datasets\names\tajaran_last_names.ftl
names-tajar-last-dataset-176	unreferenced message	corvax\datasets\names\tajaran_last_names.ftl
names-tajar-last-dataset-177	unreferenced message	corvax\datasets\names\tajaran_last_names.ftl
names-tajar-last-dataset-178	unreferenced message	corvax\datasets\names\tajaran_last_names.ftl
names-tajar-last-dataset-179	unreferenced message	corvax\datasets\names\tajaran_last_names.ftl
names-tajar-last-dataset-18	unreferenced message	corvax\datasets\names\tajaran_last_names.ftl
names-tajar-last-dataset-180	unreferenced message	corvax\datasets\names\tajaran_last_names.ftl
names-tajar-last-dataset-181	unreferenced message	corvax\datasets\names\tajaran_last_names.ftl
names-tajar-last-dataset-182	unreferenced message	corvax\datasets\names\tajaran_last_names.ftl
names-tajar-last-dataset-183	unreferenced message	corvax\datasets\names\tajaran_last_names.ftl
names-tajar-last-dataset-184	unreferenced message	corvax\datasets\names\tajaran_last_names.ftl
names-tajar-last-dataset-185	unreferenced message	corvax\datasets\names\tajaran_last_names.ftl
names-tajar-last-dataset-186	unreferenced message	corvax\datasets\names\tajaran_last_names.ftl
names-tajar-last-dataset-187	unreferenced message	corvax\datasets\names\tajaran_last_names.ftl
names-tajar-last-dataset-188	unreferenced message	corvax\datasets\names\tajaran_last_names.ftl
names-tajar-last-dataset-189	unreferenced message	corvax\datasets\names\tajaran_last_names.ftl
names-tajar-last-dataset-19	unreferenced message	corvax\datasets\names\tajaran_last_names.ftl
names-tajar-last-dataset-190	unreferenced message	corvax\datasets\names\tajaran_last_names.ftl
names-tajar-last-dataset-191	unreferenced message	corvax\datasets\names\tajaran_last_names.ftl
names-tajar-last-dataset-192	unreferenced message	corvax\datasets\names\tajaran_last_names.ftl
names-tajar-last-dataset-193	unreferenced message	corvax\datasets\names\tajaran_last_names.ftl
names-tajar-last-dataset-194	unreferenced message	corvax\datasets\names\tajaran_last_names.ftl
names-tajar-last-dataset-195	unreferenced message	corvax\datasets\names\tajaran_last_names.ftl
names-tajar-last-dataset-196	unreferenced message	corvax\datasets\names\tajaran_last_names.ftl
names-tajar-last-dataset-197	unreferenced message	corvax\datasets\names\tajaran_last_names.ftl
names-tajar-last-dataset-198	unreferenced message	corvax\datasets\names\tajaran_last_names.ftl
names-tajar-last-dataset-199	unreferenced message	corvax\datasets\names\tajaran_last_names.ftl
names-tajar-last-dataset-2	unreferenced message	corvax\datasets\names\tajaran_last_names.ftl
names-tajar-last-dataset-20	unreferenced message	corvax\datasets\names\tajaran_last_names.ftl
names-tajar-last-dataset-200	unreferenced message	corvax\datasets\names\tajaran_last_names.ftl
names-tajar-last-dataset-201	unreferenced message	corvax\datasets\names\tajaran_last_names.ftl
names-tajar-last-dataset-202	unreferenced message	corvax\datasets\names\tajaran_last_names.ftl
names-tajar-last-dataset-203	unreferenced message	corvax\datasets\names\tajaran_last_names.ftl
names-tajar-last-dataset-204	unreferenced message	corvax\datasets\names\tajaran_last_names.ftl
names-tajar-last-dataset-205	unreferenced message	corvax\datasets\names\tajaran_last_names.ftl
names-tajar-last-dataset-206	unreferenced message	corvax\datasets\names\tajaran_last_names.ftl
names-tajar-last-dataset-207	unreferenced message	corvax\datasets\names\tajaran_last_names.ftl
names-tajar-last-dataset-208	unreferenced message	corvax\datasets\names\tajaran_last_names.ftl
names-tajar-last-dataset-209	unreferenced message	corvax\datasets\names\tajaran_last_names.ftl
names-tajar-last-dataset-21	unreferenced message	corvax\datasets\names\tajaran_last_names.ftl
names-tajar-last-dataset-210	unreferenced message	corvax\datasets\names\tajaran_last_names.ftl
names-tajar-last-dataset-211	unreferenced message	corvax\datasets\names\tajaran_last_names.ftl
names-tajar-last-dataset-212	unreferenced message	corvax\datasets\names\tajaran_last_names.ftl
names-tajar-last-dataset-213	unreferenced message	corvax\datasets\names\tajaran_last_names.ftl
names-tajar-last-dataset-214	unreferenced message	corvax\datasets\names\tajaran_last_names.ftl
names-tajar-last-dataset-215	unreferenced message	corvax\datasets\names\tajaran_last_names.ftl
names-tajar-last-dataset-216	unreferenced message	corvax\datasets\names\tajaran_last_names.ftl
names-tajar-last-dataset-217	unreferenced message	corvax\datasets\names\tajaran_last_names.ftl
names-tajar-last-dataset-218	unreferenced message	corvax\datasets\names\tajaran_last_names.ftl
names-tajar-last-dataset-219	unreferenced message	corvax\datasets\names\tajaran_last_names.ftl
names-tajar-last-dataset-22	unreferenced message	corvax\datasets\names\tajaran_last_names.ftl
names-tajar-last-dataset-220	unreferenced message	corvax\datasets\names\tajaran_last_names.ftl
names-tajar-last-dataset-221	unreferenced message	corvax\datasets\names\tajaran_last_names.ftl
names-tajar-last-dataset-222	unreferenced message	corvax\datasets\names\tajaran_last_names.ftl
names-tajar-last-dataset-223	unreferenced message	corvax\datasets\names\tajaran_last_names.ftl
names-tajar-last-dataset-224	unreferenced message	corvax\datasets\names\tajaran_last_names.ftl
names-tajar-last-dataset-225	unreferenced message	corvax\datasets\names\tajaran_last_names.ftl
names-tajar-last-dataset-226	unreferenced message	corvax\datasets\names\tajaran_last_names.ftl
names-tajar-last-dataset-227	unreferenced message	corvax\datasets\names\tajaran_last_names.ftl
names-tajar-last-dataset-228	unreferenced message	corvax\datasets\names\tajaran_last_names.ftl
names-tajar-last-dataset-229	unreferenced message	corvax\datasets\names\tajaran_last_names.ftl
names-tajar-last-dataset-23	unreferenced message	corvax\datasets\names\tajaran_last_names.ftl
names-tajar-last-dataset-230	unreferenced message	corvax\datasets\names\tajaran_last_names.ftl
names-tajar-last-dataset-231	unreferenced message	corvax\datasets\names\tajaran_last_names.ftl
names-tajar-last-dataset-232	unreferenced message	corvax\datasets\names\tajaran_last_names.ftl
names-tajar-last-dataset-233	unreferenced message	corvax\datasets\names\tajaran_last_names.ftl
names-tajar-last-dataset-234	unreferenced message	corvax\datasets\names\tajaran_last_names.ftl
names-tajar-last-dataset-235	unreferenced message	corvax\datasets\names\tajaran_last_names.ftl
names-tajar-last-dataset-236	unreferenced message	corvax\datasets\names\tajaran_last_names.ftl
names-tajar-last-dataset-237	unreferenced message	corvax\datasets\names\tajaran_last_names.ftl
names-tajar-last-dataset-238	unreferenced message	corvax\datasets\names\tajaran_last_names.ftl
names-tajar-last-dataset-239	unreferenced message	corvax\datasets\names\tajaran_last_names.ftl
names-tajar-last-dataset-24	unreferenced message	corvax\datasets\names\tajaran_last_names.ftl
names-tajar-last-dataset-240	unreferenced message	corvax\datasets\names\tajaran_last_names.ftl
names-tajar-last-dataset-241	unreferenced message	corvax\datasets\names\tajaran_last_names.ftl
names-tajar-last-dataset-242	unreferenced message	corvax\datasets\names\tajaran_last_names.ftl
names-tajar-last-dataset-243	unreferenced message	corvax\datasets\names\tajaran_last_names.ftl
names-tajar-last-dataset-244	unreferenced message	corvax\datasets\names\tajaran_last_names.ftl
names-tajar-last-dataset-245	unreferenced message	corvax\datasets\names\tajaran_last_names.ftl
names-tajar-last-dataset-246	unreferenced message	corvax\datasets\names\tajaran_last_names.ftl
names-tajar-last-dataset-247	unreferenced message	corvax\datasets\names\tajaran_last_names.ftl
names-tajar-last-dataset-248	unreferenced message	corvax\datasets\names\tajaran_last_names.ftl
names-tajar-last-dataset-249	unreferenced message	corvax\datasets\names\tajaran_last_names.ftl
names-tajar-last-dataset-25	unreferenced message	corvax\datasets\names\tajaran_last_names.ftl
names-tajar-last-dataset-250	unreferenced message	corvax\datasets\names\tajaran_last_names.ftl
names-tajar-last-dataset-251	unreferenced message	corvax\datasets\names\tajaran_last_names.ftl
names-tajar-last-dataset-252	unreferenced message	corvax\datasets\names\tajaran_last_names.ftl
names-tajar-last-dataset-253	unreferenced message	corvax\datasets\names\tajaran_last_names.ftl
names-tajar-last-dataset-254	unreferenced message	corvax\datasets\names\tajaran_last_names.ftl
names-tajar-last-dataset-255	unreferenced message	corvax\datasets\names\tajaran_last_names.ftl
names-tajar-last-dataset-256	unreferenced message	corvax\datasets\names\tajaran_last_names.ftl
names-tajar-last-dataset-257	unreferenced message	corvax\datasets\names\tajaran_last_names.ftl
names-tajar-last-dataset-258	unreferenced message	corvax\datasets\names\tajaran_last_names.ftl
names-tajar-last-dataset-259	unreferenced message	corvax\datasets\names\tajaran_last_names.ftl
names-tajar-last-dataset-26	unreferenced message	corvax\datasets\names\tajaran_last_names.ftl
names-tajar-last-dataset-260	unreferenced message	corvax\datasets\names\tajaran_last_names.ftl
names-tajar-last-dataset-261	unreferenced message	corvax\datasets\names\tajaran_last_names.ftl
names-tajar-last-dataset-262	unreferenced message	corvax\datasets\names\tajaran_last_names.ftl
names-tajar-last-dataset-263	unreferenced message	corvax\datasets\names\tajaran_last_names.ftl
names-tajar-last-dataset-264	unreferenced message	corvax\datasets\names\tajaran_last_names.ftl
names-tajar-last-dataset-265	unreferenced message	corvax\datasets\names\tajaran_last_names.ftl
names-tajar-last-dataset-266	unreferenced message	corvax\datasets\names\tajaran_last_names.ftl
names-tajar-last-dataset-267	unreferenced message	corvax\datasets\names\tajaran_last_names.ftl
names-tajar-last-dataset-268	unreferenced message	corvax\datasets\names\tajaran_last_names.ftl
names-tajar-last-dataset-269	unreferenced message	corvax\datasets\names\tajaran_last_names.ftl
names-tajar-last-dataset-27	unreferenced message	corvax\datasets\names\tajaran_last_names.ftl
names-tajar-last-dataset-270	unreferenced message	corvax\datasets\names\tajaran_last_names.ftl
names-tajar-last-dataset-271	unreferenced message	corvax\datasets\names\tajaran_last_names.ftl
names-tajar-last-dataset-272	unreferenced message	corvax\datasets\names\tajaran_last_names.ftl
names-tajar-last-dataset-273	unreferenced message	corvax\datasets\names\tajaran_last_names.ftl
names-tajar-last-dataset-274	unreferenced message	corvax\datasets\names\tajaran_last_names.ftl
names-tajar-last-dataset-275	unreferenced message	corvax\datasets\names\tajaran_last_names.ftl
names-tajar-last-dataset-276	unreferenced message	corvax\datasets\names\tajaran_last_names.ftl
names-tajar-last-dataset-277	unreferenced message	corvax\datasets\names\tajaran_last_names.ftl
names-tajar-last-dataset-278	unreferenced message	corvax\datasets\names\tajaran_last_names.ftl
names-tajar-last-dataset-279	unreferenced message	corvax\datasets\names\tajaran_last_names.ftl
names-tajar-last-dataset-28	unreferenced message	corvax\datasets\names\tajaran_last_names.ftl
names-tajar-last-dataset-280	unreferenced message	corvax\datasets\names\tajaran_last_names.ftl
names-tajar-last-dataset-281	unreferenced message	corvax\datasets\names\tajaran_last_names.ftl
names-tajar-last-dataset-282	unreferenced message	corvax\datasets\names\tajaran_last_names.ftl
names-tajar-last-dataset-283	unreferenced message	corvax\datasets\names\tajaran_last_names.ftl
names-tajar-last-dataset-284	unreferenced message	corvax\datasets\names\tajaran_last_names.ftl
names-tajar-last-dataset-285	unreferenced message	corvax\datasets\names\tajaran_last_names.ftl
names-tajar-last-dataset-286	unreferenced message	corvax\datasets\names\tajaran_last_names.ftl
names-tajar-last-dataset-287	unreferenced message	corvax\datasets\names\tajaran_last_names.ftl
names-tajar-last-dataset-288	unreferenced message	corvax\datasets\names\tajaran_last_names.ftl
names-tajar-last-dataset-289	unreferenced message	corvax\datasets\names\tajaran_last_names.ftl
names-tajar-last-dataset-29	unreferenced message	corvax\datasets\names\tajaran_last_names.ftl
names-tajar-last-dataset-290	unreferenced message	corvax\datasets\names\tajaran_last_names.ftl
names-tajar-last-dataset-291	unreferenced message	corvax\datasets\names\tajaran_last_names.ftl
names-tajar-last-dataset-292	unreferenced message	corvax\datasets\names\tajaran_last_names.ftl
names-tajar-last-dataset-293	unreferenced message	corvax\datasets\names\tajaran_last_names.ftl
names-tajar-last-dataset-294	unreferenced message	corvax\datasets\names\tajaran_last_names.ftl
names-tajar-last-dataset-295	unreferenced message	corvax\datasets\names\tajaran_last_names.ftl
names-tajar-last-dataset-296	unreferenced message	corvax\datasets\names\tajaran_last_names.ftl
names-tajar-last-dataset-297	unreferenced message	corvax\datasets\names\tajaran_last_names.ftl
names-tajar-last-dataset-298	unreferenced message	corvax\datasets\names\tajaran_last_names.ftl
names-tajar-last-dataset-299	unreferenced message	corvax\datasets\names\tajaran_last_names.ftl
names-tajar-last-dataset-3	unreferenced message	corvax\datasets\names\tajaran_last_names.ftl
names-tajar-last-dataset-30	unreferenced message	corvax\datasets\names\tajaran_last_names.ftl
names-tajar-last-dataset-300	unreferenced message	corvax\datasets\names\tajaran_last_names.ftl
names-tajar-last-dataset-301	unreferenced message	corvax\datasets\names\tajaran_last_names.ftl
names-tajar-last-dataset-302	unreferenced message	corvax\datasets\names\tajaran_last_names.ftl
names-tajar-last-dataset-303	unreferenced message	corvax\datasets\names\tajaran_last_names.ftl
names-tajar-last-dataset-304	unreferenced message	corvax\datasets\names\tajaran_last_names.ftl
names-tajar-last-dataset-305	unreferenced message	corvax\datasets\names\tajaran_last_names.ftl
names-tajar-last-dataset-306	unreferenced message	corvax\datasets\names\tajaran_last_names.ftl
names-tajar-last-dataset-307	unreferenced message	corvax\datasets\names\tajaran_last_names.ftl
names-tajar-last-dataset-308	unreferenced message	corvax\datasets\names\tajaran_last_names.ftl
names-tajar-last-dataset-309	unreferenced message	corvax\datasets\names\tajaran_last_names.ftl
names-tajar-last-dataset-31	unreferenced message	corvax\datasets\names\tajaran_last_names.ftl
names-tajar-last-dataset-310	unreferenced message	corvax\datasets\names\tajaran_last_names.ftl
names-tajar-last-dataset-311	unreferenced message	corvax\datasets\names\tajaran_last_names.ftl
names-tajar-last-dataset-312	unreferenced message	corvax\datasets\names\tajaran_last_names.ftl
names-tajar-last-dataset-313	unreferenced message	corvax\datasets\names\tajaran_last_names.ftl
names-tajar-last-dataset-314	unreferenced message	corvax\datasets\names\tajaran_last_names.ftl
names-tajar-last-dataset-315	unreferenced message	corvax\datasets\names\tajaran_last_names.ftl
names-tajar-last-dataset-316	unreferenced message	corvax\datasets\names\tajaran_last_names.ftl
names-tajar-last-dataset-317	unreferenced message	corvax\datasets\names\tajaran_last_names.ftl
names-tajar-last-dataset-318	unreferenced message	corvax\datasets\names\tajaran_last_names.ftl
names-tajar-last-dataset-319	unreferenced message	corvax\datasets\names\tajaran_last_names.ftl
names-tajar-last-dataset-32	unreferenced message	corvax\datasets\names\tajaran_last_names.ftl
names-tajar-last-dataset-320	unreferenced message	corvax\datasets\names\tajaran_last_names.ftl
names-tajar-last-dataset-321	unreferenced message	corvax\datasets\names\tajaran_last_names.ftl
names-tajar-last-dataset-322	unreferenced message	corvax\datasets\names\tajaran_last_names.ftl
names-tajar-last-dataset-323	unreferenced message	corvax\datasets\names\tajaran_last_names.ftl
names-tajar-last-dataset-324	unreferenced message	corvax\datasets\names\tajaran_last_names.ftl
names-tajar-last-dataset-325	unreferenced message	corvax\datasets\names\tajaran_last_names.ftl
names-tajar-last-dataset-326	unreferenced message	corvax\datasets\names\tajaran_last_names.ftl
names-tajar-last-dataset-327	unreferenced message	corvax\datasets\names\tajaran_last_names.ftl
names-tajar-last-dataset-328	unreferenced message	corvax\datasets\names\tajaran_last_names.ftl
names-tajar-last-dataset-329	unreferenced message	corvax\datasets\names\tajaran_last_names.ftl
names-tajar-last-dataset-33	unreferenced message	corvax\datasets\names\tajaran_last_names.ftl
names-tajar-last-dataset-330	unreferenced message	corvax\datasets\names\tajaran_last_names.ftl
names-tajar-last-dataset-331	unreferenced message	corvax\datasets\names\tajaran_last_names.ftl
names-tajar-last-dataset-332	unreferenced message	corvax\datasets\names\tajaran_last_names.ftl
names-tajar-last-dataset-333	unreferenced message	corvax\datasets\names\tajaran_last_names.ftl
names-tajar-last-dataset-334	unreferenced message	corvax\datasets\names\tajaran_last_names.ftl
names-tajar-last-dataset-335	unreferenced message	corvax\datasets\names\tajaran_last_names.ftl
names-tajar-last-dataset-336	unreferenced message	corvax\datasets\names\tajaran_last_names.ftl
names-tajar-last-dataset-337	unreferenced message	corvax\datasets\names\tajaran_last_names.ftl
names-tajar-last-dataset-338	unreferenced message	corvax\datasets\names\tajaran_last_names.ftl
names-tajar-last-dataset-339	unreferenced message	corvax\datasets\names\tajaran_last_names.ftl
names-tajar-last-dataset-34	unreferenced message	corvax\datasets\names\tajaran_last_names.ftl
names-tajar-last-dataset-340	unreferenced message	corvax\datasets\names\tajaran_last_names.ftl
names-tajar-last-dataset-341	unreferenced message	corvax\datasets\names\tajaran_last_names.ftl
names-tajar-last-dataset-342	unreferenced message	corvax\datasets\names\tajaran_last_names.ftl
names-tajar-last-dataset-343	unreferenced message	corvax\datasets\names\tajaran_last_names.ftl
names-tajar-last-dataset-344	unreferenced message	corvax\datasets\names\tajaran_last_names.ftl
names-tajar-last-dataset-345	unreferenced message	corvax\datasets\names\tajaran_last_names.ftl
names-tajar-last-dataset-35	unreferenced message	corvax\datasets\names\tajaran_last_names.ftl
names-tajar-last-dataset-36	unreferenced message	corvax\datasets\names\tajaran_last_names.ftl
names-tajar-last-dataset-37	unreferenced message	corvax\datasets\names\tajaran_last_names.ftl
names-tajar-last-dataset-38	unreferenced message	corvax\datasets\names\tajaran_last_names.ftl
names-tajar-last-dataset-39	unreferenced message	corvax\datasets\names\tajaran_last_names.ftl
names-tajar-last-dataset-4	unreferenced message	corvax\datasets\names\tajaran_last_names.ftl
names-tajar-last-dataset-40	unreferenced message	corvax\datasets\names\tajaran_last_names.ftl
names-tajar-last-dataset-41	unreferenced message	corvax\datasets\names\tajaran_last_names.ftl
names-tajar-last-dataset-42	unreferenced message	corvax\datasets\names\tajaran_last_names.ftl
names-tajar-last-dataset-43	unreferenced message	corvax\datasets\names\tajaran_last_names.ftl
names-tajar-last-dataset-44	unreferenced message	corvax\datasets\names\tajaran_last_names.ftl
names-tajar-last-dataset-45	unreferenced message	corvax\datasets\names\tajaran_last_names.ftl
names-tajar-last-dataset-46	unreferenced message	corvax\datasets\names\tajaran_last_names.ftl
names-tajar-last-dataset-47	unreferenced message	corvax\datasets\names\tajaran_last_names.ftl
names-tajar-last-dataset-48	unreferenced message	corvax\datasets\names\tajaran_last_names.ftl
names-tajar-last-dataset-49	unreferenced message	corvax\datasets\names\tajaran_last_names.ftl
names-tajar-last-dataset-5	unreferenced message	corvax\datasets\names\tajaran_last_names.ftl
names-tajar-last-dataset-50	unreferenced message	corvax\datasets\names\tajaran_last_names.ftl
names-tajar-last-dataset-51	unreferenced message	corvax\datasets\names\tajaran_last_names.ftl
names-tajar-last-dataset-52	unreferenced message	corvax\datasets\names\tajaran_last_names.ftl
names-tajar-last-dataset-53	unreferenced message	corvax\datasets\names\tajaran_last_names.ftl
names-tajar-last-dataset-54	unreferenced message	corvax\datasets\names\tajaran_last_names.ftl
names-tajar-last-dataset-55	unreferenced message	corvax\datasets\names\tajaran_last_names.ftl
names-tajar-last-dataset-56	unreferenced message	corvax\datasets\names\tajaran_last_names.ftl
names-tajar-last-dataset-57	unreferenced message	corvax\datasets\names\tajaran_last_names.ftl
names-tajar-last-dataset-58	unreferenced message	corvax\datasets\names\tajaran_last_names.ftl
names-tajar-last-dataset-59	unreferenced message	corvax\datasets\names\tajaran_last_names.ftl
names-tajar-last-dataset-6	unreferenced message	corvax\datasets\names\tajaran_last_names.ftl
names-tajar-last-dataset-60	unreferenced message	corvax\datasets\names\tajaran_last_names.ftl
names-tajar-last-dataset-61	unreferenced message	corvax\datasets\names\tajaran_last_names.ftl
names-tajar-last-dataset-62	unreferenced message	corvax\datasets\names\tajaran_last_names.ftl
names-tajar-last-dataset-63	unreferenced message	corvax\datasets\names\tajaran_last_names.ftl
names-tajar-last-dataset-64	unreferenced message	corvax\datasets\names\tajaran_last_names.ftl
names-tajar-last-dataset-65	unreferenced message	corvax\datasets\names\tajaran_last_names.ftl
names-tajar-last-dataset-66	unreferenced message	corvax\datasets\names\tajaran_last_names.ftl
names-tajar-last-dataset-67	unreferenced message	corvax\datasets\names\tajaran_last_names.ftl
names-tajar-last-dataset-68	unreferenced message	corvax\datasets\names\tajaran_last_names.ftl
names-tajar-last-dataset-69	unreferenced message	corvax\datasets\names\tajaran_last_names.ftl
names-tajar-last-dataset-7	unreferenced message	corvax\datasets\names\tajaran_last_names.ftl
names-tajar-last-dataset-70	unreferenced message	corvax\datasets\names\tajaran_last_names.ftl
names-tajar-last-dataset-71	unreferenced message	corvax\datasets\names\tajaran_last_names.ftl
names-tajar-last-dataset-72	unreferenced message	corvax\datasets\names\tajaran_last_names.ftl
names-tajar-last-dataset-73	unreferenced message	corvax\datasets\names\tajaran_last_names.ftl
names-tajar-last-dataset-74	unreferenced message	corvax\datasets\names\tajaran_last_names.ftl
names-tajar-last-dataset-75	unreferenced message	corvax\datasets\names\tajaran_last_names.ftl
names-tajar-last-dataset-76	unreferenced message	corvax\datasets\names\tajaran_last_names.ftl
names-tajar-last-dataset-77	unreferenced message	corvax\datasets\names\tajaran_last_names.ftl
names-tajar-last-dataset-78	unreferenced message	corvax\datasets\names\tajaran_last_names.ftl
names-tajar-last-dataset-79	unreferenced message	corvax\datasets\names\tajaran_last_names.ftl
names-tajar-last-dataset-8	unreferenced message	corvax\datasets\names\tajaran_last_names.ftl
names-tajar-last-dataset-80	unreferenced message	corvax\datasets\names\tajaran_last_names.ftl
names-tajar-last-dataset-81	unreferenced message	corvax\datasets\names\tajaran_last_names.ftl
names-tajar-last-dataset-82	unreferenced message	corvax\datasets\names\tajaran_last_names.ftl
names-tajar-last-dataset-83	unreferenced message	corvax\datasets\names\tajaran_last_names.ftl
names-tajar-last-dataset-84	unreferenced message	corvax\datasets\names\tajaran_last_names.ftl
names-tajar-last-dataset-85	unreferenced message	corvax\datasets\names\tajaran_last_names.ftl
names-tajar-last-dataset-86	unreferenced message	corvax\datasets\names\tajaran_last_names.ftl
names-tajar-last-dataset-87	unreferenced message	corvax\datasets\names\tajaran_last_names.ftl
names-tajar-last-dataset-88	unreferenced message	corvax\datasets\names\tajaran_last_names.ftl
names-tajar-last-dataset-89	unreferenced message	corvax\datasets\names\tajaran_last_names.ftl
names-tajar-last-dataset-9	unreferenced message	corvax\datasets\names\tajaran_last_names.ftl
names-tajar-last-dataset-90	unreferenced message	corvax\datasets\names\tajaran_last_names.ftl
names-tajar-last-dataset-91	unreferenced message	corvax\datasets\names\tajaran_last_names.ftl
names-tajar-last-dataset-92	unreferenced message	corvax\datasets\names\tajaran_last_names.ftl
names-tajar-last-dataset-93	unreferenced message	corvax\datasets\names\tajaran_last_names.ftl
names-tajar-last-dataset-94	unreferenced message	corvax\datasets\names\tajaran_last_names.ftl
names-tajar-last-dataset-95	unreferenced message	corvax\datasets\names\tajaran_last_names.ftl
names-tajar-last-dataset-96	unreferenced message	corvax\datasets\names\tajaran_last_names.ftl
names-tajar-last-dataset-97	unreferenced message	corvax\datasets\names\tajaran_last_names.ftl
names-tajar-last-dataset-98	unreferenced message	corvax\datasets\names\tajaran_last_names.ftl
names-tajar-last-dataset-99	unreferenced message	corvax\datasets\names\tajaran_last_names.ftl
names-vox-dataset-2762	unreferenced message	datasets\names\vox.ftl
names-vulp-first-female-dataset-1	unreferenced message	corvax\datasets\names\vulp_first_female.ftl
names-vulp-first-female-dataset-10	unreferenced message	corvax\datasets\names\vulp_first_female.ftl
names-vulp-first-female-dataset-100	unreferenced message	corvax\datasets\names\vulp_first_female.ftl
names-vulp-first-female-dataset-101	unreferenced message	corvax\datasets\names\vulp_first_female.ftl
names-vulp-first-female-dataset-102	unreferenced message	corvax\datasets\names\vulp_first_female.ftl
names-vulp-first-female-dataset-103	unreferenced message	corvax\datasets\names\vulp_first_female.ftl
names-vulp-first-female-dataset-104	unreferenced message	corvax\datasets\names\vulp_first_female.ftl
names-vulp-first-female-dataset-105	unreferenced message	corvax\datasets\names\vulp_first_female.ftl
names-vulp-first-female-dataset-106	unreferenced message	corvax\datasets\names\vulp_first_female.ftl
names-vulp-first-female-dataset-107	unreferenced message	corvax\datasets\names\vulp_first_female.ftl
names-vulp-first-female-dataset-108	unreferenced message	corvax\datasets\names\vulp_first_female.ftl
names-vulp-first-female-dataset-109	unreferenced message	corvax\datasets\names\vulp_first_female.ftl
names-vulp-first-female-dataset-11	unreferenced message	corvax\datasets\names\vulp_first_female.ftl
names-vulp-first-female-dataset-110	unreferenced message	corvax\datasets\names\vulp_first_female.ftl
names-vulp-first-female-dataset-111	unreferenced message	corvax\datasets\names\vulp_first_female.ftl
names-vulp-first-female-dataset-112	unreferenced message	corvax\datasets\names\vulp_first_female.ftl
names-vulp-first-female-dataset-113	unreferenced message	corvax\datasets\names\vulp_first_female.ftl
names-vulp-first-female-dataset-114	unreferenced message	corvax\datasets\names\vulp_first_female.ftl
names-vulp-first-female-dataset-115	unreferenced message	corvax\datasets\names\vulp_first_female.ftl
names-vulp-first-female-dataset-116	unreferenced message	corvax\datasets\names\vulp_first_female.ftl
names-vulp-first-female-dataset-117	unreferenced message	corvax\datasets\names\vulp_first_female.ftl
names-vulp-first-female-dataset-118	unreferenced message	corvax\datasets\names\vulp_first_female.ftl
names-vulp-first-female-dataset-119	unreferenced message	corvax\datasets\names\vulp_first_female.ftl
names-vulp-first-female-dataset-12	unreferenced message	corvax\datasets\names\vulp_first_female.ftl
names-vulp-first-female-dataset-120	unreferenced message	corvax\datasets\names\vulp_first_female.ftl
names-vulp-first-female-dataset-121	unreferenced message	corvax\datasets\names\vulp_first_female.ftl
names-vulp-first-female-dataset-122	unreferenced message	corvax\datasets\names\vulp_first_female.ftl
names-vulp-first-female-dataset-123	unreferenced message	corvax\datasets\names\vulp_first_female.ftl
names-vulp-first-female-dataset-124	unreferenced message	corvax\datasets\names\vulp_first_female.ftl
names-vulp-first-female-dataset-125	unreferenced message	corvax\datasets\names\vulp_first_female.ftl
names-vulp-first-female-dataset-126	unreferenced message	corvax\datasets\names\vulp_first_female.ftl
names-vulp-first-female-dataset-127	unreferenced message	corvax\datasets\names\vulp_first_female.ftl
names-vulp-first-female-dataset-128	unreferenced message	corvax\datasets\names\vulp_first_female.ftl
names-vulp-first-female-dataset-129	unreferenced message	corvax\datasets\names\vulp_first_female.ftl
names-vulp-first-female-dataset-13	unreferenced message	corvax\datasets\names\vulp_first_female.ftl
names-vulp-first-female-dataset-130	unreferenced message	corvax\datasets\names\vulp_first_female.ftl
names-vulp-first-female-dataset-131	unreferenced message	corvax\datasets\names\vulp_first_female.ftl
names-vulp-first-female-dataset-132	unreferenced message	corvax\datasets\names\vulp_first_female.ftl
names-vulp-first-female-dataset-133	unreferenced message	corvax\datasets\names\vulp_first_female.ftl
names-vulp-first-female-dataset-134	unreferenced message	corvax\datasets\names\vulp_first_female.ftl
names-vulp-first-female-dataset-135	unreferenced message	corvax\datasets\names\vulp_first_female.ftl
names-vulp-first-female-dataset-136	unreferenced message	corvax\datasets\names\vulp_first_female.ftl
names-vulp-first-female-dataset-137	unreferenced message	corvax\datasets\names\vulp_first_female.ftl
names-vulp-first-female-dataset-138	unreferenced message	corvax\datasets\names\vulp_first_female.ftl
names-vulp-first-female-dataset-139	unreferenced message	corvax\datasets\names\vulp_first_female.ftl
names-vulp-first-female-dataset-14	unreferenced message	corvax\datasets\names\vulp_first_female.ftl
names-vulp-first-female-dataset-140	unreferenced message	corvax\datasets\names\vulp_first_female.ftl
names-vulp-first-female-dataset-141	unreferenced message	corvax\datasets\names\vulp_first_female.ftl
names-vulp-first-female-dataset-142	unreferenced message	corvax\datasets\names\vulp_first_female.ftl
names-vulp-first-female-dataset-143	unreferenced message	corvax\datasets\names\vulp_first_female.ftl
names-vulp-first-female-dataset-144	unreferenced message	corvax\datasets\names\vulp_first_female.ftl
names-vulp-first-female-dataset-145	unreferenced message	corvax\datasets\names\vulp_first_female.ftl
names-vulp-first-female-dataset-146	unreferenced message	corvax\datasets\names\vulp_first_female.ftl
names-vulp-first-female-dataset-147	unreferenced message	corvax\datasets\names\vulp_first_female.ftl
names-vulp-first-female-dataset-148	unreferenced message	corvax\datasets\names\vulp_first_female.ftl
names-vulp-first-female-dataset-149	unreferenced message	corvax\datasets\names\vulp_first_female.ftl
names-vulp-first-female-dataset-15	unreferenced message	corvax\datasets\names\vulp_first_female.ftl
names-vulp-first-female-dataset-150	unreferenced message	corvax\datasets\names\vulp_first_female.ftl
names-vulp-first-female-dataset-151	unreferenced message	corvax\datasets\names\vulp_first_female.ftl
names-vulp-first-female-dataset-152	unreferenced message	corvax\datasets\names\vulp_first_female.ftl
names-vulp-first-female-dataset-153	unreferenced message	corvax\datasets\names\vulp_first_female.ftl
names-vulp-first-female-dataset-154	unreferenced message	corvax\datasets\names\vulp_first_female.ftl
names-vulp-first-female-dataset-155	unreferenced message	corvax\datasets\names\vulp_first_female.ftl
names-vulp-first-female-dataset-156	unreferenced message	corvax\datasets\names\vulp_first_female.ftl
names-vulp-first-female-dataset-157	unreferenced message	corvax\datasets\names\vulp_first_female.ftl
names-vulp-first-female-dataset-158	unreferenced message	corvax\datasets\names\vulp_first_female.ftl
names-vulp-first-female-dataset-159	unreferenced message	corvax\datasets\names\vulp_first_female.ftl
names-vulp-first-female-dataset-16	unreferenced message	corvax\datasets\names\vulp_first_female.ftl
names-vulp-first-female-dataset-160	unreferenced message	corvax\datasets\names\vulp_first_female.ftl
names-vulp-first-female-dataset-161	unreferenced message	corvax\datasets\names\vulp_first_female.ftl
names-vulp-first-female-dataset-162	unreferenced message	corvax\datasets\names\vulp_first_female.ftl
names-vulp-first-female-dataset-163	unreferenced message	corvax\datasets\names\vulp_first_female.ftl
names-vulp-first-female-dataset-164	unreferenced message	corvax\datasets\names\vulp_first_female.ftl
names-vulp-first-female-dataset-165	unreferenced message	corvax\datasets\names\vulp_first_female.ftl
names-vulp-first-female-dataset-166	unreferenced message	corvax\datasets\names\vulp_first_female.ftl
names-vulp-first-female-dataset-167	unreferenced message	corvax\datasets\names\vulp_first_female.ftl
names-vulp-first-female-dataset-168	unreferenced message	corvax\datasets\names\vulp_first_female.ftl
names-vulp-first-female-dataset-169	unreferenced message	corvax\datasets\names\vulp_first_female.ftl
names-vulp-first-female-dataset-17	unreferenced message	corvax\datasets\names\vulp_first_female.ftl
names-vulp-first-female-dataset-170	unreferenced message	corvax\datasets\names\vulp_first_female.ftl
names-vulp-first-female-dataset-171	unreferenced message	corvax\datasets\names\vulp_first_female.ftl
names-vulp-first-female-dataset-172	unreferenced message	corvax\datasets\names\vulp_first_female.ftl
names-vulp-first-female-dataset-173	unreferenced message	corvax\datasets\names\vulp_first_female.ftl
names-vulp-first-female-dataset-174	unreferenced message	corvax\datasets\names\vulp_first_female.ftl
names-vulp-first-female-dataset-175	unreferenced message	corvax\datasets\names\vulp_first_female.ftl
names-vulp-first-female-dataset-176	unreferenced message	corvax\datasets\names\vulp_first_female.ftl
names-vulp-first-female-dataset-177	unreferenced message	corvax\datasets\names\vulp_first_female.ftl
names-vulp-first-female-dataset-178	unreferenced message	corvax\datasets\names\vulp_first_female.ftl
names-vulp-first-female-dataset-179	unreferenced message	corvax\datasets\names\vulp_first_female.ftl
names-vulp-first-female-dataset-18	unreferenced message	corvax\datasets\names\vulp_first_female.ftl
names-vulp-first-female-dataset-180	unreferenced message	corvax\datasets\names\vulp_first_female.ftl
names-vulp-first-female-dataset-181	unreferenced message	corvax\datasets\names\vulp_first_female.ftl
names-vulp-first-female-dataset-182	unreferenced message	corvax\datasets\names\vulp_first_female.ftl
names-vulp-first-female-dataset-183	unreferenced message	corvax\datasets\names\vulp_first_female.ftl
names-vulp-first-female-dataset-184	unreferenced message	corvax\datasets\names\vulp_first_female.ftl
names-vulp-first-female-dataset-185	unreferenced message	corvax\datasets\names\vulp_first_female.ftl
names-vulp-first-female-dataset-186	unreferenced message	corvax\datasets\names\vulp_first_female.ftl
names-vulp-first-female-dataset-187	unreferenced message	corvax\datasets\names\vulp_first_female.ftl
names-vulp-first-female-dataset-188	unreferenced message	corvax\datasets\names\vulp_first_female.ftl
names-vulp-first-female-dataset-189	unreferenced message	corvax\datasets\names\vulp_first_female.ftl
names-vulp-first-female-dataset-19	unreferenced message	corvax\datasets\names\vulp_first_female.ftl
names-vulp-first-female-dataset-190	unreferenced message	corvax\datasets\names\vulp_first_female.ftl
names-vulp-first-female-dataset-191	unreferenced message	corvax\datasets\names\vulp_first_female.ftl
names-vulp-first-female-dataset-192	unreferenced message	corvax\datasets\names\vulp_first_female.ftl
names-vulp-first-female-dataset-193	unreferenced message	corvax\datasets\names\vulp_first_female.ftl
names-vulp-first-female-dataset-194	unreferenced message	corvax\datasets\names\vulp_first_female.ftl
names-vulp-first-female-dataset-195	unreferenced message	corvax\datasets\names\vulp_first_female.ftl
names-vulp-first-female-dataset-196	unreferenced message	corvax\datasets\names\vulp_first_female.ftl
names-vulp-first-female-dataset-197	unreferenced message	corvax\datasets\names\vulp_first_female.ftl
names-vulp-first-female-dataset-198	unreferenced message	corvax\datasets\names\vulp_first_female.ftl
names-vulp-first-female-dataset-199	unreferenced message	corvax\datasets\names\vulp_first_female.ftl
names-vulp-first-female-dataset-2	unreferenced message	corvax\datasets\names\vulp_first_female.ftl
names-vulp-first-female-dataset-20	unreferenced message	corvax\datasets\names\vulp_first_female.ftl
names-vulp-first-female-dataset-200	unreferenced message	corvax\datasets\names\vulp_first_female.ftl
names-vulp-first-female-dataset-201	unreferenced message	corvax\datasets\names\vulp_first_female.ftl
names-vulp-first-female-dataset-202	unreferenced message	corvax\datasets\names\vulp_first_female.ftl
names-vulp-first-female-dataset-203	unreferenced message	corvax\datasets\names\vulp_first_female.ftl
names-vulp-first-female-dataset-204	unreferenced message	corvax\datasets\names\vulp_first_female.ftl
names-vulp-first-female-dataset-205	unreferenced message	corvax\datasets\names\vulp_first_female.ftl
names-vulp-first-female-dataset-206	unreferenced message	corvax\datasets\names\vulp_first_female.ftl
names-vulp-first-female-dataset-207	unreferenced message	corvax\datasets\names\vulp_first_female.ftl
names-vulp-first-female-dataset-208	unreferenced message	corvax\datasets\names\vulp_first_female.ftl
names-vulp-first-female-dataset-209	unreferenced message	corvax\datasets\names\vulp_first_female.ftl
names-vulp-first-female-dataset-21	unreferenced message	corvax\datasets\names\vulp_first_female.ftl
names-vulp-first-female-dataset-210	unreferenced message	corvax\datasets\names\vulp_first_female.ftl
names-vulp-first-female-dataset-211	unreferenced message	corvax\datasets\names\vulp_first_female.ftl
names-vulp-first-female-dataset-212	unreferenced message	corvax\datasets\names\vulp_first_female.ftl
names-vulp-first-female-dataset-213	unreferenced message	corvax\datasets\names\vulp_first_female.ftl
names-vulp-first-female-dataset-214	unreferenced message	corvax\datasets\names\vulp_first_female.ftl
names-vulp-first-female-dataset-215	unreferenced message	corvax\datasets\names\vulp_first_female.ftl
names-vulp-first-female-dataset-216	unreferenced message	corvax\datasets\names\vulp_first_female.ftl
names-vulp-first-female-dataset-217	unreferenced message	corvax\datasets\names\vulp_first_female.ftl
names-vulp-first-female-dataset-218	unreferenced message	corvax\datasets\names\vulp_first_female.ftl
names-vulp-first-female-dataset-219	unreferenced message	corvax\datasets\names\vulp_first_female.ftl
names-vulp-first-female-dataset-22	unreferenced message	corvax\datasets\names\vulp_first_female.ftl
names-vulp-first-female-dataset-220	unreferenced message	corvax\datasets\names\vulp_first_female.ftl
names-vulp-first-female-dataset-221	unreferenced message	corvax\datasets\names\vulp_first_female.ftl
names-vulp-first-female-dataset-222	unreferenced message	corvax\datasets\names\vulp_first_female.ftl
names-vulp-first-female-dataset-223	unreferenced message	corvax\datasets\names\vulp_first_female.ftl
names-vulp-first-female-dataset-224	unreferenced message	corvax\datasets\names\vulp_first_female.ftl
names-vulp-first-female-dataset-225	unreferenced message	corvax\datasets\names\vulp_first_female.ftl
names-vulp-first-female-dataset-226	unreferenced message	corvax\datasets\names\vulp_first_female.ftl
names-vulp-first-female-dataset-227	unreferenced message	corvax\datasets\names\vulp_first_female.ftl
names-vulp-first-female-dataset-228	unreferenced message	corvax\datasets\names\vulp_first_female.ftl
names-vulp-first-female-dataset-229	unreferenced message	corvax\datasets\names\vulp_first_female.ftl
names-vulp-first-female-dataset-23	unreferenced message	corvax\datasets\names\vulp_first_female.ftl
names-vulp-first-female-dataset-230	unreferenced message	corvax\datasets\names\vulp_first_female.ftl
names-vulp-first-female-dataset-231	unreferenced message	corvax\datasets\names\vulp_first_female.ftl
names-vulp-first-female-dataset-232	unreferenced message	corvax\datasets\names\vulp_first_female.ftl
names-vulp-first-female-dataset-233	unreferenced message	corvax\datasets\names\vulp_first_female.ftl
names-vulp-first-female-dataset-234	unreferenced message	corvax\datasets\names\vulp_first_female.ftl
names-vulp-first-female-dataset-235	unreferenced message	corvax\datasets\names\vulp_first_female.ftl
names-vulp-first-female-dataset-236	unreferenced message	corvax\datasets\names\vulp_first_female.ftl
names-vulp-first-female-dataset-237	unreferenced message	corvax\datasets\names\vulp_first_female.ftl
names-vulp-first-female-dataset-238	unreferenced message	corvax\datasets\names\vulp_first_female.ftl
names-vulp-first-female-dataset-239	unreferenced message	corvax\datasets\names\vulp_first_female.ftl
names-vulp-first-female-dataset-24	unreferenced message	corvax\datasets\names\vulp_first_female.ftl
names-vulp-first-female-dataset-240	unreferenced message	corvax\datasets\names\vulp_first_female.ftl
names-vulp-first-female-dataset-241	unreferenced message	corvax\datasets\names\vulp_first_female.ftl
names-vulp-first-female-dataset-242	unreferenced message	corvax\datasets\names\vulp_first_female.ftl
names-vulp-first-female-dataset-243	unreferenced message	corvax\datasets\names\vulp_first_female.ftl
names-vulp-first-female-dataset-244	unreferenced message	corvax\datasets\names\vulp_first_female.ftl
names-vulp-first-female-dataset-245	unreferenced message	corvax\datasets\names\vulp_first_female.ftl
names-vulp-first-female-dataset-246	unreferenced message	corvax\datasets\names\vulp_first_female.ftl
names-vulp-first-female-dataset-247	unreferenced message	corvax\datasets\names\vulp_first_female.ftl
names-vulp-first-female-dataset-248	unreferenced message	corvax\datasets\names\vulp_first_female.ftl
names-vulp-first-female-dataset-249	unreferenced message	corvax\datasets\names\vulp_first_female.ftl
names-vulp-first-female-dataset-25	unreferenced message	corvax\datasets\names\vulp_first_female.ftl
names-vulp-first-female-dataset-250	unreferenced message	corvax\datasets\names\vulp_first_female.ftl
names-vulp-first-female-dataset-251	unreferenced message	corvax\datasets\names\vulp_first_female.ftl
names-vulp-first-female-dataset-252	unreferenced message	corvax\datasets\names\vulp_first_female.ftl
names-vulp-first-female-dataset-253	unreferenced message	corvax\datasets\names\vulp_first_female.ftl
names-vulp-first-female-dataset-254	unreferenced message	corvax\datasets\names\vulp_first_female.ftl
names-vulp-first-female-dataset-255	unreferenced message	corvax\datasets\names\vulp_first_female.ftl
names-vulp-first-female-dataset-256	unreferenced message	corvax\datasets\names\vulp_first_female.ftl
names-vulp-first-female-dataset-257	unreferenced message	corvax\datasets\names\vulp_first_female.ftl
names-vulp-first-female-dataset-258	unreferenced message	corvax\datasets\names\vulp_first_female.ftl
names-vulp-first-female-dataset-259	unreferenced message	corvax\datasets\names\vulp_first_female.ftl
names-vulp-first-female-dataset-26	unreferenced message	corvax\datasets\names\vulp_first_female.ftl
names-vulp-first-female-dataset-260	unreferenced message	corvax\datasets\names\vulp_first_female.ftl
names-vulp-first-female-dataset-261	unreferenced message	corvax\datasets\names\vulp_first_female.ftl
names-vulp-first-female-dataset-262	unreferenced message	corvax\datasets\names\vulp_first_female.ftl
names-vulp-first-female-dataset-263	unreferenced message	corvax\datasets\names\vulp_first_female.ftl
names-vulp-first-female-dataset-264	unreferenced message	corvax\datasets\names\vulp_first_female.ftl
names-vulp-first-female-dataset-265	unreferenced message	corvax\datasets\names\vulp_first_female.ftl
names-vulp-first-female-dataset-266	unreferenced message	corvax\datasets\names\vulp_first_female.ftl
names-vulp-first-female-dataset-267	unreferenced message	corvax\datasets\names\vulp_first_female.ftl
names-vulp-first-female-dataset-268	unreferenced message	corvax\datasets\names\vulp_first_female.ftl
names-vulp-first-female-dataset-269	unreferenced message	corvax\datasets\names\vulp_first_female.ftl
names-vulp-first-female-dataset-27	unreferenced message	corvax\datasets\names\vulp_first_female.ftl
names-vulp-first-female-dataset-270	unreferenced message	corvax\datasets\names\vulp_first_female.ftl
names-vulp-first-female-dataset-271	unreferenced message	corvax\datasets\names\vulp_first_female.ftl
names-vulp-first-female-dataset-272	unreferenced message	corvax\datasets\names\vulp_first_female.ftl
names-vulp-first-female-dataset-273	unreferenced message	corvax\datasets\names\vulp_first_female.ftl
names-vulp-first-female-dataset-274	unreferenced message	corvax\datasets\names\vulp_first_female.ftl
names-vulp-first-female-dataset-275	unreferenced message	corvax\datasets\names\vulp_first_female.ftl
names-vulp-first-female-dataset-276	unreferenced message	corvax\datasets\names\vulp_first_female.ftl
names-vulp-first-female-dataset-277	unreferenced message	corvax\datasets\names\vulp_first_female.ftl
names-vulp-first-female-dataset-278	unreferenced message	corvax\datasets\names\vulp_first_female.ftl
names-vulp-first-female-dataset-279	unreferenced message	corvax\datasets\names\vulp_first_female.ftl
names-vulp-first-female-dataset-28	unreferenced message	corvax\datasets\names\vulp_first_female.ftl
names-vulp-first-female-dataset-280	unreferenced message	corvax\datasets\names\vulp_first_female.ftl
names-vulp-first-female-dataset-281	unreferenced message	corvax\datasets\names\vulp_first_female.ftl
names-vulp-first-female-dataset-282	unreferenced message	corvax\datasets\names\vulp_first_female.ftl
names-vulp-first-female-dataset-283	unreferenced message	corvax\datasets\names\vulp_first_female.ftl
names-vulp-first-female-dataset-284	unreferenced message	corvax\datasets\names\vulp_first_female.ftl
names-vulp-first-female-dataset-285	unreferenced message	corvax\datasets\names\vulp_first_female.ftl
names-vulp-first-female-dataset-286	unreferenced message	corvax\datasets\names\vulp_first_female.ftl
names-vulp-first-female-dataset-287	unreferenced message	corvax\datasets\names\vulp_first_female.ftl
names-vulp-first-female-dataset-288	unreferenced message	corvax\datasets\names\vulp_first_female.ftl
names-vulp-first-female-dataset-289	unreferenced message	corvax\datasets\names\vulp_first_female.ftl
names-vulp-first-female-dataset-29	unreferenced message	corvax\datasets\names\vulp_first_female.ftl
names-vulp-first-female-dataset-290	unreferenced message	corvax\datasets\names\vulp_first_female.ftl
names-vulp-first-female-dataset-291	unreferenced message	corvax\datasets\names\vulp_first_female.ftl
names-vulp-first-female-dataset-292	unreferenced message	corvax\datasets\names\vulp_first_female.ftl
names-vulp-first-female-dataset-293	unreferenced message	corvax\datasets\names\vulp_first_female.ftl
names-vulp-first-female-dataset-294	unreferenced message	corvax\datasets\names\vulp_first_female.ftl
names-vulp-first-female-dataset-295	unreferenced message	corvax\datasets\names\vulp_first_female.ftl
names-vulp-first-female-dataset-296	unreferenced message	corvax\datasets\names\vulp_first_female.ftl
names-vulp-first-female-dataset-297	unreferenced message	corvax\datasets\names\vulp_first_female.ftl
names-vulp-first-female-dataset-298	unreferenced message	corvax\datasets\names\vulp_first_female.ftl
names-vulp-first-female-dataset-299	unreferenced message	corvax\datasets\names\vulp_first_female.ftl
names-vulp-first-female-dataset-3	unreferenced message	corvax\datasets\names\vulp_first_female.ftl
names-vulp-first-female-dataset-30	unreferenced message	corvax\datasets\names\vulp_first_female.ftl
names-vulp-first-female-dataset-300	unreferenced message	corvax\datasets\names\vulp_first_female.ftl
names-vulp-first-female-dataset-301	unreferenced message	corvax\datasets\names\vulp_first_female.ftl
names-vulp-first-female-dataset-302	unreferenced message	corvax\datasets\names\vulp_first_female.ftl
names-vulp-first-female-dataset-303	unreferenced message	corvax\datasets\names\vulp_first_female.ftl
names-vulp-first-female-dataset-304	unreferenced message	corvax\datasets\names\vulp_first_female.ftl
names-vulp-first-female-dataset-305	unreferenced message	corvax\datasets\names\vulp_first_female.ftl
names-vulp-first-female-dataset-306	unreferenced message	corvax\datasets\names\vulp_first_female.ftl
names-vulp-first-female-dataset-307	unreferenced message	corvax\datasets\names\vulp_first_female.ftl
names-vulp-first-female-dataset-308	unreferenced message	corvax\datasets\names\vulp_first_female.ftl
names-vulp-first-female-dataset-309	unreferenced message	corvax\datasets\names\vulp_first_female.ftl
names-vulp-first-female-dataset-31	unreferenced message	corvax\datasets\names\vulp_first_female.ftl
names-vulp-first-female-dataset-310	unreferenced message	corvax\datasets\names\vulp_first_female.ftl
names-vulp-first-female-dataset-311	unreferenced message	corvax\datasets\names\vulp_first_female.ftl
names-vulp-first-female-dataset-312	unreferenced message	corvax\datasets\names\vulp_first_female.ftl
names-vulp-first-female-dataset-313	unreferenced message	corvax\datasets\names\vulp_first_female.ftl
names-vulp-first-female-dataset-314	unreferenced message	corvax\datasets\names\vulp_first_female.ftl
names-vulp-first-female-dataset-315	unreferenced message	corvax\datasets\names\vulp_first_female.ftl
names-vulp-first-female-dataset-316	unreferenced message	corvax\datasets\names\vulp_first_female.ftl
names-vulp-first-female-dataset-317	unreferenced message	corvax\datasets\names\vulp_first_female.ftl
names-vulp-first-female-dataset-318	unreferenced message	corvax\datasets\names\vulp_first_female.ftl
names-vulp-first-female-dataset-319	unreferenced message	corvax\datasets\names\vulp_first_female.ftl
names-vulp-first-female-dataset-32	unreferenced message	corvax\datasets\names\vulp_first_female.ftl
names-vulp-first-female-dataset-320	unreferenced message	corvax\datasets\names\vulp_first_female.ftl
names-vulp-first-female-dataset-321	unreferenced message	corvax\datasets\names\vulp_first_female.ftl
names-vulp-first-female-dataset-322	unreferenced message	corvax\datasets\names\vulp_first_female.ftl
names-vulp-first-female-dataset-323	unreferenced message	corvax\datasets\names\vulp_first_female.ftl
names-vulp-first-female-dataset-324	unreferenced message	corvax\datasets\names\vulp_first_female.ftl
names-vulp-first-female-dataset-325	unreferenced message	corvax\datasets\names\vulp_first_female.ftl
names-vulp-first-female-dataset-326	unreferenced message	corvax\datasets\names\vulp_first_female.ftl
names-vulp-first-female-dataset-327	unreferenced message	corvax\datasets\names\vulp_first_female.ftl
names-vulp-first-female-dataset-328	unreferenced message	corvax\datasets\names\vulp_first_female.ftl
names-vulp-first-female-dataset-329	unreferenced message	corvax\datasets\names\vulp_first_female.ftl
names-vulp-first-female-dataset-33	unreferenced message	corvax\datasets\names\vulp_first_female.ftl
names-vulp-first-female-dataset-330	unreferenced message	corvax\datasets\names\vulp_first_female.ftl
names-vulp-first-female-dataset-331	unreferenced message	corvax\datasets\names\vulp_first_female.ftl
names-vulp-first-female-dataset-332	unreferenced message	corvax\datasets\names\vulp_first_female.ftl
names-vulp-first-female-dataset-333	unreferenced message	corvax\datasets\names\vulp_first_female.ftl
names-vulp-first-female-dataset-334	unreferenced message	corvax\datasets\names\vulp_first_female.ftl
names-vulp-first-female-dataset-335	unreferenced message	corvax\datasets\names\vulp_first_female.ftl
names-vulp-first-female-dataset-336	unreferenced message	corvax\datasets\names\vulp_first_female.ftl
names-vulp-first-female-dataset-337	unreferenced message	corvax\datasets\names\vulp_first_female.ftl
names-vulp-first-female-dataset-338	unreferenced message	corvax\datasets\names\vulp_first_female.ftl
names-vulp-first-female-dataset-339	unreferenced message	corvax\datasets\names\vulp_first_female.ftl
names-vulp-first-female-dataset-34	unreferenced message	corvax\datasets\names\vulp_first_female.ftl
names-vulp-first-female-dataset-340	unreferenced message	corvax\datasets\names\vulp_first_female.ftl
names-vulp-first-female-dataset-341	unreferenced message	corvax\datasets\names\vulp_first_female.ftl
names-vulp-first-female-dataset-342	unreferenced message	corvax\datasets\names\vulp_first_female.ftl
names-vulp-first-female-dataset-343	unreferenced message	corvax\datasets\names\vulp_first_female.ftl
names-vulp-first-female-dataset-344	unreferenced message	corvax\datasets\names\vulp_first_female.ftl
names-vulp-first-female-dataset-345	unreferenced message	corvax\datasets\names\vulp_first_female.ftl
names-vulp-first-female-dataset-35	unreferenced message	corvax\datasets\names\vulp_first_female.ftl
names-vulp-first-female-dataset-36	unreferenced message	corvax\datasets\names\vulp_first_female.ftl
names-vulp-first-female-dataset-37	unreferenced message	corvax\datasets\names\vulp_first_female.ftl
names-vulp-first-female-dataset-38	unreferenced message	corvax\datasets\names\vulp_first_female.ftl
names-vulp-first-female-dataset-39	unreferenced message	corvax\datasets\names\vulp_first_female.ftl
names-vulp-first-female-dataset-4	unreferenced message	corvax\datasets\names\vulp_first_female.ftl
names-vulp-first-female-dataset-40	unreferenced message	corvax\datasets\names\vulp_first_female.ftl
names-vulp-first-female-dataset-41	unreferenced message	corvax\datasets\names\vulp_first_female.ftl
names-vulp-first-female-dataset-42	unreferenced message	corvax\datasets\names\vulp_first_female.ftl
names-vulp-first-female-dataset-43	unreferenced message	corvax\datasets\names\vulp_first_female.ftl
names-vulp-first-female-dataset-44	unreferenced message	corvax\datasets\names\vulp_first_female.ftl
names-vulp-first-female-dataset-45	unreferenced message	corvax\datasets\names\vulp_first_female.ftl
names-vulp-first-female-dataset-46	unreferenced message	corvax\datasets\names\vulp_first_female.ftl
names-vulp-first-female-dataset-47	unreferenced message	corvax\datasets\names\vulp_first_female.ftl
names-vulp-first-female-dataset-48	unreferenced message	corvax\datasets\names\vulp_first_female.ftl
names-vulp-first-female-dataset-49	unreferenced message	corvax\datasets\names\vulp_first_female.ftl
names-vulp-first-female-dataset-5	unreferenced message	corvax\datasets\names\vulp_first_female.ftl
names-vulp-first-female-dataset-50	unreferenced message	corvax\datasets\names\vulp_first_female.ftl
names-vulp-first-female-dataset-51	unreferenced message	corvax\datasets\names\vulp_first_female.ftl
names-vulp-first-female-dataset-52	unreferenced message	corvax\datasets\names\vulp_first_female.ftl
names-vulp-first-female-dataset-53	unreferenced message	corvax\datasets\names\vulp_first_female.ftl
names-vulp-first-female-dataset-54	unreferenced message	corvax\datasets\names\vulp_first_female.ftl
names-vulp-first-female-dataset-55	unreferenced message	corvax\datasets\names\vulp_first_female.ftl
names-vulp-first-female-dataset-56	unreferenced message	corvax\datasets\names\vulp_first_female.ftl
names-vulp-first-female-dataset-57	unreferenced message	corvax\datasets\names\vulp_first_female.ftl
names-vulp-first-female-dataset-58	unreferenced message	corvax\datasets\names\vulp_first_female.ftl
names-vulp-first-female-dataset-59	unreferenced message	corvax\datasets\names\vulp_first_female.ftl
names-vulp-first-female-dataset-6	unreferenced message	corvax\datasets\names\vulp_first_female.ftl
names-vulp-first-female-dataset-60	unreferenced message	corvax\datasets\names\vulp_first_female.ftl
names-vulp-first-female-dataset-61	unreferenced message	corvax\datasets\names\vulp_first_female.ftl
names-vulp-first-female-dataset-62	unreferenced message	corvax\datasets\names\vulp_first_female.ftl
names-vulp-first-female-dataset-63	unreferenced message	corvax\datasets\names\vulp_first_female.ftl
names-vulp-first-female-dataset-64	unreferenced message	corvax\datasets\names\vulp_first_female.ftl
names-vulp-first-female-dataset-65	unreferenced message	corvax\datasets\names\vulp_first_female.ftl
names-vulp-first-female-dataset-66	unreferenced message	corvax\datasets\names\vulp_first_female.ftl
names-vulp-first-female-dataset-67	unreferenced message	corvax\datasets\names\vulp_first_female.ftl
names-vulp-first-female-dataset-68	unreferenced message	corvax\datasets\names\vulp_first_female.ftl
names-vulp-first-female-dataset-69	unreferenced message	corvax\datasets\names\vulp_first_female.ftl
names-vulp-first-female-dataset-7	unreferenced message	corvax\datasets\names\vulp_first_female.ftl
names-vulp-first-female-dataset-70	unreferenced message	corvax\datasets\names\vulp_first_female.ftl
names-vulp-first-female-dataset-71	unreferenced message	corvax\datasets\names\vulp_first_female.ftl
names-vulp-first-female-dataset-72	unreferenced message	corvax\datasets\names\vulp_first_female.ftl
names-vulp-first-female-dataset-73	unreferenced message	corvax\datasets\names\vulp_first_female.ftl
names-vulp-first-female-dataset-74	unreferenced message	corvax\datasets\names\vulp_first_female.ftl
names-vulp-first-female-dataset-75	unreferenced message	corvax\datasets\names\vulp_first_female.ftl
names-vulp-first-female-dataset-76	unreferenced message	corvax\datasets\names\vulp_first_female.ftl
names-vulp-first-female-dataset-77	unreferenced message	corvax\datasets\names\vulp_first_female.ftl
names-vulp-first-female-dataset-78	unreferenced message	corvax\datasets\names\vulp_first_female.ftl
names-vulp-first-female-dataset-79	unreferenced message	corvax\datasets\names\vulp_first_female.ftl
names-vulp-first-female-dataset-8	unreferenced message	corvax\datasets\names\vulp_first_female.ftl
names-vulp-first-female-dataset-80	unreferenced message	corvax\datasets\names\vulp_first_female.ftl
names-vulp-first-female-dataset-81	unreferenced message	corvax\datasets\names\vulp_first_female.ftl
names-vulp-first-female-dataset-82	unreferenced message	corvax\datasets\names\vulp_first_female.ftl
names-vulp-first-female-dataset-83	unreferenced message	corvax\datasets\names\vulp_first_female.ftl
names-vulp-first-female-dataset-84	unreferenced message	corvax\datasets\names\vulp_first_female.ftl
names-vulp-first-female-dataset-85	unreferenced message	corvax\datasets\names\vulp_first_female.ftl
names-vulp-first-female-dataset-86	unreferenced message	corvax\datasets\names\vulp_first_female.ftl
names-vulp-first-female-dataset-87	unreferenced message	corvax\datasets\names\vulp_first_female.ftl
names-vulp-first-female-dataset-88	unreferenced message	corvax\datasets\names\vulp_first_female.ftl
names-vulp-first-female-dataset-89	unreferenced message	corvax\datasets\names\vulp_first_female.ftl
names-vulp-first-female-dataset-9	unreferenced message	corvax\datasets\names\vulp_first_female.ftl
names-vulp-first-female-dataset-90	unreferenced message	corvax\datasets\names\vulp_first_female.ftl
names-vulp-first-female-dataset-91	unreferenced message	corvax\datasets\names\vulp_first_female.ftl
names-vulp-first-female-dataset-92	unreferenced message	corvax\datasets\names\vulp_first_female.ftl
names-vulp-first-female-dataset-93	unreferenced message	corvax\datasets\names\vulp_first_female.ftl
names-vulp-first-female-dataset-94	unreferenced message	corvax\datasets\names\vulp_first_female.ftl
names-vulp-first-female-dataset-95	unreferenced message	corvax\datasets\names\vulp_first_female.ftl
names-vulp-first-female-dataset-96	unreferenced message	corvax\datasets\names\vulp_first_female.ftl
names-vulp-first-female-dataset-97	unreferenced message	corvax\datasets\names\vulp_first_female.ftl
names-vulp-first-female-dataset-98	unreferenced message	corvax\datasets\names\vulp_first_female.ftl
names-vulp-first-female-dataset-99	unreferenced message	corvax\datasets\names\vulp_first_female.ftl
names-vulp-first-male-dataset-1	unreferenced message	corvax\datasets\names\vulp_first_male.ftl
names-vulp-first-male-dataset-10	unreferenced message	corvax\datasets\names\vulp_first_male.ftl
names-vulp-first-male-dataset-100	unreferenced message	corvax\datasets\names\vulp_first_male.ftl
names-vulp-first-male-dataset-101	unreferenced message	corvax\datasets\names\vulp_first_male.ftl
names-vulp-first-male-dataset-102	unreferenced message	corvax\datasets\names\vulp_first_male.ftl
names-vulp-first-male-dataset-103	unreferenced message	corvax\datasets\names\vulp_first_male.ftl
names-vulp-first-male-dataset-104	unreferenced message	corvax\datasets\names\vulp_first_male.ftl
names-vulp-first-male-dataset-105	unreferenced message	corvax\datasets\names\vulp_first_male.ftl
names-vulp-first-male-dataset-106	unreferenced message	corvax\datasets\names\vulp_first_male.ftl
names-vulp-first-male-dataset-107	unreferenced message	corvax\datasets\names\vulp_first_male.ftl
names-vulp-first-male-dataset-108	unreferenced message	corvax\datasets\names\vulp_first_male.ftl
names-vulp-first-male-dataset-109	unreferenced message	corvax\datasets\names\vulp_first_male.ftl
names-vulp-first-male-dataset-11	unreferenced message	corvax\datasets\names\vulp_first_male.ftl
names-vulp-first-male-dataset-110	unreferenced message	corvax\datasets\names\vulp_first_male.ftl
names-vulp-first-male-dataset-111	unreferenced message	corvax\datasets\names\vulp_first_male.ftl
names-vulp-first-male-dataset-112	unreferenced message	corvax\datasets\names\vulp_first_male.ftl
names-vulp-first-male-dataset-113	unreferenced message	corvax\datasets\names\vulp_first_male.ftl
names-vulp-first-male-dataset-114	unreferenced message	corvax\datasets\names\vulp_first_male.ftl
names-vulp-first-male-dataset-115	unreferenced message	corvax\datasets\names\vulp_first_male.ftl
names-vulp-first-male-dataset-116	unreferenced message	corvax\datasets\names\vulp_first_male.ftl
names-vulp-first-male-dataset-117	unreferenced message	corvax\datasets\names\vulp_first_male.ftl
names-vulp-first-male-dataset-118	unreferenced message	corvax\datasets\names\vulp_first_male.ftl
names-vulp-first-male-dataset-119	unreferenced message	corvax\datasets\names\vulp_first_male.ftl
names-vulp-first-male-dataset-12	unreferenced message	corvax\datasets\names\vulp_first_male.ftl
names-vulp-first-male-dataset-120	unreferenced message	corvax\datasets\names\vulp_first_male.ftl
names-vulp-first-male-dataset-121	unreferenced message	corvax\datasets\names\vulp_first_male.ftl
names-vulp-first-male-dataset-122	unreferenced message	corvax\datasets\names\vulp_first_male.ftl
names-vulp-first-male-dataset-123	unreferenced message	corvax\datasets\names\vulp_first_male.ftl
names-vulp-first-male-dataset-124	unreferenced message	corvax\datasets\names\vulp_first_male.ftl
names-vulp-first-male-dataset-125	unreferenced message	corvax\datasets\names\vulp_first_male.ftl
names-vulp-first-male-dataset-126	unreferenced message	corvax\datasets\names\vulp_first_male.ftl
names-vulp-first-male-dataset-127	unreferenced message	corvax\datasets\names\vulp_first_male.ftl
names-vulp-first-male-dataset-128	unreferenced message	corvax\datasets\names\vulp_first_male.ftl
names-vulp-first-male-dataset-129	unreferenced message	corvax\datasets\names\vulp_first_male.ftl
names-vulp-first-male-dataset-13	unreferenced message	corvax\datasets\names\vulp_first_male.ftl
names-vulp-first-male-dataset-130	unreferenced message	corvax\datasets\names\vulp_first_male.ftl
names-vulp-first-male-dataset-131	unreferenced message	corvax\datasets\names\vulp_first_male.ftl
names-vulp-first-male-dataset-132	unreferenced message	corvax\datasets\names\vulp_first_male.ftl
names-vulp-first-male-dataset-133	unreferenced message	corvax\datasets\names\vulp_first_male.ftl
names-vulp-first-male-dataset-134	unreferenced message	corvax\datasets\names\vulp_first_male.ftl
names-vulp-first-male-dataset-135	unreferenced message	corvax\datasets\names\vulp_first_male.ftl
names-vulp-first-male-dataset-136	unreferenced message	corvax\datasets\names\vulp_first_male.ftl
names-vulp-first-male-dataset-137	unreferenced message	corvax\datasets\names\vulp_first_male.ftl
names-vulp-first-male-dataset-138	unreferenced message	corvax\datasets\names\vulp_first_male.ftl
names-vulp-first-male-dataset-139	unreferenced message	corvax\datasets\names\vulp_first_male.ftl
names-vulp-first-male-dataset-14	unreferenced message	corvax\datasets\names\vulp_first_male.ftl
names-vulp-first-male-dataset-140	unreferenced message	corvax\datasets\names\vulp_first_male.ftl
names-vulp-first-male-dataset-141	unreferenced message	corvax\datasets\names\vulp_first_male.ftl
names-vulp-first-male-dataset-142	unreferenced message	corvax\datasets\names\vulp_first_male.ftl
names-vulp-first-male-dataset-143	unreferenced message	corvax\datasets\names\vulp_first_male.ftl
names-vulp-first-male-dataset-144	unreferenced message	corvax\datasets\names\vulp_first_male.ftl
names-vulp-first-male-dataset-145	unreferenced message	corvax\datasets\names\vulp_first_male.ftl
names-vulp-first-male-dataset-146	unreferenced message	corvax\datasets\names\vulp_first_male.ftl
names-vulp-first-male-dataset-147	unreferenced message	corvax\datasets\names\vulp_first_male.ftl
names-vulp-first-male-dataset-148	unreferenced message	corvax\datasets\names\vulp_first_male.ftl
names-vulp-first-male-dataset-149	unreferenced message	corvax\datasets\names\vulp_first_male.ftl
names-vulp-first-male-dataset-15	unreferenced message	corvax\datasets\names\vulp_first_male.ftl
names-vulp-first-male-dataset-150	unreferenced message	corvax\datasets\names\vulp_first_male.ftl
names-vulp-first-male-dataset-151	unreferenced message	corvax\datasets\names\vulp_first_male.ftl
names-vulp-first-male-dataset-152	unreferenced message	corvax\datasets\names\vulp_first_male.ftl
names-vulp-first-male-dataset-153	unreferenced message	corvax\datasets\names\vulp_first_male.ftl
names-vulp-first-male-dataset-154	unreferenced message	corvax\datasets\names\vulp_first_male.ftl
names-vulp-first-male-dataset-155	unreferenced message	corvax\datasets\names\vulp_first_male.ftl
names-vulp-first-male-dataset-156	unreferenced message	corvax\datasets\names\vulp_first_male.ftl
names-vulp-first-male-dataset-157	unreferenced message	corvax\datasets\names\vulp_first_male.ftl
names-vulp-first-male-dataset-158	unreferenced message	corvax\datasets\names\vulp_first_male.ftl
names-vulp-first-male-dataset-159	unreferenced message	corvax\datasets\names\vulp_first_male.ftl
names-vulp-first-male-dataset-16	unreferenced message	corvax\datasets\names\vulp_first_male.ftl
names-vulp-first-male-dataset-160	unreferenced message	corvax\datasets\names\vulp_first_male.ftl
names-vulp-first-male-dataset-161	unreferenced message	corvax\datasets\names\vulp_first_male.ftl
names-vulp-first-male-dataset-162	unreferenced message	corvax\datasets\names\vulp_first_male.ftl
names-vulp-first-male-dataset-163	unreferenced message	corvax\datasets\names\vulp_first_male.ftl
names-vulp-first-male-dataset-164	unreferenced message	corvax\datasets\names\vulp_first_male.ftl
names-vulp-first-male-dataset-165	unreferenced message	corvax\datasets\names\vulp_first_male.ftl
names-vulp-first-male-dataset-166	unreferenced message	corvax\datasets\names\vulp_first_male.ftl
names-vulp-first-male-dataset-167	unreferenced message	corvax\datasets\names\vulp_first_male.ftl
names-vulp-first-male-dataset-168	unreferenced message	corvax\datasets\names\vulp_first_male.ftl
names-vulp-first-male-dataset-169	unreferenced message	corvax\datasets\names\vulp_first_male.ftl
names-vulp-first-male-dataset-17	unreferenced message	corvax\datasets\names\vulp_first_male.ftl
names-vulp-first-male-dataset-170	unreferenced message	corvax\datasets\names\vulp_first_male.ftl
names-vulp-first-male-dataset-171	unreferenced message	corvax\datasets\names\vulp_first_male.ftl
names-vulp-first-male-dataset-172	unreferenced message	corvax\datasets\names\vulp_first_male.ftl
names-vulp-first-male-dataset-173	unreferenced message	corvax\datasets\names\vulp_first_male.ftl
names-vulp-first-male-dataset-174	unreferenced message	corvax\datasets\names\vulp_first_male.ftl
names-vulp-first-male-dataset-175	unreferenced message	corvax\datasets\names\vulp_first_male.ftl
names-vulp-first-male-dataset-176	unreferenced message	corvax\datasets\names\vulp_first_male.ftl
names-vulp-first-male-dataset-177	unreferenced message	corvax\datasets\names\vulp_first_male.ftl
names-vulp-first-male-dataset-178	unreferenced message	corvax\datasets\names\vulp_first_male.ftl
names-vulp-first-male-dataset-179	unreferenced message	corvax\datasets\names\vulp_first_male.ftl
names-vulp-first-male-dataset-18	unreferenced message	corvax\datasets\names\vulp_first_male.ftl
names-vulp-first-male-dataset-180	unreferenced message	corvax\datasets\names\vulp_first_male.ftl
names-vulp-first-male-dataset-181	unreferenced message	corvax\datasets\names\vulp_first_male.ftl
names-vulp-first-male-dataset-182	unreferenced message	corvax\datasets\names\vulp_first_male.ftl
names-vulp-first-male-dataset-183	unreferenced message	corvax\datasets\names\vulp_first_male.ftl
names-vulp-first-male-dataset-184	unreferenced message	corvax\datasets\names\vulp_first_male.ftl
names-vulp-first-male-dataset-185	unreferenced message	corvax\datasets\names\vulp_first_male.ftl
names-vulp-first-male-dataset-186	unreferenced message	corvax\datasets\names\vulp_first_male.ftl
names-vulp-first-male-dataset-187	unreferenced message	corvax\datasets\names\vulp_first_male.ftl
names-vulp-first-male-dataset-188	unreferenced message	corvax\datasets\names\vulp_first_male.ftl
names-vulp-first-male-dataset-189	unreferenced message	corvax\datasets\names\vulp_first_male.ftl
names-vulp-first-male-dataset-19	unreferenced message	corvax\datasets\names\vulp_first_male.ftl
names-vulp-first-male-dataset-190	unreferenced message	corvax\datasets\names\vulp_first_male.ftl
names-vulp-first-male-dataset-191	unreferenced message	corvax\datasets\names\vulp_first_male.ftl
names-vulp-first-male-dataset-192	unreferenced message	corvax\datasets\names\vulp_first_male.ftl
names-vulp-first-male-dataset-193	unreferenced message	corvax\datasets\names\vulp_first_male.ftl
names-vulp-first-male-dataset-194	unreferenced message	corvax\datasets\names\vulp_first_male.ftl
names-vulp-first-male-dataset-195	unreferenced message	corvax\datasets\names\vulp_first_male.ftl
names-vulp-first-male-dataset-196	unreferenced message	corvax\datasets\names\vulp_first_male.ftl
names-vulp-first-male-dataset-197	unreferenced message	corvax\datasets\names\vulp_first_male.ftl
names-vulp-first-male-dataset-198	unreferenced message	corvax\datasets\names\vulp_first_male.ftl
names-vulp-first-male-dataset-199	unreferenced message	corvax\datasets\names\vulp_first_male.ftl
names-vulp-first-male-dataset-2	unreferenced message	corvax\datasets\names\vulp_first_male.ftl
names-vulp-first-male-dataset-20	unreferenced message	corvax\datasets\names\vulp_first_male.ftl
names-vulp-first-male-dataset-200	unreferenced message	corvax\datasets\names\vulp_first_male.ftl
names-vulp-first-male-dataset-201	unreferenced message	corvax\datasets\names\vulp_first_male.ftl
names-vulp-first-male-dataset-202	unreferenced message	corvax\datasets\names\vulp_first_male.ftl
names-vulp-first-male-dataset-203	unreferenced message	corvax\datasets\names\vulp_first_male.ftl
names-vulp-first-male-dataset-204	unreferenced message	corvax\datasets\names\vulp_first_male.ftl
names-vulp-first-male-dataset-205	unreferenced message	corvax\datasets\names\vulp_first_male.ftl
names-vulp-first-male-dataset-206	unreferenced message	corvax\datasets\names\vulp_first_male.ftl
names-vulp-first-male-dataset-207	unreferenced message	corvax\datasets\names\vulp_first_male.ftl
names-vulp-first-male-dataset-208	unreferenced message	corvax\datasets\names\vulp_first_male.ftl
names-vulp-first-male-dataset-209	unreferenced message	corvax\datasets\names\vulp_first_male.ftl
names-vulp-first-male-dataset-21	unreferenced message	corvax\datasets\names\vulp_first_male.ftl
names-vulp-first-male-dataset-210	unreferenced message	corvax\datasets\names\vulp_first_male.ftl
names-vulp-first-male-dataset-211	unreferenced message	corvax\datasets\names\vulp_first_male.ftl
names-vulp-first-male-dataset-212	unreferenced message	corvax\datasets\names\vulp_first_male.ftl
names-vulp-first-male-dataset-213	unreferenced message	corvax\datasets\names\vulp_first_male.ftl
names-vulp-first-male-dataset-214	unreferenced message	corvax\datasets\names\vulp_first_male.ftl
names-vulp-first-male-dataset-215	unreferenced message	corvax\datasets\names\vulp_first_male.ftl
names-vulp-first-male-dataset-216	unreferenced message	corvax\datasets\names\vulp_first_male.ftl
names-vulp-first-male-dataset-217	unreferenced message	corvax\datasets\names\vulp_first_male.ftl
names-vulp-first-male-dataset-218	unreferenced message	corvax\datasets\names\vulp_first_male.ftl
names-vulp-first-male-dataset-219	unreferenced message	corvax\datasets\names\vulp_first_male.ftl
names-vulp-first-male-dataset-22	unreferenced message	corvax\datasets\names\vulp_first_male.ftl
names-vulp-first-male-dataset-220	unreferenced message	corvax\datasets\names\vulp_first_male.ftl
names-vulp-first-male-dataset-221	unreferenced message	corvax\datasets\names\vulp_first_male.ftl
names-vulp-first-male-dataset-222	unreferenced message	corvax\datasets\names\vulp_first_male.ftl
names-vulp-first-male-dataset-223	unreferenced message	corvax\datasets\names\vulp_first_male.ftl
names-vulp-first-male-dataset-224	unreferenced message	corvax\datasets\names\vulp_first_male.ftl
names-vulp-first-male-dataset-225	unreferenced message	corvax\datasets\names\vulp_first_male.ftl
names-vulp-first-male-dataset-226	unreferenced message	corvax\datasets\names\vulp_first_male.ftl
names-vulp-first-male-dataset-227	unreferenced message	corvax\datasets\names\vulp_first_male.ftl
names-vulp-first-male-dataset-228	unreferenced message	corvax\datasets\names\vulp_first_male.ftl
names-vulp-first-male-dataset-229	unreferenced message	corvax\datasets\names\vulp_first_male.ftl
names-vulp-first-male-dataset-23	unreferenced message	corvax\datasets\names\vulp_first_male.ftl
names-vulp-first-male-dataset-230	unreferenced message	corvax\datasets\names\vulp_first_male.ftl
names-vulp-first-male-dataset-231	unreferenced message	corvax\datasets\names\vulp_first_male.ftl
names-vulp-first-male-dataset-232	unreferenced message	corvax\datasets\names\vulp_first_male.ftl
names-vulp-first-male-dataset-233	unreferenced message	corvax\datasets\names\vulp_first_male.ftl
names-vulp-first-male-dataset-234	unreferenced message	corvax\datasets\names\vulp_first_male.ftl
names-vulp-first-male-dataset-235	unreferenced message	corvax\datasets\names\vulp_first_male.ftl
names-vulp-first-male-dataset-236	unreferenced message	corvax\datasets\names\vulp_first_male.ftl
names-vulp-first-male-dataset-237	unreferenced message	corvax\datasets\names\vulp_first_male.ftl
names-vulp-first-male-dataset-238	unreferenced message	corvax\datasets\names\vulp_first_male.ftl
names-vulp-first-male-dataset-239	unreferenced message	corvax\datasets\names\vulp_first_male.ftl
names-vulp-first-male-dataset-24	unreferenced message	corvax\datasets\names\vulp_first_male.ftl
names-vulp-first-male-dataset-240	unreferenced message	corvax\datasets\names\vulp_first_male.ftl
names-vulp-first-male-dataset-241	unreferenced message	corvax\datasets\names\vulp_first_male.ftl
names-vulp-first-male-dataset-242	unreferenced message	corvax\datasets\names\vulp_first_male.ftl
names-vulp-first-male-dataset-243	unreferenced message	corvax\datasets\names\vulp_first_male.ftl
names-vulp-first-male-dataset-244	unreferenced message	corvax\datasets\names\vulp_first_male.ftl
names-vulp-first-male-dataset-245	unreferenced message	corvax\datasets\names\vulp_first_male.ftl
names-vulp-first-male-dataset-246	unreferenced message	corvax\datasets\names\vulp_first_male.ftl
names-vulp-first-male-dataset-247	unreferenced message	corvax\datasets\names\vulp_first_male.ftl
names-vulp-first-male-dataset-248	unreferenced message	corvax\datasets\names\vulp_first_male.ftl
names-vulp-first-male-dataset-249	unreferenced message	corvax\datasets\names\vulp_first_male.ftl
names-vulp-first-male-dataset-25	unreferenced message	corvax\datasets\names\vulp_first_male.ftl
names-vulp-first-male-dataset-250	unreferenced message	corvax\datasets\names\vulp_first_male.ftl
names-vulp-first-male-dataset-251	unreferenced message	corvax\datasets\names\vulp_first_male.ftl
names-vulp-first-male-dataset-252	unreferenced message	corvax\datasets\names\vulp_first_male.ftl
names-vulp-first-male-dataset-253	unreferenced message	corvax\datasets\names\vulp_first_male.ftl
names-vulp-first-male-dataset-254	unreferenced message	corvax\datasets\names\vulp_first_male.ftl
names-vulp-first-male-dataset-255	unreferenced message	corvax\datasets\names\vulp_first_male.ftl
names-vulp-first-male-dataset-256	unreferenced message	corvax\datasets\names\vulp_first_male.ftl
names-vulp-first-male-dataset-257	unreferenced message	corvax\datasets\names\vulp_first_male.ftl
names-vulp-first-male-dataset-258	unreferenced message	corvax\datasets\names\vulp_first_male.ftl
names-vulp-first-male-dataset-259	unreferenced message	corvax\datasets\names\vulp_first_male.ftl
names-vulp-first-male-dataset-26	unreferenced message	corvax\datasets\names\vulp_first_male.ftl
names-vulp-first-male-dataset-260	unreferenced message	corvax\datasets\names\vulp_first_male.ftl
names-vulp-first-male-dataset-261	unreferenced message	corvax\datasets\names\vulp_first_male.ftl
names-vulp-first-male-dataset-262	unreferenced message	corvax\datasets\names\vulp_first_male.ftl
names-vulp-first-male-dataset-263	unreferenced message	corvax\datasets\names\vulp_first_male.ftl
names-vulp-first-male-dataset-264	unreferenced message	corvax\datasets\names\vulp_first_male.ftl
names-vulp-first-male-dataset-265	unreferenced message	corvax\datasets\names\vulp_first_male.ftl
names-vulp-first-male-dataset-266	unreferenced message	corvax\datasets\names\vulp_first_male.ftl
names-vulp-first-male-dataset-267	unreferenced message	corvax\datasets\names\vulp_first_male.ftl
names-vulp-first-male-dataset-268	unreferenced message	corvax\datasets\names\vulp_first_male.ftl
names-vulp-first-male-dataset-269	unreferenced message	corvax\datasets\names\vulp_first_male.ftl
names-vulp-first-male-dataset-27	unreferenced message	corvax\datasets\names\vulp_first_male.ftl
names-vulp-first-male-dataset-270	unreferenced message	corvax\datasets\names\vulp_first_male.ftl
names-vulp-first-male-dataset-271	unreferenced message	corvax\datasets\names\vulp_first_male.ftl
names-vulp-first-male-dataset-272	unreferenced message	corvax\datasets\names\vulp_first_male.ftl
names-vulp-first-male-dataset-273	unreferenced message	corvax\datasets\names\vulp_first_male.ftl
names-vulp-first-male-dataset-274	unreferenced message	corvax\datasets\names\vulp_first_male.ftl
names-vulp-first-male-dataset-275	unreferenced message	corvax\datasets\names\vulp_first_male.ftl
names-vulp-first-male-dataset-276	unreferenced message	corvax\datasets\names\vulp_first_male.ftl
names-vulp-first-male-dataset-277	unreferenced message	corvax\datasets\names\vulp_first_male.ftl
names-vulp-first-male-dataset-278	unreferenced message	corvax\datasets\names\vulp_first_male.ftl
names-vulp-first-male-dataset-279	unreferenced message	corvax\datasets\names\vulp_first_male.ftl
names-vulp-first-male-dataset-28	unreferenced message	corvax\datasets\names\vulp_first_male.ftl
names-vulp-first-male-dataset-280	unreferenced message	corvax\datasets\names\vulp_first_male.ftl
names-vulp-first-male-dataset-281	unreferenced message	corvax\datasets\names\vulp_first_male.ftl
names-vulp-first-male-dataset-282	unreferenced message	corvax\datasets\names\vulp_first_male.ftl
names-vulp-first-male-dataset-283	unreferenced message	corvax\datasets\names\vulp_first_male.ftl
names-vulp-first-male-dataset-284	unreferenced message	corvax\datasets\names\vulp_first_male.ftl
names-vulp-first-male-dataset-285	unreferenced message	corvax\datasets\names\vulp_first_male.ftl
names-vulp-first-male-dataset-286	unreferenced message	corvax\datasets\names\vulp_first_male.ftl
names-vulp-first-male-dataset-287	unreferenced message	corvax\datasets\names\vulp_first_male.ftl
names-vulp-first-male-dataset-288	unreferenced message	corvax\datasets\names\vulp_first_male.ftl
names-vulp-first-male-dataset-289	unreferenced message	corvax\datasets\names\vulp_first_male.ftl
names-vulp-first-male-dataset-29	unreferenced message	corvax\datasets\names\vulp_first_male.ftl
names-vulp-first-male-dataset-290	unreferenced message	corvax\datasets\names\vulp_first_male.ftl
names-vulp-first-male-dataset-291	unreferenced message	corvax\datasets\names\vulp_first_male.ftl
names-vulp-first-male-dataset-292	unreferenced message	corvax\datasets\names\vulp_first_male.ftl
names-vulp-first-male-dataset-293	unreferenced message	corvax\datasets\names\vulp_first_male.ftl
names-vulp-first-male-dataset-294	unreferenced message	corvax\datasets\names\vulp_first_male.ftl
names-vulp-first-male-dataset-295	unreferenced message	corvax\datasets\names\vulp_first_male.ftl
names-vulp-first-male-dataset-296	unreferenced message	corvax\datasets\names\vulp_first_male.ftl
names-vulp-first-male-dataset-297	unreferenced message	corvax\datasets\names\vulp_first_male.ftl
names-vulp-first-male-dataset-298	unreferenced message	corvax\datasets\names\vulp_first_male.ftl
names-vulp-first-male-dataset-299	unreferenced message	corvax\datasets\names\vulp_first_male.ftl
names-vulp-first-male-dataset-3	unreferenced message	corvax\datasets\names\vulp_first_male.ftl
names-vulp-first-male-dataset-30	unreferenced message	corvax\datasets\names\vulp_first_male.ftl
names-vulp-first-male-dataset-300	unreferenced message	corvax\datasets\names\vulp_first_male.ftl
names-vulp-first-male-dataset-301	unreferenced message	corvax\datasets\names\vulp_first_male.ftl
names-vulp-first-male-dataset-302	unreferenced message	corvax\datasets\names\vulp_first_male.ftl
names-vulp-first-male-dataset-303	unreferenced message	corvax\datasets\names\vulp_first_male.ftl
names-vulp-first-male-dataset-304	unreferenced message	corvax\datasets\names\vulp_first_male.ftl
names-vulp-first-male-dataset-305	unreferenced message	corvax\datasets\names\vulp_first_male.ftl
names-vulp-first-male-dataset-306	unreferenced message	corvax\datasets\names\vulp_first_male.ftl
names-vulp-first-male-dataset-307	unreferenced message	corvax\datasets\names\vulp_first_male.ftl
names-vulp-first-male-dataset-308	unreferenced message	corvax\datasets\names\vulp_first_male.ftl
names-vulp-first-male-dataset-309	unreferenced message	corvax\datasets\names\vulp_first_male.ftl
names-vulp-first-male-dataset-31	unreferenced message	corvax\datasets\names\vulp_first_male.ftl
names-vulp-first-male-dataset-310	unreferenced message	corvax\datasets\names\vulp_first_male.ftl
names-vulp-first-male-dataset-311	unreferenced message	corvax\datasets\names\vulp_first_male.ftl
names-vulp-first-male-dataset-312	unreferenced message	corvax\datasets\names\vulp_first_male.ftl
names-vulp-first-male-dataset-313	unreferenced message	corvax\datasets\names\vulp_first_male.ftl
names-vulp-first-male-dataset-314	unreferenced message	corvax\datasets\names\vulp_first_male.ftl
names-vulp-first-male-dataset-315	unreferenced message	corvax\datasets\names\vulp_first_male.ftl
names-vulp-first-male-dataset-316	unreferenced message	corvax\datasets\names\vulp_first_male.ftl
names-vulp-first-male-dataset-317	unreferenced message	corvax\datasets\names\vulp_first_male.ftl
names-vulp-first-male-dataset-318	unreferenced message	corvax\datasets\names\vulp_first_male.ftl
names-vulp-first-male-dataset-319	unreferenced message	corvax\datasets\names\vulp_first_male.ftl
names-vulp-first-male-dataset-32	unreferenced message	corvax\datasets\names\vulp_first_male.ftl
names-vulp-first-male-dataset-320	unreferenced message	corvax\datasets\names\vulp_first_male.ftl
names-vulp-first-male-dataset-321	unreferenced message	corvax\datasets\names\vulp_first_male.ftl
names-vulp-first-male-dataset-322	unreferenced message	corvax\datasets\names\vulp_first_male.ftl
names-vulp-first-male-dataset-323	unreferenced message	corvax\datasets\names\vulp_first_male.ftl
names-vulp-first-male-dataset-324	unreferenced message	corvax\datasets\names\vulp_first_male.ftl
names-vulp-first-male-dataset-325	unreferenced message	corvax\datasets\names\vulp_first_male.ftl
names-vulp-first-male-dataset-326	unreferenced message	corvax\datasets\names\vulp_first_male.ftl
names-vulp-first-male-dataset-327	unreferenced message	corvax\datasets\names\vulp_first_male.ftl
names-vulp-first-male-dataset-328	unreferenced message	corvax\datasets\names\vulp_first_male.ftl
names-vulp-first-male-dataset-329	unreferenced message	corvax\datasets\names\vulp_first_male.ftl
names-vulp-first-male-dataset-33	unreferenced message	corvax\datasets\names\vulp_first_male.ftl
names-vulp-first-male-dataset-330	unreferenced message	corvax\datasets\names\vulp_first_male.ftl
names-vulp-first-male-dataset-331	unreferenced message	corvax\datasets\names\vulp_first_male.ftl
names-vulp-first-male-dataset-332	unreferenced message	corvax\datasets\names\vulp_first_male.ftl
names-vulp-first-male-dataset-333	unreferenced message	corvax\datasets\names\vulp_first_male.ftl
names-vulp-first-male-dataset-334	unreferenced message	corvax\datasets\names\vulp_first_male.ftl
names-vulp-first-male-dataset-335	unreferenced message	corvax\datasets\names\vulp_first_male.ftl
names-vulp-first-male-dataset-336	unreferenced message	corvax\datasets\names\vulp_first_male.ftl
names-vulp-first-male-dataset-337	unreferenced message	corvax\datasets\names\vulp_first_male.ftl
names-vulp-first-male-dataset-338	unreferenced message	corvax\datasets\names\vulp_first_male.ftl
names-vulp-first-male-dataset-339	unreferenced message	corvax\datasets\names\vulp_first_male.ftl
names-vulp-first-male-dataset-34	unreferenced message	corvax\datasets\names\vulp_first_male.ftl
names-vulp-first-male-dataset-340	unreferenced message	corvax\datasets\names\vulp_first_male.ftl
names-vulp-first-male-dataset-341	unreferenced message	corvax\datasets\names\vulp_first_male.ftl
names-vulp-first-male-dataset-342	unreferenced message	corvax\datasets\names\vulp_first_male.ftl
names-vulp-first-male-dataset-343	unreferenced message	corvax\datasets\names\vulp_first_male.ftl
names-vulp-first-male-dataset-344	unreferenced message	corvax\datasets\names\vulp_first_male.ftl
names-vulp-first-male-dataset-345	unreferenced message	corvax\datasets\names\vulp_first_male.ftl
names-vulp-first-male-dataset-35	unreferenced message	corvax\datasets\names\vulp_first_male.ftl
names-vulp-first-male-dataset-36	unreferenced message	corvax\datasets\names\vulp_first_male.ftl
names-vulp-first-male-dataset-37	unreferenced message	corvax\datasets\names\vulp_first_male.ftl
names-vulp-first-male-dataset-38	unreferenced message	corvax\datasets\names\vulp_first_male.ftl
names-vulp-first-male-dataset-39	unreferenced message	corvax\datasets\names\vulp_first_male.ftl
names-vulp-first-male-dataset-4	unreferenced message	corvax\datasets\names\vulp_first_male.ftl
names-vulp-first-male-dataset-40	unreferenced message	corvax\datasets\names\vulp_first_male.ftl
names-vulp-first-male-dataset-41	unreferenced message	corvax\datasets\names\vulp_first_male.ftl
names-vulp-first-male-dataset-42	unreferenced message	corvax\datasets\names\vulp_first_male.ftl
names-vulp-first-male-dataset-43	unreferenced message	corvax\datasets\names\vulp_first_male.ftl
names-vulp-first-male-dataset-44	unreferenced message	corvax\datasets\names\vulp_first_male.ftl
names-vulp-first-male-dataset-45	unreferenced message	corvax\datasets\names\vulp_first_male.ftl
names-vulp-first-male-dataset-46	unreferenced message	corvax\datasets\names\vulp_first_male.ftl
names-vulp-first-male-dataset-47	unreferenced message	corvax\datasets\names\vulp_first_male.ftl
names-vulp-first-male-dataset-48	unreferenced message	corvax\datasets\names\vulp_first_male.ftl
names-vulp-first-male-dataset-49	unreferenced message	corvax\datasets\names\vulp_first_male.ftl
names-vulp-first-male-dataset-5	unreferenced message	corvax\datasets\names\vulp_first_male.ftl
names-vulp-first-male-dataset-50	unreferenced message	corvax\datasets\names\vulp_first_male.ftl
names-vulp-first-male-dataset-51	unreferenced message	corvax\datasets\names\vulp_first_male.ftl
names-vulp-first-male-dataset-52	unreferenced message	corvax\datasets\names\vulp_first_male.ftl
names-vulp-first-male-dataset-53	unreferenced message	corvax\datasets\names\vulp_first_male.ftl
names-vulp-first-male-dataset-54	unreferenced message	corvax\datasets\names\vulp_first_male.ftl
names-vulp-first-male-dataset-55	unreferenced message	corvax\datasets\names\vulp_first_male.ftl
names-vulp-first-male-dataset-56	unreferenced message	corvax\datasets\names\vulp_first_male.ftl
names-vulp-first-male-dataset-57	unreferenced message	corvax\datasets\names\vulp_first_male.ftl
names-vulp-first-male-dataset-58	unreferenced message	corvax\datasets\names\vulp_first_male.ftl
names-vulp-first-male-dataset-59	unreferenced message	corvax\datasets\names\vulp_first_male.ftl
names-vulp-first-male-dataset-6	unreferenced message	corvax\datasets\names\vulp_first_male.ftl
names-vulp-first-male-dataset-60	unreferenced message	corvax\datasets\names\vulp_first_male.ftl
names-vulp-first-male-dataset-61	unreferenced message	corvax\datasets\names\vulp_first_male.ftl
names-vulp-first-male-dataset-62	unreferenced message	corvax\datasets\names\vulp_first_male.ftl
names-vulp-first-male-dataset-63	unreferenced message	corvax\datasets\names\vulp_first_male.ftl
names-vulp-first-male-dataset-64	unreferenced message	corvax\datasets\names\vulp_first_male.ftl
names-vulp-first-male-dataset-65	unreferenced message	corvax\datasets\names\vulp_first_male.ftl
names-vulp-first-male-dataset-66	unreferenced message	corvax\datasets\names\vulp_first_male.ftl
names-vulp-first-male-dataset-67	unreferenced message	corvax\datasets\names\vulp_first_male.ftl
names-vulp-first-male-dataset-68	unreferenced message	corvax\datasets\names\vulp_first_male.ftl
names-vulp-first-male-dataset-69	unreferenced message	corvax\datasets\names\vulp_first_male.ftl
names-vulp-first-male-dataset-7	unreferenced message	corvax\datasets\names\vulp_first_male.ftl
names-vulp-first-male-dataset-70	unreferenced message	corvax\datasets\names\vulp_first_male.ftl
names-vulp-first-male-dataset-71	unreferenced message	corvax\datasets\names\vulp_first_male.ftl
names-vulp-first-male-dataset-72	unreferenced message	corvax\datasets\names\vulp_first_male.ftl
names-vulp-first-male-dataset-73	unreferenced message	corvax\datasets\names\vulp_first_male.ftl
names-vulp-first-male-dataset-74	unreferenced message	corvax\datasets\names\vulp_first_male.ftl
names-vulp-first-male-dataset-75	unreferenced message	corvax\datasets\names\vulp_first_male.ftl
names-vulp-first-male-dataset-76	unreferenced message	corvax\datasets\names\vulp_first_male.ftl
names-vulp-first-male-dataset-77	unreferenced message	corvax\datasets\names\vulp_first_male.ftl
names-vulp-first-male-dataset-78	unreferenced message	corvax\datasets\names\vulp_first_male.ftl
names-vulp-first-male-dataset-79	unreferenced message	corvax\datasets\names\vulp_first_male.ftl
names-vulp-first-male-dataset-8	unreferenced message	corvax\datasets\names\vulp_first_male.ftl
names-vulp-first-male-dataset-80	unreferenced message	corvax\datasets\names\vulp_first_male.ftl
names-vulp-first-male-dataset-81	unreferenced message	corvax\datasets\names\vulp_first_male.ftl
names-vulp-first-male-dataset-82	unreferenced message	corvax\datasets\names\vulp_first_male.ftl
names-vulp-first-male-dataset-83	unreferenced message	corvax\datasets\names\vulp_first_male.ftl
names-vulp-first-male-dataset-84	unreferenced message	corvax\datasets\names\vulp_first_male.ftl
names-vulp-first-male-dataset-85	unreferenced message	corvax\datasets\names\vulp_first_male.ftl
names-vulp-first-male-dataset-86	unreferenced message	corvax\datasets\names\vulp_first_male.ftl
names-vulp-first-male-dataset-87	unreferenced message	corvax\datasets\names\vulp_first_male.ftl
names-vulp-first-male-dataset-88	unreferenced message	corvax\datasets\names\vulp_first_male.ftl
names-vulp-first-male-dataset-89	unreferenced message	corvax\datasets\names\vulp_first_male.ftl
names-vulp-first-male-dataset-9	unreferenced message	corvax\datasets\names\vulp_first_male.ftl
names-vulp-first-male-dataset-90	unreferenced message	corvax\datasets\names\vulp_first_male.ftl
names-vulp-first-male-dataset-91	unreferenced message	corvax\datasets\names\vulp_first_male.ftl
names-vulp-first-male-dataset-92	unreferenced message	corvax\datasets\names\vulp_first_male.ftl
names-vulp-first-male-dataset-93	unreferenced message	corvax\datasets\names\vulp_first_male.ftl
names-vulp-first-male-dataset-94	unreferenced message	corvax\datasets\names\vulp_first_male.ftl
names-vulp-first-male-dataset-95	unreferenced message	corvax\datasets\names\vulp_first_male.ftl
names-vulp-first-male-dataset-96	unreferenced message	corvax\datasets\names\vulp_first_male.ftl
names-vulp-first-male-dataset-97	unreferenced message	corvax\datasets\names\vulp_first_male.ftl
names-vulp-first-male-dataset-98	unreferenced message	corvax\datasets\names\vulp_first_male.ftl
names-vulp-first-male-dataset-99	unreferenced message	corvax\datasets\names\vulp_first_male.ftl
names-vulp-last-dataset-1	unreferenced message	corvax\datasets\names\vulp_last.ftl
names-vulp-last-dataset-10	unreferenced message	corvax\datasets\names\vulp_last.ftl
names-vulp-last-dataset-100	unreferenced message	corvax\datasets\names\vulp_last.ftl
names-vulp-last-dataset-101	unreferenced message	corvax\datasets\names\vulp_last.ftl
names-vulp-last-dataset-102	unreferenced message	corvax\datasets\names\vulp_last.ftl
names-vulp-last-dataset-103	unreferenced message	corvax\datasets\names\vulp_last.ftl
names-vulp-last-dataset-104	unreferenced message	corvax\datasets\names\vulp_last.ftl
names-vulp-last-dataset-105	unreferenced message	corvax\datasets\names\vulp_last.ftl
names-vulp-last-dataset-106	unreferenced message	corvax\datasets\names\vulp_last.ftl
names-vulp-last-dataset-107	unreferenced message	corvax\datasets\names\vulp_last.ftl
names-vulp-last-dataset-108	unreferenced message	corvax\datasets\names\vulp_last.ftl
names-vulp-last-dataset-109	unreferenced message	corvax\datasets\names\vulp_last.ftl
names-vulp-last-dataset-11	unreferenced message	corvax\datasets\names\vulp_last.ftl
names-vulp-last-dataset-110	unreferenced message	corvax\datasets\names\vulp_last.ftl
names-vulp-last-dataset-111	unreferenced message	corvax\datasets\names\vulp_last.ftl
names-vulp-last-dataset-112	unreferenced message	corvax\datasets\names\vulp_last.ftl
names-vulp-last-dataset-113	unreferenced message	corvax\datasets\names\vulp_last.ftl
names-vulp-last-dataset-114	unreferenced message	corvax\datasets\names\vulp_last.ftl
names-vulp-last-dataset-115	unreferenced message	corvax\datasets\names\vulp_last.ftl
names-vulp-last-dataset-116	unreferenced message	corvax\datasets\names\vulp_last.ftl
names-vulp-last-dataset-117	unreferenced message	corvax\datasets\names\vulp_last.ftl
names-vulp-last-dataset-118	unreferenced message	corvax\datasets\names\vulp_last.ftl
names-vulp-last-dataset-119	unreferenced message	corvax\datasets\names\vulp_last.ftl
names-vulp-last-dataset-12	unreferenced message	corvax\datasets\names\vulp_last.ftl
names-vulp-last-dataset-120	unreferenced message	corvax\datasets\names\vulp_last.ftl
names-vulp-last-dataset-121	unreferenced message	corvax\datasets\names\vulp_last.ftl
names-vulp-last-dataset-122	unreferenced message	corvax\datasets\names\vulp_last.ftl
names-vulp-last-dataset-123	unreferenced message	corvax\datasets\names\vulp_last.ftl
names-vulp-last-dataset-124	unreferenced message	corvax\datasets\names\vulp_last.ftl
names-vulp-last-dataset-125	unreferenced message	corvax\datasets\names\vulp_last.ftl
names-vulp-last-dataset-126	unreferenced message	corvax\datasets\names\vulp_last.ftl
names-vulp-last-dataset-127	unreferenced message	corvax\datasets\names\vulp_last.ftl
names-vulp-last-dataset-128	unreferenced message	corvax\datasets\names\vulp_last.ftl
names-vulp-last-dataset-129	unreferenced message	corvax\datasets\names\vulp_last.ftl
names-vulp-last-dataset-13	unreferenced message	corvax\datasets\names\vulp_last.ftl
names-vulp-last-dataset-130	unreferenced message	corvax\datasets\names\vulp_last.ftl
names-vulp-last-dataset-131	unreferenced message	corvax\datasets\names\vulp_last.ftl
names-vulp-last-dataset-132	unreferenced message	corvax\datasets\names\vulp_last.ftl
names-vulp-last-dataset-133	unreferenced message	corvax\datasets\names\vulp_last.ftl
names-vulp-last-dataset-134	unreferenced message	corvax\datasets\names\vulp_last.ftl
names-vulp-last-dataset-135	unreferenced message	corvax\datasets\names\vulp_last.ftl
names-vulp-last-dataset-136	unreferenced message	corvax\datasets\names\vulp_last.ftl
names-vulp-last-dataset-137	unreferenced message	corvax\datasets\names\vulp_last.ftl
names-vulp-last-dataset-138	unreferenced message	corvax\datasets\names\vulp_last.ftl
names-vulp-last-dataset-139	unreferenced message	corvax\datasets\names\vulp_last.ftl
names-vulp-last-dataset-14	unreferenced message	corvax\datasets\names\vulp_last.ftl
names-vulp-last-dataset-140	unreferenced message	corvax\datasets\names\vulp_last.ftl
names-vulp-last-dataset-141	unreferenced message	corvax\datasets\names\vulp_last.ftl
names-vulp-last-dataset-142	unreferenced message	corvax\datasets\names\vulp_last.ftl
names-vulp-last-dataset-143	unreferenced message	corvax\datasets\names\vulp_last.ftl
names-vulp-last-dataset-144	unreferenced message	corvax\datasets\names\vulp_last.ftl
names-vulp-last-dataset-145	unreferenced message	corvax\datasets\names\vulp_last.ftl
names-vulp-last-dataset-146	unreferenced message	corvax\datasets\names\vulp_last.ftl
names-vulp-last-dataset-147	unreferenced message	corvax\datasets\names\vulp_last.ftl
names-vulp-last-dataset-148	unreferenced message	corvax\datasets\names\vulp_last.ftl
names-vulp-last-dataset-149	unreferenced message	corvax\datasets\names\vulp_last.ftl
names-vulp-last-dataset-15	unreferenced message	corvax\datasets\names\vulp_last.ftl
names-vulp-last-dataset-150	unreferenced message	corvax\datasets\names\vulp_last.ftl
names-vulp-last-dataset-151	unreferenced message	corvax\datasets\names\vulp_last.ftl
names-vulp-last-dataset-152	unreferenced message	corvax\datasets\names\vulp_last.ftl
names-vulp-last-dataset-153	unreferenced message	corvax\datasets\names\vulp_last.ftl
names-vulp-last-dataset-154	unreferenced message	corvax\datasets\names\vulp_last.ftl
names-vulp-last-dataset-155	unreferenced message	corvax\datasets\names\vulp_last.ftl
names-vulp-last-dataset-156	unreferenced message	corvax\datasets\names\vulp_last.ftl
names-vulp-last-dataset-157	unreferenced message	corvax\datasets\names\vulp_last.ftl
names-vulp-last-dataset-158	unreferenced message	corvax\datasets\names\vulp_last.ftl
names-vulp-last-dataset-159	unreferenced message	corvax\datasets\names\vulp_last.ftl
names-vulp-last-dataset-16	unreferenced message	corvax\datasets\names\vulp_last.ftl
names-vulp-last-dataset-160	unreferenced message	corvax\datasets\names\vulp_last.ftl
names-vulp-last-dataset-161	unreferenced message	corvax\datasets\names\vulp_last.ftl
names-vulp-last-dataset-162	unreferenced message	corvax\datasets\names\vulp_last.ftl
names-vulp-last-dataset-163	unreferenced message	corvax\datasets\names\vulp_last.ftl
names-vulp-last-dataset-164	unreferenced message	corvax\datasets\names\vulp_last.ftl
names-vulp-last-dataset-165	unreferenced message	corvax\datasets\names\vulp_last.ftl
names-vulp-last-dataset-166	unreferenced message	corvax\datasets\names\vulp_last.ftl
names-vulp-last-dataset-167	unreferenced message	corvax\datasets\names\vulp_last.ftl
names-vulp-last-dataset-168	unreferenced message	corvax\datasets\names\vulp_last.ftl
names-vulp-last-dataset-169	unreferenced message	corvax\datasets\names\vulp_last.ftl
names-vulp-last-dataset-17	unreferenced message	corvax\datasets\names\vulp_last.ftl
names-vulp-last-dataset-170	unreferenced message	corvax\datasets\names\vulp_last.ftl
names-vulp-last-dataset-171	unreferenced message	corvax\datasets\names\vulp_last.ftl
names-vulp-last-dataset-172	unreferenced message	corvax\datasets\names\vulp_last.ftl
names-vulp-last-dataset-173	unreferenced message	corvax\datasets\names\vulp_last.ftl
names-vulp-last-dataset-174	unreferenced message	corvax\datasets\names\vulp_last.ftl
names-vulp-last-dataset-175	unreferenced message	corvax\datasets\names\vulp_last.ftl
names-vulp-last-dataset-176	unreferenced message	corvax\datasets\names\vulp_last.ftl
names-vulp-last-dataset-177	unreferenced message	corvax\datasets\names\vulp_last.ftl
names-vulp-last-dataset-178	unreferenced message	corvax\datasets\names\vulp_last.ftl
names-vulp-last-dataset-179	unreferenced message	corvax\datasets\names\vulp_last.ftl
names-vulp-last-dataset-18	unreferenced message	corvax\datasets\names\vulp_last.ftl
names-vulp-last-dataset-180	unreferenced message	corvax\datasets\names\vulp_last.ftl
names-vulp-last-dataset-181	unreferenced message	corvax\datasets\names\vulp_last.ftl
names-vulp-last-dataset-182	unreferenced message	corvax\datasets\names\vulp_last.ftl
names-vulp-last-dataset-183	unreferenced message	corvax\datasets\names\vulp_last.ftl
names-vulp-last-dataset-184	unreferenced message	corvax\datasets\names\vulp_last.ftl
names-vulp-last-dataset-185	unreferenced message	corvax\datasets\names\vulp_last.ftl
names-vulp-last-dataset-186	unreferenced message	corvax\datasets\names\vulp_last.ftl
names-vulp-last-dataset-187	unreferenced message	corvax\datasets\names\vulp_last.ftl
names-vulp-last-dataset-188	unreferenced message	corvax\datasets\names\vulp_last.ftl
names-vulp-last-dataset-189	unreferenced message	corvax\datasets\names\vulp_last.ftl
names-vulp-last-dataset-19	unreferenced message	corvax\datasets\names\vulp_last.ftl
names-vulp-last-dataset-190	unreferenced message	corvax\datasets\names\vulp_last.ftl
names-vulp-last-dataset-191	unreferenced message	corvax\datasets\names\vulp_last.ftl
names-vulp-last-dataset-192	unreferenced message	corvax\datasets\names\vulp_last.ftl
names-vulp-last-dataset-193	unreferenced message	corvax\datasets\names\vulp_last.ftl
names-vulp-last-dataset-194	unreferenced message	corvax\datasets\names\vulp_last.ftl
names-vulp-last-dataset-195	unreferenced message	corvax\datasets\names\vulp_last.ftl
names-vulp-last-dataset-196	unreferenced message	corvax\datasets\names\vulp_last.ftl
names-vulp-last-dataset-197	unreferenced message	corvax\datasets\names\vulp_last.ftl
names-vulp-last-dataset-198	unreferenced message	corvax\datasets\names\vulp_last.ftl
names-vulp-last-dataset-199	unreferenced message	corvax\datasets\names\vulp_last.ftl
names-vulp-last-dataset-2	unreferenced message	corvax\datasets\names\vulp_last.ftl
names-vulp-last-dataset-20	unreferenced message	corvax\datasets\names\vulp_last.ftl
names-vulp-last-dataset-200	unreferenced message	corvax\datasets\names\vulp_last.ftl
names-vulp-last-dataset-201	unreferenced message	corvax\datasets\names\vulp_last.ftl
names-vulp-last-dataset-202	unreferenced message	corvax\datasets\names\vulp_last.ftl
names-vulp-last-dataset-203	unreferenced message	corvax\datasets\names\vulp_last.ftl
names-vulp-last-dataset-204	unreferenced message	corvax\datasets\names\vulp_last.ftl
names-vulp-last-dataset-205	unreferenced message	corvax\datasets\names\vulp_last.ftl
names-vulp-last-dataset-206	unreferenced message	corvax\datasets\names\vulp_last.ftl
names-vulp-last-dataset-207	unreferenced message	corvax\datasets\names\vulp_last.ftl
names-vulp-last-dataset-208	unreferenced message	corvax\datasets\names\vulp_last.ftl
names-vulp-last-dataset-209	unreferenced message	corvax\datasets\names\vulp_last.ftl
names-vulp-last-dataset-21	unreferenced message	corvax\datasets\names\vulp_last.ftl
names-vulp-last-dataset-210	unreferenced message	corvax\datasets\names\vulp_last.ftl
names-vulp-last-dataset-211	unreferenced message	corvax\datasets\names\vulp_last.ftl
names-vulp-last-dataset-212	unreferenced message	corvax\datasets\names\vulp_last.ftl
names-vulp-last-dataset-213	unreferenced message	corvax\datasets\names\vulp_last.ftl
names-vulp-last-dataset-214	unreferenced message	corvax\datasets\names\vulp_last.ftl
names-vulp-last-dataset-215	unreferenced message	corvax\datasets\names\vulp_last.ftl
names-vulp-last-dataset-216	unreferenced message	corvax\datasets\names\vulp_last.ftl
names-vulp-last-dataset-217	unreferenced message	corvax\datasets\names\vulp_last.ftl
names-vulp-last-dataset-218	unreferenced message	corvax\datasets\names\vulp_last.ftl
names-vulp-last-dataset-219	unreferenced message	corvax\datasets\names\vulp_last.ftl
names-vulp-last-dataset-22	unreferenced message	corvax\datasets\names\vulp_last.ftl
names-vulp-last-dataset-220	unreferenced message	corvax\datasets\names\vulp_last.ftl
names-vulp-last-dataset-221	unreferenced message	corvax\datasets\names\vulp_last.ftl
names-vulp-last-dataset-222	unreferenced message	corvax\datasets\names\vulp_last.ftl
names-vulp-last-dataset-223	unreferenced message	corvax\datasets\names\vulp_last.ftl
names-vulp-last-dataset-224	unreferenced message	corvax\datasets\names\vulp_last.ftl
names-vulp-last-dataset-225	unreferenced message	corvax\datasets\names\vulp_last.ftl
names-vulp-last-dataset-226	unreferenced message	corvax\datasets\names\vulp_last.ftl
names-vulp-last-dataset-227	unreferenced message	corvax\datasets\names\vulp_last.ftl
names-vulp-last-dataset-228	unreferenced message	corvax\datasets\names\vulp_last.ftl
names-vulp-last-dataset-229	unreferenced message	corvax\datasets\names\vulp_last.ftl
names-vulp-last-dataset-23	unreferenced message	corvax\datasets\names\vulp_last.ftl
names-vulp-last-dataset-230	unreferenced message	corvax\datasets\names\vulp_last.ftl
names-vulp-last-dataset-231	unreferenced message	corvax\datasets\names\vulp_last.ftl
names-vulp-last-dataset-232	unreferenced message	corvax\datasets\names\vulp_last.ftl
names-vulp-last-dataset-233	unreferenced message	corvax\datasets\names\vulp_last.ftl
names-vulp-last-dataset-234	unreferenced message	corvax\datasets\names\vulp_last.ftl
names-vulp-last-dataset-235	unreferenced message	corvax\datasets\names\vulp_last.ftl
names-vulp-last-dataset-236	unreferenced message	corvax\datasets\names\vulp_last.ftl
names-vulp-last-dataset-237	unreferenced message	corvax\datasets\names\vulp_last.ftl
names-vulp-last-dataset-238	unreferenced message	corvax\datasets\names\vulp_last.ftl
names-vulp-last-dataset-239	unreferenced message	corvax\datasets\names\vulp_last.ftl
names-vulp-last-dataset-24	unreferenced message	corvax\datasets\names\vulp_last.ftl
names-vulp-last-dataset-240	unreferenced message	corvax\datasets\names\vulp_last.ftl
names-vulp-last-dataset-241	unreferenced message	corvax\datasets\names\vulp_last.ftl
names-vulp-last-dataset-242	unreferenced message	corvax\datasets\names\vulp_last.ftl
names-vulp-last-dataset-243	unreferenced message	corvax\datasets\names\vulp_last.ftl
names-vulp-last-dataset-244	unreferenced message	corvax\datasets\names\vulp_last.ftl
names-vulp-last-dataset-245	unreferenced message	corvax\datasets\names\vulp_last.ftl
names-vulp-last-dataset-246	unreferenced message	corvax\datasets\names\vulp_last.ftl
names-vulp-last-dataset-247	unreferenced message	corvax\datasets\names\vulp_last.ftl
names-vulp-last-dataset-248	unreferenced message	corvax\datasets\names\vulp_last.ftl
names-vulp-last-dataset-249	unreferenced message	corvax\datasets\names\vulp_last.ftl
names-vulp-last-dataset-25	unreferenced message	corvax\datasets\names\vulp_last.ftl
names-vulp-last-dataset-250	unreferenced message	corvax\datasets\names\vulp_last.ftl
names-vulp-last-dataset-251	unreferenced message	corvax\datasets\names\vulp_last.ftl
names-vulp-last-dataset-252	unreferenced message	corvax\datasets\names\vulp_last.ftl
names-vulp-last-dataset-26	unreferenced message	corvax\datasets\names\vulp_last.ftl
names-vulp-last-dataset-27	unreferenced message	corvax\datasets\names\vulp_last.ftl
names-vulp-last-dataset-28	unreferenced message	corvax\datasets\names\vulp_last.ftl
names-vulp-last-dataset-29	unreferenced message	corvax\datasets\names\vulp_last.ftl
names-vulp-last-dataset-3	unreferenced message	corvax\datasets\names\vulp_last.ftl
names-vulp-last-dataset-30	unreferenced message	corvax\datasets\names\vulp_last.ftl
names-vulp-last-dataset-31	unreferenced message	corvax\datasets\names\vulp_last.ftl
names-vulp-last-dataset-32	unreferenced message	corvax\datasets\names\vulp_last.ftl
names-vulp-last-dataset-33	unreferenced message	corvax\datasets\names\vulp_last.ftl
names-vulp-last-dataset-34	unreferenced message	corvax\datasets\names\vulp_last.ftl
names-vulp-last-dataset-35	unreferenced message	corvax\datasets\names\vulp_last.ftl
names-vulp-last-dataset-36	unreferenced message	corvax\datasets\names\vulp_last.ftl
names-vulp-last-dataset-37	unreferenced message	corvax\datasets\names\vulp_last.ftl
names-vulp-last-dataset-38	unreferenced message	corvax\datasets\names\vulp_last.ftl
names-vulp-last-dataset-39	unreferenced message	corvax\datasets\names\vulp_last.ftl
names-vulp-last-dataset-4	unreferenced message	corvax\datasets\names\vulp_last.ftl
names-vulp-last-dataset-40	unreferenced message	corvax\datasets\names\vulp_last.ftl
names-vulp-last-dataset-41	unreferenced message	corvax\datasets\names\vulp_last.ftl
names-vulp-last-dataset-42	unreferenced message	corvax\datasets\names\vulp_last.ftl
names-vulp-last-dataset-43	unreferenced message	corvax\datasets\names\vulp_last.ftl
names-vulp-last-dataset-44	unreferenced message	corvax\datasets\names\vulp_last.ftl
names-vulp-last-dataset-45	unreferenced message	corvax\datasets\names\vulp_last.ftl
names-vulp-last-dataset-46	unreferenced message	corvax\datasets\names\vulp_last.ftl
names-vulp-last-dataset-47	unreferenced message	corvax\datasets\names\vulp_last.ftl
names-vulp-last-dataset-48	unreferenced message	corvax\datasets\names\vulp_last.ftl
names-vulp-last-dataset-49	unreferenced message	corvax\datasets\names\vulp_last.ftl
names-vulp-last-dataset-5	unreferenced message	corvax\datasets\names\vulp_last.ftl
names-vulp-last-dataset-50	unreferenced message	corvax\datasets\names\vulp_last.ftl
names-vulp-last-dataset-51	unreferenced message	corvax\datasets\names\vulp_last.ftl
names-vulp-last-dataset-52	unreferenced message	corvax\datasets\names\vulp_last.ftl
names-vulp-last-dataset-53	unreferenced message	corvax\datasets\names\vulp_last.ftl
names-vulp-last-dataset-54	unreferenced message	corvax\datasets\names\vulp_last.ftl
names-vulp-last-dataset-55	unreferenced message	corvax\datasets\names\vulp_last.ftl
names-vulp-last-dataset-56	unreferenced message	corvax\datasets\names\vulp_last.ftl
names-vulp-last-dataset-57	unreferenced message	corvax\datasets\names\vulp_last.ftl
names-vulp-last-dataset-58	unreferenced message	corvax\datasets\names\vulp_last.ftl
names-vulp-last-dataset-59	unreferenced message	corvax\datasets\names\vulp_last.ftl
names-vulp-last-dataset-6	unreferenced message	corvax\datasets\names\vulp_last.ftl
names-vulp-last-dataset-60	unreferenced message	corvax\datasets\names\vulp_last.ftl
names-vulp-last-dataset-61	unreferenced message	corvax\datasets\names\vulp_last.ftl
names-vulp-last-dataset-62	unreferenced message	corvax\datasets\names\vulp_last.ftl
names-vulp-last-dataset-63	unreferenced message	corvax\datasets\names\vulp_last.ftl
names-vulp-last-dataset-64	unreferenced message	corvax\datasets\names\vulp_last.ftl
names-vulp-last-dataset-65	unreferenced message	corvax\datasets\names\vulp_last.ftl
names-vulp-last-dataset-66	unreferenced message	corvax\datasets\names\vulp_last.ftl
names-vulp-last-dataset-67	unreferenced message	corvax\datasets\names\vulp_last.ftl
names-vulp-last-dataset-68	unreferenced message	corvax\datasets\names\vulp_last.ftl
names-vulp-last-dataset-69	unreferenced message	corvax\datasets\names\vulp_last.ftl
names-vulp-last-dataset-7	unreferenced message	corvax\datasets\names\vulp_last.ftl
names-vulp-last-dataset-70	unreferenced message	corvax\datasets\names\vulp_last.ftl
names-vulp-last-dataset-71	unreferenced message	corvax\datasets\names\vulp_last.ftl
names-vulp-last-dataset-72	unreferenced message	corvax\datasets\names\vulp_last.ftl
names-vulp-last-dataset-73	unreferenced message	corvax\datasets\names\vulp_last.ftl
names-vulp-last-dataset-74	unreferenced message	corvax\datasets\names\vulp_last.ftl
names-vulp-last-dataset-75	unreferenced message	corvax\datasets\names\vulp_last.ftl
names-vulp-last-dataset-76	unreferenced message	corvax\datasets\names\vulp_last.ftl
names-vulp-last-dataset-77	unreferenced message	corvax\datasets\names\vulp_last.ftl
names-vulp-last-dataset-78	unreferenced message	corvax\datasets\names\vulp_last.ftl
names-vulp-last-dataset-79	unreferenced message	corvax\datasets\names\vulp_last.ftl
names-vulp-last-dataset-8	unreferenced message	corvax\datasets\names\vulp_last.ftl
names-vulp-last-dataset-80	unreferenced message	corvax\datasets\names\vulp_last.ftl
names-vulp-last-dataset-81	unreferenced message	corvax\datasets\names\vulp_last.ftl
names-vulp-last-dataset-82	unreferenced message	corvax\datasets\names\vulp_last.ftl
names-vulp-last-dataset-83	unreferenced message	corvax\datasets\names\vulp_last.ftl
names-vulp-last-dataset-84	unreferenced message	corvax\datasets\names\vulp_last.ftl
names-vulp-last-dataset-85	unreferenced message	corvax\datasets\names\vulp_last.ftl
names-vulp-last-dataset-86	unreferenced message	corvax\datasets\names\vulp_last.ftl
names-vulp-last-dataset-87	unreferenced message	corvax\datasets\names\vulp_last.ftl
names-vulp-last-dataset-88	unreferenced message	corvax\datasets\names\vulp_last.ftl
names-vulp-last-dataset-89	unreferenced message	corvax\datasets\names\vulp_last.ftl
names-vulp-last-dataset-9	unreferenced message	corvax\datasets\names\vulp_last.ftl
names-vulp-last-dataset-90	unreferenced message	corvax\datasets\names\vulp_last.ftl
names-vulp-last-dataset-91	unreferenced message	corvax\datasets\names\vulp_last.ftl
names-vulp-last-dataset-92	unreferenced message	corvax\datasets\names\vulp_last.ftl
names-vulp-last-dataset-93	unreferenced message	corvax\datasets\names\vulp_last.ftl
names-vulp-last-dataset-94	unreferenced message	corvax\datasets\names\vulp_last.ftl
names-vulp-last-dataset-95	unreferenced message	corvax\datasets\names\vulp_last.ftl
names-vulp-last-dataset-96	unreferenced message	corvax\datasets\names\vulp_last.ftl
names-vulp-last-dataset-97	unreferenced message	corvax\datasets\names\vulp_last.ftl
names-vulp-last-dataset-98	unreferenced message	corvax\datasets\names\vulp_last.ftl
names-vulp-last-dataset-99	unreferenced message	corvax\datasets\names\vulp_last.ftl
objective-devour-unique-identity-description	unreferenced message	objectives\conditions\changeling.ftl
objective-devour-unique-identity-name	unreferenced message	objectives\conditions\changeling.ftl
objective-escape-department-title	unreferenced message	objectives\conditions\changeling.ftl
objective-escape-identity-title	unreferenced message	objectives\conditions\changeling.ftl
objective-gain-unique-identity-description	unreferenced message	objectives\conditions\changeling.ftl
objective-gain-unique-identity-name	unreferenced message	objectives\conditions\changeling.ftl
offset-steel-floor	unreferenced message	corvax\stack\stacks.ftl
option-button-filter	unreferenced message	robust-toolbox\controls.ftl
output-panel-scroll-down-button-text	unreferenced message	robust-toolbox\custom-controls.ftl
panic-bunker-account-reason-vpn	unreferenced message	corvax\connection-messages.ftl
panicbunker-command-deny-vpn-disabled	unreferenced message	corvax\administration\commands\panicbunker.ftl
panicbunker-command-deny-vpn-enabled	unreferenced message	corvax\administration\commands\panicbunker.ftl
parquet-black-wood-floor	unreferenced message	corvax\stack\stacks.ftl
parquet-dark-wood-floor	unreferenced message	corvax\stack\stacks.ftl
parquet-light-wood-floor	unreferenced message	corvax\stack\stacks.ftl
parquet-red-wood-floor	unreferenced message	corvax\stack\stacks.ftl
petting-failure-elder-headslug	unreferenced message	interaction\interaction-popup-component.ftl
petting-failure-gorilla	unreferenced message	corvax\interaction\interaction-popup-component.ftl
petting-failure-headslug	unreferenced message	interaction\interaction-popup-component.ftl
petting-failure-sheep	unreferenced message	interaction\interaction-popup-component.ftl
petting-success-elder-headslug	unreferenced message	interaction\interaction-popup-component.ftl
petting-success-gorilla	unreferenced message	corvax\interaction\interaction-popup-component.ftl
petting-success-headslug	unreferenced message	interaction\interaction-popup-component.ftl
petting-success-sheep	unreferenced message	interaction\interaction-popup-component.ftl
pill-label-ambuzol-15u	unreferenced message	medical\pills.ftl
pill-label-bicaridine-20u	unreferenced message	medical\pills.ftl
pill-label-charcoal-20u	unreferenced message	medical\pills.ftl
pill-label-copper-20u	unreferenced message	medical\pills.ftl
pill-label-dermaline-20u	unreferenced message	medical\pills.ftl
pill-label-dexalin-20u	unreferenced message	medical\pills.ftl
pill-label-dylovene-20u	unreferenced message	medical\pills.ftl
pill-label-hyronalin-20u	unreferenced message	medical\pills.ftl
pill-label-iron-20u	unreferenced message	medical\pills.ftl
pill-label-kelotane-20u	unreferenced message	medical\pills.ftl
pill-label-potassium-iodide-20u	unreferenced message	medical\pills.ftl
pill-label-tricordrazine-20u	unreferenced message	medical\pills.ftl
plant-attribute-endurance	unreferenced message	guidebook\chemistry\plant-attributes.ftl
plant-attribute-high-heat-tolerance	unreferenced message	guidebook\chemistry\plant-attributes.ftl
plant-attribute-high-pressure-tolerance	unreferenced message	guidebook\chemistry\plant-attributes.ftl
plant-attribute-lifespan	unreferenced message	guidebook\chemistry\plant-attributes.ftl
plant-attribute-low-heat-tolerance	unreferenced message	guidebook\chemistry\plant-attributes.ftl
plant-attribute-low-pressure-tolerance	unreferenced message	guidebook\chemistry\plant-attributes.ftl
plant-attribute-maturation	unreferenced message	guidebook\chemistry\plant-attributes.ftl
plant-attribute-nutrient-consumption	unreferenced message	guidebook\chemistry\plant-attributes.ftl
plant-attribute-pest-tolerance	unreferenced message	guidebook\chemistry\plant-attributes.ftl
plant-attribute-production	unreferenced message	guidebook\chemistry\plant-attributes.ftl
plant-attribute-toxins-tolerance	unreferenced message	guidebook\chemistry\plant-attributes.ftl
plant-attribute-water-consumption	unreferenced message	guidebook\chemistry\plant-attributes.ftl
plant-attribute-weed-tolerance	unreferenced message	guidebook\chemistry\plant-attributes.ftl
plant-attribute-yield	unreferenced message	guidebook\chemistry\plant-attributes.ftl
plant-component-already-seeded-popup	unreferenced message	botany\components\plant-component.ftl
plant-component-dead-plant-matter-message	unreferenced message	botany\components\plant-component.ftl
plant-component-gas-missing-warning	unreferenced message	botany\components\plant-component.ftl
plant-component-heat-improper-warning	unreferenced message	botany\components\plant-component.ftl
plant-component-light-improper-warning	unreferenced message	botany\components\plant-component.ftl
plant-component-ligneous-cant-harvest-message	unreferenced message	botany\components\plant-component.ftl
plant-component-plant-old-adjective	unreferenced message	botany\components\plant-component.ftl
plant-component-plant-success-popup	unreferenced message	botany\components\plant-component.ftl
plant-component-plant-unhealthy-adjective	unreferenced message	botany\components\plant-component.ftl
plant-component-pressure-improper-warning	unreferenced message	botany\components\plant-component.ftl
plant-component-something-already-growing-low-health-message	unreferenced message	botany\components\plant-component.ftl
plant-component-something-already-growing-message	unreferenced message	botany\components\plant-component.ftl
plant-hoe-component-already-seeded-popup	unreferenced message	botany\components\plant-item-component.ftl
plant-hoe-component-no-weeds-popup	unreferenced message	botany\components\plant-item-component.ftl
plant-hoe-component-remove-weeds-others-popup	unreferenced message	botany\components\plant-item-component.ftl
plant-produce-component-compost-others-popup	unreferenced message	botany\components\plant-item-component.ftl
plant-produce-component-compost-popup	unreferenced message	botany\components\plant-item-component.ftl
plant-sample-component-already-sampled-popup	unreferenced message	botany\components\plant-item-component.ftl
plant-sample-component-dead-plant-popup	unreferenced message	botany\components\plant-item-component.ftl
plant-sample-component-early-sample-popup	unreferenced message	botany\components\plant-item-component.ftl
plant-sample-component-take-sample-popup	unreferenced message	botany\components\plant-item-component.ftl
plant-shovel-component-no-plant-popup	unreferenced message	botany\components\plant-item-component.ftl
plant-shovel-component-remove-plant-others-popup	unreferenced message	botany\components\plant-item-component.ftl
plant-shovel-component-remove-plant-popup	unreferenced message	botany\components\plant-item-component.ftl
play-local-sound-command-arg-path	unreferenced message	corvax\administration\commands\play-local-sound-command.ftl
play-local-sound-command-arg-uid	unreferenced message	corvax\administration\commands\play-local-sound-command.ftl
play-local-sound-command-arg-volume	unreferenced message	corvax\administration\commands\play-local-sound-command.ftl
play-local-sound-command-description	unreferenced message	corvax\administration\commands\play-local-sound-command.ftl
play-local-sound-command-help	unreferenced message	corvax\administration\commands\play-local-sound-command.ftl
play-local-sound-command-uid	unreferenced message	corvax\administration\commands\play-local-sound-command.ftl
play-local-sound-command-volume-parse	unreferenced message	corvax\administration\commands\play-local-sound-command.ftl
player-panel-account-creation	unreferenced message	administration\ui\player-panel.ftl
player-panel-trust-score	unreferenced message	administration\ui\player-panel.ftl
popup-copy-button	unreferenced message	robust-toolbox\userinterface.ftl
popup-title	unreferenced message	robust-toolbox\userinterface.ftl
radio-microphone-component-examine	unreferenced message	radio\components\radio-microphone-component.ftl
rainbow-sheep-not-shearable-examine-markup	unreferenced message	animals\sheep\sheep.ftl
rainbow-sheep-shearable-examine-markup	unreferenced message	animals\sheep\sheep.ftl
rainbow-sheep-shearable-verb	unreferenced message	animals\sheep\sheep.ftl
reagent-desc-Hydroxysomnolene	unreferenced message	reagents\meta\narcotics.ftl
reagent-desc-StrawberryIce	unreferenced message	reagents\meta\narcotics.ftl
reagent-desc-alexander	unreferenced message	corvax\reagents\meta\consumable\drink\alcohol.ftl
reagent-desc-badTouch	unreferenced message	corvax\reagents\meta\consumable\drink\alcohol.ftl
reagent-desc-boyarsky	unreferenced message	corvax\reagents\meta\consumable\drink\alcohol.ftl
reagent-desc-bramble	unreferenced message	corvax\reagents\meta\consumable\drink\alcohol.ftl
reagent-desc-campari	unreferenced message	corvax\reagents\meta\consumable\drink\alcohol.ftl
reagent-desc-canidessence	unreferenced message	reagents\meta\fun.ftl
reagent-desc-catessence	unreferenced message	reagents\meta\fun.ftl
reagent-desc-hardlight-toxin	unreferenced message	reagents\meta\toxins.ftl
reagent-desc-hivarol	unreferenced message	reagents\meta\toxins.ftl
reagent-desc-kvass	unreferenced message	corvax\reagents\meta\consumable\drink\drinks.ftl
reagent-desc-living-tissue	unreferenced message	reagents\meta\biological.ftl
reagent-desc-maiTai	unreferenced message	corvax\reagents\meta\consumable\drink\alcohol.ftl
reagent-desc-milk-sheep	unreferenced message	reagents\meta\consumable\drink\drinks.ftl
reagent-desc-mutagenic-fertilizer	unreferenced message	reagents\meta\botany.ftl
reagent-desc-negroni	unreferenced message	corvax\reagents\meta\consumable\drink\alcohol.ftl
reagent-desc-nyctalon	unreferenced message	reagents\meta\narcotics.ftl
reagent-desc-oldFashioned	unreferenced message	corvax\reagents\meta\consumable\drink\alcohol.ftl
reagent-desc-paloma	unreferenced message	corvax\reagents\meta\consumable\drink\alcohol.ftl
reagent-desc-phosphoric-acid	unreferenced message	reagents\meta\toxins.ftl
reagent-desc-romerodone	unreferenced message	reagents\meta\medicine.ftl
reagent-desc-tacitic-acid	unreferenced message	reagents\meta\narcotics.ftl
reagent-desc-xenoborg-oil	unreferenced message	reagents\meta\pyrotechnic.ftl
reagent-desc-yorsh	unreferenced message	corvax\reagents\meta\consumable\drink\alcohol.ftl
reagent-name-Hydroxysomnolene	unreferenced message	reagents\meta\narcotics.ftl
reagent-name-StrawberryIce	unreferenced message	reagents\meta\narcotics.ftl
reagent-name-alexander	unreferenced message	corvax\reagents\meta\consumable\drink\alcohol.ftl
reagent-name-badTouch	unreferenced message	corvax\reagents\meta\consumable\drink\alcohol.ftl
reagent-name-boyarsky	unreferenced message	corvax\reagents\meta\consumable\drink\alcohol.ftl
reagent-name-bramble	unreferenced message	corvax\reagents\meta\consumable\drink\alcohol.ftl
reagent-name-campari	unreferenced message	corvax\reagents\meta\consumable\drink\alcohol.ftl
reagent-name-canidessence	unreferenced message	reagents\meta\fun.ftl
reagent-name-catessence	unreferenced message	reagents\meta\fun.ftl
reagent-name-hardlight-toxin	unreferenced message	reagents\meta\toxins.ftl
reagent-name-hivarol	unreferenced message	reagents\meta\toxins.ftl
reagent-name-kvass	unreferenced message	corvax\reagents\meta\consumable\drink\drinks.ftl
reagent-name-living-tissue	unreferenced message	reagents\meta\biological.ftl
reagent-name-maiTai	unreferenced message	corvax\reagents\meta\consumable\drink\alcohol.ftl
reagent-name-milk-sheep	unreferenced message	reagents\meta\consumable\drink\drinks.ftl
reagent-name-mutagenic-fertilizer	unreferenced message	reagents\meta\botany.ftl
reagent-name-negroni	unreferenced message	corvax\reagents\meta\consumable\drink\alcohol.ftl
reagent-name-nyctalon	unreferenced message	reagents\meta\narcotics.ftl
reagent-name-oldFashioned	unreferenced message	corvax\reagents\meta\consumable\drink\alcohol.ftl
reagent-name-paloma	unreferenced message	corvax\reagents\meta\consumable\drink\alcohol.ftl
reagent-name-phosphoric-acid	unreferenced message	reagents\meta\toxins.ftl
reagent-name-romerodone	unreferenced message	reagents\meta\medicine.ftl
reagent-name-tacitic-acid	unreferenced message	reagents\meta\narcotics.ftl
reagent-name-xenoborg-oil	unreferenced message	reagents\meta\pyrotechnic.ftl
reagent-name-yorsh	unreferenced message	corvax\reagents\meta\consumable\drink\alcohol.ftl
red-wood-floor	unreferenced message	corvax\stack\stacks.ftl
refined-butchered-success	unreferenced message	tool-refinable\tool-refinable.ftl
refined-butchered-success-others	unreferenced message	tool-refinable\tool-refinable.ftl
refined-butchered-verb-name	unreferenced message	tool-refinable\tool-refinable.ftl
refined-slice-verb-message-default	unreferenced message	tool-refinable\tool-refinable.ftl
refined-slice-verb-message-tool	unreferenced message	tool-refinable\tool-refinable.ftl
refined-slice-verb-name	unreferenced message	tool-refinable\tool-refinable.ftl
refined-slice-verb-target-isnt-dead	unreferenced message	tool-refinable\tool-refinable.ftl
replay-time-box-index-label	unreferenced message	robust-toolbox\replays.ftl
replay-time-box-replay-time-label	unreferenced message	robust-toolbox\replays.ftl
replay-time-box-scrubbing-label	unreferenced message	robust-toolbox\replays.ftl
replay-time-box-server-time-label	unreferenced message	robust-toolbox\replays.ftl
replay-time-box-tick-label	unreferenced message	robust-toolbox\replays.ftl
research-technology-telesci	unreferenced message	research\technologies.ftl
rock-vault-floor	unreferenced message	corvax\stack\stacks.ftl
roles-antag-evil-twin-name	unreferenced message	corvax\station-events\events\evil-twin.ftl
roles-antag-evil-twin-objective	unreferenced message	corvax\station-events\events\evil-twin.ftl
round-end-summary-window-player-manifest-tab-search-placeholder	unreferenced message	round-end\round-end-summary-window.ftl
round-end-summary-window-player-manifest-tab-sort-character	unreferenced message	round-end\round-end-summary-window.ftl
round-end-summary-window-player-manifest-tab-sort-player	unreferenced message	round-end\round-end-summary-window.ftl
round-end-summary-window-player-manifest-tab-sort-player-type	unreferenced message	round-end\round-end-summary-window.ftl
round-end-summary-window-player-manifest-tab-sort-player-type-antag	unreferenced message	round-end\round-end-summary-window.ftl
round-end-summary-window-player-manifest-tab-sort-player-type-crew	unreferenced message	round-end\round-end-summary-window.ftl
round-end-summary-window-player-manifest-tab-sort-player-type-observer	unreferenced message	round-end\round-end-summary-window.ftl
round-end-summary-window-player-manifest-tab-sort-role	unreferenced message	round-end\round-end-summary-window.ftl
satiation-not-enough-hunger	unreferenced message	nutrition\satiation.ftl
satiation-type-chemicals	unreferenced message	nutrition\satiation.ftl
satiation-type-hunger	unreferenced message	nutrition\satiation.ftl
satiation-type-thirst	unreferenced message	nutrition\satiation.ftl
screech-protection-examine-text	unreferenced message	screech\screech.ftl
sec-apartment-active	unreferenced message	corvax\secapartment\secapartment.ftl
sec-apartment-assign-button	unreferenced message	corvax\secapartment\secapartment.ftl
sec-apartment-assign-no-squads	unreferenced message	corvax\secapartment\secapartment.ftl
sec-apartment-assign-select-squad	unreferenced message	corvax\secapartment\secapartment.ftl
sec-apartment-icon-alpha	unreferenced message	corvax\secapartment\secapartment.ftl
sec-apartment-icon-beta	unreferenced message	corvax\secapartment\secapartment.ftl
sec-apartment-icon-delta	unreferenced message	corvax\secapartment\secapartment.ftl
sec-apartment-icon-epsilon	unreferenced message	corvax\secapartment\secapartment.ftl
sec-apartment-icon-fi	unreferenced message	corvax\secapartment\secapartment.ftl
sec-apartment-icon-gamma	unreferenced message	corvax\secapartment\secapartment.ftl
sec-apartment-icon-heta	unreferenced message	corvax\secapartment\secapartment.ftl
sec-apartment-icon-hi	unreferenced message	corvax\secapartment\secapartment.ftl
sec-apartment-icon-iota	unreferenced message	corvax\secapartment\secapartment.ftl
sec-apartment-icon-kappa	unreferenced message	corvax\secapartment\secapartment.ftl
sec-apartment-icon-lambda	unreferenced message	corvax\secapartment\secapartment.ftl
sec-apartment-icon-mu	unreferenced message	corvax\secapartment\secapartment.ftl
sec-apartment-icon-nu	unreferenced message	corvax\secapartment\secapartment.ftl
sec-apartment-icon-omega	unreferenced message	corvax\secapartment\secapartment.ftl
sec-apartment-icon-omicron	unreferenced message	corvax\secapartment\secapartment.ftl
sec-apartment-icon-pi	unreferenced message	corvax\secapartment\secapartment.ftl
sec-apartment-icon-psi	unreferenced message	corvax\secapartment\secapartment.ftl
sec-apartment-icon-ro	unreferenced message	corvax\secapartment\secapartment.ftl
sec-apartment-icon-sigma	unreferenced message	corvax\secapartment\secapartment.ftl
sec-apartment-icon-tau	unreferenced message	corvax\secapartment\secapartment.ftl
sec-apartment-icon-theta	unreferenced message	corvax\secapartment\secapartment.ftl
sec-apartment-icon-upsilon	unreferenced message	corvax\secapartment\secapartment.ftl
sec-apartment-icon-xi	unreferenced message	corvax\secapartment\secapartment.ftl
sec-apartment-icon-zeta	unreferenced message	corvax\secapartment\secapartment.ftl
sec-apartment-on-break	unreferenced message	corvax\secapartment\secapartment.ftl
sec-apartment-squad-members	unreferenced message	corvax\secapartment\secapartment.ftl
sec-apartment-squad-no-desc	unreferenced message	corvax\secapartment\secapartment.ftl
sec-apartment-squad-no-members	unreferenced message	corvax\secapartment\secapartment.ftl
sec-apartment-squad-remove-name	unreferenced message	corvax\secapartment\secapartment.ftl
sec-apartment-squad-remove-tooltip	unreferenced message	corvax\secapartment\secapartment.ftl
sec-apartment-tab-squads	unreferenced message	corvax\secapartment\secapartment.ftl
sec-apartment-tab-timers	unreferenced message	corvax\secapartment\secapartment.ftl
sec-apartment-ui-footer	unreferenced message	corvax\secapartment\secapartment.ftl
sec-apartment-ui-mark	unreferenced message	corvax\secapartment\secapartment.ftl
sec-apartment-ui-no-squads-crew	unreferenced message	corvax\secapartment\secapartment.ftl
sec-apartment-ui-os	unreferenced message	corvax\secapartment\secapartment.ftl
sec-apartment-ui-sec-apartment	unreferenced message	corvax\secapartment\secapartment.ftl
sec-apartment-ui-squads	unreferenced message	corvax\secapartment\secapartment.ftl
sec-apartment-ui-squads-create	unreferenced message	corvax\secapartment\secapartment.ftl
sec-apartment-ui-squads-delete	unreferenced message	corvax\secapartment\secapartment.ftl
sec-apartment-ui-squads-delete-tooltip	unreferenced message	corvax\secapartment\secapartment.ftl
sec-apartment-ui-squads-desc-edit	unreferenced message	corvax\secapartment\secapartment.ftl
sec-apartment-ui-squads-desc-placeholder	unreferenced message	corvax\secapartment\secapartment.ftl
sec-apartment-ui-squads-desc-save	unreferenced message	corvax\secapartment\secapartment.ftl
sec-apartment-ui-squads-location	unreferenced message	corvax\secapartment\secapartment.ftl
sec-apartment-ui-squads-members	unreferenced message	corvax\secapartment\secapartment.ftl
sec-apartment-ui-squads-nameedit-placeholder	unreferenced message	corvax\secapartment\secapartment.ftl
sec-apartment-ui-squads-placeholder	unreferenced message	corvax\secapartment\secapartment.ftl
sec-apartment-ui-squads-rename	unreferenced message	corvax\secapartment\secapartment.ftl
sec-apartment-ui-squads-rename-tooltip	unreferenced message	corvax\secapartment\secapartment.ftl
sec-apartment-ui-squads-save	unreferenced message	corvax\secapartment\secapartment.ftl
sec-apartment-ui-squads-save-tooltip	unreferenced message	corvax\secapartment\secapartment.ftl
sec-apartment-ui-squads-status	unreferenced message	corvax\secapartment\secapartment.ftl
sec-apartment-ui-station	unreferenced message	corvax\secapartment\secapartment.ftl
sec-apartment-ui-timers	unreferenced message	corvax\secapartment\secapartment.ftl
sec-apartment-ui-timers-info	unreferenced message	corvax\secapartment\secapartment.ftl
sec-apartment-ui-timers-remove	unreferenced message	corvax\secapartment\secapartment.ftl
sec-apartment-ui-timers-remove-tooltip	unreferenced message	corvax\secapartment\secapartment.ftl
sec-apartment-ui-timers-total-time	unreferenced message	corvax\secapartment\secapartment.ftl
sec-apartment-unknown	unreferenced message	corvax\secapartment\secapartment.ftl
send-station-goal-command-arg-id	unreferenced message	corvax\station-goal\station-goal-command.ftl
send-station-goal-command-arg-station	unreferenced message	corvax\station-goal\station-goal-command.ftl
send-station-goal-command-description	unreferenced message	corvax\station-goal\station-goal-command.ftl
send-station-goal-command-help-text	unreferenced message	corvax\station-goal\station-goal-command.ftl
server-admin-afk-time	unreferenced message	administration\ui\tabs\server-tab.ftl
server-afk-confirm-timeout	unreferenced message	administration\ui\tabs\server-tab.ftl
server-afk-time	unreferenced message	administration\ui\tabs\server-tab.ftl
server-afk-timers	unreferenced message	administration\ui\tabs\server-tab.ftl
server-dead-chat-toggle	unreferenced message	administration\ui\tabs\server-tab.ftl
shearable-system-no-product	unreferenced message	animals\shearable\shearable-system.ftl
shearable-system-success	unreferenced message	animals\shearable\shearable-system.ftl
shearable-system-verb-shear	unreferenced message	animals\shearable\shearable-system.ftl
shearable-system-wrong-tool	unreferenced message	animals\shearable\shearable-system.ftl
sheep-not-shearable-examine-markup	unreferenced message	animals\sheep\sheep.ftl
sheep-shearable-examine-markup	unreferenced message	animals\sheep\sheep.ftl
shell-argument-chat-invalid	unreferenced message	shell.ftl
shell-invalid-bool-value	unreferenced message	shell.ftl
shuttle-console-nav-arrivals-dock	unreferenced message	shuttles\console.ftl
shuttle-console-nav-cargo-dock	unreferenced message	shuttles\console.ftl
shuttle-console-nav-legend	unreferenced message	shuttles\console.ftl
shuttle-console-nav-other-dock	unreferenced message	shuttles\console.ftl
signal-port-description-dock-toggle	unreferenced message	machine-linking\receiver_ports.ftl
signal-port-description-doorboltstatus	unreferenced message	machine-linking\transmitter_ports.ftl
signal-port-description-target-receiver	unreferenced message	machine-linking\receiver_ports.ftl
signal-port-description-target-source	unreferenced message	machine-linking\receiver_ports.ftl
signal-port-name-dock-toggle	unreferenced message	machine-linking\receiver_ports.ftl
signal-port-name-doorboltstatus	unreferenced message	machine-linking\transmitter_ports.ftl
signal-port-name-target-receiver	unreferenced message	machine-linking\receiver_ports.ftl
signal-port-name-target-source	unreferenced message	machine-linking\receiver_ports.ftl
sleep-ipc	unreferenced message	corvax\actions\sleep.ftl
space-changeling-role-greeting	unreferenced message	game-ticking\game-presets\preset-changeling.ftl
space-sheep-not-shearable-examine-markup	unreferenced message	animals\sheep\sheep.ftl
space-sheep-shearable-examine-markup	unreferenced message	animals\sheep\sheep.ftl
spacevillain-menu-label-enemy	unreferenced message	arcade\spacevillain.ftl
spacevillain-menu-label-health	unreferenced message	arcade\spacevillain.ftl
spacevillain-menu-label-magic	unreferenced message	arcade\spacevillain.ftl
species-name-Ipc	unreferenced message	corvax\species\species.ftl
species-name-tajaran	unreferenced message	corvax\species\species.ftl
spellbook-guardian-deck-description	unreferenced message	store\spellbook-catalog.ftl
spellbook-guardian-deck-name	unreferenced message	store\spellbook-catalog.ftl
sponsor-only-text	unreferenced message	corvax\species\species-ui.ftl
sponsor-only-tier-text	unreferenced message	corvax\species\species-ui.ftl
spray-bottle-label-space-cleaner	unreferenced message	janitorial\spray.ftl
stack-dark-marble-mono-floor	unreferenced message	stack\stacks.ftl
stack-exo-borg-floor	unreferenced message	stack\stacks.ftl
stack-exo-corner-ne-floor	unreferenced message	stack\stacks.ftl
stack-exo-corner-nw-floor	unreferenced message	stack\stacks.ftl
stack-exo-corner-se-floor	unreferenced message	stack\stacks.ftl
stack-exo-corner-sw-floor	unreferenced message	stack\stacks.ftl
stack-exo-horizontal-floor	unreferenced message	stack\stacks.ftl
stack-exo-hull-floor	unreferenced message	stack\stacks.ftl
stack-exo-techmaint-floor	unreferenced message	stack\stacks.ftl
stack-exo-vertical-floor	unreferenced message	stack\stacks.ftl
stack-exo-viscera-floor	unreferenced message	stack\stacks.ftl
stack-plastic-dark-tile	unreferenced message	stack\stacks.ftl
stack-plastic-tile	unreferenced message	stack\stacks.ftl
stack-plastic-white-tile	unreferenced message	stack\stacks.ftl
stack-white-marble-mono-floor	unreferenced message	stack\stacks.ftl
stack-xenoborg-crystal	unreferenced message	stack\stacks.ftl
stamp-component-stamped-name-iaa	unreferenced message	corvax\paper\stamp-component.ftl
stamp-component-stamped-name-magistrate	unreferenced message	corvax\paper\stamp-component.ftl
station-ai-fixer-console-window-controls	unreferenced message	silicons\station-ai-fixer-console.ftl
station-event-bio-swarm-start-announcement	unreferenced message	station-events\events\meteor-swarm.ftl
station-goal-ai	unreferenced message	corvax\station-goal\station-goal-component.ftl
station-goal-artifacts	unreferenced message	corvax\station-goal\station-goal-component.ftl
station-goal-astra-repair	unreferenced message	corvax\station-goal\station-goal-component.ftl
station-goal-bank	unreferenced message	corvax\station-goal\station-goal-component.ftl
station-goal-botany	unreferenced message	corvax\station-goal\station-goal-component.ftl
station-goal-bunker	unreferenced message	corvax\station-goal\station-goal-component.ftl
station-goal-delta-ambusol	unreferenced message	corvax\station-goal\station-goal-component.ftl
station-goal-delta-xeno-repair	unreferenced message	corvax\station-goal\station-goal-component.ftl
station-goal-end	unreferenced message	corvax\station-goal\station-goal-component.ftl
station-goal-fax-paper-name	unreferenced message	corvax\station-goal\station-goal-component.ftl
station-goal-frame-repair	unreferenced message	corvax\station-goal\station-goal-component.ftl
station-goal-mining-outpost	unreferenced message	corvax\station-goal\station-goal-component.ftl
station-goal-news-author	unreferenced message	corvax\station-goal\station-goal-component.ftl
station-goal-news-title	unreferenced message	corvax\station-goal\station-goal-component.ftl
station-goal-security	unreferenced message	corvax\station-goal\station-goal-component.ftl
station-goal-shuttle-emergency	unreferenced message	corvax\station-goal\station-goal-component.ftl
station-goal-shuttle-med	unreferenced message	corvax\station-goal\station-goal-component.ftl
station-goal-shuttle-rnd	unreferenced message	corvax\station-goal\station-goal-component.ftl
station-goal-shuttle-sec	unreferenced message	corvax\station-goal\station-goal-component.ftl
station-goal-shuttle-srv	unreferenced message	corvax\station-goal\station-goal-component.ftl
station-goal-singularity	unreferenced message	corvax\station-goal\station-goal-component.ftl
station-goal-solar-panels	unreferenced message	corvax\station-goal\station-goal-component.ftl
station-goal-split-secure	unreferenced message	corvax\station-goal\station-goal-component.ftl
station-goal-start	unreferenced message	corvax\station-goal\station-goal-component.ftl
station-goal-tesla	unreferenced message	corvax\station-goal\station-goal-component.ftl
station-goal-theatre	unreferenced message	corvax\station-goal\station-goal-component.ftl
station-goal-zoo	unreferenced message	corvax\station-goal\station-goal-component.ftl
status-effect-examine-adrenaline	unreferenced message	examine\status-effects.ftl
status-effect-examine-drunk	unreferenced message	examine\status-effects.ftl
status-effect-examine-seeing-rainbow	unreferenced message	examine\status-effects.ftl
status-effect-examine-stunned	unreferenced message	examine\status-effects.ftl
status-effect-examine-temporary-blindness	unreferenced message	examine\status-effects.ftl
store-generator-collect-empty-popup	unreferenced message	store\store.ftl
store-generator-collect-popup	unreferenced message	store\store.ftl
store-generator-examine	unreferenced message	store\store.ftl
store-listing-locked	unreferenced message	store\store.ftl
suicide-regen-action-popup	unreferenced message	changeling\stasis.ftl
suit-sensor-description-binary	unreferenced message	medical\components\suit-sensor-component.ftl
suit-sensor-description-cords	unreferenced message	medical\components\suit-sensor-component.ftl
suit-sensor-description-off	unreferenced message	medical\components\suit-sensor-component.ftl
suit-sensor-description-vitals	unreferenced message	medical\components\suit-sensor-component.ftl
tab-container-not-tab-title-provided	unreferenced message	robust-toolbox\tab-container.ftl
tank-pressure-status	unreferenced message	items\item-status.ftl
tank-status-state	unreferenced message	items\item-status.ftl
tank-status-switchable-state	unreferenced message	items\item-status.ftl
teleport-action-popup-blocked	unreferenced message	teleportation\teleport-action.ftl
teleport-action-popup-cant-see	unreferenced message	teleportation\teleport-action.ftl
teleportation-menu-destination-obstructed	unreferenced message	teleportation\teleportation-menu-gui.ftl
teleporter-console-chip-examine-null	unreferenced message	teleportation\station-teleporter.ftl
teleporter-console-chip-examine-recorded	unreferenced message	teleportation\station-teleporter.ftl
teleporter-console-chip-record	unreferenced message	teleportation\station-teleporter.ftl
teleporter-console-slot-name	unreferenced message	teleportation\station-teleporter.ftl
teleporter-console-user-interface-cut-connection	unreferenced message	teleportation\station-teleporter.ftl
teleporter-console-user-interface-flavor-left	unreferenced message	teleportation\station-teleporter.ftl
teleporter-console-user-interface-flavor-right	unreferenced message	teleportation\station-teleporter.ftl
teleporter-console-user-interface-locate	unreferenced message	teleportation\station-teleporter.ftl
teleporter-console-user-interface-no-power	unreferenced message	teleportation\station-teleporter.ftl
teleporter-console-user-interface-no-teleporters	unreferenced message	teleportation\station-teleporter.ftl
teleporter-console-user-interface-start-connection	unreferenced message	teleportation\station-teleporter.ftl
teleporter-console-user-interface-title	unreferenced message	teleportation\station-teleporter.ftl
teleporter-console-user-interface-unknown-station	unreferenced message	teleportation\station-teleporter.ftl
teleporter-name-cargo	unreferenced message	teleportation\station-teleporter.ftl
teleporter-name-center	unreferenced message	teleportation\station-teleporter.ftl
teleporter-name-engineering	unreferenced message	teleportation\station-teleporter.ftl
teleporter-name-medical	unreferenced message	teleportation\station-teleporter.ftl
teleporter-name-rd-first	unreferenced message	teleportation\station-teleporter.ftl
teleporter-name-rd-second	unreferenced message	teleportation\station-teleporter.ftl
teleporter-name-salvage	unreferenced message	teleportation\station-teleporter.ftl
teleporter-name-science	unreferenced message	teleportation\station-teleporter.ftl
teleporter-name-security	unreferenced message	teleportation\station-teleporter.ftl
teleporter-name-unknown	unreferenced message	teleportation\station-teleporter.ftl
tile-spawn-window-mirror-button-text	unreferenced message	robust-toolbox\custom-controls.ftl
tile-spawn-window-title	unreferenced message	robust-toolbox\custom-controls.ftl
tiles-dark-marble-mono	unreferenced message	tiles\tiles.ftl
tiles-exo-borg	unreferenced message	tiles\tiles.ftl
tiles-exo-corner-ne	unreferenced message	tiles\tiles.ftl
tiles-exo-corner-nw	unreferenced message	tiles\tiles.ftl
tiles-exo-corner-se	unreferenced message	tiles\tiles.ftl
tiles-exo-corner-sw	unreferenced message	tiles\tiles.ftl
tiles-exo-horizontal	unreferenced message	tiles\tiles.ftl
tiles-exo-hull	unreferenced message	tiles\tiles.ftl
tiles-exo-techmaint	unreferenced message	tiles\tiles.ftl
tiles-exo-vertical	unreferenced message	tiles\tiles.ftl
tiles-exo-viscera	unreferenced message	tiles\tiles.ftl
tiles-plasma-glass-floor	unreferenced message	tiles\tiles.ftl
tiles-plastitanium-glass-floor	unreferenced message	tiles\tiles.ftl
tiles-uranium-glass-floor	unreferenced message	tiles\tiles.ftl
tiles-white-marble-mono	unreferenced message	tiles\tiles.ftl
tiles-wood-black	unreferenced message	corvax\tiles\tiles.ftl
tiles-wood-chess	unreferenced message	corvax\tiles\tiles.ftl
tiles-wood-chess-black	unreferenced message	corvax\tiles\tiles.ftl
tiles-wood-chess-dark	unreferenced message	corvax\tiles\tiles.ftl
tiles-wood-chess-light	unreferenced message	corvax\tiles\tiles.ftl
tiles-wood-chess-red	unreferenced message	corvax\tiles\tiles.ftl
tiles-wood-dark	unreferenced message	corvax\tiles\tiles.ftl
tiles-wood-large-black	unreferenced message	corvax\tiles\tiles.ftl
tiles-wood-large-dark	unreferenced message	corvax\tiles\tiles.ftl
tiles-wood-large-light	unreferenced message	corvax\tiles\tiles.ftl
tiles-wood-large-red	unreferenced message	corvax\tiles\tiles.ftl
tiles-wood-light	unreferenced message	corvax\tiles\tiles.ftl
tiles-wood-parquet	unreferenced message	corvax\tiles\tiles.ftl
tiles-wood-parquet-black	unreferenced message	corvax\tiles\tiles.ftl
tiles-wood-parquet-dark	unreferenced message	corvax\tiles\tiles.ftl
tiles-wood-parquet-light	unreferenced message	corvax\tiles\tiles.ftl
tiles-wood-parquet-red	unreferenced message	corvax\tiles\tiles.ftl
tiles-wood-red	unreferenced message	corvax\tiles\tiles.ftl
timer-trigger-status-delay	unreferenced message	items\item-status.ftl
timer-trigger-status-delay-unknown	unreferenced message	items\item-status.ftl
tips-dataset-140	unreferenced message	tips.ftl
toggle-clothing-verb-default	unreferenced message	clothing\components\toggleable-clothing-component.ftl
toggle-clothing-verb-helmet	unreferenced message	clothing\components\toggleable-clothing-component.ftl
toggle-clothing-verb-hood	unreferenced message	clothing\components\toggleable-clothing-component.ftl
tool-component-doafter-examine	unreferenced message	tools\components\tool-component.ftl
tool-component-target-doafter-examine	unreferenced message	tools\components\tool-component.ftl
tool-quality-shearing-name	unreferenced message	tools\tool-qualities.ftl
tool-quality-shearing-tool-name	unreferenced message	tools\tool-qualities.ftl
tool-refinable-component-hint	unreferenced message	tool-refinable\tool-refinable.ftl
tool-refinable-component-hint-butchering	unreferenced message	tool-refinable\tool-refinable.ftl
tool-refinable-component-hint-slicing	unreferenced message	tool-refinable\tool-refinable.ftl
tray-component-nothing-planted-message	unreferenced message	botany\components\tray-component.ftl
tray-component-nutrient-level-message	unreferenced message	botany\components\tray-component.ftl
tray-component-nutrient-low-warning	unreferenced message	botany\components\tray-component.ftl
tray-component-pest-high-level-warning	unreferenced message	botany\components\tray-component.ftl
tray-component-toxin-high-level-warning	unreferenced message	botany\components\tray-component.ftl
tray-component-water-level-message	unreferenced message	botany\components\tray-component.ftl
tray-component-water-low-warning	unreferenced message	botany\components\tray-component.ftl
tray-component-weed-high-level-warning	unreferenced message	botany\components\tray-component.ftl
tts-efx-effect-airlock	unreferenced message	corvax\tts\tts-ui.ftl
tts-efx-effect-hall	unreferenced message	corvax\tts\tts-ui.ftl
tts-efx-effect-livingroom	unreferenced message	corvax\tts\tts-ui.ftl
tts-efx-effect-none	unreferenced message	corvax\tts\tts-ui.ftl
tts-efx-effect-room	unreferenced message	corvax\tts\tts-ui.ftl
tts-efx-effect-subspace	unreferenced message	corvax\tts\tts-ui.ftl
tts-efx-effect-void	unreferenced message	corvax\tts\tts-ui.ftl
tts-efx-effect-warm	unreferenced message	corvax\tts\tts-ui.ftl
tts-rate-limited	unreferenced message	corvax\tts\tts-ui.ftl
tts-voice-name-Cyberpunk_dexter	unreferenced message	corvax\tts\tts-voices.ftl
tts-voice-name-Cyberpunk_haru	unreferenced message	corvax\tts\tts-voices.ftl
tts-voice-name-Cyberpunk_jackie	unreferenced message	corvax\tts\tts-voices.ftl
tts-voice-name-Cyberpunk_jefferson	unreferenced message	corvax\tts\tts-voices.ftl
tts-voice-name-Cyberpunk_johny	unreferenced message	corvax\tts\tts-voices.ftl
tts-voice-name-Cyberpunk_joshua	unreferenced message	corvax\tts\tts-voices.ftl
tts-voice-name-Cyberpunk_kerry	unreferenced message	corvax\tts\tts-voices.ftl
tts-voice-name-Cyberpunk_male_v	unreferenced message	corvax\tts\tts-voices.ftl
tts-voice-name-Cyberpunk_mitch	unreferenced message	corvax\tts\tts-voices.ftl
tts-voice-name-Cyberpunk_placide	unreferenced message	corvax\tts\tts-voices.ftl
tts-voice-name-Cyberpunk_saul	unreferenced message	corvax\tts\tts-voices.ftl
tts-voice-name-Cyberpunk_sebastian	unreferenced message	corvax\tts\tts-voices.ftl
tts-voice-name-Cyberpunk_sobchak	unreferenced message	corvax\tts\tts-voices.ftl
tts-voice-name-Cyberpunk_takemura	unreferenced message	corvax\tts\tts-voices.ftl
tts-voice-name-Cyberpunk_victor	unreferenced message	corvax\tts\tts-voices.ftl
tts-voice-name-Deep_rock_galactic_dwarves	unreferenced message	corvax\tts\tts-voices.ftl
tts-voice-name-Deep_rock_galactic_mission_control	unreferenced message	corvax\tts\tts-voices.ftl
tts-voice-name-Draconids_Bazentus	unreferenced message	corvax\tts\tts-voices.ftl
tts-voice-name-Draconids_Calderax	unreferenced message	corvax\tts\tts-voices.ftl
tts-voice-name-Draconids_Drine	unreferenced message	corvax\tts\tts-voices.ftl
tts-voice-name-Draconids_Evantkis	unreferenced message	corvax\tts\tts-voices.ftl
tts-voice-name-Draconids_Kazra	unreferenced message	corvax\tts\tts-voices.ftl
tts-voice-name-Draconids_Lethanak	unreferenced message	corvax\tts\tts-voices.ftl
tts-voice-name-Draconids_Seltherex	unreferenced message	corvax\tts\tts-voices.ftl
tts-voice-name-Draconids_Sendrax	unreferenced message	corvax\tts\tts-voices.ftl
tts-voice-name-Dragons2_Alexstraza	unreferenced message	corvax\tts\tts-voices.ftl
tts-voice-name-Dragons2_Alextraza_echo	unreferenced message	corvax\tts\tts-voices.ftl
tts-voice-name-Dragons2_Kalecgos	unreferenced message	corvax\tts\tts-voices.ftl
tts-voice-name-Dragons2_Kalecgos_echo	unreferenced message	corvax\tts\tts-voices.ftl
tts-voice-name-Dragons2_Neltharion	unreferenced message	corvax\tts\tts-voices.ftl
tts-voice-name-Dragons2_Neltharion_echo	unreferenced message	corvax\tts\tts-voices.ftl
tts-voice-name-Dragons2_Wrathion	unreferenced message	corvax\tts\tts-voices.ftl
tts-voice-name-Dragons2_Wrathion_Deathwing	unreferenced message	corvax\tts\tts-voices.ftl
tts-voice-name-Dragons2_Wrathion_echo	unreferenced message	corvax\tts\tts-voices.ftl
tts-voice-name-Dragons_Deathwing	unreferenced message	corvax\tts\tts-voices.ftl
tts-voice-name-Dragons_Ebyssian	unreferenced message	corvax\tts\tts-voices.ftl
tts-voice-name-Dragons_Malygos	unreferenced message	corvax\tts\tts-voices.ftl
tts-voice-name-Dragons_MalygosWrath_of_the_Lich_King	unreferenced message	corvax\tts\tts-voices.ftl
tts-voice-name-Dragons_Nozdormu	unreferenced message	corvax\tts\tts-voices.ftl
tts-voice-name-Dragons_Sabellian	unreferenced message	corvax\tts\tts-voices.ftl
tts-voice-name-Dragons_Ysera	unreferenced message	corvax\tts\tts-voices.ftl
tts-voice-name-Harry_Potter_Alastor_Mad-Eye_Moody	unreferenced message	corvax\tts\tts-voices.ftl
tts-voice-name-Harry_Potter_Albus_Dumbledore	unreferenced message	corvax\tts\tts-voices.ftl
tts-voice-name-Harry_Potter_Cedric	unreferenced message	corvax\tts\tts-voices.ftl
tts-voice-name-Harry_Potter_Dobby	unreferenced message	corvax\tts\tts-voices.ftl
tts-voice-name-Harry_Potter_Filius_Flitwick	unreferenced message	corvax\tts\tts-voices.ftl
tts-voice-name-Harry_Potter_Harry_Potter	unreferenced message	corvax\tts\tts-voices.ftl
tts-voice-name-Harry_Potter_Horace_Slughorn	unreferenced message	corvax\tts\tts-voices.ftl
tts-voice-name-Harry_Potter_Lord_Voldemort	unreferenced message	corvax\tts\tts-voices.ftl
tts-voice-name-Harry_Potter_Minerva_McGonagall	unreferenced message	corvax\tts\tts-voices.ftl
tts-voice-name-Harry_Potter_Severus_Snape	unreferenced message	corvax\tts\tts-voices.ftl
tts-voice-name-Harry_Potter_Severus_Snape_film	unreferenced message	corvax\tts\tts-voices.ftl
tts-voice-name-Harry_Potter_Sirius_Black	unreferenced message	corvax\tts\tts-voices.ftl
tts-voice-name-Marvel_Tony_Stark	unreferenced message	corvax\tts\tts-voices.ftl
tts-voice-name-Ninja_Turtles_shredder	unreferenced message	corvax\tts\tts-voices.ftl
tts-voice-name-Overlord_2_Gnarl	unreferenced message	corvax\tts\tts-voices.ftl
tts-voice-name-Pirats_of_the_caribbean_Barbossa	unreferenced message	corvax\tts\tts-voices.ftl
tts-voice-name-Pirats_of_the_caribbean_Davy_Jones	unreferenced message	corvax\tts\tts-voices.ftl
tts-voice-name-Pirats_of_the_caribbean_Jack_Sparrow	unreferenced message	corvax\tts\tts-voices.ftl
tts-voice-name-Pirats_of_the_caribbean_Tiadalma	unreferenced message	corvax\tts\tts-voices.ftl
tts-voice-name-Srek_Donkey	unreferenced message	corvax\tts\tts-voices.ftl
tts-voice-name-Srek_Fairy_Godmother	unreferenced message	corvax\tts\tts-voices.ftl
tts-voice-name-Srek_Fiona	unreferenced message	corvax\tts\tts-voices.ftl
tts-voice-name-Srek_Gingerbread_Man	unreferenced message	corvax\tts\tts-voices.ftl
tts-voice-name-Srek_King	unreferenced message	corvax\tts\tts-voices.ftl
tts-voice-name-Srek_Narrator	unreferenced message	corvax\tts\tts-voices.ftl
tts-voice-name-Srek_Puss_in_Boots	unreferenced message	corvax\tts\tts-voices.ftl
tts-voice-name-Srek_Shrek	unreferenced message	corvax\tts\tts-voices.ftl
tts-voice-name-Star_Wars_Anakin_Skywalker	unreferenced message	corvax\tts\tts-voices.ftl
tts-voice-name-Star_Wars_Darth_Sidious	unreferenced message	corvax\tts\tts-voices.ftl
tts-voice-name-Star_Wars_Darth_Vader	unreferenced message	corvax\tts\tts-voices.ftl
tts-voice-name-Star_Wars_Han_Solo	unreferenced message	corvax\tts\tts-voices.ftl
tts-voice-name-Star_Wars_Luke_Skywalker	unreferenced message	corvax\tts\tts-voices.ftl
tts-voice-name-Star_Wars_Obi-Wan_Kenobi	unreferenced message	corvax\tts\tts-voices.ftl
tts-voice-name-Star_Wars_Yoda	unreferenced message	corvax\tts\tts-voices.ftl
tts-voice-name-The_Lord_of_the_Rings_Aragorn	unreferenced message	corvax\tts\tts-voices.ftl
tts-voice-name-The_Lord_of_the_Rings_Elrond	unreferenced message	corvax\tts\tts-voices.ftl
tts-voice-name-The_Lord_of_the_Rings_Gandalf	unreferenced message	corvax\tts\tts-voices.ftl
tts-voice-name-The_Lord_of_the_Rings_Gimli	unreferenced message	corvax\tts\tts-voices.ftl
tts-voice-name-The_Lord_of_the_Rings_Gollum	unreferenced message	corvax\tts\tts-voices.ftl
tts-voice-name-The_Lord_of_the_Rings_Legolas	unreferenced message	corvax\tts\tts-voices.ftl
tts-voice-name-Transformers_War_of_Cybertron_megatron	unreferenced message	corvax\tts\tts-voices.ftl
tts-voice-name-Transformers_War_of_Cybertron_optimusprime	unreferenced message	corvax\tts\tts-voices.ftl
tts-voice-name-Transformers_War_of_Cybertron_soundwave	unreferenced message	corvax\tts\tts-voices.ftl
tts-voice-name-Treasure_Island_Livsy	unreferenced message	corvax\tts\tts-voices.ftl
tts-voice-name-X3_reunion_Betty	unreferenced message	corvax\tts\tts-voices.ftl
tts-voice-name-abaddon	unreferenced message	corvax\tts\tts-voices.ftl
tts-voice-name-abathur	unreferenced message	corvax\tts\tts-voices.ftl
tts-voice-name-acheran	unreferenced message	corvax\tts\tts-voices.ftl
tts-voice-name-acolyte	unreferenced message	corvax\tts\tts-voices.ftl
tts-voice-name-adjutant	unreferenced message	corvax\tts\tts-voices.ftl
tts-voice-name-admiral	unreferenced message	corvax\tts\tts-voices.ftl
tts-voice-name-ahri	unreferenced message	corvax\tts\tts-voices.ftl
tts-voice-name-aidar	unreferenced message	corvax\tts\tts-voices.ftl
tts-voice-name-akazamzarak	unreferenced message	corvax\tts\tts-voices.ftl
tts-voice-name-aki	unreferenced message	corvax\tts\tts-voices.ftl
tts-voice-name-akshan	unreferenced message	corvax\tts\tts-voices.ftl
tts-voice-name-alarak	unreferenced message	corvax\tts\tts-voices.ftl
tts-voice-name-albin	unreferenced message	corvax\tts\tts-voices.ftl
tts-voice-name-alchemist	unreferenced message	corvax\tts\tts-voices.ftl
tts-voice-name-alduin	unreferenced message	corvax\tts\tts-voices.ftl
tts-voice-name-all_elder	unreferenced message	corvax\tts\tts-voices.ftl
tts-voice-name-alyx	unreferenced message	corvax\tts\tts-voices.ftl
tts-voice-name-amazon	unreferenced message	corvax\tts\tts-voices.ftl
tts-voice-name-ammunae	unreferenced message	corvax\tts\tts-voices.ftl
tts-voice-name-an_alt_girl_dlc_sunboy_k	unreferenced message	corvax\tts\tts-voices.ftl
tts-voice-name-an_alt_girl_dlc_sunboy_n	unreferenced message	corvax\tts\tts-voices.ftl
tts-voice-name-an_alt_girl_inner	unreferenced message	corvax\tts\tts-voices.ftl
tts-voice-name-an_alt_girl_sunboy_s	unreferenced message	corvax\tts\tts-voices.ftl
tts-voice-name-ana	unreferenced message	corvax\tts\tts-voices.ftl
tts-voice-name-anarii	unreferenced message	corvax\tts\tts-voices.ftl
tts-voice-name-anastasia	unreferenced message	corvax\tts\tts-voices.ftl
tts-voice-name-ancano	unreferenced message	corvax\tts\tts-voices.ftl
tts-voice-name-anduin	unreferenced message	corvax\tts\tts-voices.ftl
tts-voice-name-angel	unreferenced message	corvax\tts\tts-voices.ftl
tts-voice-name-anivia	unreferenced message	corvax\tts\tts-voices.ftl
tts-voice-name-annah	unreferenced message	corvax\tts\tts-voices.ftl
tts-voice-name-annie	unreferenced message	corvax\tts\tts-voices.ftl
tts-voice-name-announcer	unreferenced message	corvax\tts\tts-voices.ftl
tts-voice-name-antimage	unreferenced message	corvax\tts\tts-voices.ftl
tts-voice-name-anton	unreferenced message	corvax\tts\tts-voices.ftl
tts-voice-name-anubarak	unreferenced message	corvax\tts\tts-voices.ftl
tts-voice-name-applebough	unreferenced message	corvax\tts\tts-voices.ftl
tts-voice-name-aradesh	unreferenced message	corvax\tts\tts-voices.ftl
tts-voice-name-aranna	unreferenced message	corvax\tts\tts-voices.ftl
tts-voice-name-archimonde	unreferenced message	corvax\tts\tts-voices.ftl
tts-voice-name-archmage	unreferenced message	corvax\tts\tts-voices.ftl
tts-voice-name-arha	unreferenced message	corvax\tts\tts-voices.ftl
tts-voice-name-arngeir	unreferenced message	corvax\tts\tts-voices.ftl
tts-voice-name-arthas	unreferenced message	corvax\tts\tts-voices.ftl
tts-voice-name-arwyn	unreferenced message	corvax\tts\tts-voices.ftl
tts-voice-name-ashe	unreferenced message	corvax\tts\tts-voices.ftl
tts-voice-name-astrid	unreferenced message	corvax\tts\tts-voices.ftl
tts-voice-name-athena	unreferenced message	corvax\tts\tts-voices.ftl
tts-voice-name-avallach	unreferenced message	corvax\tts\tts-voices.ftl
tts-voice-name-aventus	unreferenced message	corvax\tts\tts-voices.ftl
tts-voice-name-avozu	unreferenced message	corvax\tts\tts-voices.ftl
tts-voice-name-awilo	unreferenced message	corvax\tts\tts-voices.ftl
tts-voice-name-azalina	unreferenced message	corvax\tts\tts-voices.ftl
tts-voice-name-azir	unreferenced message	corvax\tts\tts-voices.ftl
tts-voice-name-azmodan	unreferenced message	corvax\tts\tts-voices.ftl
tts-voice-name-b_kalmyk	unreferenced message	corvax\tts\tts-voices.ftl
tts-voice-name-b_nog	unreferenced message	corvax\tts\tts-voices.ftl
tts-voice-name-babazina	unreferenced message	corvax\tts\tts-voices.ftl
tts-voice-name-baechao	unreferenced message	corvax\tts\tts-voices.ftl
tts-voice-name-baleog	unreferenced message	corvax\tts\tts-voices.ftl
tts-voice-name-balthazar	unreferenced message	corvax\tts\tts-voices.ftl
tts-voice-name-bandit	unreferenced message	corvax\tts\tts-voices.ftl
tts-voice-name-bandit1	unreferenced message	corvax\tts\tts-voices.ftl
tts-voice-name-bandit2	unreferenced message	corvax\tts\tts-voices.ftl
tts-voice-name-bandit3	unreferenced message	corvax\tts\tts-voices.ftl
tts-voice-name-baptiste	unreferenced message	corvax\tts\tts-voices.ftl
tts-voice-name-baratrum	unreferenced message	corvax\tts\tts-voices.ftl
tts-voice-name-barbarian	unreferenced message	corvax\tts\tts-voices.ftl
tts-voice-name-barbas	unreferenced message	corvax\tts\tts-voices.ftl
tts-voice-name-barman	unreferenced message	corvax\tts\tts-voices.ftl
tts-voice-name-barney	unreferenced message	corvax\tts\tts-voices.ftl
tts-voice-name-batrider	unreferenced message	corvax\tts\tts-voices.ftl
tts-voice-name-baya	unreferenced message	corvax\tts\tts-voices.ftl
tts-voice-name-belloc	unreferenced message	corvax\tts\tts-voices.ftl
tts-voice-name-belnaara	unreferenced message	corvax\tts\tts-voices.ftl
tts-voice-name-berserk	unreferenced message	corvax\tts\tts-voices.ftl
tts-voice-name-biggs	unreferenced message	corvax\tts\tts-voices.ftl
tts-voice-name-blackheart	unreferenced message	corvax\tts\tts-voices.ftl
tts-voice-name-bloodseeker	unreferenced message	corvax\tts\tts-voices.ftl
tts-voice-name-bob	unreferenced message	corvax\tts\tts-voices.ftl
tts-voice-name-bolan	unreferenced message	corvax\tts\tts-voices.ftl
tts-voice-name-bounty	unreferenced message	corvax\tts\tts-voices.ftl
tts-voice-name-brann	unreferenced message	corvax\tts\tts-voices.ftl
tts-voice-name-braum	unreferenced message	corvax\tts\tts-voices.ftl
tts-voice-name-breaker	unreferenced message	corvax\tts\tts-voices.ftl
tts-voice-name-breen	unreferenced message	corvax\tts\tts-voices.ftl
tts-voice-name-bridger1	unreferenced message	corvax\tts\tts-voices.ftl
tts-voice-name-bridger2	unreferenced message	corvax\tts\tts-voices.ftl
tts-voice-name-bridger3	unreferenced message	corvax\tts\tts-voices.ftl
tts-voice-name-brightwing	unreferenced message	corvax\tts\tts-voices.ftl
tts-voice-name-brigitte	unreferenced message	corvax\tts\tts-voices.ftl
tts-voice-name-brimstone	unreferenced message	corvax\tts\tts-voices.ftl
tts-voice-name-bristle	unreferenced message	corvax\tts\tts-voices.ftl
tts-voice-name-brukan	unreferenced message	corvax\tts\tts-voices.ftl
tts-voice-name-brynjolf	unreferenced message	corvax\tts\tts-voices.ftl
tts-voice-name-byasha	unreferenced message	corvax\tts\tts-voices.ftl
tts-voice-name-cabbot	unreferenced message	corvax\tts\tts-voices.ftl
tts-voice-name-cache	unreferenced message	corvax\tts\tts-voices.ftl
tts-voice-name-cairne	unreferenced message	corvax\tts\tts-voices.ftl
tts-voice-name-camille	unreferenced message	corvax\tts\tts-voices.ftl
tts-voice-name-candlebeard	unreferenced message	corvax\tts\tts-voices.ftl
tts-voice-name-cannibal1	unreferenced message	corvax\tts\tts-voices.ftl
tts-voice-name-cannibal2	unreferenced message	corvax\tts\tts-voices.ftl
tts-voice-name-cannibal3	unreferenced message	corvax\tts\tts-voices.ftl
tts-voice-name-captain	unreferenced message	corvax\tts\tts-voices.ftl
tts-voice-name-cardish	unreferenced message	corvax\tts\tts-voices.ftl
tts-voice-name-cassidy	unreferenced message	corvax\tts\tts-voices.ftl
tts-voice-name-cassiopeia	unreferenced message	corvax\tts\tts-voices.ftl
tts-voice-name-cerys	unreferenced message	corvax\tts\tts-voices.ftl
tts-voice-name-chairon	unreferenced message	corvax\tts\tts-voices.ftl
tts-voice-name-chen	unreferenced message	corvax\tts\tts-voices.ftl
tts-voice-name-cho	unreferenced message	corvax\tts\tts-voices.ftl
tts-voice-name-chromie	unreferenced message	corvax\tts\tts-voices.ftl
tts-voice-name-chu	unreferenced message	corvax\tts\tts-voices.ftl
tts-voice-name-cicero	unreferenced message	corvax\tts\tts-voices.ftl
tts-voice-name-cirilla	unreferenced message	corvax\tts\tts-voices.ftl
tts-voice-name-clerk	unreferenced message	corvax\tts\tts-voices.ftl
tts-voice-name-clockwerk	unreferenced message	corvax\tts\tts-voices.ftl
tts-voice-name-cm	unreferenced message	corvax\tts\tts-voices.ftl
tts-voice-name-coach	unreferenced message	corvax\tts\tts-voices.ftl
tts-voice-name-crach	unreferenced message	corvax\tts\tts-voices.ftl
tts-voice-name-cravitz	unreferenced message	corvax\tts\tts-voices.ftl
tts-voice-name-crusader	unreferenced message	corvax\tts\tts-voices.ftl
tts-voice-name-d_sven	unreferenced message	corvax\tts\tts-voices.ftl
tts-voice-name-dad	unreferenced message	corvax\tts\tts-voices.ftl
tts-voice-name-dagg	unreferenced message	corvax\tts\tts-voices.ftl
tts-voice-name-dandelion	unreferenced message	corvax\tts\tts-voices.ftl
tts-voice-name-darius	unreferenced message	corvax\tts\tts-voices.ftl
tts-voice-name-dazzle	unreferenced message	corvax\tts\tts-voices.ftl
tts-voice-name-deathwhisper	unreferenced message	corvax\tts\tts-voices.ftl
tts-voice-name-deathwing	unreferenced message	corvax\tts\tts-voices.ftl
tts-voice-name-deckard	unreferenced message	corvax\tts\tts-voices.ftl
tts-voice-name-decker	unreferenced message	corvax\tts\tts-voices.ftl
tts-voice-name-default	unreferenced message	corvax\tts\tts-voices.ftl
tts-voice-name-delphine	unreferenced message	corvax\tts\tts-voices.ftl
tts-voice-name-delvin	unreferenced message	corvax\tts\tts-voices.ftl
tts-voice-name-demoman	unreferenced message	corvax\tts\tts-voices.ftl
tts-voice-name-demon	unreferenced message	corvax\tts\tts-voices.ftl
tts-voice-name-demonhunter	unreferenced message	corvax\tts\tts-voices.ftl
tts-voice-name-dendrologist	unreferenced message	corvax\tts\tts-voices.ftl
tts-voice-name-deva	unreferenced message	corvax\tts\tts-voices.ftl
tts-voice-name-dexter	unreferenced message	corvax\tts\tts-voices.ftl
tts-voice-name-diablo	unreferenced message	corvax\tts\tts-voices.ftl
tts-voice-name-diana	unreferenced message	corvax\tts\tts-voices.ftl
tts-voice-name-dick	unreferenced message	corvax\tts\tts-voices.ftl
tts-voice-name-dictor	unreferenced message	corvax\tts\tts-voices.ftl
tts-voice-name-disidra	unreferenced message	corvax\tts\tts-voices.ftl
tts-voice-name-dolg1	unreferenced message	corvax\tts\tts-voices.ftl
tts-voice-name-dolg2	unreferenced message	corvax\tts\tts-voices.ftl
tts-voice-name-doom	unreferenced message	corvax\tts\tts-voices.ftl
tts-voice-name-doomfist	unreferenced message	corvax\tts\tts-voices.ftl
tts-voice-name-dornan	unreferenced message	corvax\tts\tts-voices.ftl
tts-voice-name-dovo	unreferenced message	corvax\tts\tts-voices.ftl
tts-voice-name-dr_boom	unreferenced message	corvax\tts\tts-voices.ftl
tts-voice-name-dr_mundo	unreferenced message	corvax\tts\tts-voices.ftl
tts-voice-name-dr_sezavo	unreferenced message	corvax\tts\tts-voices.ftl
tts-voice-name-draan	unreferenced message	corvax\tts\tts-voices.ftl
tts-voice-name-draemus	unreferenced message	corvax\tts\tts-voices.ftl
tts-voice-name-dragon	unreferenced message	corvax\tts\tts-voices.ftl
tts-voice-name-dragonknight	unreferenced message	corvax\tts\tts-voices.ftl
tts-voice-name-draven	unreferenced message	corvax\tts\tts-voices.ftl
tts-voice-name-drboom	unreferenced message	corvax\tts\tts-voices.ftl
tts-voice-name-dread_bm	unreferenced message	corvax\tts\tts-voices.ftl
tts-voice-name-dread_t	unreferenced message	corvax\tts\tts-voices.ftl
tts-voice-name-dreadbm	unreferenced message	corvax\tts\tts-voices.ftl
tts-voice-name-dreadt	unreferenced message	corvax\tts\tts-voices.ftl
tts-voice-name-drekthar	unreferenced message	corvax\tts\tts-voices.ftl
tts-voice-name-dremora	unreferenced message	corvax\tts\tts-voices.ftl
tts-voice-name-drmundo	unreferenced message	corvax\tts\tts-voices.ftl
tts-voice-name-drsezavo	unreferenced message	corvax\tts\tts-voices.ftl
tts-voice-name-dryad	unreferenced message	corvax\tts\tts-voices.ftl
tts-voice-name-dude	unreferenced message	corvax\tts\tts-voices.ftl
tts-voice-name-dva	unreferenced message	corvax\tts\tts-voices.ftl
tts-voice-name-dva_ov	unreferenced message	corvax\tts\tts-voices.ftl
tts-voice-name-dvaov	unreferenced message	corvax\tts\tts-voices.ftl
tts-voice-name-dwarves	unreferenced message	corvax\tts\tts-voices.ftl
tts-voice-name-earth	unreferenced message	corvax\tts\tts-voices.ftl
tts-voice-name-ebony	unreferenced message	corvax\tts\tts-voices.ftl
tts-voice-name-echo	unreferenced message	corvax\tts\tts-voices.ftl
tts-voice-name-edra	unreferenced message	corvax\tts\tts-voices.ftl
tts-voice-name-ekko	unreferenced message	corvax\tts\tts-voices.ftl
tts-voice-name-elder	unreferenced message	corvax\tts\tts-voices.ftl
tts-voice-name-eleanora	unreferenced message	corvax\tts\tts-voices.ftl
tts-voice-name-elenwen	unreferenced message	corvax\tts\tts-voices.ftl
tts-voice-name-elf_eng	unreferenced message	corvax\tts\tts-voices.ftl
tts-voice-name-elfeng	unreferenced message	corvax\tts\tts-voices.ftl
tts-voice-name-elise	unreferenced message	corvax\tts\tts-voices.ftl
tts-voice-name-elisif	unreferenced message	corvax\tts\tts-voices.ftl
tts-voice-name-ellie	unreferenced message	corvax\tts\tts-voices.ftl
tts-voice-name-ellis	unreferenced message	corvax\tts\tts-voices.ftl
tts-voice-name-ember	unreferenced message	corvax\tts\tts-voices.ftl
tts-voice-name-emperor	unreferenced message	corvax\tts\tts-voices.ftl
tts-voice-name-en_Astarion	unreferenced message	corvax\tts\tts-voices.ftl
tts-voice-name-en_Emperor	unreferenced message	corvax\tts\tts-voices.ftl
tts-voice-name-en_Gale	unreferenced message	corvax\tts\tts-voices.ftl
tts-voice-name-en_Gortash	unreferenced message	corvax\tts\tts-voices.ftl
tts-voice-name-en_Halsin	unreferenced message	corvax\tts\tts-voices.ftl
tts-voice-name-en_Jaheira	unreferenced message	corvax\tts\tts-voices.ftl
tts-voice-name-en_Karlach	unreferenced message	corvax\tts\tts-voices.ftl
tts-voice-name-en_Ketheric	unreferenced message	corvax\tts\tts-voices.ftl
tts-voice-name-en_Laezel	unreferenced message	corvax\tts\tts-voices.ftl
tts-voice-name-en_Minsc	unreferenced message	corvax\tts\tts-voices.ftl
tts-voice-name-en_Minthara	unreferenced message	corvax\tts\tts-voices.ftl
tts-voice-name-en_Shadowheart	unreferenced message	corvax\tts\tts-voices.ftl
tts-voice-name-en_Wyll	unreferenced message	corvax\tts\tts-voices.ftl
tts-voice-name-engineer	unreferenced message	corvax\tts\tts-voices.ftl
tts-voice-name-eorlund	unreferenced message	corvax\tts\tts-voices.ftl
tts-voice-name-erik	unreferenced message	corvax\tts\tts-voices.ftl
tts-voice-name-esbern	unreferenced message	corvax\tts\tts-voices.ftl
tts-voice-name-eskel	unreferenced message	corvax\tts\tts-voices.ftl
tts-voice-name-eudora	unreferenced message	corvax\tts\tts-voices.ftl
tts-voice-name-eugene	unreferenced message	corvax\tts\tts-voices.ftl
tts-voice-name-evelynn	unreferenced message	corvax\tts\tts-voices.ftl
tts-voice-name-ewald	unreferenced message	corvax\tts\tts-voices.ftl
tts-voice-name-f_argo	unreferenced message	corvax\tts\tts-voices.ftl
tts-voice-name-f_child	unreferenced message	corvax\tts\tts-voices.ftl
tts-voice-name-f_commander	unreferenced message	corvax\tts\tts-voices.ftl
tts-voice-name-f_commoner	unreferenced message	corvax\tts\tts-voices.ftl
tts-voice-name-f_coward	unreferenced message	corvax\tts\tts-voices.ftl
tts-voice-name-f_darkelf	unreferenced message	corvax\tts\tts-voices.ftl
tts-voice-name-f_haughty	unreferenced message	corvax\tts\tts-voices.ftl
tts-voice-name-f_khajiit	unreferenced message	corvax\tts\tts-voices.ftl
tts-voice-name-f_nord	unreferenced message	corvax\tts\tts-voices.ftl
tts-voice-name-f_orc	unreferenced message	corvax\tts\tts-voices.ftl
tts-voice-name-f_shrill	unreferenced message	corvax\tts\tts-voices.ftl
tts-voice-name-f_sultry	unreferenced message	corvax\tts\tts-voices.ftl
tts-voice-name-falion	unreferenced message	corvax\tts\tts-voices.ftl
tts-voice-name-falstad	unreferenced message	corvax\tts\tts-voices.ftl
tts-voice-name-farengar	unreferenced message	corvax\tts\tts-voices.ftl
tts-voice-name-fargo	unreferenced message	corvax\tts\tts-voices.ftl
tts-voice-name-farkas	unreferenced message	corvax\tts\tts-voices.ftl
tts-voice-name-father	unreferenced message	corvax\tts\tts-voices.ftl
tts-voice-name-fchild	unreferenced message	corvax\tts\tts-voices.ftl
tts-voice-name-fcommander	unreferenced message	corvax\tts\tts-voices.ftl
tts-voice-name-fcommoner	unreferenced message	corvax\tts\tts-voices.ftl
tts-voice-name-fcoward	unreferenced message	corvax\tts\tts-voices.ftl
tts-voice-name-fdarkelf	unreferenced message	corvax\tts\tts-voices.ftl
tts-voice-name-felldir	unreferenced message	corvax\tts\tts-voices.ftl
tts-voice-name-festus	unreferenced message	corvax\tts\tts-voices.ftl
tts-voice-name-fhaughty	unreferenced message	corvax\tts\tts-voices.ftl
tts-voice-name-fireheart	unreferenced message	corvax\tts\tts-voices.ftl
tts-voice-name-fizz	unreferenced message	corvax\tts\tts-voices.ftl
tts-voice-name-fkhajiit	unreferenced message	corvax\tts\tts-voices.ftl
tts-voice-name-flark	unreferenced message	corvax\tts\tts-voices.ftl
tts-voice-name-floop	unreferenced message	corvax\tts\tts-voices.ftl
tts-voice-name-fnord	unreferenced message	corvax\tts\tts-voices.ftl
tts-voice-name-footman	unreferenced message	corvax\tts\tts-voices.ftl
tts-voice-name-forc	unreferenced message	corvax\tts\tts-voices.ftl
tts-voice-name-forest1	unreferenced message	corvax\tts\tts-voices.ftl
tts-voice-name-forest2	unreferenced message	corvax\tts\tts-voices.ftl
tts-voice-name-forest3	unreferenced message	corvax\tts\tts-voices.ftl
tts-voice-name-frank	unreferenced message	corvax\tts\tts-voices.ftl
tts-voice-name-freedom	unreferenced message	corvax\tts\tts-voices.ftl
tts-voice-name-fshrill	unreferenced message	corvax\tts\tts-voices.ftl
tts-voice-name-fsultry	unreferenced message	corvax\tts\tts-voices.ftl
tts-voice-name-furion	unreferenced message	corvax\tts\tts-voices.ftl
tts-voice-name-gadriel	unreferenced message	corvax\tts\tts-voices.ftl
tts-voice-name-gallywix	unreferenced message	corvax\tts\tts-voices.ftl
tts-voice-name-galmar	unreferenced message	corvax\tts\tts-voices.ftl
tts-voice-name-gangplank	unreferenced message	corvax\tts\tts-voices.ftl
tts-voice-name-gardensdayannouncer	unreferenced message	corvax\tts\tts-voices.ftl
tts-voice-name-garen	unreferenced message	corvax\tts\tts-voices.ftl
tts-voice-name-garithos	unreferenced message	corvax\tts\tts-voices.ftl
tts-voice-name-garrosh	unreferenced message	corvax\tts\tts-voices.ftl
tts-voice-name-gazlowe	unreferenced message	corvax\tts\tts-voices.ftl
tts-voice-name-genji	unreferenced message	corvax\tts\tts-voices.ftl
tts-voice-name-george	unreferenced message	corvax\tts\tts-voices.ftl
tts-voice-name-geralt	unreferenced message	corvax\tts\tts-voices.ftl
tts-voice-name-gizmo	unreferenced message	corvax\tts\tts-voices.ftl
tts-voice-name-glados	unreferenced message	corvax\tts\tts-voices.ftl
tts-voice-name-glav	unreferenced message	corvax\tts\tts-voices.ftl
tts-voice-name-glowtron	unreferenced message	corvax\tts\tts-voices.ftl
tts-voice-name-gman	unreferenced message	corvax\tts\tts-voices.ftl
tts-voice-name-gman_e2	unreferenced message	corvax\tts\tts-voices.ftl
tts-voice-name-gmane2	unreferenced message	corvax\tts\tts-voices.ftl
tts-voice-name-gnomenapper	unreferenced message	corvax\tts\tts-voices.ftl
tts-voice-name-goblin	unreferenced message	corvax\tts\tts-voices.ftl
tts-voice-name-gormlaith	unreferenced message	corvax\tts\tts-voices.ftl
tts-voice-name-goya	unreferenced message	corvax\tts\tts-voices.ftl
tts-voice-name-grandmother	unreferenced message	corvax\tts\tts-voices.ftl
tts-voice-name-graves	unreferenced message	corvax\tts\tts-voices.ftl
tts-voice-name-grelka	unreferenced message	corvax\tts\tts-voices.ftl
tts-voice-name-grelod	unreferenced message	corvax\tts\tts-voices.ftl
tts-voice-name-greymane	unreferenced message	corvax\tts\tts-voices.ftl
tts-voice-name-greymane_h	unreferenced message	corvax\tts\tts-voices.ftl
tts-voice-name-greymaneh	unreferenced message	corvax\tts\tts-voices.ftl
tts-voice-name-grom	unreferenced message	corvax\tts\tts-voices.ftl
tts-voice-name-grunt	unreferenced message	corvax\tts\tts-voices.ftl
tts-voice-name-gryphon	unreferenced message	corvax\tts\tts-voices.ftl
tts-voice-name-guillaume	unreferenced message	corvax\tts\tts-voices.ftl
tts-voice-name-guldan	unreferenced message	corvax\tts\tts-voices.ftl
tts-voice-name-guru	unreferenced message	corvax\tts\tts-voices.ftl
tts-voice-name-gwen	unreferenced message	corvax\tts\tts-voices.ftl
tts-voice-name-gyro	unreferenced message	corvax\tts\tts-voices.ftl
tts-voice-name-hadvar	unreferenced message	corvax\tts\tts-voices.ftl
tts-voice-name-hagatha	unreferenced message	corvax\tts\tts-voices.ftl
tts-voice-name-hagraven	unreferenced message	corvax\tts\tts-voices.ftl
tts-voice-name-hakon	unreferenced message	corvax\tts\tts-voices.ftl
tts-voice-name-hakunin	unreferenced message	corvax\tts\tts-voices.ftl
tts-voice-name-halflife_alyx	unreferenced message	corvax\tts\tts-voices.ftl
tts-voice-name-halflife_gman	unreferenced message	corvax\tts\tts-voices.ftl
tts-voice-name-halflife_larry	unreferenced message	corvax\tts\tts-voices.ftl
tts-voice-name-halflife_olga	unreferenced message	corvax\tts\tts-voices.ftl
tts-voice-name-halflife_vortigaunt	unreferenced message	corvax\tts\tts-voices.ftl
tts-voice-name-hancho	unreferenced message	corvax\tts\tts-voices.ftl
tts-voice-name-hannigan	unreferenced message	corvax\tts\tts-voices.ftl
tts-voice-name-hanson	unreferenced message	corvax\tts\tts-voices.ftl
tts-voice-name-hanzo	unreferenced message	corvax\tts\tts-voices.ftl
tts-voice-name-harbor	unreferenced message	corvax\tts\tts-voices.ftl
tts-voice-name-haro	unreferenced message	corvax\tts\tts-voices.ftl
tts-voice-name-harold	unreferenced message	corvax\tts\tts-voices.ftl
tts-voice-name-harris	unreferenced message	corvax\tts\tts-voices.ftl
tts-voice-name-harry	unreferenced message	corvax\tts\tts-voices.ftl
tts-voice-name-haru	unreferenced message	corvax\tts\tts-voices.ftl
tts-voice-name-heavy	unreferenced message	corvax\tts\tts-voices.ftl
tts-voice-name-hecarim	unreferenced message	corvax\tts\tts-voices.ftl
tts-voice-name-hermaeus	unreferenced message	corvax\tts\tts-voices.ftl
tts-voice-name-hero	unreferenced message	corvax\tts\tts-voices.ftl
tts-voice-name-hesutu	unreferenced message	corvax\tts\tts-voices.ftl
tts-voice-name-hh	unreferenced message	corvax\tts\tts-voices.ftl
tts-voice-name-hill	unreferenced message	corvax\tts\tts-voices.ftl
tts-voice-name-hjalmar	unreferenced message	corvax\tts\tts-voices.ftl
tts-voice-name-hogger	unreferenced message	corvax\tts\tts-voices.ftl
tts-voice-name-hogwarts_abraham_ronen	unreferenced message	corvax\tts\tts-voices.ftl
tts-voice-name-hogwarts_aesop_sharp	unreferenced message	corvax\tts\tts-voices.ftl
tts-voice-name-hogwarts_cuthbert_binns	unreferenced message	corvax\tts\tts-voices.ftl
tts-voice-name-hogwarts_dinah_hecat	unreferenced message	corvax\tts\tts-voices.ftl
tts-voice-name-hogwarts_eleazar_fig	unreferenced message	corvax\tts\tts-voices.ftl
tts-voice-name-hogwarts_goblin_generic_a	unreferenced message	corvax\tts\tts-voices.ftl
tts-voice-name-hogwarts_lodgok	unreferenced message	corvax\tts\tts-voices.ftl
tts-voice-name-hogwarts_matilda_weasley	unreferenced message	corvax\tts\tts-voices.ftl
tts-voice-name-hogwarts_mirabel_garlick	unreferenced message	corvax\tts\tts-voices.ftl
tts-voice-name-hogwarts_natsai_onai	unreferenced message	corvax\tts\tts-voices.ftl
tts-voice-name-hogwarts_ominis_gaunt	unreferenced message	corvax\tts\tts-voices.ftl
tts-voice-name-hogwarts_player_female	unreferenced message	corvax\tts\tts-voices.ftl
tts-voice-name-hogwarts_player_male	unreferenced message	corvax\tts\tts-voices.ftl
tts-voice-name-hogwarts_poppy_sweeting	unreferenced message	corvax\tts\tts-voices.ftl
tts-voice-name-hogwarts_sebastian_sallow	unreferenced message	corvax\tts\tts-voices.ftl
tts-voice-name-hogwarts_sophronia_franklin	unreferenced message	corvax\tts\tts-voices.ftl
tts-voice-name-hooktusk	unreferenced message	corvax\tts\tts-voices.ftl
tts-voice-name-hraz	unreferenced message	corvax\tts\tts-voices.ftl
tts-voice-name-huber	unreferenced message	corvax\tts\tts-voices.ftl
tts-voice-name-huntress	unreferenced message	corvax\tts\tts-voices.ftl
tts-voice-name-huskar	unreferenced message	corvax\tts\tts-voices.ftl
tts-voice-name-hwleader	unreferenced message	corvax\tts\tts-voices.ftl
tts-voice-name-illidan	unreferenced message	corvax\tts\tts-voices.ftl
tts-voice-name-illidan_f	unreferenced message	corvax\tts\tts-voices.ftl
tts-voice-name-illidanf	unreferenced message	corvax\tts\tts-voices.ftl
tts-voice-name-illidara	unreferenced message	corvax\tts\tts-voices.ftl
tts-voice-name-illucia	unreferenced message	corvax\tts\tts-voices.ftl
tts-voice-name-ilza	unreferenced message	corvax\tts\tts-voices.ftl
tts-voice-name-imperius	unreferenced message	corvax\tts\tts-voices.ftl
tts-voice-name-inara	unreferenced message	corvax\tts\tts-voices.ftl
tts-voice-name-innkeeper	unreferenced message	corvax\tts\tts-voices.ftl
tts-voice-name-invoker	unreferenced message	corvax\tts\tts-voices.ftl
tts-voice-name-irelia	unreferenced message	corvax\tts\tts-voices.ftl
tts-voice-name-isiset	unreferenced message	corvax\tts\tts-voices.ftl
tts-voice-name-ivan	unreferenced message	corvax\tts\tts-voices.ftl
tts-voice-name-iz	unreferenced message	corvax\tts\tts-voices.ftl
tts-voice-name-jackie	unreferenced message	corvax\tts\tts-voices.ftl
tts-voice-name-jain	unreferenced message	corvax\tts\tts-voices.ftl
tts-voice-name-jaina	unreferenced message	corvax\tts\tts-voices.ftl
tts-voice-name-janna	unreferenced message	corvax\tts\tts-voices.ftl
tts-voice-name-jefferson	unreferenced message	corvax\tts\tts-voices.ftl
tts-voice-name-jeklik	unreferenced message	corvax\tts\tts-voices.ftl
tts-voice-name-jhin	unreferenced message	corvax\tts\tts-voices.ftl
tts-voice-name-jhinkc	unreferenced message	corvax\tts\tts-voices.ftl
tts-voice-name-joel	unreferenced message	corvax\tts\tts-voices.ftl
tts-voice-name-johny	unreferenced message	corvax\tts\tts-voices.ftl
tts-voice-name-jolene	unreferenced message	corvax\tts\tts-voices.ftl
tts-voice-name-joshua	unreferenced message	corvax\tts\tts-voices.ftl
tts-voice-name-juggernaut	unreferenced message	corvax\tts\tts-voices.ftl
tts-voice-name-junboy	unreferenced message	corvax\tts\tts-voices.ftl
tts-voice-name-junker_queen	unreferenced message	corvax\tts\tts-voices.ftl
tts-voice-name-junkerqueen	unreferenced message	corvax\tts\tts-voices.ftl
tts-voice-name-junkrat	unreferenced message	corvax\tts\tts-voices.ftl
tts-voice-name-jythiros	unreferenced message	corvax\tts\tts-voices.ftl
tts-voice-name-kael	unreferenced message	corvax\tts\tts-voices.ftl
tts-voice-name-kaelthas	unreferenced message	corvax\tts\tts-voices.ftl
tts-voice-name-kalec	unreferenced message	corvax\tts\tts-voices.ftl
tts-voice-name-kapitan	unreferenced message	corvax\tts\tts-voices.ftl
tts-voice-name-karastamper	unreferenced message	corvax\tts\tts-voices.ftl
tts-voice-name-karh	unreferenced message	corvax\tts\tts-voices.ftl
tts-voice-name-karina	unreferenced message	corvax\tts\tts-voices.ftl
tts-voice-name-karliah	unreferenced message	corvax\tts\tts-voices.ftl
tts-voice-name-karma	unreferenced message	corvax\tts\tts-voices.ftl
tts-voice-name-karthus	unreferenced message	corvax\tts\tts-voices.ftl
tts-voice-name-kasa	unreferenced message	corvax\tts\tts-voices.ftl
tts-voice-name-katarina	unreferenced message	corvax\tts\tts-voices.ftl
tts-voice-name-kate	unreferenced message	corvax\tts\tts-voices.ftl
tts-voice-name-katrana	unreferenced message	corvax\tts\tts-voices.ftl
tts-voice-name-kayle	unreferenced message	corvax\tts\tts-voices.ftl
tts-voice-name-kazakus	unreferenced message	corvax\tts\tts-voices.ftl
tts-voice-name-kazamon	unreferenced message	corvax\tts\tts-voices.ftl
tts-voice-name-keeper	unreferenced message	corvax\tts\tts-voices.ftl
tts-voice-name-kelthuzad	unreferenced message	corvax\tts\tts-voices.ftl
tts-voice-name-kerrigan	unreferenced message	corvax\tts\tts-voices.ftl
tts-voice-name-kerrigan_h	unreferenced message	corvax\tts\tts-voices.ftl
tts-voice-name-kerriganh	unreferenced message	corvax\tts\tts-voices.ftl
tts-voice-name-kerry	unreferenced message	corvax\tts\tts-voices.ftl
tts-voice-name-khadgar	unreferenced message	corvax\tts\tts-voices.ftl
tts-voice-name-killian	unreferenced message	corvax\tts\tts-voices.ftl
tts-voice-name-kiriko	unreferenced message	corvax\tts\tts-voices.ftl
tts-voice-name-kizi	unreferenced message	corvax\tts\tts-voices.ftl
tts-voice-name-kled	unreferenced message	corvax\tts\tts-voices.ftl
tts-voice-name-kleiner	unreferenced message	corvax\tts\tts-voices.ftl
tts-voice-name-kodlak	unreferenced message	corvax\tts\tts-voices.ftl
tts-voice-name-kotl	unreferenced message	corvax\tts\tts-voices.ftl
tts-voice-name-krest	unreferenced message	corvax\tts\tts-voices.ftl
tts-voice-name-ksante	unreferenced message	corvax\tts\tts-voices.ftl
tts-voice-name-kseniya	unreferenced message	corvax\tts\tts-voices.ftl
tts-voice-name-kunkka	unreferenced message	corvax\tts\tts-voices.ftl
tts-voice-name-kyriss	unreferenced message	corvax\tts\tts-voices.ftl
tts-voice-name-lady_vashj	unreferenced message	corvax\tts\tts-voices.ftl
tts-voice-name-ladyofthorns	unreferenced message	corvax\tts\tts-voices.ftl
tts-voice-name-ladyvashj	unreferenced message	corvax\tts\tts-voices.ftl
tts-voice-name-lambert	unreferenced message	corvax\tts\tts-voices.ftl
tts-voice-name-lanathel	unreferenced message	corvax\tts\tts-voices.ftl
tts-voice-name-lancer	unreferenced message	corvax\tts\tts-voices.ftl
tts-voice-name-last_years_snow_man	unreferenced message	corvax\tts\tts-voices.ftl
tts-voice-name-last_years_snow_narrator	unreferenced message	corvax\tts\tts-voices.ftl
tts-voice-name-laura	unreferenced message	corvax\tts\tts-voices.ftl
tts-voice-name-lazul	unreferenced message	corvax\tts\tts-voices.ftl
tts-voice-name-lee_sin	unreferenced message	corvax\tts\tts-voices.ftl
tts-voice-name-legends	unreferenced message	corvax\tts\tts-voices.ftl
tts-voice-name-leoric	unreferenced message	corvax\tts\tts-voices.ftl
tts-voice-name-lieutenant	unreferenced message	corvax\tts\tts-voices.ftl
tts-voice-name-lilayell	unreferenced message	corvax\tts\tts-voices.ftl
tts-voice-name-lili	unreferenced message	corvax\tts\tts-voices.ftl
tts-voice-name-lilian	unreferenced message	corvax\tts\tts-voices.ftl
tts-voice-name-lillia	unreferenced message	corvax\tts\tts-voices.ftl
tts-voice-name-lina	unreferenced message	corvax\tts\tts-voices.ftl
tts-voice-name-linzi	unreferenced message	corvax\tts\tts-voices.ftl
tts-voice-name-lissandra	unreferenced message	corvax\tts\tts-voices.ftl
tts-voice-name-loti	unreferenced message	corvax\tts\tts-voices.ftl
tts-voice-name-loxley	unreferenced message	corvax\tts\tts-voices.ftl
tts-voice-name-lucian	unreferenced message	corvax\tts\tts-voices.ftl
tts-voice-name-lucio	unreferenced message	corvax\tts\tts-voices.ftl
tts-voice-name-lucio_ov	unreferenced message	corvax\tts\tts-voices.ftl
tts-voice-name-lucioov	unreferenced message	corvax\tts\tts-voices.ftl
tts-voice-name-lugos	unreferenced message	corvax\tts\tts-voices.ftl
tts-voice-name-luna	unreferenced message	corvax\tts\tts-voices.ftl
tts-voice-name-lunara	unreferenced message	corvax\tts\tts-voices.ftl
tts-voice-name-lycan	unreferenced message	corvax\tts\tts-voices.ftl
tts-voice-name-lydia	unreferenced message	corvax\tts\tts-voices.ftl
tts-voice-name-lydia_tb	unreferenced message	corvax\tts\tts-voices.ftl
tts-voice-name-lynette	unreferenced message	corvax\tts\tts-voices.ftl
tts-voice-name-m_argo	unreferenced message	corvax\tts\tts-voices.ftl
tts-voice-name-m_bandit	unreferenced message	corvax\tts\tts-voices.ftl
tts-voice-name-m_child	unreferenced message	corvax\tts\tts-voices.ftl
tts-voice-name-m_citizen	unreferenced message	corvax\tts\tts-voices.ftl
tts-voice-name-m_commander	unreferenced message	corvax\tts\tts-voices.ftl
tts-voice-name-m_commoner	unreferenced message	corvax\tts\tts-voices.ftl
tts-voice-name-m_coward	unreferenced message	corvax\tts\tts-voices.ftl
tts-voice-name-m_darkelf	unreferenced message	corvax\tts\tts-voices.ftl
tts-voice-name-m_drunk	unreferenced message	corvax\tts\tts-voices.ftl
tts-voice-name-m_forsworn	unreferenced message	corvax\tts\tts-voices.ftl
tts-voice-name-m_guard	unreferenced message	corvax\tts\tts-voices.ftl
tts-voice-name-m_haughty	unreferenced message	corvax\tts\tts-voices.ftl
tts-voice-name-m_khajiit	unreferenced message	corvax\tts\tts-voices.ftl
tts-voice-name-m_nord	unreferenced message	corvax\tts\tts-voices.ftl
tts-voice-name-m_orc	unreferenced message	corvax\tts\tts-voices.ftl
tts-voice-name-m_soldier	unreferenced message	corvax\tts\tts-voices.ftl
tts-voice-name-machine_spirit_4	unreferenced message	corvax\tts\tts-voices.ftl
tts-voice-name-magess	unreferenced message	corvax\tts\tts-voices.ftl
tts-voice-name-magos_galeo	unreferenced message	corvax\tts\tts-voices.ftl
tts-voice-name-maiev	unreferenced message	corvax\tts\tts-voices.ftl
tts-voice-name-maiev_hs	unreferenced message	corvax\tts\tts-voices.ftl
tts-voice-name-maievhs	unreferenced message	corvax\tts\tts-voices.ftl
tts-voice-name-malacrass	unreferenced message	corvax\tts\tts-voices.ftl
tts-voice-name-malchezaar	unreferenced message	corvax\tts\tts-voices.ftl
tts-voice-name-male_v	unreferenced message	corvax\tts\tts-voices.ftl
tts-voice-name-malfurion	unreferenced message	corvax\tts\tts-voices.ftl
tts-voice-name-malfurion_h	unreferenced message	corvax\tts\tts-voices.ftl
tts-voice-name-malfurionh	unreferenced message	corvax\tts\tts-voices.ftl
tts-voice-name-malganis	unreferenced message	corvax\tts\tts-voices.ftl
tts-voice-name-malkoran	unreferenced message	corvax\tts\tts-voices.ftl
tts-voice-name-mannoroth	unreferenced message	corvax\tts\tts-voices.ftl
tts-voice-name-marcus	unreferenced message	corvax\tts\tts-voices.ftl
tts-voice-name-marei	unreferenced message	corvax\tts\tts-voices.ftl
tts-voice-name-margo	unreferenced message	corvax\tts\tts-voices.ftl
tts-voice-name-marine2_acheran	unreferenced message	corvax\tts\tts-voices.ftl
tts-voice-name-marine2_balthazar	unreferenced message	corvax\tts\tts-voices.ftl
tts-voice-name-marine2_berserk	unreferenced message	corvax\tts\tts-voices.ftl
tts-voice-name-marine2_chairon	unreferenced message	corvax\tts\tts-voices.ftl
tts-voice-name-marine2_gadriel	unreferenced message	corvax\tts\tts-voices.ftl
tts-voice-name-marine2_machine_spirit_4	unreferenced message	corvax\tts\tts-voices.ftl
tts-voice-name-marine2_magos_galeo	unreferenced message	corvax\tts\tts-voices.ftl
tts-voice-name-marine2_servo-skull	unreferenced message	corvax\tts\tts-voices.ftl
tts-voice-name-marine2_titus	unreferenced message	corvax\tts\tts-voices.ftl
tts-voice-name-master	unreferenced message	corvax\tts\tts-voices.ftl
tts-voice-name-maven	unreferenced message	corvax\tts\tts-voices.ftl
tts-voice-name-maxson	unreferenced message	corvax\tts\tts-voices.ftl
tts-voice-name-mbandit	unreferenced message	corvax\tts\tts-voices.ftl
tts-voice-name-mchild	unreferenced message	corvax\tts\tts-voices.ftl
tts-voice-name-mcitizen	unreferenced message	corvax\tts\tts-voices.ftl
tts-voice-name-mcommander	unreferenced message	corvax\tts\tts-voices.ftl
tts-voice-name-mcommoner	unreferenced message	corvax\tts\tts-voices.ftl
tts-voice-name-mcoward	unreferenced message	corvax\tts\tts-voices.ftl
tts-voice-name-mdarkelf	unreferenced message	corvax\tts\tts-voices.ftl
tts-voice-name-mdrunk	unreferenced message	corvax\tts\tts-voices.ftl
tts-voice-name-mechatassadar	unreferenced message	corvax\tts\tts-voices.ftl
tts-voice-name-medic	unreferenced message	corvax\tts\tts-voices.ftl
tts-voice-name-medivh	unreferenced message	corvax\tts\tts-voices.ftl
tts-voice-name-meepo	unreferenced message	corvax\tts\tts-voices.ftl
tts-voice-name-mei	unreferenced message	corvax\tts\tts-voices.ftl
tts-voice-name-meiow	unreferenced message	corvax\tts\tts-voices.ftl
tts-voice-name-mephala	unreferenced message	corvax\tts\tts-voices.ftl
tts-voice-name-merc1	unreferenced message	corvax\tts\tts-voices.ftl
tts-voice-name-merc2	unreferenced message	corvax\tts\tts-voices.ftl
tts-voice-name-merc3	unreferenced message	corvax\tts\tts-voices.ftl
tts-voice-name-mercer	unreferenced message	corvax\tts\tts-voices.ftl
tts-voice-name-mercy	unreferenced message	corvax\tts\tts-voices.ftl
tts-voice-name-mforsworn	unreferenced message	corvax\tts\tts-voices.ftl
tts-voice-name-mguard	unreferenced message	corvax\tts\tts-voices.ftl
tts-voice-name-mhaughty	unreferenced message	corvax\tts\tts-voices.ftl
tts-voice-name-miller	unreferenced message	corvax\tts\tts-voices.ftl
tts-voice-name-mira	unreferenced message	corvax\tts\tts-voices.ftl
tts-voice-name-mirabelle	unreferenced message	corvax\tts\tts-voices.ftl
tts-voice-name-mirana	unreferenced message	corvax\tts\tts-voices.ftl
tts-voice-name-mirror	unreferenced message	corvax\tts\tts-voices.ftl
tts-voice-name-mission_control	unreferenced message	corvax\tts\tts-voices.ftl
tts-voice-name-mitch	unreferenced message	corvax\tts\tts-voices.ftl
tts-voice-name-mkhajiit	unreferenced message	corvax\tts\tts-voices.ftl
tts-voice-name-mnord	unreferenced message	corvax\tts\tts-voices.ftl
tts-voice-name-moira	unreferenced message	corvax\tts\tts-voices.ftl
tts-voice-name-monkey	unreferenced message	corvax\tts\tts-voices.ftl
tts-voice-name-monolith1	unreferenced message	corvax\tts\tts-voices.ftl
tts-voice-name-monolith2	unreferenced message	corvax\tts\tts-voices.ftl
tts-voice-name-morc	unreferenced message	corvax\tts\tts-voices.ftl
tts-voice-name-moroes	unreferenced message	corvax\tts\tts-voices.ftl
tts-voice-name-morpheus	unreferenced message	corvax\tts\tts-voices.ftl
tts-voice-name-mortred	unreferenced message	corvax\tts\tts-voices.ftl
tts-voice-name-motierre	unreferenced message	corvax\tts\tts-voices.ftl
tts-voice-name-mozaki	unreferenced message	corvax\tts\tts-voices.ftl
tts-voice-name-msoldier	unreferenced message	corvax\tts\tts-voices.ftl
tts-voice-name-mthief	unreferenced message	corvax\tts\tts-voices.ftl
tts-voice-name-muradin	unreferenced message	corvax\tts\tts-voices.ftl
tts-voice-name-myra	unreferenced message	corvax\tts\tts-voices.ftl
tts-voice-name-myron	unreferenced message	corvax\tts\tts-voices.ftl
tts-voice-name-naga_m	unreferenced message	corvax\tts\tts-voices.ftl
tts-voice-name-naga_rg	unreferenced message	corvax\tts\tts-voices.ftl
tts-voice-name-nagam	unreferenced message	corvax\tts\tts-voices.ftl
tts-voice-name-nagarg	unreferenced message	corvax\tts\tts-voices.ftl
tts-voice-name-naisha	unreferenced message	corvax\tts\tts-voices.ftl
tts-voice-name-nalo	unreferenced message	corvax\tts\tts-voices.ftl
tts-voice-name-nami	unreferenced message	corvax\tts\tts-voices.ftl
tts-voice-name-narrator	unreferenced message	corvax\tts\tts-voices.ftl
tts-voice-name-nazeem	unreferenced message	corvax\tts\tts-voices.ftl
tts-voice-name-nazir	unreferenced message	corvax\tts\tts-voices.ftl
tts-voice-name-necromancer	unreferenced message	corvax\tts\tts-voices.ftl
tts-voice-name-neeko	unreferenced message	corvax\tts\tts-voices.ftl
tts-voice-name-nekro	unreferenced message	corvax\tts\tts-voices.ftl
tts-voice-name-nexushunter	unreferenced message	corvax\tts\tts-voices.ftl
tts-voice-name-nici	unreferenced message	corvax\tts\tts-voices.ftl
tts-voice-name-nick	unreferenced message	corvax\tts\tts-voices.ftl
tts-voice-name-nicole	unreferenced message	corvax\tts\tts-voices.ftl
tts-voice-name-nilah	unreferenced message	corvax\tts\tts-voices.ftl
tts-voice-name-noble	unreferenced message	corvax\tts\tts-voices.ftl
tts-voice-name-norroa	unreferenced message	corvax\tts\tts-voices.ftl
tts-voice-name-nsheriff	unreferenced message	corvax\tts\tts-voices.ftl
tts-voice-name-nunu	unreferenced message	corvax\tts\tts-voices.ftl
tts-voice-name-odahviing	unreferenced message	corvax\tts\tts-voices.ftl
tts-voice-name-officer	unreferenced message	corvax\tts\tts-voices.ftl
tts-voice-name-ol_toomba	unreferenced message	corvax\tts\tts-voices.ftl
tts-voice-name-olaf	unreferenced message	corvax\tts\tts-voices.ftl
tts-voice-name-olaf_lol	unreferenced message	corvax\tts\tts-voices.ftl
tts-voice-name-olaflol	unreferenced message	corvax\tts\tts-voices.ftl
tts-voice-name-olava	unreferenced message	corvax\tts\tts-voices.ftl
tts-voice-name-oldnekro	unreferenced message	corvax\tts\tts-voices.ftl
tts-voice-name-olgierd	unreferenced message	corvax\tts\tts-voices.ftl
tts-voice-name-oltoomba	unreferenced message	corvax\tts\tts-voices.ftl
tts-voice-name-olya	unreferenced message	corvax\tts\tts-voices.ftl
tts-voice-name-omni	unreferenced message	corvax\tts\tts-voices.ftl
tts-voice-name-omnotron	unreferenced message	corvax\tts\tts-voices.ftl
tts-voice-name-omu	unreferenced message	corvax\tts\tts-voices.ftl
tts-voice-name-orcc	unreferenced message	corvax\tts\tts-voices.ftl
tts-voice-name-orisa	unreferenced message	corvax\tts\tts-voices.ftl
tts-voice-name-ornn	unreferenced message	corvax\tts\tts-voices.ftl
tts-voice-name-orphea	unreferenced message	corvax\tts\tts-voices.ftl
tts-voice-name-oshi	unreferenced message	corvax\tts\tts-voices.ftl
tts-voice-name-overseer	unreferenced message	corvax\tts\tts-voices.ftl
tts-voice-name-overwatch	unreferenced message	corvax\tts\tts-voices.ftl
tts-voice-name-oxana	unreferenced message	corvax\tts\tts-voices.ftl
tts-voice-name-ozara	unreferenced message	corvax\tts\tts-voices.ftl
tts-voice-name-p3	unreferenced message	corvax\tts\tts-voices.ftl
tts-voice-name-paarthurnax	unreferenced message	corvax\tts\tts-voices.ftl
tts-voice-name-palmerin	unreferenced message	corvax\tts\tts-voices.ftl
tts-voice-name-pantheon	unreferenced message	corvax\tts\tts-voices.ftl
tts-voice-name-papillon	unreferenced message	corvax\tts\tts-voices.ftl
tts-voice-name-patrick	unreferenced message	corvax\tts\tts-voices.ftl
tts-voice-name-peasant	unreferenced message	corvax\tts\tts-voices.ftl
tts-voice-name-peasant_w	unreferenced message	corvax\tts\tts-voices.ftl
tts-voice-name-peasantw	unreferenced message	corvax\tts\tts-voices.ftl
tts-voice-name-peon	unreferenced message	corvax\tts\tts-voices.ftl
tts-voice-name-petr	unreferenced message	corvax\tts\tts-voices.ftl
tts-voice-name-pharah	unreferenced message	corvax\tts\tts-voices.ftl
tts-voice-name-philippa	unreferenced message	corvax\tts\tts-voices.ftl
tts-voice-name-placide	unreferenced message	corvax\tts\tts-voices.ftl
tts-voice-name-plankton	unreferenced message	corvax\tts\tts-voices.ftl
tts-voice-name-polina	unreferenced message	corvax\tts\tts-voices.ftl
tts-voice-name-pollark	unreferenced message	corvax\tts\tts-voices.ftl
tts-voice-name-portal_cave_johnson	unreferenced message	corvax\tts\tts-voices.ftl
tts-voice-name-priest	unreferenced message	corvax\tts\tts-voices.ftl
tts-voice-name-pudge	unreferenced message	corvax\tts\tts-voices.ftl
tts-voice-name-putricide	unreferenced message	corvax\tts\tts-voices.ftl
tts-voice-name-qiyana	unreferenced message	corvax\tts\tts-voices.ftl
tts-voice-name-queen	unreferenced message	corvax\tts\tts-voices.ftl
tts-voice-name-quinn	unreferenced message	corvax\tts\tts-voices.ftl
tts-voice-name-rakan	unreferenced message	corvax\tts\tts-voices.ftl
tts-voice-name-ranger	unreferenced message	corvax\tts\tts-voices.ftl
tts-voice-name-rasil	unreferenced message	corvax\tts\tts-voices.ftl
tts-voice-name-rastakhan	unreferenced message	corvax\tts\tts-voices.ftl
tts-voice-name-raynor	unreferenced message	corvax\tts\tts-voices.ftl
tts-voice-name-reaper	unreferenced message	corvax\tts\tts-voices.ftl
tts-voice-name-regis	unreferenced message	corvax\tts\tts-voices.ftl
tts-voice-name-rehgar	unreferenced message	corvax\tts\tts-voices.ftl
tts-voice-name-reinhardt	unreferenced message	corvax\tts\tts-voices.ftl
tts-voice-name-renata_glasc	unreferenced message	corvax\tts\tts-voices.ftl
tts-voice-name-renataglasc	unreferenced message	corvax\tts\tts-voices.ftl
tts-voice-name-reno	unreferenced message	corvax\tts\tts-voices.ftl
tts-voice-name-rexxar	unreferenced message	corvax\tts\tts-voices.ftl
tts-voice-name-rhogi	unreferenced message	corvax\tts\tts-voices.ftl
tts-voice-name-rhombus	unreferenced message	corvax\tts\tts-voices.ftl
tts-voice-name-rifleman	unreferenced message	corvax\tts\tts-voices.ftl
tts-voice-name-riki	unreferenced message	corvax\tts\tts-voices.ftl
tts-voice-name-rikkar	unreferenced message	corvax\tts\tts-voices.ftl
tts-voice-name-rita	unreferenced message	corvax\tts\tts-voices.ftl
tts-voice-name-riven	unreferenced message	corvax\tts\tts-voices.ftl
tts-voice-name-roadhog	unreferenced message	corvax\tts\tts-voices.ftl
tts-voice-name-robold	unreferenced message	corvax\tts\tts-voices.ftl
tts-voice-name-rochelle	unreferenced message	corvax\tts\tts-voices.ftl
tts-voice-name-romka	unreferenced message	corvax\tts\tts-voices.ftl
tts-voice-name-rumble	unreferenced message	corvax\tts\tts-voices.ftl
tts-voice-name-ryze	unreferenced message	corvax\tts\tts-voices.ftl
tts-voice-name-sage	unreferenced message	corvax\tts\tts-voices.ftl
tts-voice-name-samira	unreferenced message	corvax\tts\tts-voices.ftl
tts-voice-name-samuro	unreferenced message	corvax\tts\tts-voices.ftl
tts-voice-name-satyr	unreferenced message	corvax\tts\tts-voices.ftl
tts-voice-name-saul	unreferenced message	corvax\tts\tts-voices.ftl
tts-voice-name-saurfang	unreferenced message	corvax\tts\tts-voices.ftl
tts-voice-name-scout	unreferenced message	corvax\tts\tts-voices.ftl
tts-voice-name-sebastian	unreferenced message	corvax\tts\tts-voices.ftl
tts-voice-name-sejuani	unreferenced message	corvax\tts\tts-voices.ftl
tts-voice-name-semen	unreferenced message	corvax\tts\tts-voices.ftl
tts-voice-name-senna	unreferenced message	corvax\tts\tts-voices.ftl
tts-voice-name-servo_skull	unreferenced message	corvax\tts\tts-voices.ftl
tts-voice-name-set	unreferenced message	corvax\tts\tts-voices.ftl
tts-voice-name-sett	unreferenced message	corvax\tts\tts-voices.ftl
tts-voice-name-shaker	unreferenced message	corvax\tts\tts-voices.ftl
tts-voice-name-shani	unreferenced message	corvax\tts\tts-voices.ftl
tts-voice-name-shaw	unreferenced message	corvax\tts\tts-voices.ftl
tts-voice-name-sheriff	unreferenced message	corvax\tts\tts-voices.ftl
tts-voice-name-shopper	unreferenced message	corvax\tts\tts-voices.ftl
tts-voice-name-shyvana	unreferenced message	corvax\tts\tts-voices.ftl
tts-voice-name-siamat	unreferenced message	corvax\tts\tts-voices.ftl
tts-voice-name-sidorovich	unreferenced message	corvax\tts\tts-voices.ftl
tts-voice-name-sigma	unreferenced message	corvax\tts\tts-voices.ftl
tts-voice-name-silencer	unreferenced message	corvax\tts\tts-voices.ftl
tts-voice-name-sinclari	unreferenced message	corvax\tts\tts-voices.ftl
tts-voice-name-sion	unreferenced message	corvax\tts\tts-voices.ftl
tts-voice-name-skywrath	unreferenced message	corvax\tts\tts-voices.ftl
tts-voice-name-slate	unreferenced message	corvax\tts\tts-voices.ftl
tts-voice-name-slave1	unreferenced message	corvax\tts\tts-voices.ftl
tts-voice-name-slave2	unreferenced message	corvax\tts\tts-voices.ftl
tts-voice-name-slave3	unreferenced message	corvax\tts\tts-voices.ftl
tts-voice-name-slovo_patsana_angry_cop	unreferenced message	corvax\tts\tts-voices.ftl
tts-voice-name-slovo_patsana_brother	unreferenced message	corvax\tts\tts-voices.ftl
tts-voice-name-slovo_patsana_cop	unreferenced message	corvax\tts\tts-voices.ftl
tts-voice-name-slovo_patsana_koschei	unreferenced message	corvax\tts\tts-voices.ftl
tts-voice-name-slovo_patsana_main	unreferenced message	corvax\tts\tts-voices.ftl
tts-voice-name-slovo_patsana_marat	unreferenced message	corvax\tts\tts-voices.ftl
tts-voice-name-smiggs	unreferenced message	corvax\tts\tts-voices.ftl
tts-voice-name-smith	unreferenced message	corvax\tts\tts-voices.ftl
tts-voice-name-sniper	unreferenced message	corvax\tts\tts-voices.ftl
tts-voice-name-sniper_tf	unreferenced message	corvax\tts\tts-voices.ftl
tts-voice-name-snipertf	unreferenced message	corvax\tts\tts-voices.ftl
tts-voice-name-sobchak	unreferenced message	corvax\tts\tts-voices.ftl
tts-voice-name-sojourn	unreferenced message	corvax\tts\tts-voices.ftl
tts-voice-name-soldier	unreferenced message	corvax\tts\tts-voices.ftl
tts-voice-name-soldier76	unreferenced message	corvax\tts\tts-voices.ftl
tts-voice-name-soldier_76	unreferenced message	corvax\tts\tts-voices.ftl
tts-voice-name-sombra	unreferenced message	corvax\tts\tts-voices.ftl
tts-voice-name-sorceress	unreferenced message	corvax\tts\tts-voices.ftl
tts-voice-name-sova	unreferenced message	corvax\tts\tts-voices.ftl
tts-voice-name-splintergraft	unreferenced message	corvax\tts\tts-voices.ftl
tts-voice-name-spongebob	unreferenced message	corvax\tts\tts-voices.ftl
tts-voice-name-spy	unreferenced message	corvax\tts\tts-voices.ftl
tts-voice-name-squeamlish	unreferenced message	corvax\tts\tts-voices.ftl
tts-voice-name-squidward	unreferenced message	corvax\tts\tts-voices.ftl
tts-voice-name-stalker_metro_bandit02	unreferenced message	corvax\tts\tts-voices.ftl
tts-voice-name-stalker_metro_degtyarev	unreferenced message	corvax\tts\tts-voices.ftl
tts-voice-name-stalker_metro_newbie01	unreferenced message	corvax\tts\tts-voices.ftl
tts-voice-name-stalker_metro_novice02	unreferenced message	corvax\tts\tts-voices.ftl
tts-voice-name-stalker_metro_pavel	unreferenced message	corvax\tts\tts-voices.ftl
tts-voice-name-stalker_metro_saharov	unreferenced message	corvax\tts\tts-voices.ftl
tts-voice-name-stalker_metro_soldier	unreferenced message	corvax\tts\tts-voices.ftl
tts-voice-name-stalker_metro_stalker01	unreferenced message	corvax\tts\tts-voices.ftl
tts-voice-name-stargazer	unreferenced message	corvax\tts\tts-voices.ftl
tts-voice-name-stelina	unreferenced message	corvax\tts\tts-voices.ftl
tts-voice-name-stetmann	unreferenced message	corvax\tts\tts-voices.ftl
tts-voice-name-sthara	unreferenced message	corvax\tts\tts-voices.ftl
tts-voice-name-stitches	unreferenced message	corvax\tts\tts-voices.ftl
tts-voice-name-stories	unreferenced message	corvax\tts\tts-voices.ftl
tts-voice-name-storm	unreferenced message	corvax\tts\tts-voices.ftl
tts-voice-name-stronghold_abbot	unreferenced message	corvax\tts\tts-voices.ftl
tts-voice-name-stronghold_boar	unreferenced message	corvax\tts\tts-voices.ftl
tts-voice-name-stronghold_emir	unreferenced message	corvax\tts\tts-voices.ftl
tts-voice-name-stronghold_friedrich	unreferenced message	corvax\tts\tts-voices.ftl
tts-voice-name-stronghold_halif	unreferenced message	corvax\tts\tts-voices.ftl
tts-voice-name-stronghold_rat	unreferenced message	corvax\tts\tts-voices.ftl
tts-voice-name-stronghold_richard	unreferenced message	corvax\tts\tts-voices.ftl
tts-voice-name-stronghold_saladin	unreferenced message	corvax\tts\tts-voices.ftl
tts-voice-name-stronghold_snake	unreferenced message	corvax\tts\tts-voices.ftl
tts-voice-name-stronghold_sultan	unreferenced message	corvax\tts\tts-voices.ftl
tts-voice-name-sulik	unreferenced message	corvax\tts\tts-voices.ftl
tts-voice-name-sunboy_inner	unreferenced message	corvax\tts\tts-voices.ftl
tts-voice-name-sunboy_kalm	unreferenced message	corvax\tts\tts-voices.ftl
tts-voice-name-sunboy_mannered	unreferenced message	corvax\tts\tts-voices.ftl
tts-voice-name-sunboy_sad	unreferenced message	corvax\tts\tts-voices.ftl
tts-voice-name-sven	unreferenced message	corvax\tts\tts-voices.ftl
tts-voice-name-swain	unreferenced message	corvax\tts\tts-voices.ftl
tts-voice-name-swann	unreferenced message	corvax\tts\tts-voices.ftl
tts-voice-name-syanna	unreferenced message	corvax\tts\tts-voices.ftl
tts-voice-name-sylas	unreferenced message	corvax\tts\tts-voices.ftl
tts-voice-name-sylvanas	unreferenced message	corvax\tts\tts-voices.ftl
tts-voice-name-sylvanas_w	unreferenced message	corvax\tts\tts-voices.ftl
tts-voice-name-sylvanasw	unreferenced message	corvax\tts\tts-voices.ftl
tts-voice-name-symmetra	unreferenced message	corvax\tts\tts-voices.ftl
tts-voice-name-tahmkench	unreferenced message	corvax\tts\tts-voices.ftl
tts-voice-name-takemura	unreferenced message	corvax\tts\tts-voices.ftl
tts-voice-name-tala	unreferenced message	corvax\tts\tts-voices.ftl
tts-voice-name-talanji	unreferenced message	corvax\tts\tts-voices.ftl
tts-voice-name-taliyah	unreferenced message	corvax\tts\tts-voices.ftl
tts-voice-name-talon	unreferenced message	corvax\tts\tts-voices.ftl
tts-voice-name-tandi	unreferenced message	corvax\tts\tts-voices.ftl
tts-voice-name-tank	unreferenced message	corvax\tts\tts-voices.ftl
tts-voice-name-taric	unreferenced message	corvax\tts\tts-voices.ftl
tts-voice-name-tarkus	unreferenced message	corvax\tts\tts-voices.ftl
tts-voice-name-taskmaster	unreferenced message	corvax\tts\tts-voices.ftl
tts-voice-name-tekahn	unreferenced message	corvax\tts\tts-voices.ftl
tts-voice-name-tekahn_boss	unreferenced message	corvax\tts\tts-voices.ftl
tts-voice-name-tekahnboss	unreferenced message	corvax\tts\tts-voices.ftl
tts-voice-name-templar	unreferenced message	corvax\tts\tts-voices.ftl
tts-voice-name-tereshkova	unreferenced message	corvax\tts\tts-voices.ftl
tts-voice-name-tess	unreferenced message	corvax\tts\tts-voices.ftl
tts-voice-name-thrall	unreferenced message	corvax\tts\tts-voices.ftl
tts-voice-name-thrud	unreferenced message	corvax\tts\tts-voices.ftl
tts-voice-name-thunderking	unreferenced message	corvax\tts\tts-voices.ftl
tts-voice-name-tide	unreferenced message	corvax\tts\tts-voices.ftl
tts-voice-name-tierra	unreferenced message	corvax\tts\tts-voices.ftl
tts-voice-name-timothy	unreferenced message	corvax\tts\tts-voices.ftl
tts-voice-name-titus	unreferenced message	corvax\tts\tts-voices.ftl
tts-voice-name-tlou_ellie	unreferenced message	corvax\tts\tts-voices.ftl
tts-voice-name-tlou_joel	unreferenced message	corvax\tts\tts-voices.ftl
tts-voice-name-tlou_tess	unreferenced message	corvax\tts\tts-voices.ftl
tts-voice-name-togwaggle	unreferenced message	corvax\tts\tts-voices.ftl
tts-voice-name-tolfdir	unreferenced message	corvax\tts\tts-voices.ftl
tts-voice-name-torbjorn	unreferenced message	corvax\tts\tts-voices.ftl
tts-voice-name-tosh	unreferenced message	corvax\tts\tts-voices.ftl
tts-voice-name-toy18	unreferenced message	corvax\tts\tts-voices.ftl
tts-voice-name-tracer	unreferenced message	corvax\tts\tts-voices.ftl
tts-voice-name-training_robot	unreferenced message	corvax\tts\tts-voices.ftl
tts-voice-name-trainingrobot	unreferenced message	corvax\tts\tts-voices.ftl
tts-voice-name-trapper	unreferenced message	corvax\tts\tts-voices.ftl
tts-voice-name-treant	unreferenced message	corvax\tts\tts-voices.ftl
tts-voice-name-tribal1	unreferenced message	corvax\tts\tts-voices.ftl
tts-voice-name-tribal2	unreferenced message	corvax\tts\tts-voices.ftl
tts-voice-name-tribal3	unreferenced message	corvax\tts\tts-voices.ftl
tts-voice-name-triss	unreferenced message	corvax\tts\tts-voices.ftl
tts-voice-name-tristana	unreferenced message	corvax\tts\tts-voices.ftl
tts-voice-name-trundle	unreferenced message	corvax\tts\tts-voices.ftl
tts-voice-name-tryndamere	unreferenced message	corvax\tts\tts-voices.ftl
tts-voice-name-tsun	unreferenced message	corvax\tts\tts-voices.ftl
tts-voice-name-tullius	unreferenced message	corvax\tts\tts-voices.ftl
tts-voice-name-turalyon	unreferenced message	corvax\tts\tts-voices.ftl
tts-voice-name-tusk	unreferenced message	corvax\tts\tts-voices.ftl
tts-voice-name-twitch	unreferenced message	corvax\tts\tts-voices.ftl
tts-voice-name-tychus	unreferenced message	corvax\tts\tts-voices.ftl
tts-voice-name-tyrael	unreferenced message	corvax\tts\tts-voices.ftl
tts-voice-name-tyrande	unreferenced message	corvax\tts\tts-voices.ftl
tts-voice-name-tyrande_hs	unreferenced message	corvax\tts\tts-voices.ftl
tts-voice-name-tyrandehs	unreferenced message	corvax\tts\tts-voices.ftl
tts-voice-name-udalryk	unreferenced message	corvax\tts\tts-voices.ftl
tts-voice-name-udyr	unreferenced message	corvax\tts\tts-voices.ftl
tts-voice-name-ulfric	unreferenced message	corvax\tts\tts-voices.ftl
tts-voice-name-uther	unreferenced message	corvax\tts\tts-voices.ftl
tts-voice-name-vaas	unreferenced message	corvax\tts\tts-voices.ftl
tts-voice-name-valdera	unreferenced message	corvax\tts\tts-voices.ftl
tts-voice-name-valeera	unreferenced message	corvax\tts\tts-voices.ftl
tts-voice-name-valeera_hs	unreferenced message	corvax\tts\tts-voices.ftl
tts-voice-name-valeerahs	unreferenced message	corvax\tts\tts-voices.ftl
tts-voice-name-valeria	unreferenced message	corvax\tts\tts-voices.ftl
tts-voice-name-valerian	unreferenced message	corvax\tts\tts-voices.ftl
tts-voice-name-vanndara	unreferenced message	corvax\tts\tts-voices.ftl
tts-voice-name-vargoth	unreferenced message	corvax\tts\tts-voices.ftl
tts-voice-name-varian	unreferenced message	corvax\tts\tts-voices.ftl
tts-voice-name-vayne	unreferenced message	corvax\tts\tts-voices.ftl
tts-voice-name-vesemir	unreferenced message	corvax\tts\tts-voices.ftl
tts-voice-name-vex	unreferenced message	corvax\tts\tts-voices.ftl
tts-voice-name-vi	unreferenced message	corvax\tts\tts-voices.ftl
tts-voice-name-victor	unreferenced message	corvax\tts\tts-voices.ftl
tts-voice-name-viktor	unreferenced message	corvax\tts\tts-voices.ftl
tts-voice-name-villagerm	unreferenced message	corvax\tts\tts-voices.ftl
tts-voice-name-vivienne	unreferenced message	corvax\tts\tts-voices.ftl
tts-voice-name-volibear	unreferenced message	corvax\tts\tts-voices.ftl
tts-voice-name-voljin	unreferenced message	corvax\tts\tts-voices.ftl
tts-voice-name-volskaya	unreferenced message	corvax\tts\tts-voices.ftl
tts-voice-name-voone	unreferenced message	corvax\tts\tts-voices.ftl
tts-voice-name-vor	unreferenced message	corvax\tts\tts-voices.ftl
tts-voice-name-vort	unreferenced message	corvax\tts\tts-voices.ftl
tts-voice-name-vort_e2	unreferenced message	corvax\tts\tts-voices.ftl
tts-voice-name-vorte2	unreferenced message	corvax\tts\tts-voices.ftl
tts-voice-name-vree	unreferenced message	corvax\tts\tts-voices.ftl
tts-voice-name-wagtoggle	unreferenced message	corvax\tts\tts-voices.ftl
tts-voice-name-warcraft_garrosh	unreferenced message	corvax\tts\tts-voices.ftl
tts-voice-name-wendy	unreferenced message	corvax\tts\tts-voices.ftl
tts-voice-name-wheatley	unreferenced message	corvax\tts\tts-voices.ftl
tts-voice-name-whirt	unreferenced message	corvax\tts\tts-voices.ftl
tts-voice-name-whitemane	unreferenced message	corvax\tts\tts-voices.ftl
tts-voice-name-widowmaker	unreferenced message	corvax\tts\tts-voices.ftl
tts-voice-name-willow	unreferenced message	corvax\tts\tts-voices.ftl
tts-voice-name-windranger	unreferenced message	corvax\tts\tts-voices.ftl
tts-voice-name-winslow	unreferenced message	corvax\tts\tts-voices.ftl
tts-voice-name-winston	unreferenced message	corvax\tts\tts-voices.ftl
tts-voice-name-witch	unreferenced message	corvax\tts\tts-voices.ftl
tts-voice-name-witchdoctor	unreferenced message	corvax\tts\tts-voices.ftl
tts-voice-name-witchdoctor_h	unreferenced message	corvax\tts\tts-voices.ftl
tts-voice-name-witchdoctorh	unreferenced message	corvax\tts\tts-voices.ftl
tts-voice-name-wizard	unreferenced message	corvax\tts\tts-voices.ftl
tts-voice-name-wraith	unreferenced message	corvax\tts\tts-voices.ftl
tts-voice-name-wreckingball	unreferenced message	corvax\tts\tts-voices.ftl
tts-voice-name-wywern	unreferenced message	corvax\tts\tts-voices.ftl
tts-voice-name-xenia	unreferenced message	corvax\tts\tts-voices.ftl
tts-voice-name-xurios	unreferenced message	corvax\tts\tts-voices.ftl
tts-voice-name-ycf	unreferenced message	corvax\tts\tts-voices.ftl
tts-voice-name-yennefer	unreferenced message	corvax\tts\tts-voices.ftl
tts-voice-name-yone	unreferenced message	corvax\tts\tts-voices.ftl
tts-voice-name-yorick	unreferenced message	corvax\tts\tts-voices.ftl
tts-voice-name-yrel	unreferenced message	corvax\tts\tts-voices.ftl
tts-voice-name-yrel_hs	unreferenced message	corvax\tts\tts-voices.ftl
tts-voice-name-yrelhs	unreferenced message	corvax\tts\tts-voices.ftl
tts-voice-name-yuumi	unreferenced message	corvax\tts\tts-voices.ftl
tts-voice-name-zac	unreferenced message	corvax\tts\tts-voices.ftl
tts-voice-name-zagara	unreferenced message	corvax\tts\tts-voices.ftl
tts-voice-name-zak	unreferenced message	corvax\tts\tts-voices.ftl
tts-voice-name-zarya	unreferenced message	corvax\tts\tts-voices.ftl
tts-voice-name-zenda	unreferenced message	corvax\tts\tts-voices.ftl
tts-voice-name-zentimo	unreferenced message	corvax\tts\tts-voices.ftl
tts-voice-name-zenyatta	unreferenced message	corvax\tts\tts-voices.ftl
tts-voice-name-zeri	unreferenced message	corvax\tts\tts-voices.ftl
tts-voice-name-zeus	unreferenced message	corvax\tts\tts-voices.ftl
tts-voice-name-zibb	unreferenced message	corvax\tts\tts-voices.ftl
tts-voice-name-ziggs	unreferenced message	corvax\tts\tts-voices.ftl
tts-voice-name-zoie	unreferenced message	corvax\tts\tts-voices.ftl
tts-voice-name-zuljin	unreferenced message	corvax\tts\tts-voices.ftl
tts-voice-name-zyra	unreferenced message	corvax\tts\tts-voices.ftl
ui-disposal-unit-button-routing	unreferenced message	disposal\unit\components\disposal-unit-component.ftl
ui-escape-bug-report	unreferenced message	escape-menu\ui\escape-menu.ftl
ui-escape-remarks	unreferenced message	escape-menu\ui\escape-menu.ftl
ui-escape-remarks-button-disabled	unreferenced message	escape-menu\ui\escape-menu.ftl
ui-mailing-unit-window-title-tagged	unreferenced message	disposal\mailing\components\disposal-mailing-unit-component.ftl
ui-options-accessibility-header-content	unreferenced message	escape-menu\ui\options-menu.ftl
ui-options-accessibility-header-reduced-motion	unreferenced message	escape-menu\ui\options-menu.ftl
ui-options-accessibility-header-visuals	unreferenced message	escape-menu\ui\options-menu.ftl
ui-options-audio-device	unreferenced message	escape-menu\ui\options-menu.ftl
ui-options-audio-device-default	unreferenced message	escape-menu\ui\options-menu.ftl
ui-options-audio-hrtf	unreferenced message	escape-menu\ui\options-menu.ftl
ui-options-chat-follow-button	unreferenced message	escape-menu\ui\options-menu.ftl
ui-options-disable-ai-static-tooltip	unreferenced message	escape-menu\ui\options-menu.ftl
ui-options-disable-blurry-vision	unreferenced message	escape-menu\ui\options-menu.ftl
ui-options-disable-blurry-vision-tooltip	unreferenced message	escape-menu\ui\options-menu.ftl
ui-options-disable-drunk-overlay	unreferenced message	escape-menu\ui\options-menu.ftl
ui-options-disable-drunk-overlay-tooltip	unreferenced message	escape-menu\ui\options-menu.ftl
ui-options-disable-flash-effect	unreferenced message	escape-menu\ui\options-menu.ftl
ui-options-disable-flash-effect-tooltip	unreferenced message	escape-menu\ui\options-menu.ftl
ui-options-disable-heat-distortion	unreferenced message	escape-menu\ui\options-menu.ftl
ui-options-disable-heat-distortion-tooltip	unreferenced message	escape-menu\ui\options-menu.ftl
ui-options-disable-nv-noise	unreferenced message	escape-menu\ui\options-menu.ftl
ui-options-disable-nv-noise-tooltip	unreferenced message	escape-menu\ui\options-menu.ftl
ui-options-disable-rainbow-overlay	unreferenced message	escape-menu\ui\options-menu.ftl
ui-options-disable-rainbow-overlay-tooltip	unreferenced message	escape-menu\ui\options-menu.ftl
ui-options-disable-singulo-warp	unreferenced message	escape-menu\ui\options-menu.ftl
ui-options-disable-singulo-warp-tooltip	unreferenced message	escape-menu\ui\options-menu.ftl
ui-options-max-fps	unreferenced message	escape-menu\ui\options-menu.ftl
ui-options-max-fps-display-rate	unreferenced message	escape-menu\ui\options-menu.ftl
ui-options-max-fps-tooltip	unreferenced message	escape-menu\ui\options-menu.ftl
ui-options-mute-unfocused	unreferenced message	escape-menu\ui\options-menu.ftl
ui-options-reduced-motion-tooltip	unreferenced message	escape-menu\ui\options-menu.ftl
ui-options-sharpness	unreferenced message	escape-menu\ui\options-menu.ftl
ui-options-tts-label	unreferenced message	corvax\tts\tts-ui.ftl
ui-options-tts-radio-filter-all	unreferenced message	corvax\tts\tts-ui.ftl
ui-options-tts-radio-filter-description	unreferenced message	corvax\tts\tts-ui.ftl
ui-options-tts-radio-filter-none	unreferenced message	corvax\tts\tts-ui.ftl
ui-options-tts-radio-filter-reset	unreferenced message	corvax\tts\tts-ui.ftl
ui-options-tts-voice-effect	unreferenced message	corvax\tts\tts-ui.ftl
ui-options-tts-volume	unreferenced message	corvax\tts\tts-ui.ftl
ui-options-tts-volume-radio	unreferenced message	corvax\tts\tts-ui.ftl
ui-rules-header-corvax	unreferenced message	corvax\info\rules.ftl
uplink-ammo-blast-desc	unreferenced message	store\uplink-catalog\ammo.ftl
uplink-ammo-blast-name	unreferenced message	store\uplink-catalog\ammo.ftl
uplink-ammo-frag-desc	unreferenced message	store\uplink-catalog\ammo.ftl
uplink-ammo-frag-name	unreferenced message	store\uplink-catalog\ammo.ftl
uplink-weighted-coin-desc	unreferenced message	store\uplink-catalog\deception.ftl
uplink-weighted-coin-name	unreferenced message	store\uplink-catalog\deception.ftl
uploadfolder-command-description	unreferenced message	robust-toolbox\uploadfolder.ftl
uploadfolder-command-file-too-big	unreferenced message	robust-toolbox\uploadfolder.ftl
uploadfolder-command-folder-not-found	unreferenced message	robust-toolbox\uploadfolder.ftl
uploadfolder-command-help	unreferenced message	robust-toolbox\uploadfolder.ftl
uploadfolder-command-resource-upload-disabled	unreferenced message	robust-toolbox\uploadfolder.ftl
uploadfolder-command-success	unreferenced message	robust-toolbox\uploadfolder.ftl
uploadfolder-command-wrong-args	unreferenced message	robust-toolbox\uploadfolder.ftl
vehicle-slot-component-slot-name-keys	unreferenced message	vehicle\vehicle.ftl
verb-categories-select-target	unreferenced message	verbs\verb-system.ftl
verb-common-enter	unreferenced message	verbs\verb-system.ftl
verb-common-exit	unreferenced message	verbs\verb-system.ftl
verb-description-mask-pull-down	unreferenced message	actions\actions\mask.ftl
verb-description-mask-pull-up	unreferenced message	actions\actions\mask.ftl
verb-mask-other-pulled-down-popup-message	unreferenced message	actions\actions\mask.ftl
verb-mask-other-pulled-up-popup-message	unreferenced message	actions\actions\mask.ftl
verb-mask-pull-down-popup-message	unreferenced message	actions\actions\mask.ftl
verb-mask-pull-up-popup-message	unreferenced message	actions\actions\mask.ftl
verb-mask-pulled-down-popup-message	unreferenced message	actions\actions\mask.ftl
verb-mask-pulled-up-popup-message	unreferenced message	actions\actions\mask.ftl
verb-name-mask-pull-down	unreferenced message	actions\actions\mask.ftl
verb-name-mask-pull-up	unreferenced message	actions\actions\mask.ftl
verbs-dataset-632	unreferenced message	datasets\verbs.ftl
verbs-dataset-633	unreferenced message	datasets\verbs.ftl
verbs-dataset-634	unreferenced message	datasets\verbs.ftl
verbs-dataset-635	unreferenced message	datasets\verbs.ftl
verbs-dataset-636	unreferenced message	datasets\verbs.ftl
verbs-dataset-637	unreferenced message	datasets\verbs.ftl
verbs-dataset-638	unreferenced message	datasets\verbs.ftl
verbs-dataset-639	unreferenced message	datasets\verbs.ftl
verbs-dataset-640	unreferenced message	datasets\verbs.ftl
verbs-dataset-641	unreferenced message	datasets\verbs.ftl
verbs-dataset-642	unreferenced message	datasets\verbs.ftl
verbs-dataset-643	unreferenced message	datasets\verbs.ftl
verbs-dataset-644	unreferenced message	datasets\verbs.ftl
verbs-dataset-645	unreferenced message	datasets\verbs.ftl
verbs-dataset-646	unreferenced message	datasets\verbs.ftl
verbs-dataset-647	unreferenced message	datasets\verbs.ftl
verbs-dataset-648	unreferenced message	datasets\verbs.ftl
verbs-dataset-649	unreferenced message	datasets\verbs.ftl
verbs-dataset-650	unreferenced message	datasets\verbs.ftl
verbs-dataset-651	unreferenced message	datasets\verbs.ftl
verbs-dataset-652	unreferenced message	datasets\verbs.ftl
verbs-dataset-653	unreferenced message	datasets\verbs.ftl
verbs-dataset-654	unreferenced message	datasets\verbs.ftl
verbs-dataset-655	unreferenced message	datasets\verbs.ftl
verbs-dataset-656	unreferenced message	datasets\verbs.ftl
verbs-dataset-657	unreferenced message	datasets\verbs.ftl
verbs-dataset-658	unreferenced message	datasets\verbs.ftl
verbs-dataset-659	unreferenced message	datasets\verbs.ftl
verbs-dataset-660	unreferenced message	datasets\verbs.ftl
verbs-dataset-661	unreferenced message	datasets\verbs.ftl
verbs-dataset-662	unreferenced message	datasets\verbs.ftl
verbs-dataset-663	unreferenced message	datasets\verbs.ftl
verbs-dataset-664	unreferenced message	datasets\verbs.ftl
verbs-dataset-665	unreferenced message	datasets\verbs.ftl
verbs-dataset-666	unreferenced message	datasets\verbs.ftl
verbs-dataset-667	unreferenced message	datasets\verbs.ftl
verbs-dataset-668	unreferenced message	datasets\verbs.ftl
verbs-dataset-669	unreferenced message	datasets\verbs.ftl
verbs-dataset-670	unreferenced message	datasets\verbs.ftl
verbs-dataset-671	unreferenced message	datasets\verbs.ftl
verbs-dataset-672	unreferenced message	datasets\verbs.ftl
verbs-dataset-673	unreferenced message	datasets\verbs.ftl
verbs-dataset-674	unreferenced message	datasets\verbs.ftl
verbs-dataset-675	unreferenced message	datasets\verbs.ftl
verbs-dataset-676	unreferenced message	datasets\verbs.ftl
verbs-dataset-677	unreferenced message	datasets\verbs.ftl
verbs-dataset-678	unreferenced message	datasets\verbs.ftl
verbs-dataset-679	unreferenced message	datasets\verbs.ftl
verbs-dataset-680	unreferenced message	datasets\verbs.ftl
verbs-dataset-681	unreferenced message	datasets\verbs.ftl
verbs-dataset-682	unreferenced message	datasets\verbs.ftl
verbs-dataset-683	unreferenced message	datasets\verbs.ftl
verbs-dataset-684	unreferenced message	datasets\verbs.ftl
verbs-dataset-685	unreferenced message	datasets\verbs.ftl
verbs-dataset-686	unreferenced message	datasets\verbs.ftl
verbs-dataset-687	unreferenced message	datasets\verbs.ftl
verbs-dataset-688	unreferenced message	datasets\verbs.ftl
verbs-dataset-689	unreferenced message	datasets\verbs.ftl
verbs-dataset-690	unreferenced message	datasets\verbs.ftl
verbs-dataset-691	unreferenced message	datasets\verbs.ftl
verbs-dataset-692	unreferenced message	datasets\verbs.ftl
verbs-dataset-693	unreferenced message	datasets\verbs.ftl
verbs-dataset-694	unreferenced message	datasets\verbs.ftl
verbs-dataset-695	unreferenced message	datasets\verbs.ftl
verbs-dataset-696	unreferenced message	datasets\verbs.ftl
verbs-dataset-697	unreferenced message	datasets\verbs.ftl
verbs-dataset-698	unreferenced message	datasets\verbs.ftl
verbs-dataset-699	unreferenced message	datasets\verbs.ftl
verbs-dataset-700	unreferenced message	datasets\verbs.ftl
verbs-dataset-701	unreferenced message	datasets\verbs.ftl
verbs-dataset-702	unreferenced message	datasets\verbs.ftl
verbs-dataset-703	unreferenced message	datasets\verbs.ftl
verbs-dataset-704	unreferenced message	datasets\verbs.ftl
verbs-dataset-705	unreferenced message	datasets\verbs.ftl
verbs-dataset-706	unreferenced message	datasets\verbs.ftl
verbs-dataset-707	unreferenced message	datasets\verbs.ftl
verbs-dataset-708	unreferenced message	datasets\verbs.ftl
verbs-dataset-709	unreferenced message	datasets\verbs.ftl
verbs-dataset-710	unreferenced message	datasets\verbs.ftl
verbs-dataset-711	unreferenced message	datasets\verbs.ftl
verbs-dataset-712	unreferenced message	datasets\verbs.ftl
verbs-dataset-713	unreferenced message	datasets\verbs.ftl
verbs-dataset-714	unreferenced message	datasets\verbs.ftl
verbs-dataset-715	unreferenced message	datasets\verbs.ftl
verbs-dataset-716	unreferenced message	datasets\verbs.ftl
verbs-dataset-717	unreferenced message	datasets\verbs.ftl
verbs-dataset-718	unreferenced message	datasets\verbs.ftl
verbs-dataset-719	unreferenced message	datasets\verbs.ftl
verbs-dataset-720	unreferenced message	datasets\verbs.ftl
verbs-dataset-721	unreferenced message	datasets\verbs.ftl
verbs-dataset-722	unreferenced message	datasets\verbs.ftl
verbs-dataset-723	unreferenced message	datasets\verbs.ftl
verbs-dataset-724	unreferenced message	datasets\verbs.ftl
verbs-dataset-725	unreferenced message	datasets\verbs.ftl
verbs-dataset-726	unreferenced message	datasets\verbs.ftl
verbs-dataset-727	unreferenced message	datasets\verbs.ftl
verbs-dataset-728	unreferenced message	datasets\verbs.ftl
verbs-dataset-729	unreferenced message	datasets\verbs.ftl
verbs-dataset-730	unreferenced message	datasets\verbs.ftl
verbs-dataset-731	unreferenced message	datasets\verbs.ftl
verbs-dataset-732	unreferenced message	datasets\verbs.ftl
verbs-dataset-733	unreferenced message	datasets\verbs.ftl
verbs-dataset-734	unreferenced message	datasets\verbs.ftl
verbs-dataset-735	unreferenced message	datasets\verbs.ftl
verbs-dataset-736	unreferenced message	datasets\verbs.ftl
verbs-dataset-737	unreferenced message	datasets\verbs.ftl
verbs-dataset-738	unreferenced message	datasets\verbs.ftl
verbs-dataset-739	unreferenced message	datasets\verbs.ftl
verbs-dataset-740	unreferenced message	datasets\verbs.ftl
verbs-dataset-741	unreferenced message	datasets\verbs.ftl
verbs-dataset-742	unreferenced message	datasets\verbs.ftl
verbs-dataset-743	unreferenced message	datasets\verbs.ftl
verbs-dataset-744	unreferenced message	datasets\verbs.ftl
verbs-dataset-745	unreferenced message	datasets\verbs.ftl
verbs-dataset-746	unreferenced message	datasets\verbs.ftl
verbs-dataset-747	unreferenced message	datasets\verbs.ftl
verbs-dataset-748	unreferenced message	datasets\verbs.ftl
verbs-dataset-749	unreferenced message	datasets\verbs.ftl
verbs-dataset-750	unreferenced message	datasets\verbs.ftl
verbs-dataset-751	unreferenced message	datasets\verbs.ftl
verbs-dataset-752	unreferenced message	datasets\verbs.ftl
verbs-dataset-753	unreferenced message	datasets\verbs.ftl
verbs-dataset-754	unreferenced message	datasets\verbs.ftl
verbs-dataset-755	unreferenced message	datasets\verbs.ftl
verbs-dataset-756	unreferenced message	datasets\verbs.ftl
verbs-dataset-757	unreferenced message	datasets\verbs.ftl
verbs-dataset-758	unreferenced message	datasets\verbs.ftl
verbs-dataset-759	unreferenced message	datasets\verbs.ftl
verbs-dataset-760	unreferenced message	datasets\verbs.ftl
verbs-dataset-761	unreferenced message	datasets\verbs.ftl
verbs-dataset-762	unreferenced message	datasets\verbs.ftl
verbs-dataset-763	unreferenced message	datasets\verbs.ftl
verbs-dataset-764	unreferenced message	datasets\verbs.ftl
verbs-dataset-765	unreferenced message	datasets\verbs.ftl
verbs-dataset-766	unreferenced message	datasets\verbs.ftl
verbs-dataset-767	unreferenced message	datasets\verbs.ftl
verbs-dataset-768	unreferenced message	datasets\verbs.ftl
verbs-dataset-769	unreferenced message	datasets\verbs.ftl
verbs-dataset-770	unreferenced message	datasets\verbs.ftl
verbs-dataset-771	unreferenced message	datasets\verbs.ftl
verbs-dataset-772	unreferenced message	datasets\verbs.ftl
verbs-dataset-773	unreferenced message	datasets\verbs.ftl
verbs-dataset-774	unreferenced message	datasets\verbs.ftl
verbs-dataset-775	unreferenced message	datasets\verbs.ftl
verbs-dataset-776	unreferenced message	datasets\verbs.ftl
verbs-dataset-777	unreferenced message	datasets\verbs.ftl
verbs-dataset-778	unreferenced message	datasets\verbs.ftl
verbs-dataset-779	unreferenced message	datasets\verbs.ftl
verbs-dataset-780	unreferenced message	datasets\verbs.ftl
verbs-dataset-781	unreferenced message	datasets\verbs.ftl
verbs-dataset-782	unreferenced message	datasets\verbs.ftl
verbs-dataset-783	unreferenced message	datasets\verbs.ftl
verbs-dataset-784	unreferenced message	datasets\verbs.ftl
verbs-dataset-785	unreferenced message	datasets\verbs.ftl
verbs-dataset-786	unreferenced message	datasets\verbs.ftl
verbs-dataset-787	unreferenced message	datasets\verbs.ftl
verbs-dataset-788	unreferenced message	datasets\verbs.ftl
verbs-dataset-789	unreferenced message	datasets\verbs.ftl
verbs-dataset-790	unreferenced message	datasets\verbs.ftl
verbs-dataset-791	unreferenced message	datasets\verbs.ftl
verbs-dataset-792	unreferenced message	datasets\verbs.ftl
verbs-dataset-793	unreferenced message	datasets\verbs.ftl
verbs-dataset-794	unreferenced message	datasets\verbs.ftl
verbs-dataset-795	unreferenced message	datasets\verbs.ftl
verbs-dataset-796	unreferenced message	datasets\verbs.ftl
verbs-dataset-797	unreferenced message	datasets\verbs.ftl
verbs-dataset-798	unreferenced message	datasets\verbs.ftl
verbs-dataset-799	unreferenced message	datasets\verbs.ftl
verbs-dataset-800	unreferenced message	datasets\verbs.ftl
verbs-dataset-801	unreferenced message	datasets\verbs.ftl
verbs-dataset-802	unreferenced message	datasets\verbs.ftl
verbs-dataset-803	unreferenced message	datasets\verbs.ftl
verbs-dataset-804	unreferenced message	datasets\verbs.ftl
verbs-dataset-805	unreferenced message	datasets\verbs.ftl
verbs-dataset-806	unreferenced message	datasets\verbs.ftl
verbs-dataset-807	unreferenced message	datasets\verbs.ftl
verbs-dataset-808	unreferenced message	datasets\verbs.ftl
verbs-dataset-809	unreferenced message	datasets\verbs.ftl
verbs-dataset-810	unreferenced message	datasets\verbs.ftl
verbs-dataset-811	unreferenced message	datasets\verbs.ftl
verbs-dataset-812	unreferenced message	datasets\verbs.ftl
verbs-dataset-813	unreferenced message	datasets\verbs.ftl
verbs-dataset-814	unreferenced message	datasets\verbs.ftl
verbs-dataset-815	unreferenced message	datasets\verbs.ftl
verbs-dataset-816	unreferenced message	datasets\verbs.ftl
verbs-dataset-817	unreferenced message	datasets\verbs.ftl
verbs-dataset-818	unreferenced message	datasets\verbs.ftl
verbs-dataset-819	unreferenced message	datasets\verbs.ftl
verbs-dataset-820	unreferenced message	datasets\verbs.ftl
verbs-dataset-821	unreferenced message	datasets\verbs.ftl
verbs-dataset-822	unreferenced message	datasets\verbs.ftl
verbs-dataset-823	unreferenced message	datasets\verbs.ftl
verbs-dataset-824	unreferenced message	datasets\verbs.ftl
verbs-dataset-825	unreferenced message	datasets\verbs.ftl
verbs-dataset-826	unreferenced message	datasets\verbs.ftl
verbs-dataset-827	unreferenced message	datasets\verbs.ftl
verbs-dataset-828	unreferenced message	datasets\verbs.ftl
verbs-dataset-829	unreferenced message	datasets\verbs.ftl
verbs-dataset-830	unreferenced message	datasets\verbs.ftl
verbs-dataset-831	unreferenced message	datasets\verbs.ftl
verbs-dataset-832	unreferenced message	datasets\verbs.ftl
verbs-dataset-833	unreferenced message	datasets\verbs.ftl
verbs-dataset-834	unreferenced message	datasets\verbs.ftl
verbs-dataset-835	unreferenced message	datasets\verbs.ftl
verbs-dataset-836	unreferenced message	datasets\verbs.ftl
verbs-dataset-837	unreferenced message	datasets\verbs.ftl
verbs-dataset-838	unreferenced message	datasets\verbs.ftl
verbs-dataset-839	unreferenced message	datasets\verbs.ftl
verbs-dataset-840	unreferenced message	datasets\verbs.ftl
verbs-dataset-841	unreferenced message	datasets\verbs.ftl
verbs-dataset-842	unreferenced message	datasets\verbs.ftl
verbs-dataset-843	unreferenced message	datasets\verbs.ftl
verbs-dataset-844	unreferenced message	datasets\verbs.ftl
verbs-dataset-845	unreferenced message	datasets\verbs.ftl
verbs-dataset-846	unreferenced message	datasets\verbs.ftl
verbs-dataset-847	unreferenced message	datasets\verbs.ftl
verbs-dataset-848	unreferenced message	datasets\verbs.ftl
verbs-dataset-849	unreferenced message	datasets\verbs.ftl
verbs-dataset-850	unreferenced message	datasets\verbs.ftl
verbs-dataset-851	unreferenced message	datasets\verbs.ftl
verbs-dataset-852	unreferenced message	datasets\verbs.ftl
verbs-dataset-853	unreferenced message	datasets\verbs.ftl
verbs-dataset-854	unreferenced message	datasets\verbs.ftl
verbs-dataset-855	unreferenced message	datasets\verbs.ftl
verbs-dataset-856	unreferenced message	datasets\verbs.ftl
verbs-dataset-857	unreferenced message	datasets\verbs.ftl
verbs-dataset-858	unreferenced message	datasets\verbs.ftl
verbs-dataset-859	unreferenced message	datasets\verbs.ftl
verbs-dataset-860	unreferenced message	datasets\verbs.ftl
verbs-dataset-861	unreferenced message	datasets\verbs.ftl
verbs-dataset-862	unreferenced message	datasets\verbs.ftl
verbs-dataset-863	unreferenced message	datasets\verbs.ftl
verbs-dataset-864	unreferenced message	datasets\verbs.ftl
verbs-dataset-865	unreferenced message	datasets\verbs.ftl
verbs-dataset-866	unreferenced message	datasets\verbs.ftl
verbs-dataset-867	unreferenced message	datasets\verbs.ftl
verbs-dataset-868	unreferenced message	datasets\verbs.ftl
verbs-dataset-869	unreferenced message	datasets\verbs.ftl
verbs-dataset-870	unreferenced message	datasets\verbs.ftl
verbs-dataset-871	unreferenced message	datasets\verbs.ftl
verbs-dataset-872	unreferenced message	datasets\verbs.ftl
verbs-dataset-873	unreferenced message	datasets\verbs.ftl
verbs-dataset-874	unreferenced message	datasets\verbs.ftl
verbs-dataset-875	unreferenced message	datasets\verbs.ftl
verbs-dataset-876	unreferenced message	datasets\verbs.ftl
verbs-dataset-877	unreferenced message	datasets\verbs.ftl
verbs-dataset-878	unreferenced message	datasets\verbs.ftl
verbs-dataset-879	unreferenced message	datasets\verbs.ftl
verbs-dataset-880	unreferenced message	datasets\verbs.ftl
verbs-dataset-881	unreferenced message	datasets\verbs.ftl
verbs-dataset-882	unreferenced message	datasets\verbs.ftl
verbs-dataset-883	unreferenced message	datasets\verbs.ftl
verbs-dataset-884	unreferenced message	datasets\verbs.ftl
verbs-dataset-885	unreferenced message	datasets\verbs.ftl
verbs-dataset-886	unreferenced message	datasets\verbs.ftl
verbs-dataset-887	unreferenced message	datasets\verbs.ftl
verbs-dataset-888	unreferenced message	datasets\verbs.ftl
verbs-dataset-889	unreferenced message	datasets\verbs.ftl
verbs-dataset-890	unreferenced message	datasets\verbs.ftl
verbs-dataset-891	unreferenced message	datasets\verbs.ftl
verbs-dataset-892	unreferenced message	datasets\verbs.ftl
verbs-dataset-893	unreferenced message	datasets\verbs.ftl
verbs-dataset-894	unreferenced message	datasets\verbs.ftl
verbs-dataset-895	unreferenced message	datasets\verbs.ftl
verbs-dataset-896	unreferenced message	datasets\verbs.ftl
verbs-dataset-897	unreferenced message	datasets\verbs.ftl
verbs-dataset-898	unreferenced message	datasets\verbs.ftl
verbs-dataset-899	unreferenced message	datasets\verbs.ftl
verbs-dataset-900	unreferenced message	datasets\verbs.ftl
verbs-dataset-901	unreferenced message	datasets\verbs.ftl
verbs-dataset-902	unreferenced message	datasets\verbs.ftl
verbs-dataset-903	unreferenced message	datasets\verbs.ftl
verbs-dataset-904	unreferenced message	datasets\verbs.ftl
verbs-dataset-905	unreferenced message	datasets\verbs.ftl
verbs-dataset-906	unreferenced message	datasets\verbs.ftl
verbs-dataset-907	unreferenced message	datasets\verbs.ftl
verbs-dataset-908	unreferenced message	datasets\verbs.ftl
verbs-dataset-909	unreferenced message	datasets\verbs.ftl
verbs-dataset-910	unreferenced message	datasets\verbs.ftl
verbs-dataset-911	unreferenced message	datasets\verbs.ftl
verbs-dataset-912	unreferenced message	datasets\verbs.ftl
verbs-dataset-913	unreferenced message	datasets\verbs.ftl
verbs-dataset-914	unreferenced message	datasets\verbs.ftl
verbs-dataset-915	unreferenced message	datasets\verbs.ftl
verbs-dataset-916	unreferenced message	datasets\verbs.ftl
verbs-dataset-917	unreferenced message	datasets\verbs.ftl
verbs-dataset-918	unreferenced message	datasets\verbs.ftl
verbs-dataset-919	unreferenced message	datasets\verbs.ftl
verbs-dataset-920	unreferenced message	datasets\verbs.ftl
verbs-dataset-921	unreferenced message	datasets\verbs.ftl
verbs-dataset-922	unreferenced message	datasets\verbs.ftl
verbs-dataset-923	unreferenced message	datasets\verbs.ftl
verbs-dataset-924	unreferenced message	datasets\verbs.ftl
verbs-dataset-925	unreferenced message	datasets\verbs.ftl
verbs-dataset-926	unreferenced message	datasets\verbs.ftl
verbs-dataset-927	unreferenced message	datasets\verbs.ftl
verbs-dataset-928	unreferenced message	datasets\verbs.ftl
verbs-dataset-929	unreferenced message	datasets\verbs.ftl
verbs-dataset-930	unreferenced message	datasets\verbs.ftl
verbs-dataset-931	unreferenced message	datasets\verbs.ftl
verbs-dataset-932	unreferenced message	datasets\verbs.ftl
verbs-dataset-933	unreferenced message	datasets\verbs.ftl
verbs-dataset-934	unreferenced message	datasets\verbs.ftl
verbs-dataset-935	unreferenced message	datasets\verbs.ftl
verbs-dataset-936	unreferenced message	datasets\verbs.ftl
verbs-dataset-937	unreferenced message	datasets\verbs.ftl
verbs-dataset-938	unreferenced message	datasets\verbs.ftl
verbs-dataset-939	unreferenced message	datasets\verbs.ftl
verbs-dataset-940	unreferenced message	datasets\verbs.ftl
verbs-dataset-941	unreferenced message	datasets\verbs.ftl
verbs-dataset-942	unreferenced message	datasets\verbs.ftl
verbs-dataset-943	unreferenced message	datasets\verbs.ftl
verbs-dataset-944	unreferenced message	datasets\verbs.ftl
verbs-dataset-945	unreferenced message	datasets\verbs.ftl
verbs-dataset-946	unreferenced message	datasets\verbs.ftl
verbs-dataset-947	unreferenced message	datasets\verbs.ftl
verbs-dataset-948	unreferenced message	datasets\verbs.ftl
verbs-dataset-949	unreferenced message	datasets\verbs.ftl
verbs-dataset-950	unreferenced message	datasets\verbs.ftl
verbs-dataset-951	unreferenced message	datasets\verbs.ftl
verbs-dataset-952	unreferenced message	datasets\verbs.ftl
verbs-dataset-953	unreferenced message	datasets\verbs.ftl
verbs-dataset-954	unreferenced message	datasets\verbs.ftl
verbs-dataset-955	unreferenced message	datasets\verbs.ftl
verbs-dataset-956	unreferenced message	datasets\verbs.ftl
verbs-dataset-957	unreferenced message	datasets\verbs.ftl
verbs-dataset-958	unreferenced message	datasets\verbs.ftl
verbs-dataset-959	unreferenced message	datasets\verbs.ftl
verbs-dataset-960	unreferenced message	datasets\verbs.ftl
verbs-dataset-961	unreferenced message	datasets\verbs.ftl
verbs-dataset-962	unreferenced message	datasets\verbs.ftl
verbs-dataset-963	unreferenced message	datasets\verbs.ftl
verbs-dataset-964	unreferenced message	datasets\verbs.ftl
verbs-dataset-965	unreferenced message	datasets\verbs.ftl
verbs-dataset-966	unreferenced message	datasets\verbs.ftl
verbs-dataset-967	unreferenced message	datasets\verbs.ftl
verbs-dataset-968	unreferenced message	datasets\verbs.ftl
verbs-dataset-969	unreferenced message	datasets\verbs.ftl
verbs-dataset-970	unreferenced message	datasets\verbs.ftl
verbs-dataset-971	unreferenced message	datasets\verbs.ftl
verbs-dataset-972	unreferenced message	datasets\verbs.ftl
verbs-dataset-973	unreferenced message	datasets\verbs.ftl
verbs-dataset-974	unreferenced message	datasets\verbs.ftl
verbs-dataset-975	unreferenced message	datasets\verbs.ftl
verbs-dataset-976	unreferenced message	datasets\verbs.ftl
verbs-dataset-977	unreferenced message	datasets\verbs.ftl
verbs-dataset-978	unreferenced message	datasets\verbs.ftl
verbs-dataset-979	unreferenced message	datasets\verbs.ftl
verbs-dataset-980	unreferenced message	datasets\verbs.ftl
verbs-dataset-981	unreferenced message	datasets\verbs.ftl
verbs-dataset-982	unreferenced message	datasets\verbs.ftl
verbs-dataset-983	unreferenced message	datasets\verbs.ftl
verbs-dataset-984	unreferenced message	datasets\verbs.ftl
verbs-dataset-985	unreferenced message	datasets\verbs.ftl
verbs-dataset-986	unreferenced message	datasets\verbs.ftl
verbs-dataset-987	unreferenced message	datasets\verbs.ftl
verbs-dataset-988	unreferenced message	datasets\verbs.ftl
verbs-dataset-989	unreferenced message	datasets\verbs.ftl
verbs-dataset-990	unreferenced message	datasets\verbs.ftl
verbs-dataset-991	unreferenced message	datasets\verbs.ftl
view-variable-instance-entity-add-window-client-components	unreferenced message	robust-toolbox\view-variables.ftl
view-variable-instance-entity-add-window-server-components	unreferenced message	robust-toolbox\view-variables.ftl
view-variable-instance-entity-client-components-search-bar-placeholder	unreferenced message	robust-toolbox\view-variables.ftl
view-variable-instance-entity-client-components-tab-title	unreferenced message	robust-toolbox\view-variables.ftl
view-variable-instance-entity-client-variables-tab-title	unreferenced message	robust-toolbox\view-variables.ftl
view-variable-instance-entity-server-components-add-component-button-placeholder	unreferenced message	robust-toolbox\view-variables.ftl
view-variable-instance-entity-server-components-search-bar-placeholder	unreferenced message	robust-toolbox\view-variables.ftl
view-variable-instance-entity-server-components-tab-title	unreferenced message	robust-toolbox\view-variables.ftl
view-variable-instance-entity-server-variables-tab-title	unreferenced message	robust-toolbox\view-variables.ftl
view-variables	unreferenced message	robust-toolbox\view-variables.ftl
voice-mask-voice-change-info	unreferenced message	corvax\voice-mask.ftl
voice-mask-voice-popup-success	unreferenced message	corvax\voice-mask.ftl
vv-protoid-addwindow-title	unreferenced message	robust-toolbox\view-variables.ftl
vv-protoid-id-placeholder	unreferenced message	robust-toolbox\view-variables.ftl
vv-protoid-select-button-label	unreferenced message	robust-toolbox\view-variables.ftl
vv-sound-collection	unreferenced message	robust-toolbox\view-variables.ftl
vv-sound-loop	unreferenced message	robust-toolbox\view-variables.ftl
vv-sound-max-distance	unreferenced message	robust-toolbox\view-variables.ftl
vv-sound-none	unreferenced message	robust-toolbox\view-variables.ftl
vv-sound-path	unreferenced message	robust-toolbox\view-variables.ftl
vv-sound-pitch	unreferenced message	robust-toolbox\view-variables.ftl
vv-sound-play-offset	unreferenced message	robust-toolbox\view-variables.ftl
vv-sound-reference-distance	unreferenced message	robust-toolbox\view-variables.ftl
vv-sound-rolloff-factor	unreferenced message	robust-toolbox\view-variables.ftl
vv-sound-variation	unreferenced message	robust-toolbox\view-variables.ftl
vv-sound-volume	unreferenced message	robust-toolbox\view-variables.ftl
window-clear-button	unreferenced message	robust-toolbox\custom-controls.ftl
window-erase-button-text	unreferenced message	robust-toolbox\custom-controls.ftl
window-search-bar-placeholder	unreferenced message	robust-toolbox\custom-controls.ftl
zzzz-conjugate-basic	unreferenced message	robust-toolbox\_engine_lib.ftl
zzzz-conjugate-be	unreferenced message	robust-toolbox\_engine_lib.ftl
zzzz-conjugate-have	unreferenced message	robust-toolbox\_engine_lib.ftl
zzzz-dat-object	unreferenced message	robust-toolbox\_engine_lib.ftl
zzzz-genitive	unreferenced message	robust-toolbox\_engine_lib.ftl
zzzz-object-pronoun	unreferenced message	robust-toolbox\_engine_lib.ftl
zzzz-possessive-adjective	unreferenced message	robust-toolbox\_engine_lib.ftl
zzzz-possessive-pronoun	unreferenced message	robust-toolbox\_engine_lib.ftl
zzzz-reflexive-pronoun	unreferenced message	robust-toolbox\_engine_lib.ftl
zzzz-subject-pronoun	unreferenced message	robust-toolbox\_engine_lib.ftl
zzzz-the	unreferenced message	robust-toolbox\_engine_lib.ftl
