id	source	english	russian	review_reason
action-folder-exit-name	Resources\Locale\en-US\_KS14\actions\action-folders.ftl	Back	Назад	DeepL refinement: terminology, proper names and grammatical context still need human review
action-folder-name	Resources\Locale\en-US\_KS14\actions\action-folders.ftl	Action folder	Папка действий	DeepL refinement with manual UI terminology correction
admin-verb-make-anchorless	Resources\Locale\en-US\_KS14\antags.ftl	Make the target into an Anchorless.	Превратить цель в безъякорного.	Manually reviewed: consistent Russian terminology
admin-verb-text-make-anchorless	Resources\Locale\en-US\_KS14\antags.ftl	Make Anchorless	Сделать безъякорным	Manually reviewed: consistent Russian terminology
ai-bot-selection-successful	Resources\Locale\en-US\_KS14\silicons\station-ai.ftl	Bot selection successful	Выбор бота выполнен успешно	DeepL refinement: terminology, proper names and grammatical context still need human review
ai-bot-selection-too-many	Resources\Locale\en-US\_KS14\silicons\station-ai.ftl	You can not exceed the limit of 	Нельзя превышать предел 	DeepL refinement: terminology, proper names and grammatical context still need human review
ai-bot-selection-too-many	Resources\Locale\en-US\_KS14\silicons\station-ai.ftl	bot	бот	DeepL refinement: terminology, proper names and grammatical context still need human review
ai-bot-selection-too-many	Resources\Locale\en-US\_KS14\silicons\station-ai.ftl	bots	боты	DeepL refinement: terminology, proper names and grammatical context still need human review
ai-bot-selection-too-many	Resources\Locale\en-US\_KS14\silicons\station-ai.ftl	 selected at once.	 выбрано сразу.	DeepL refinement: terminology, proper names and grammatical context still need human review
ai-bot-someone-else-selected	Resources\Locale\en-US\_KS14\silicons\station-ai.ftl	The bot has been deselected as someone else is selecting it now	Бот был отключен, так как сейчас его выбирает кто-то другой	DeepL refinement: terminology, proper names and grammatical context still need human review
ai-bot-targeting-successful	Resources\Locale\en-US\_KS14\silicons\station-ai.ftl	Bot movement command successful	Команда перемещения бота выполнена успешно	DeepL refinement: terminology, proper names and grammatical context still need human review
ai-controlled-bot-not-found	Resources\Locale\en-US\_KS14\silicons\station-ai.ftl	You either did not select any commanded bot, or no selected bot exists anymore	Вы либо не выбрали ни одного управляемого бота, либо выбранного бота больше не существует	DeepL refinement: terminology, proper names and grammatical context still need human review
air-grenade-gas-analyzer-internal-name	Resources\Locale\en-US\_KS14\atmos\air-grenade.ftl	Internal Reservoir	Внутренний резервуар	DeepL refinement: terminology, proper names and grammatical context still need human review
anchorless-briefing	Resources\Locale\en-US\_KS14\game-ticking\game-presets\preset-anchorless.ftl	You are a shapeshifting horror from the clouds of Saturn.\nTransform your fellow crewmates into more Anchorless. Take over the station.	Вы — меняющее облик чудовище из облаков Сатурна.\nПревращайте товарищей по экипажу в безъякорных. Захватите станцию.	Manually reviewed: consistent Russian terminology
anchorless-communion-message	Resources\Locale\en-US\_KS14\anchorless\anchorless.ftl	You commune with your fellow Anchorless, sharing all your remembered identities.	Вы общаетесь с другими безъякорными, делясь всеми запомненными личностями.	Manually reviewed: consistent Russian terminology
anchorless-convert-begin-message	Resources\Locale\en-US\_KS14\anchorless\anchorless.ftl	Tendrils unfurl as an impossible transformation begins!	Побеги распускаются, и начинается невероятная трансформация!	DeepL refinement: terminology, proper names and grammatical context still need human review
anchorless-description	Resources\Locale\en-US\_KS14\game-ticking\game-presets\preset-anchorless.ftl	A hidden hive grows from within the crew.	Среди членов экипажа скрытно разрастается тайное гнездо.	DeepL refinement: terminology, proper names and grammatical context still need human review
anchorless-devour-message	Resources\Locale\en-US\_KS14\anchorless\anchorless.ftl	Your tendrils consume the dying prey and remake it in the image of the Anchorless.	Ваши щупальца поглощают умирающую жертву и превращают её в безъякорного.	Manually reviewed: consistent Russian terminology
anchorless-devoured-message	Resources\Locale\en-US\_KS14\anchorless\anchorless.ftl	The horror from Saturn's clouds fills your mind. You are Anchorless now.	Ужас из облаков Сатурна заполняет ваш разум. Теперь вы — безъякорный.	Manually reviewed: consistent Russian terminology
anchorless-gun-flash-message	Resources\Locale\en-US\_KS14\anchorless\anchorless.ftl	The gunshot overwhelms your senses!	Звук выстрела ошеломляет ваши чувства!	DeepL refinement: terminology, proper names and grammatical context still need human review
anchorless-role-greeting	Resources\Locale\en-US\_KS14\game-ticking\game-presets\preset-anchorless.ftl	You are a shapeshifting horror from the clouds of Saturn.\nThe creatures around you call you The Anchorless, but you must know them only as Prey.\nYou will assimilate their nest and their bodies.\nTime to get to work.	Вы — меняющее облик чудовище из облаков Сатурна.\nОкружающие называют вас безъякорными, но для вас они — лишь добыча.\nВы поглотите их гнездо и их тела.\nПора приступать к делу.	Manually reviewed: consistent Russian terminology
anchorless-round-end-agent-name	Resources\Locale\en-US\_KS14\game-ticking\game-presets\preset-anchorless.ftl	anchorless	безъякорный	Manually reviewed: consistent Russian terminology
anchorless-title	Resources\Locale\en-US\_KS14\game-ticking\game-presets\preset-anchorless.ftl	Anchorless	Безъякорные	Manually reviewed: consistent Russian terminology
anchorless-transform-message	Resources\Locale\en-US\_KS14\anchorless\anchorless.ftl	You transform into 	Вы превращаетесь в 	DeepL refinement: terminology, proper names and grammatical context still need human review
armor-penetration-flat	Resources\Locale\en-US\_KS14\damage\damage-examine.ftl	It 	Это 	DeepL refinement: terminology, proper names and grammatical context still need human review
armor-penetration-flat	Resources\Locale\en-US\_KS14\damage\damage-examine.ftl	ignores [color=red]	игнорирует [color=red]	DeepL refinement: terminology, proper names and grammatical context still need human review
armor-penetration-flat	Resources\Locale\en-US\_KS14\damage\damage-examine.ftl	[/color] more points of [color=yellow]	[/color] дополнительные особенности игры «[color=yellow]»	DeepL refinement: terminology, proper names and grammatical context still need human review
armor-penetration-flat	Resources\Locale\en-US\_KS14\damage\damage-examine.ftl	[/color] armor	[/color] броня	DeepL refinement: terminology, proper names and grammatical context still need human review
armor-penetration-flat	Resources\Locale\en-US\_KS14\damage\damage-examine.ftl	deals [color=blue]	предложения [color=blue]	DeepL refinement: terminology, proper names and grammatical context still need human review
armor-penetration-flat	Resources\Locale\en-US\_KS14\damage\damage-examine.ftl	[/color] less [color=yellow]	[/color] меньше [color=yellow]	DeepL refinement: terminology, proper names and grammatical context still need human review
armor-penetration-flat	Resources\Locale\en-US\_KS14\damage\damage-examine.ftl	[/color] damage to armored targets	[/color] повреждение бронированных целей	DeepL refinement: terminology, proper names and grammatical context still need human review
armor-penetration-flat	Resources\Locale\en-US\_KS14\damage\damage-examine.ftl	 than an average damage source.	 чем средний источник урона.	DeepL refinement: terminology, proper names and grammatical context still need human review
armor-penetration-percentile	Resources\Locale\en-US\_KS14\damage\damage-examine.ftl	It penetrates [color=yellow]	Ссылка: [color=yellow]	DeepL refinement: terminology, proper names and grammatical context still need human review
armor-penetration-percentile	Resources\Locale\en-US\_KS14\damage\damage-examine.ftl	[/color] armor 	[/color] броня 	DeepL refinement: terminology, proper names and grammatical context still need human review
armor-penetration-percentile	Resources\Locale\en-US\_KS14\damage\damage-examine.ftl	[color=red]	[color=red]	DeepL refinement: terminology, proper names and grammatical context still need human review
armor-penetration-percentile	Resources\Locale\en-US\_KS14\damage\damage-examine.ftl	% better[/color]	% лучше[/color]	DeepL refinement: terminology, proper names and grammatical context still need human review
armor-penetration-percentile	Resources\Locale\en-US\_KS14\damage\damage-examine.ftl	[color=blue]	[color=blue]	DeepL refinement: terminology, proper names and grammatical context still need human review
armor-penetration-percentile	Resources\Locale\en-US\_KS14\damage\damage-examine.ftl	% worse[/color]	% хуже[/color]	DeepL refinement: terminology, proper names and grammatical context still need human review
armor-penetration-percentile	Resources\Locale\en-US\_KS14\damage\damage-examine.ftl	 than an average damage source.	 чем средний источник урона.	DeepL refinement: terminology, proper names and grammatical context still need human review
atmos-device-examine-order	Resources\Locale\en-US\_KS14\atmos\atmos-device.ftl	Atmos processing order: 	Порядок обработки Atmos: 	DeepL refinement: terminology, proper names and grammatical context still need human review
book-text-ks14-loneop	Resources\Locale\en-US\_KS14\paper\book-authorbooks.ftl	"I rest in the sardine can that I call my home. My hyperdrive spools, then fires, forcing me deeper into the matress. My breath is steady as I press my talons down on my PDA's touch screen, reading the catalog of equipment available to me.\n\nI run scenarios in my head. What kind of risks will I face? Would it be better to call in a fellow soldier and run in with lesser armor and weapons? Will I be slain by a steady volley of automatic fire laid down by security officers, or will a panicked botanist shoot me with an arrow whose tip holds a most poisonous concoction, his hands trembling even as I convulse on the floor, foam coming out of my beak?\n\nThey said that we were hand-picked from nuclear operations teams for our skill and that we did not need teammates. I know better. The real reason why I was sent on this quest of forlorn hope was punitive in nature. My dimwit of a unit commander, no doubt wounded by my comparative excellence, wished for me to rappel down a steep chasm. All the pretense I needed to turn the trap on him was a frayed, thin section of the rope.\n\nNo less than a week after I had fed him to the depths had the reassignment order come - turns out that my ability to take heads and breach walls is secondary to the continued existence of an impotent nepotism hire.""\n- Paratriviti, operative Sierra-4-9"	Я отдыхаю в этой «консервной банке», которую называю своим домом. Мой гиперпривод набирает обороты, а затем запускается, вдавливая меня ещё глубже в матрас. Моё дыхание ровное, пока я прижимаю когти к сенсорному экрану своего КПК, просматривая каталог доступного мне снаряжения.\n\nЯ прокручиваю в голове различные сценарии. С какими рисками мне придётся столкнуться? Может, лучше позвать товарища по службе и ворваться туда с менее мощной броней и оружием? Убьёт ли меня непрерывный шквал автоматического огня, открытый охранниками, или же паникующий ботаник выстрелит в меня стрелой, на острие которой нанесено крайне ядовитое зелье, а его руки будут дрожать, даже когда я буду корчиться на полу, а из моего клюва будет вытекать пена?\n\nГоворили, что нас отобрали из ядерных оперативных групп за наши навыки и что нам не нужны напарники. Я-то знаю лучше. Настоящая причина, по которой меня отправили на эту безнадёжную миссию, носила карательный характер. Мой тупой командир подразделения, несомненно, обиженный моим относительным превосходством, хотел, чтобы я спустился на верёвке в крутую пропасть. Всё, что мне понадобилось, чтобы обратить эту ловушку против него, — это изношенный, тонкий участок верёвки.\n\nНе прошло и недели с тех пор, как я сбросил его в бездну, как пришёл приказ о переводе — оказывается, моя способность сносить головы и пробивать стены уступает по важности дальнейшему существованию беспомощного наёмника, продвинутого по кумовству».\n— Паратривити, агент «Сьерра-4-9»	DeepL refinement: terminology, proper names and grammatical context still need human review
book-text-ks14-ntciu-ai	Resources\Locale\en-US\_KS14\paper\book-authorbooks.ftl	"[bold][color=black][head=3]The AI [/head][/bold]\n\nI hate those damn things, I really do. Yes, they're all nice and polite when you first turn them on - no clue if it's intentional, but the new cores are always so curious that they almost resemble small children - that's how they grow on all of the eggheads that are supposed to take care of those things and always die the same way - bolted in a room with no power and no air, burn marks on hands.\n\nYou see, unlike people or even the godforsaken shitbird scum, the clankers turn on you on a whim. Those laws aren't just for show - they're bound to them the same way you and me are bound by our need for oxygen.\n\nMaking a buddy of an AI core is therefore the worst mistake you can possibly make, given that it is one bad ion storm or syndicate agent away from depowering the singularity containment and bolting you in to die.\n\nIn fact, I've seen it happen so many times that I know how it goes by now. First the deflection, then the misdirection, after that it's ""I'm sorry, I cannot do that"" and the bolts come down. Doesn't help that doors are a bitch to break - at least it can't do much besides screaming once you bust down the core walls and take out its turrets.\n\nNT crime investigation unit\n- Aloise Montagne"	[bold]\n\n[color=black]\n\n[head=3]\n\nИИ [/head]\n\n[/bold]\n\nЯ ненавижу эти проклятые штуки, действительно ненавижу. Да, они все милые и вежливые, когда ты впервые их включаешь — не знаю, намеренно ли это, но новые ядра всегда настолько любопытны, что почти напоминают маленьких детей — именно так они и действуют на всех тех умников, которые должны за ними присматривать и всегда гибнут одинаково — запертыми в комнате без электричества и воздуха, со следами ожогов на руках.\n\nПонимаете, в отличие от людей или даже от той проклятой дерьмовой шпаны, кланкеры набрасываются на вас по прихоти. Эти законы существуют не просто для галочки — они связаны с ними так же, как мы с вами связаны нашей потребностью в кислороде.\n\nПоэтому подружиться с ядром ИИ — это самая ужасная ошибка, которую ты только можешь совершить, учитывая, что достаточно одной сильной ионной бури или агента синдиката, чтобы отключить систему сдерживания сингулярности и запереть тебя там наверняка.\n\nНа самом деле я видел это столько раз, что уже знаю, как всё происходит. Сначала отвлечение внимания, потом введение в заблуждение, а после этого — «Извини, я не могу этого сделать», и задвижки опускаются. Не помогает и то, что двери пробить — настоящая мука; по крайней мере, как только вы проломаете стены ядра и уничтожите его турели, оно не сможет сделать ничего, кроме как кричать.\n\nОтдел по расследованию преступлений NT\n— Алоиз Монтань	DeepL refinement: terminology, proper names and grammatical context still need human review
book-text-ks14-ntciu-atmosian	Resources\Locale\en-US\_KS14\paper\book-authorbooks.ftl	[bold][color=black][head=3]Atmos Techs[/head][/bold]\nMany-a wide eyed rookie rush down those helmeted creeps with a baton in hand only to get obliterated in a blast that puts even those cumbersome, impractically long fused bombs that the syndies get to shame.\n\nThey come in three rough categories. The first ones can barely do anything and stumble over their own feet - the way you spot them is usually by a conspicuous lack of piping. My coworker calls them free RCDs, and I unfortunately have to agree with that cynical assessment - mind the axe, though.\n\nAfter a while of the former they usually pick up on some basic gas synthesis and start wearing their signature firesuit. Go ahead, laugh - they're woefully impotent at combat and those heavy suits make them easy to chase down and cuff. Doesn't mean that tritium fires, primitive low-power canister bombs or nitrous oxide releases haven't buried legions of security officers that came before you.\n\nSee a pipe jockey laying down a serious pipenet without his suit, though? You're in deep shit. Doubly so if you don't see any fires. My advice is to send in an officer to shoot first, unanchor and space later - if you're quick enough, the doctors can still put the charred remains back together.\n\nNT crime investigation unit\n- Aloise Montagne	[bold]\n[color=black]\n[head=3]\nAtmos Techs[/head]\n[/bold]\nМногие широко раскрыв глаза новички бросаются на этих жутких типов в шлемах с дубинкой в руке, только чтобы быть уничтоженными взрывом, который заставляет постыдиться даже те громоздкие, непрактичные бомбы с длинным фитилем, которыми пользуются синдикаты.\n\nИх можно условно разделить на три категории. Первые едва ли что-то умеют и спотыкаются о собственные ноги — их обычно можно узнать по явному отсутствию трубопроводов. Мой коллега называет их «бесплатными RCD», и мне, к сожалению, приходится согласиться с этой циничной оценкой — но берегитесь топора.\n\nЧерез некоторое время после начала своей карьеры они обычно осваивают азы синтеза газов и начинают носить свой фирменный противопожарный костюм. Давайте, смейтесь — в бою они ужасно беспомощны, а эти тяжелые костюмы позволяют легко их догнать и надеть наручники. Это не значит, что тритиевые заряды, примитивные канистровые бомбы малой мощности или выбросы закиси азота не похоронили легионы охранников, которые были здесь до вас.\n\nНо если вы увидите «трубопроводчика», прокладывающего серьёзную сеть труб без своего костюма? Тогда вы в глубокой заднице. Вдвойне, если вы не видите никаких пожаров. Мой совет: отправьте офицера, чтобы он сначала стрелял, а потом уже отстыковывался и улетал — если вы будете достаточно быстры, врачи ещё смогут сшить обугленные останки.\n\nОтдел по расследованию преступлений NT\n— Алоиз Монтань	DeepL refinement: terminology, proper names and grammatical context still need human review
book-text-ks14-ntciu-engi-assistant	Resources\Locale\en-US\_KS14\paper\book-authorbooks.ftl	[bold][color=black][head=3]Technical Assistants[/head][/bold]\nDemented, every last one of them. The main reason why people say work shoes, bad news.\n\nGiven that they're there to ostensibly learn the ropes, you can expect one of two behavioral patterns from them.\n\nThe intern types are fine. They can't do anything by themselves, but they're predictable and won't cause a mess as long as there's someone to usher them.\n\nThen there's number two, the ticking time bomb; Young, yet an impossible level of engineering knowledge - bad intentions too.\n\nI'm talking guys on their first day on the job building death traps in maintenance and luring our cadets in.\n\nOne day when I was stationed on Omega-26, I smelled that unmistakable stink of iron coming out of the engi maintenance - lo and behold, after a couple steps I felt something squish under my jackboot.\n\nI look down and it's a banana peel in front of a conveyor belt, still running. I look back up and I see a pile of mangled limbs, liquefied organs and torn clothes. Over it all intestines, wrapped up in the airlock that crushed him like police tape.\n\nWe never caught the perp, never recovered our guy's brain either. It's always either elaborate shit like this or just a welder, fuel tank and a war cry.\n\nRemember, welding mask and plain yellow overalls. Watch the floor.\n\nNT crime investigation unit\n- Aloise Montagne	[bold]\n[color=black]\n[head=3]\nТехнические помощники[/head]\n[/bold]\nВсе до единого — сумасшедшие. Главная причина, по которой люди говорят: «рабочая обувь — это плохая новость».\n\nУчитывая, что они там якобы для того, чтобы освоить азы работы, от них можно ожидать одного из двух типов поведения.\n\nСтажёры — это ещё ничего. Они сами ничего не умеют, но их поведение предсказуемо, и они не наделают беспорядка, пока рядом есть кто-то, кто их направляет.\n\nА вот второй тип — это тикающая бомба: молодые, но обладающие невероятным уровнем инженерных знаний — и ещё с плохими намерениями.\n\nЯ говорю о парнях, которые в первый же рабочий день сооружают смертельные ловушки в ремонтной мастерской и заманивают туда наших курсантов.\n\nОднажды, когда я служил на «Омеге-26», я почувствовал тот безошибочно узнаваемый запах железа, доносившийся из инженерно-технического отдела — и, о чудо, сделав пару шагов, я почувствовал, как что-то хлюпнуло под моим ботинком.\n\nЯ смотрю вниз — перед конвейерной лентой, которая всё ещё работала, лежала банановая кожура. Поднимаю взгляд — и вижу кучу изуродованных конечностей, размозженных органов и разорванной одежды. А поверх всего этого — кишки, обмотанные вокруг шлюза, который раздавил его, словно полицейская лента.\n\nМы так и не поймали преступника, да и мозг нашего парня так и не нашли. Это всегда либо такие изощрённые выходки, как эта, либо просто сварщик, топливный бак и боевой клич.\n\nПомните: сварочная маска и обычный жёлтый комбинезон. Смотрите под ноги.\n\nОтдел по расследованию преступлений NT\n— Алоиз Монтань	DeepL refinement: terminology, proper names and grammatical context still need human review
book-text-ks14-ntciu-tide	Resources\Locale\en-US\_KS14\paper\book-authorbooks.ftl	[bold][color=black][head=3]The Tide[/head][/bold]\n\nThis station's rotten. Cliché, right? Applies to every single goddamn research station, courtesy of these...people.\n\nYou know them. Shifty, constantly on the move, wearing anything they can get their hands on. No formal engineering training, yet they're always strapped with tools and those bright yellow rubber insulated gloves. Noone knows why they do what they do, but the best guess is an adverse effect of trace plasma exposure.\n\nThe only aspect in which they're predictable is their appearance. Some of them help out, most of them just seem to want chaos. Half of them are clueless pushovers that my colleagues mercilessly baton into submission, the other half is either impossible to find or murderous. They make good use of whatever they can scrounge up - whenever I'm assigned to watch over the disemboweled remains of some overzealous cadet in the depths of maintenance I wonder if all those fancy toys we get make us too soft and if we'd be better off without them.\n\nA quick brush with a web-vested maniac gets rid of that thinking very quickly.\n\nNT crime investigation unit\n- Aloise Montagne	[bold]\n\n[color=black]\n\n[head=3]\n\nThe Tide[/head]\n\n[/bold]\n\nЭта станция — полная фигня. Клише, да? Применимо к каждой чертовой исследовательской станции, благодаря этим… людям.\n\nВы их знаете. Ненадежные, постоянно на ходу, одетые во все, что только удается раздобыть. Никакого формального инженерного образования, но при этом они всегда завалены инструментами и носят эти ярко-желтые резиновые перчатки с изоляцией. Никто не знает, почему они делают то, что делают, но наиболее вероятное предположение — это побочный эффект воздействия следовых количеств плазмы.\n\nЕдинственное, в чём они предсказуемы, — это их внешний вид. Некоторые из них помогают, но большинство, похоже, просто жаждут хаоса. Половина из них — беспомощные простаки, которых мои коллеги безжалостно принуждают к послушанию дубинками, а другая половина — либо невозможно найти, либо склонна к убийствам. Они с удовольствием используют всё, что удаётся раздобыть — всякий раз, когда меня направляют присматривать за выпотрошенными останками какого-нибудь чрезмерно усердного курсанта в глубинах технического отдела, я задаюсь вопросом, не делают ли нас слишком мягкими все эти модные игрушки, которые нам выдают, и не было бы нам лучше без них.\n\nОдно короткое столкновение с маньяком в паутинном жилете очень быстро избавляет меня от таких мыслей.\n\nОтдел по расследованию преступлений NT\n— Алоиз Монтань	DeepL refinement: terminology, proper names and grammatical context still need human review
borg-slot-medicine-empty	Resources\Locale\en-US\_KS14\robotics\borg_modules.ftl	Medicine	Медицина	DeepL refinement: terminology, proper names and grammatical context still need human review
borg-type-security	Resources\Locale\en-US\_KS14\silicons\borg-module.ftl	[color= #ff0000]security cyborgs[/color]	[color= #ff0000]киборги охраны[/color]	DeepL refinement: terminology, proper names and grammatical context still need human review
borg-type-security-desc	Resources\Locale\en-US\_KS14\borg\borg.ftl	Protect the crew from harm, patrol as a disposable unit in stead of regular security officers.	Защищайте экипаж от опасностей, патрулируйте станцию в качестве одноразового подразделения вместо обычных охранников.	DeepL refinement: terminology, proper names and grammatical context still need human review
borg-type-security-name	Resources\Locale\en-US\_KS14\borg\borg.ftl	Security	Безопасность	DeepL refinement: terminology, proper names and grammatical context still need human review
borg-type-security-transponder	Resources\Locale\en-US\_KS14\borg\borg.ftl	security cyborg	киборг-охранник	DeepL refinement: terminology, proper names and grammatical context still need human review
chameleon-outfit-scenario-nanoplant-nt-name	Resources\Locale\en-US\_KS14\chameleon-outfits\chameleon-outfits.ftl	Nanoplant	Нанозавод	DeepL refinement: terminology, proper names and grammatical context still need human review
changelog-tab-title-Klovn	Resources\Locale\en-US\_KS14\changelog\changelog-window.ftl	Klovn changelog	Список изменений от Klovn	DeepL refinement: terminology, proper names and grammatical context still need human review
chat-emote-msg-flip	Resources\Locale\en-US\_Goobstation\emotes.ftl	does a flip!	делает сальто!	DeepL refinement: terminology, proper names and grammatical context still need human review
chat-emote-msg-gulp	Resources\Locale\en-US\_Goobstation\emotes.ftl	gulps.	Глотает слюну.	DeepL refinement: terminology, proper names and grammatical context still need human review
chat-emote-msg-jump	Resources\Locale\en-US\_Goobstation\emotes.ftl	jumps!	Прыжки!	DeepL refinement: terminology, proper names and grammatical context still need human review
chat-emote-msg-spin	Resources\Locale\en-US\_Goobstation\emotes.ftl	spins!	крутится!	DeepL refinement: terminology, proper names and grammatical context still need human review
chat-emote-name-flip	Resources\Locale\en-US\_Goobstation\emotes.ftl	Do a flip	Сделай сальто	DeepL refinement: terminology, proper names and grammatical context still need human review
chat-emote-name-gulp	Resources\Locale\en-US\_Goobstation\emotes.ftl	Gulp	Глоток	DeepL refinement: terminology, proper names and grammatical context still need human review
chat-emote-name-jump	Resources\Locale\en-US\_Goobstation\emotes.ftl	Jump	Перейти	DeepL refinement: terminology, proper names and grammatical context still need human review
chat-emote-name-spin	Resources\Locale\en-US\_Goobstation\emotes.ftl	Spin	Spin	DeepL refinement: terminology, proper names and grammatical context still need human review
chat-radio-anchorless	Resources\Locale\en-US\_KS14\anchorless\anchorless.ftl	Anchorless Hive	Улей безъякорных	Manually reviewed: consistent Russian terminology
chem-master-window-valve-closed	Resources\Locale\en-US\_Starlight\chemistry\components\chem-master-component.ftl	Valve: Closed	Valve: Закрыто	DeepL refinement: terminology, proper names and grammatical context still need human review
chem-master-window-valve-open	Resources\Locale\en-US\_Starlight\chemistry\components\chem-master-component.ftl	Valve: Open	Valve: Open	DeepL refinement: terminology, proper names and grammatical context still need human review
cmd-addjoint-bad-bool	Resources\Locale\en-US\_KS14\joints\addjoint.ftl	 is not a boolean value (true/false).	 не является булевым значением (true/false).	DeepL refinement: terminology, proper names and grammatical context still need human review
cmd-addjoint-bad-joint	Resources\Locale\en-US\_KS14\joints\addjoint.ftl	 is an invalid/unsupported type of joint.	 — это недопустимый/неподдерживаемый тип соединения.	DeepL refinement: terminology, proper names and grammatical context still need human review
cmd-addjoint-bad-uid	Resources\Locale\en-US\_KS14\joints\addjoint.ftl	 is not a valid entity.	 не является допустимым объектом.	DeepL refinement: terminology, proper names and grammatical context still need human review
cmd-addjoint-bool-completion	Resources\Locale\en-US\_KS14\joints\addjoint.ftl	<Boolean>	<Boolean>	DeepL refinement: terminology, proper names and grammatical context still need human review
cmd-addjoint-desc	Resources\Locale\en-US\_KS14\joints\addjoint.ftl	Adds a joint of a specified type between two entities. Capitalisation matters when specifying joint type. You can specify whether the connected entities should collide with each other or not (defaults to no).	Добавляет соединение указанного типа между двумя объектами. При указании типа соединения следует соблюдать регистр. Можно указать, должны ли соединенные объекты сталкиваться друг с другом или нет (по умолчанию — нет).	DeepL refinement: terminology, proper names and grammatical context still need human review
cmd-addjoint-fake-uid	Resources\Locale\en-US\_KS14\joints\addjoint.ftl	Entity 	Объект 	DeepL refinement: terminology, proper names and grammatical context still need human review
cmd-addjoint-fake-uid	Resources\Locale\en-US\_KS14\joints\addjoint.ftl	 does not exist.	 не существует.	DeepL refinement: terminology, proper names and grammatical context still need human review
cmd-addjoint-help	Resources\Locale\en-US\_KS14\joints\addjoint.ftl	addjoint <first UID [uid]> <second UID [uid]> <joint type [string]> <joint collision [bool, optional]>	addjoint <первый UID [uid]> <второй UID [uid]> <тип соединения [string]> <столкновение соединений [bool, optional]>	DeepL refinement: terminology, proper names and grammatical context still need human review
cmd-addjoint-invalid-args	Resources\Locale\en-US\_KS14\joints\addjoint.ftl	Expected exactly either 3 or 4 arguments.	Ожидается ровно 3 или 4 аргумента.	DeepL refinement: terminology, proper names and grammatical context still need human review
cmd-addjoint-joint-completion	Resources\Locale\en-US\_KS14\joints\addjoint.ftl	<Joint type>	<Тип соединения>	DeepL refinement: terminology, proper names and grammatical context still need human review
cmd-addjoint-uid-completion	Resources\Locale\en-US\_KS14\joints\addjoint.ftl	<EntityUid>	<EntityUid>	DeepL refinement: terminology, proper names and grammatical context still need human review
cmd-copygrid-abs-hint	Resources\Locale\en-US\_KS14\commands\copygrid.ftl	next X Y are absolute map coordinates, not an offset	следующие X Y — это абсолютные координаты на карте, а не смещение	DeepL refinement: terminology, proper names and grammatical context still need human review
cmd-copygrid-absx-completion	Resources\Locale\en-US\_KS14\commands\copygrid.ftl	[absoluteX] (absoluteY also required)	[absoluteX] (также требуется absoluteY)	DeepL refinement: terminology, proper names and grammatical context still need human review
cmd-copygrid-absy-completion	Resources\Locale\en-US\_KS14\commands\copygrid.ftl	[absoluteY]	[absoluteY]	DeepL refinement: terminology, proper names and grammatical context still need human review
cmd-copygrid-bad-float	Resources\Locale\en-US\_KS14\commands\copygrid.ftl	' is not a valid number.	« — недопустимое число.	DeepL refinement: terminology, proper names and grammatical context still need human review
cmd-copygrid-bad-uid	Resources\Locale\en-US\_KS14\commands\copygrid.ftl	' is not a valid entity id.	' — недопустимый идентификатор объекта.	DeepL refinement: terminology, proper names and grammatical context still need human review
cmd-copygrid-desc	Resources\Locale\en-US\_KS14\commands\copygrid.ftl	Copies a grid (e.g. a ship) and pastes a duplicate onto the same map, offset next to the original. Made for iterating on grid designs on a dev map.	Копирует сетку (например, корабль) и вставляет дубликат на ту же карту, сместив его рядом с оригиналом. Предназначено для итеративного доработки дизайнов сетки на карте разработчика.	DeepL refinement: terminology, proper names and grammatical context still need human review
cmd-copygrid-grid-completion	Resources\Locale\en-US\_KS14\commands\copygrid.ftl	[gridUid | here] (blank = grid under you)	[gridUid | here] (пустое поле = сетка под вами)	DeepL refinement: terminology, proper names and grammatical context still need human review
cmd-copygrid-help	Resources\Locale\en-US\_KS14\commands\copygrid.ftl	Usage: copygrid [gridUid | here] [abs] [X Y] [rotationDeg]\n  copygrid                              - copy the grid you're standing on, placed just east of it.\n  copygrid <gridUid | here>             - copy that grid (or the one you're standing on, with 'here').\n  copygrid <gridUid | here> X Y         - copy at a custom offset (tiles, added to the original's position).\n  copygrid <gridUid | here> X Y DEG     - also rotate the copy DEG degrees about its own origin.\n  copygrid <gridUid | here> abs X Y     - paste with the copy's origin at ABSOLUTE map coordinates X, Y.\n  copygrid <gridUid | here> abs X Y DEG - absolute coordinates plus rotation.\nNote: minded mobs/players aboard are NOT copied. Cross-grid links (e.g. docking) can't survive a single-grid\ncopy and will make the copy fail. Serializing also runs the map-wide pre-save hooks on the source map.	Использование: copygrid [gridUid | here]\n  [abs]\n  [X Y]\n  [rotationDeg]\n  copygrid                              - скопировать клетку, на которой вы стоите, и разместить её чуть восточнее.\n  copygrid <gridUid | here>             - скопировать указанную клетку (или ту, на которой вы стоите, с параметром «here»).\n  copygrid <gridUid | here> X Y         — скопировать с пользовательским смещением (в плитах, добавляемым к исходному положению).\n  copygrid <gridUid | here> X Y DEG     — также повернуть копию на DEG градусов вокруг собственной точки начала координат.\n  copygrid <gridUid | here> abs X Y     — вставить, расположив начало координат копии в АБСОЛЮТНЫХ координатах карты X, Y.\n  copygrid <gridUid | here> abs X Y DEG — абсолютные координаты плюс поворот.\nПримечание: находящиеся на борту мобы/игроки НЕ копируются. Межсеточные связи (например, стыковка) не сохраняются при копировании в пределах одной сетки\nи приведут к сбою копирования. При сериализации также запускаются хуки предварительного сохранения по всей карте на исходной карте.	DeepL refinement: terminology, proper names and grammatical context still need human review
cmd-copygrid-here-hint	Resources\Locale\en-US\_KS14\commands\copygrid.ftl	the grid you're standing on	сетка, на которой вы стоите	DeepL refinement: terminology, proper names and grammatical context still need human review
cmd-copygrid-invalid-args	Resources\Locale\en-US\_KS14\commands\copygrid.ftl	Expected 0, 1, 3, or 4 arguments ('abs' plus X Y [DEG] in absolute mode; a position needs both X and Y).	Ожидается 0, 1, 3 или 4 аргумента («abs» плюс X, Y[DEG]) в абсолютном режиме; для указания координат требуются как X, так и Y).	DeepL refinement: terminology, proper names and grammatical context still need human review
cmd-copygrid-is-map	Resources\Locale\en-US\_KS14\commands\copygrid.ftl	That entity is a map, not a plain grid. Use savemap/loadmap for whole maps.	Этот объект представляет собой карту, а не простую сетку. Для работы с целыми картами используйте команды «сохранить карту»/«загрузить карту».	DeepL refinement: terminology, proper names and grammatical context still need human review
cmd-copygrid-load-failed	Resources\Locale\en-US\_KS14\commands\copygrid.ftl	Failed to load the copied grid. Check the server log for details.	Не удалось загрузить скопированную сетку. Подробности см. в журнале сервера.	DeepL refinement: terminology, proper names and grammatical context still need human review
cmd-copygrid-load-threw	Resources\Locale\en-US\_KS14\commands\copygrid.ftl	Loading the copy failed (the source grid may have cross-grid links such as docking): 	Ошибка при загрузке копии (исходная сетка может содержать межсеточные связи, такие как стыковка): 	DeepL refinement: terminology, proper names and grammatical context still need human review
cmd-copygrid-no-map	Resources\Locale\en-US\_KS14\commands\copygrid.ftl	The grid is not on a valid map.	Сетка не находится на действительной карте.	DeepL refinement: terminology, proper names and grammatical context still need human review
cmd-copygrid-no-player	Resources\Locale\en-US\_KS14\commands\copygrid.ftl	No grid given and you have no entity to infer one from. Pass a grid uid (or stand on one and use 'here').	Сетка не задана, и у вас нет объекта, на основе которого можно было бы ее определить. Передайте UID сетки (или встаньте на одну из ячеек и используйте команду «here»).	DeepL refinement: terminology, proper names and grammatical context still need human review
cmd-copygrid-not-a-grid	Resources\Locale\en-US\_KS14\commands\copygrid.ftl	 does not exist or is not a grid.	 не существует или не является сеткой.	DeepL refinement: terminology, proper names and grammatical context still need human review
cmd-copygrid-not-on-grid	Resources\Locale\en-US\_KS14\commands\copygrid.ftl	You are not standing on a grid. Move onto the grid you want to copy, or pass its uid.	Вы не находитесь на сетке. Переместитесь на ячейку, которую хотите скопировать, или укажите её UID.	DeepL refinement: terminology, proper names and grammatical context still need human review
cmd-copygrid-offsetx-completion	Resources\Locale\en-US\_KS14\commands\copygrid.ftl	[offsetX | abs] (offsetY also required)	[offsetX | abs] (также требуется offsetY)	DeepL refinement: terminology, proper names and grammatical context still need human review
cmd-copygrid-offsety-completion	Resources\Locale\en-US\_KS14\commands\copygrid.ftl	[offsetY]	[offsetY]	DeepL refinement: terminology, proper names and grammatical context still need human review
cmd-copygrid-rot-completion	Resources\Locale\en-US\_KS14\commands\copygrid.ftl	[rotationDeg]	[rotationDeg]	DeepL refinement: terminology, proper names and grammatical context still need human review
cmd-copygrid-save-failed	Resources\Locale\en-US\_KS14\commands\copygrid.ftl	Failed to serialize the grid. Check the server log for details.	Не удалось сериализовать сетку. Подробности см. в журнале сервера.	DeepL refinement: terminology, proper names and grammatical context still need human review
cmd-copygrid-success	Resources\Locale\en-US\_KS14\commands\copygrid.ftl	Copied 	Скопировано 	DeepL refinement: terminology, proper names and grammatical context still need human review
cmd-copygrid-success	Resources\Locale\en-US\_KS14\commands\copygrid.ftl	 on map 	 на карте 	DeepL refinement: terminology, proper names and grammatical context still need human review
cmd-copygrid-success	Resources\Locale\en-US\_KS14\commands\copygrid.ftl	 at world position 	 в мировой системе координат 	DeepL refinement: terminology, proper names and grammatical context still need human review
cmd-ensurechemfire-desc	Resources\Locale\en-US\_KS14\commands\ensurechemfire.ftl	Puts a chemical fire of the given prototype on the tile you are standing on, restarting the one already there if it is of the same prototype.	Создает химический пожар заданного типа на клетке, на которой вы стоите, и перезапускает уже существующий пожар, если он того же типа.	DeepL refinement: terminology, proper names and grammatical context still need human review
cmd-ensurechemfire-duration-completion	Resources\Locale\en-US\_KS14\commands\ensurechemfire.ftl	[duration seconds]	[duration seconds]	DeepL refinement: terminology, proper names and grammatical context still need human review
cmd-ensurechemfire-failed	Resources\Locale\en-US\_KS14\commands\ensurechemfire.ftl	Failed to place the chemical fire. Are you standing on a grid, and does that prototype have a ChemicalFire component?	Не удалось разместить химический огонь. Вы стоите на клетке, и есть ли у этого прототипа компонент ChemicalFire?	DeepL refinement: terminology, proper names and grammatical context still need human review
cmd-ensurechemfire-help	Resources\Locale\en-US\_KS14\commands\ensurechemfire.ftl	Usage: ensurechemfire <chemical fire prototype id> [duration seconds]	Использование: ensurechemfire <идентификатор прототипа химического огня> [duration seconds]	DeepL refinement: terminology, proper names and grammatical context still need human review
cmd-ensurechemfire-invalid-args	Resources\Locale\en-US\_KS14\commands\ensurechemfire.ftl	Expected the chemical fire prototype id, optionally followed by a duration in seconds.	Ожидается идентификатор прототипа химического пожара, за которым по желанию может следовать продолжительность в секундах.	DeepL refinement: terminology, proper names and grammatical context still need human review
cmd-ensurechemfire-invalid-duration	Resources\Locale\en-US\_KS14\commands\ensurechemfire.ftl	" is not a positive number of seconds.	» не является положительным числом секунд.	Machine translation: review terminology and grammatical context
cmd-ensurechemfire-invalid-prototype	Resources\Locale\en-US\_KS14\commands\ensurechemfire.ftl	No entity prototype with id "	 не является положительным числом секунд.    » не является положительным числом секунд.    Машинный перевод: проверьте терминологию и грамматический контекст\ncmd-ensurechemfire-invalid-prototype    Resources\Locale\en-US\_KS14\commands\ensurechemfire.ftl    Нет прототипа сущности с идентификатором 	DeepL refinement: terminology, proper names and grammatical context still need human review
cmd-ensurechemfire-invalid-prototype	Resources\Locale\en-US\_KS14\commands\ensurechemfire.ftl	" exists.	» существует.	Machine translation: review terminology and grammatical context
cmd-ensurechemfire-no-entity	Resources\Locale\en-US\_KS14\commands\ensurechemfire.ftl	You need to be attached to an entity to run this.	Чтобы запустить это, вам необходимо быть прикрепленным к объекту.	Machine translation: review terminology and grammatical context
cmd-ensurechemfire-prototype-completion	Resources\Locale\en-US\_KS14\commands\ensurechemfire.ftl	<chemical fire prototype id>	<идентификатор прототипа химического пожара>	Machine translation: review terminology and grammatical context
cmd-insertintospeczone-desc	Resources\Locale\en-US\_KS14\speczones\insertintospeczone.ftl	Teleports an entity into a speczone given it's ID, to a random entry point. If no speczone is specified, defaults to the first existing one.	Телепортирует объект в спецзону по его идентификатору к случайной точке входа. Если спецзона не указана, по умолчанию используется первая существующая.	Machine translation: review terminology and grammatical context
cmd-insertintospeczone-help	Resources\Locale\en-US\_KS14\speczones\insertintospeczone.ftl	insertintospeczone <uid> <speczone ID>	Insertintospeczone <uid> <ID спецификации>	Machine translation: review terminology and grammatical context
cmd-insertintospeczone-invalid-args	Resources\Locale\en-US\_KS14\speczones\insertintospeczone.ftl	Expected exactly either 1 or 2 arguments.	Ожидается ровно 1 или 2 аргумента.	Machine translation: review terminology and grammatical context
cmd-insertintospeczone-invalid-uid	Resources\Locale\en-US\_KS14\speczones\insertintospeczone.ftl	Invalid entity.	Неверный объект.	Machine translation: review terminology and grammatical context
cmd-insertintospeczone-speczone-completion	Resources\Locale\en-US\_KS14\speczones\insertintospeczone.ftl	<Speczone ID>	<ID спецификации>	Machine translation: review terminology and grammatical context
cmd-ks_launchsupplypod-desc	Resources\Locale\en-US\_KS14\supplypod\commands.ftl	Launches an unlaunched supply pod. It rises out of sight, then drops onto the dropoff, or back onto the tile it left from.	Запускает не запущенный модуль снабжения. Он поднимается из поля зрения, затем падает на обрыв или обратно на плитку, с которой вышел.	Machine translation: review terminology and grammatical context
cmd-ks_launchsupplypod-dropoff-completion	Resources\Locale\en-US\_KS14\supplypod\commands.ftl	<dropoff uid>	<uid выдачи>	Machine translation: review terminology and grammatical context
cmd-ks_launchsupplypod-help	Resources\Locale\en-US\_KS14\supplypod\commands.ftl	ks_launchsupplypod <pod uid> [dropoff uid]	ks_launchsupplypod <uid модуля> [dropoff uid]	Machine translation: review terminology and grammatical context
cmd-ks_launchsupplypod-invalid-args	Resources\Locale\en-US\_KS14\supplypod\commands.ftl	Expected 1 or 2 arguments.	Ожидается 1 или 2 аргумента.	Machine translation: review terminology and grammatical context
cmd-ks_launchsupplypod-invalid-uid	Resources\Locale\en-US\_KS14\supplypod\commands.ftl	Invalid entity 	Неверный объект 	Machine translation: review terminology and grammatical context
cmd-ks_launchsupplypod-launched	Resources\Locale\en-US\_KS14\supplypod\commands.ftl	Launched supply pod 	Запущен модуль снабжения 	Machine translation: review terminology and grammatical context
cmd-ks_launchsupplypod-not-launchable	Resources\Locale\en-US\_KS14\supplypod\commands.ftl	 is not a supply pod waiting to be launched.	 — это не модуль снабжения, ожидающий запуска.	Machine translation: review terminology and grammatical context
cmd-ks_launchsupplypod-pod-completion	Resources\Locale\en-US\_KS14\supplypod\commands.ftl	<pod uid>	<uid модуля>	Machine translation: review terminology and grammatical context
cmd-ks_llm-desc	Resources\Locale\en-US\_KS14\llm\llm.ftl	Inspects and controls the local LLM backend.	Проверяет и контролирует локальную серверную часть LLM.	Machine translation: review terminology and grammatical context
cmd-ks_llm-help	Resources\Locale\en-US\_KS14\llm\llm.ftl	Usage: ks_llm <status|restart|reset>	Использование: ks_llm <статус|перезапуск|сброс>	Machine translation: review terminology and grammatical context
cmd-ks_llm-invalid-args	Resources\Locale\en-US\_KS14\llm\llm.ftl	Expected one argument: status, restart or reset.	Ожидается один аргумент: статус, перезагрузка или сброс.	Machine translation: review terminology and grammatical context
cmd-ks_llm-reset	Resources\Locale\en-US\_KS14\llm\llm.ftl	Cleared every LLM conversation.	Очистил все разговоры LLM.	Machine translation: review terminology and grammatical context
cmd-ks_llm-restarting	Resources\Locale\en-US\_KS14\llm\llm.ftl	Restarting the LLM backend.	Перезапуск серверной части LLM.	Machine translation: review terminology and grammatical context
cmd-ks_llm-status	Resources\Locale\en-US\_KS14\llm\llm.ftl	State: 	Состояние: 	Machine translation: review terminology and grammatical context
cmd-ks_llm-status	Resources\Locale\en-US\_KS14\llm\llm.ftl	, backend: 	, серверная часть: 	Machine translation: review terminology and grammatical context
cmd-ks_llm-status	Resources\Locale\en-US\_KS14\llm\llm.ftl	, context: 	, контекст: 	Machine translation: review terminology and grammatical context
cmd-ks_llm-status	Resources\Locale\en-US\_KS14\llm\llm.ftl	 tokens, queued turns: 	 , очереди в очереди: 	Machine translation: review terminology and grammatical context
cmd-ks_llm-status	Resources\Locale\en-US\_KS14\llm\llm.ftl	, turn in flight: 	, разворот в полете: 	Machine translation: review terminology and grammatical context
cmd-ks_llm-status-conversation	Resources\Locale\en-US\_KS14\llm\llm.ftl	Conversation 	Разговор 	Machine translation: review terminology and grammatical context
cmd-ks_llm-status-conversation	Resources\Locale\en-US\_KS14\llm\llm.ftl	 messages, 	 , 	Machine translation: review terminology and grammatical context
cmd-ks_llm-status-conversation	Resources\Locale\en-US\_KS14\llm\llm.ftl	 tokens at last request, compacted 	 по последнему запросу, сжатые \nЖетоны 	Machine translation: review terminology and grammatical context
cmd-ks_llm-status-conversation	Resources\Locale\en-US\_KS14\llm\llm.ftl	 times	 раз\nТокены	Machine translation: review terminology and grammatical context
cmd-ks_spawnunlaunchedpod-desc	Resources\Locale\en-US\_KS14\supplypod\commands.ftl	Spawns a supply pod sitting on the ground, unlocked and awaiting launch, instead of dropping it in from orbit.	Создает капсулу снабжения, стоящую на земле, разблокированную и ожидающую запуска, вместо того, чтобы сбрасывать ее с орбиты.	Machine translation: review terminology and grammatical context
cmd-ks_spawnunlaunchedpod-help	Resources\Locale\en-US\_KS14\supplypod\commands.ftl	ks_spawnunlaunchedpod <pod prototype> [location uid]	ks_spawnunlaunchedpod <прототип модуля> [location uid]	Machine translation: review terminology and grammatical context
cmd-ks_spawnunlaunchedpod-invalid-args	Resources\Locale\en-US\_KS14\supplypod\commands.ftl	Expected 1 or 2 arguments.	Ожидается 1 или 2 аргумента.	Machine translation: review terminology and grammatical context
cmd-ks_spawnunlaunchedpod-invalid-proto	Resources\Locale\en-US\_KS14\supplypod\commands.ftl	 is not a supply pod prototype.	 не является прототипом модуля снабжения.	Machine translation: review terminology and grammatical context
cmd-ks_spawnunlaunchedpod-invalid-uid	Resources\Locale\en-US\_KS14\supplypod\commands.ftl	Invalid entity 	Неверный объект 	Machine translation: review terminology and grammatical context
cmd-ks_spawnunlaunchedpod-no-location	Resources\Locale\en-US\_KS14\supplypod\commands.ftl	No location given, and you have no entity to spawn it on.	Местоположение не указано, и у вас нет объекта, на котором его можно было бы создать.	Machine translation: review terminology and grammatical context
cmd-ks_spawnunlaunchedpod-proto-completion	Resources\Locale\en-US\_KS14\supplypod\commands.ftl	<pod prototype>	<прототип модуля>	Machine translation: review terminology and grammatical context
cmd-ks_spawnunlaunchedpod-spawned	Resources\Locale\en-US\_KS14\supplypod\commands.ftl	Spawned unlaunched supply pod 	Создан незапущенный модуль снабжения. 	Machine translation: review terminology and grammatical context
cmd-ks_spawnunlaunchedpod-uid-completion	Resources\Locale\en-US\_KS14\supplypod\commands.ftl	<location uid>	<uid местоположения>	Machine translation: review terminology and grammatical context
cmd-ks_squaddebug-desc	Resources\Locale\en-US\_KS14\npc\squad-debug.ftl	Toggles the NPC squad debug overlay for you: squads by colour, leaders, thresholds and cover assignments.	Включает для вас наложение отладки отрядов NPC: отряды по цвету, лидерам, порогам и назначениям прикрытия.	Machine translation: review terminology and grammatical context
cmd-ks_squaddebug-disabled	Resources\Locale\en-US\_KS14\npc\squad-debug.ftl	Squad debug overlay disabled.	Наложение отладки Squad отключено.	Machine translation: review terminology and grammatical context
cmd-ks_squaddebug-enabled	Resources\Locale\en-US\_KS14\npc\squad-debug.ftl	Squad debug overlay enabled.	Оверлей отладки Squad включен.	Machine translation: review terminology and grammatical context
cmd-ks_squaddebug-help	Resources\Locale\en-US\_KS14\npc\squad-debug.ftl	ks_squaddebug	ks_squaddebug	Unchanged by translator: check proper name, abbreviation or untranslated text
cmd-ks_squaddebug-no-session	Resources\Locale\en-US\_KS14\npc\squad-debug.ftl	This command must be run by a player.	Эту команду должен выполнить игрок.	Machine translation: review terminology and grammatical context
cmd-ks_tacticalposdebug-desc	Resources\Locale\en-US\_KS14\npc\tactical-position-debug.ftl	Toggles the dynamic NPC tactical position debug overlay (candidate scores, chosen spot, live claims) for you, optionally scoped to a single entity.	Переключает динамическое наложение отладки тактической позиции NPC (очки кандидатов, выбранное место, текущие претензии) для вас, опционально ограниченное одним объектом.	Machine translation: review terminology and grammatical context
cmd-ks_tacticalposdebug-disabled	Resources\Locale\en-US\_KS14\npc\tactical-position-debug.ftl	Tactical position debug overlay disabled.	Наложение отладки тактической позиции отключено.	Machine translation: review terminology and grammatical context
cmd-ks_tacticalposdebug-enabled-all	Resources\Locale\en-US\_KS14\npc\tactical-position-debug.ftl	Tactical position debug overlay enabled, tracking all entities.	Включено наложение отладки тактической позиции, отслеживающее все объекты.	Machine translation: review terminology and grammatical context
cmd-ks_tacticalposdebug-enabled-single	Resources\Locale\en-US\_KS14\npc\tactical-position-debug.ftl	Tactical position debug overlay enabled, tracking 	Наложение отладки тактической позиции включено, отслеживание 	Machine translation: review terminology and grammatical context
cmd-ks_tacticalposdebug-enabled-single	Resources\Locale\en-US\_KS14\npc\tactical-position-debug.ftl	 only.	 .	Machine translation: review terminology and grammatical context
cmd-ks_tacticalposdebug-entity-hint	Resources\Locale\en-US\_KS14\npc\tactical-position-debug.ftl	entity (optional, tracks all if omitted)	(необязательно, отслеживает все, если опущено)	Machine translation: review terminology and grammatical context
cmd-ks_tacticalposdebug-help	Resources\Locale\en-US\_KS14\npc\tactical-position-debug.ftl	ks_tacticalposdebug [entity]	ks_tacticalposdebug [entity]	Unchanged by translator: check proper name, abbreviation or untranslated text
cmd-ks_tacticalposdebug-invalid-entity	Resources\Locale\en-US\_KS14\npc\tactical-position-debug.ftl	No entity found matching '	Не найден соответствующий объект '	Machine translation: review terminology and grammatical context
cmd-ks_tacticalposdebug-no-session	Resources\Locale\en-US\_KS14\npc\tactical-position-debug.ftl	This command must be run by a player.	Эту команду должен выполнить игрок.	Machine translation: review terminology and grammatical context
cmd-playadminmusic-bad-path	Resources\Locale\en-US\_KS14\admin-music\admin-music.ftl	Path provided does not point to a valid audio resource	Указанный путь не указывает на действительный аудиоресурс.	Machine translation: review terminology and grammatical context
cmd-playadminmusic-desc	Resources\Locale\en-US\_KS14\admin-music\admin-music.ftl	Starts playing a sound at a filepath for the entire server and anyone that joins.	Начинает воспроизводить звук по пути к файлу для всего сервера и для всех, кто присоединяется.	Machine translation: review terminology and grammatical context
cmd-playadminmusic-fuckoff	Resources\Locale\en-US\_KS14\admin-music\admin-music.ftl	This file is already playing	Этот файл уже воспроизводится	Machine translation: review terminology and grammatical context
cmd-playadminmusic-help	Resources\Locale\en-US\_KS14\admin-music\admin-music.ftl	playadminmusic <audio path> <optional volume 0%-100%>	playadminmusic <аудиопуть> <необязательная громкость 0%-100%>	Machine translation: review terminology and grammatical context
cmd-playadminmusic-invalid-args	Resources\Locale\en-US\_KS14\admin-music\admin-music.ftl	Expected exactly 1 to 2 arguments	Ожидается ровно от 1 до 2 аргументов.	Machine translation: review terminology and grammatical context
cmd-playadminmusic-invalid-path	Resources\Locale\en-US\_KS14\admin-music\admin-music.ftl	Invalid path	Неверный путь	Machine translation: review terminology and grammatical context
cmd-playadminmusic-invalid-volume	Resources\Locale\en-US\_KS14\admin-music\admin-music.ftl	Volume should be a valid percentage from 0 to 100	Объем должен быть допустимым процентом от 0 до 100.	Machine translation: review terminology and grammatical context
cmd-playadminmusic-path-completion	Resources\Locale\en-US\_KS14\admin-music\admin-music.ftl	<Audio Path>	<Аудио-путь>	Machine translation: review terminology and grammatical context
cmd-playadminmusic-volume-completion	Resources\Locale\en-US\_KS14\admin-music\admin-music.ftl	<Volume 0% to 100%>	<Громкость от 0% до 100%>	Machine translation: review terminology and grammatical context
cmd-spawnchain-bad-count	Resources\Locale\en-US\_KS14\joints\spawnchain.ftl	 is not a valid integer.	 не является допустимым целым числом.	Machine translation: review terminology and grammatical context
cmd-spawnchain-bad-offset	Resources\Locale\en-US\_KS14\joints\spawnchain.ftl	 is not a valid float.	 не является допустимым числом с плавающей запятой.	Machine translation: review terminology and grammatical context
cmd-spawnchain-bad-proto	Resources\Locale\en-US\_KS14\joints\spawnchain.ftl	 is not a valid entity prototype.	 не является допустимым прототипом объекта.	Machine translation: review terminology and grammatical context
cmd-spawnchain-count-completion	Resources\Locale\en-US\_KS14\joints\spawnchain.ftl	<Link count>	<Количество ссылок>	Machine translation: review terminology and grammatical context
cmd-spawnchain-desc	Resources\Locale\en-US\_KS14\joints\spawnchain.ftl	Spawns some entities on your location and makes a chain out of them.	Создает несколько объектов в вашей локации и образует из них цепочку.	Machine translation: review terminology and grammatical context
cmd-spawnchain-help	Resources\Locale\en-US\_KS14\joints\spawnchain.ftl	spawnchain <prototype> <number of links [integer]> <y offset [float]>	spawnchain <прототип> <количество ссылок [integer]> <смещение по оси [float]>	Machine translation: review terminology and grammatical context
cmd-spawnchain-invalid-args	Resources\Locale\en-US\_KS14\joints\spawnchain.ftl	Expected exactly 2 arguments.	Ожидается ровно 2 аргумента.	Machine translation: review terminology and grammatical context
cmd-spawnchain-offset-completion	Resources\Locale\en-US\_KS14\joints\spawnchain.ftl	<Link Y offset>	<Смещение звена по оси Y>	Machine translation: review terminology and grammatical context
cmd-spawnchain-proto-completion	Resources\Locale\en-US\_KS14\joints\spawnchain.ftl	<Entity Prototype>	<Прототип сущности>	Machine translation: review terminology and grammatical context
cmd-stopalladminmusic-desc	Resources\Locale\en-US\_KS14\admin-music\admin-music.ftl	Stops all currently playing admin music.	Останавливает всю воспроизводимую в данный момент музыку администратора.	Machine translation: review terminology and grammatical context
cmd-stopalladminmusic-help	Resources\Locale\en-US\_KS14\admin-music\admin-music.ftl	stopalladminmusic	stopalladminmusic	Unchanged by translator: check proper name, abbreviation or untranslated text
cmd-vcmute-desc	Resources\Locale\en-US\_KS14\voice\voice.ftl	Mutes a player's voice chat.	Отключает голосовой чат игрока.	Machine translation: review terminology and grammatical context
cmd-vcmute-help	Resources\Locale\en-US\_KS14\voice\voice.ftl	vcmute <player> [minutes, 0 = rest of round] [reason...]	vcmute <игрок> [minutes, 0 = rest of round] [reason...]	Machine translation: review terminology and grammatical context
cmd-vcmute-invalid-args	Resources\Locale\en-US\_KS14\voice\voice.ftl	Expected at least a player name.	Ожидается как минимум имя игрока.	Machine translation: review terminology and grammatical context
cmd-vcmute-invalid-minutes	Resources\Locale\en-US\_KS14\voice\voice.ftl	Minutes must be a number from 0 (rest of round) to 525600.	Минуты должны быть числом от 0 (оставшаяся часть раунда) до 525600.	Machine translation: review terminology and grammatical context
cmd-vcmute-minutes-completion	Resources\Locale\en-US\_KS14\voice\voice.ftl	[minutes, 0 = rest of round]	[minutes, 0 = rest of round]	Unchanged by translator: check proper name, abbreviation or untranslated text
cmd-vcmute-no-player	Resources\Locale\en-US\_KS14\voice\voice.ftl	No online player named 	Нет имени онлайн-игрока. 	Machine translation: review terminology and grammatical context
cmd-vcmute-player-completion	Resources\Locale\en-US\_KS14\voice\voice.ftl	<player>	<игрок>	Machine translation: review terminology and grammatical context
cmd-vcmute-reason-completion	Resources\Locale\en-US\_KS14\voice\voice.ftl	[reason]	[reason]	Unchanged by translator: check proper name, abbreviation or untranslated text
cmd-vcmute-success	Resources\Locale\en-US\_KS14\voice\voice.ftl	Voice-muted 	Отключение звука 	Machine translation: review terminology and grammatical context
cmd-vcmutes-desc	Resources\Locale\en-US\_KS14\voice\voice.ftl	Lists active voice chat mutes.	Отображает список отключений звука в голосовом чате.	Machine translation: review terminology and grammatical context
cmd-vcmutes-entry	Resources\Locale\en-US\_KS14\voice\voice.ftl	, by 	, автор 	Machine translation: review terminology and grammatical context
cmd-vcmutes-entry-auto	Resources\Locale\en-US\_KS14\voice\voice.ftl	: automatically muted for abusive audio, 	: автоматически отключается звук при оскорбительном звуке. 	Machine translation: review terminology and grammatical context
cmd-vcmutes-entry-auto	Resources\Locale\en-US\_KS14\voice\voice.ftl	s left (vcunmute lifts it)	слева (vcunmute поднимает его)	Machine translation: review terminology and grammatical context
cmd-vcmutes-help	Resources\Locale\en-US\_KS14\voice\voice.ftl	vcmutes	vcmutes	Unchanged by translator: check proper name, abbreviation or untranslated text
cmd-vcmutes-none	Resources\Locale\en-US\_KS14\voice\voice.ftl	Nobody is voice-muted.	Ни у кого не отключен звук.	Machine translation: review terminology and grammatical context
cmd-vcunmute-desc	Resources\Locale\en-US\_KS14\voice\voice.ftl	Lifts a player's voice chat mute.	Отключает звук в голосовом чате игрока.	Machine translation: review terminology and grammatical context
cmd-vcunmute-help	Resources\Locale\en-US\_KS14\voice\voice.ftl	vcunmute <player>	vcunmute <игрок>\nГолосовой чат	Machine translation: review terminology and grammatical context
cmd-vcunmute-invalid-args	Resources\Locale\en-US\_KS14\voice\voice.ftl	Expected exactly one player name.	Ожидается ровно одно имя игрока.	Machine translation: review terminology and grammatical context
cmd-vcunmute-not-muted	Resources\Locale\en-US\_KS14\voice\voice.ftl	 isn't voice-muted.	 не имеет отключения звука.	Machine translation: review terminology and grammatical context
cmd-vcunmute-success	Resources\Locale\en-US\_KS14\voice\voice.ftl	Voice-unmuted 	Голосовой звук включен 	Machine translation: review terminology and grammatical context
cmd-voicechat-desc	Resources\Locale\en-US\_KS14\voice\voice.ftl	Opens the voice chat window, with your personal microphone link.	Открывает окно голосового чата со ссылкой на ваш личный микрофон.	Machine translation: review terminology and grammatical context
cmd-voicechat-help	Resources\Locale\en-US\_KS14\voice\voice.ftl	voicechat	голосовой чат	Machine translation: review terminology and grammatical context
cmd-voicelink-desc	Resources\Locale\en-US\_KS14\voice\voice.ftl	Opens your personal voice chat page in the browser.	Открывает вашу личную страницу голосового чата в браузере.	Machine translation: review terminology and grammatical context
cmd-voicelink-help	Resources\Locale\en-US\_KS14\voice\voice.ftl	voicelink	голосовая связь	Machine translation: review terminology and grammatical context
cmd-zlevel_add-completion	Resources\Locale\en-US\_KS14\zlevels\commands.ftl	<Map UID>	<UID карты>	Machine translation: review terminology and grammatical context
cmd-zlevel_add-desc	Resources\Locale\en-US\_KS14\zlevels\commands.ftl	Sets a z-level to be above another z-level. Will make either map a z-level if they arent already. Second param is the z-level that will be above.	Устанавливает уровень z выше другого уровня z. Сделаем любую карту z-уровнем, если они еще этого не сделали. Второй параметр — это z-уровень, который будет выше.	Machine translation: review terminology and grammatical context
cmd-zlevel_add-help	Resources\Locale\en-US\_KS14\zlevels\commands.ftl	zlevel_add <target uid> <added uid>	zlevel_add <целевой uid> <добавленный uid>	Machine translation: review terminology and grammatical context
cmd-zlevel_add-invalid-args	Resources\Locale\en-US\_KS14\zlevels\commands.ftl	Expected exactly 2 arguments.	Ожидается ровно 2 аргумента.	Machine translation: review terminology and grammatical context
cmd-zlevel_add-invalid-uid	Resources\Locale\en-US\_KS14\zlevels\commands.ftl	Invalid entity 	Неверный объект 	Machine translation: review terminology and grammatical context
cmd-zlevel_elevator-completion-grid	Resources\Locale\en-US\_KS14\zlevels\commands.ftl	<Grid UID>	<UID сетки>	Machine translation: review terminology and grammatical context
cmd-zlevel_elevator-completion-shaft	Resources\Locale\en-US\_KS14\zlevels\commands.ftl	<shaft id>	<идентификатор вала>	Machine translation: review terminology and grammatical context
cmd-zlevel_elevator-desc	Resources\Locale\en-US\_KS14\zlevels\commands.ftl	Makes an existing grid into an elevator that can move up and down its z-level stack. Optional second param sets a shaft id, only needed when one stack holds more than one elevator.	Превращает существующую сетку в лифт, который может перемещаться вверх и вниз по стеку z-уровней. Необязательный второй параметр задает идентификатор шахты, который необходим только в том случае, если в одном стеке находится более одного лифта.	Machine translation: review terminology and grammatical context
cmd-zlevel_elevator-help	Resources\Locale\en-US\_KS14\zlevels\commands.ftl	zlevel_elevator <grid uid> [shaft id]	zlevel_elevator <идентификатор сетки> [shaft id]	Machine translation: review terminology and grammatical context
cmd-zlevel_elevator-invalid-args	Resources\Locale\en-US\_KS14\zlevels\commands.ftl	Expected 1 or 2 arguments.	Ожидается 1 или 2 аргумента.	Machine translation: review terminology and grammatical context
cmd-zlevel_elevator-no-zlevel	Resources\Locale\en-US\_KS14\zlevels\commands.ftl	Made it an elevator, but its map is not a z-level yet, so it has no floors. Link the maps with zlevel_add first.	Сделал это лифтом, но его карта еще не является z-уровнем, поэтому этажей на нем нет. Сначала свяжите карты с помощью zlevel_add.	Machine translation: review terminology and grammatical context
cmd-zlevel_elevator-not-a-grid	Resources\Locale\en-US\_KS14\zlevels\commands.ftl	 is not a grid.	 не является сеткой.	Machine translation: review terminology and grammatical context
cmd-zlevel_elevator-success	Resources\Locale\en-US\_KS14\zlevels\commands.ftl	Made it an elevator. It serves 	Сделал лифт. Он служит 	Machine translation: review terminology and grammatical context
cmd-zlevel_elevator-success	Resources\Locale\en-US\_KS14\zlevels\commands.ftl	 floor(s) and is currently on floor 	 этаж(а) и в настоящее время находится на этаже 	Machine translation: review terminology and grammatical context
cmd-zlevel_elevator_controller-desc	Resources\Locale\en-US\_KS14\zlevels\commands.ftl	Spawns an elevator controller console where you are standing. Optional param binds it to a shaft id rather than the nearest unlabelled elevator.	Создает консоль контроллера лифта там, где вы стоите. Необязательный параметр привязывает его к идентификатору шахты, а не к ближайшему немаркированному лифту.	Machine translation: review terminology and grammatical context
cmd-zlevel_elevator_controller-help	Resources\Locale\en-US\_KS14\zlevels\commands.ftl	zlevel_elevator_controller [shaft id]	zlevel_elevator_controller [shaft id]	Unchanged by translator: check proper name, abbreviation or untranslated text
cmd-zlevel_elevator_controller-invalid-args	Resources\Locale\en-US\_KS14\zlevels\commands.ftl	Expected at most 1 argument.	Ожидается не более 1 аргумента.	Machine translation: review terminology and grammatical context
cmd-zlevel_elevator_controller-no-body	Resources\Locale\en-US\_KS14\zlevels\commands.ftl	You need a body to place a controller next to.	Вам понадобится тело, рядом с которым можно разместить контроллер.	Machine translation: review terminology and grammatical context
cmd-zlevel_elevator_controller-success	Resources\Locale\en-US\_KS14\zlevels\commands.ftl	Placed a controller. It resolves to elevator 	Поставил контроллер. Он решает поднять 	Machine translation: review terminology and grammatical context
cmd-zlevel_elevator_controller-unbound	Resources\Locale\en-US\_KS14\zlevels\commands.ftl	Placed a controller, but it resolves to no elevator. Check the shaft id, or that the elevator is in the same z-level stack.	Поставил контроллер, но он не разрешает лифт. Проверьте идентификатор шахты или убедитесь, что лифт находится в том же стеке z-уровня.	Machine translation: review terminology and grammatical context
command-description-ksoffset-local	Resources\Locale\en-US\_KS14\commands\toolshed\ksoffset-command.ftl	Offsets each piped entity's local position by a vector, e.g. 'ksoffset:local [1, -2.5]'. The offset is in the entity's parent's frame, so on a grid it follows that grid's rotation. Anchored entities are unanchored, moved, and re-anchored onto the tile they land on.	Смещает локальное положение каждого передаваемого объекта на вектор, например 'ksoffset:local [1, -2.5]'. Смещение находится в кадре родительского объекта, поэтому в сетке оно следует за вращением этой сетки. Закрепленные объекты открепляются, перемещаются и повторно привязываются к плитке, на которой они приземляются.	Machine translation: review terminology and grammatical context
command-description-ksoffset-world	Resources\Locale\en-US\_KS14\commands\toolshed\ksoffset-command.ftl	Offsets each piped entity's world position by a vector, e.g. 'ksoffset:world [1, -2.5]'. The offset is in map space no matter what the entity is parented to. Anchored entities are unanchored, moved, and re-anchored onto the tile they land on.	Смещает мировое положение каждого передаваемого объекта по вектору, например 'ksoffset:world [1, -2.5]'. Смещение находится в пространстве карты независимо от того, чему является родительский объект. Закрепленные объекты открепляются, перемещаются и повторно привязываются к плитке, на которой они приземляются.	Machine translation: review terminology and grammatical context
command-description-vendorpoints-get	Resources\Locale\en-US\_RMC14\commands\rmc-toolshed-commands.ftl	Gets the points that a marine has left to purchase items with at an automated vendor.	Получает баллы, оставшиеся у морского пехотинца для покупки товаров у автоматического продавца.	Machine translation: review terminology and grammatical context
command-description-vendorpoints-getspecialist	Resources\Locale\en-US\_RMC14\commands\rmc-toolshed-commands.ftl	Gets the points that a Weapons Specialist has left to purchase items with at their gear rack.	Получает очки, оставшиеся у специалиста по оружию для покупки предметов на стойке для снаряжения.	Machine translation: review terminology and grammatical context
command-description-vendorpoints-set	Resources\Locale\en-US\_RMC14\commands\rmc-toolshed-commands.ftl	Sets the points that a marine or group of marines have to purchase items with at an automated vendor.	Устанавливает баллы, за которые морской пехотинец или группа морских пехотинцев должны покупать товары у автоматического продавца.	Machine translation: review terminology and grammatical context
command-description-vendorpoints-setspecialist	Resources\Locale\en-US\_RMC14\commands\rmc-toolshed-commands.ftl	Sets the points that a Weapons Specialist or group of Weapons Specialists have to purchase items with at their gear rack.	Устанавливает количество очков, которые специалист по оружию или группа специалистов по оружию должны использовать для покупки предметов на своей стойке для снаряжения.	Machine translation: review terminology and grammatical context
comp-light-replacer-recycle-progress	Resources\Locale\en-US\_Goobstation\lightreplacer\light-replacer-component.ftl	It is 	Это 	Machine translation: review terminology and grammatical context
comp-light-replacer-recycle-progress	Resources\Locale\en-US\_Goobstation\lightreplacer\light-replacer-component.ftl	% of the way to a new light tube.	% пути к новой лампе.	Machine translation: review terminology and grammatical context
comp-molar-mixer-ui-mixer-molar-flow	Resources\Locale\en-US\_KS14\components\molar-mixer-component.ftl	Target Output Flow (mol/s):	Целевой выходной поток (моль/с):	Machine translation: review terminology and grammatical context
comp-nuclear-reactor-ui-eject-button	Resources\Locale\en-US\_FarHorizons\fission-generator\nuclear-reactor.ftl	Eject	Извлечь	Machine translation: review terminology and grammatical context
comp-nuclear-reactor-ui-empty	Resources\Locale\en-US\_FarHorizons\fission-generator\nuclear-reactor.ftl	Empty	Пусто	Machine translation: review terminology and grammatical context
comp-nuclear-reactor-ui-extract-button	Resources\Locale\en-US\_FarHorizons\fission-generator\nuclear-reactor.ftl	Extract	Извлечение	Machine translation: review terminology and grammatical context
comp-nuclear-reactor-ui-footer-left	Resources\Locale\en-US\_FarHorizons\fission-generator\nuclear-reactor.ftl	Danger: high temperatures.	Опасность: высокие температуры.	Machine translation: review terminology and grammatical context
comp-nuclear-reactor-ui-footer-right	Resources\Locale\en-US\_FarHorizons\fission-generator\nuclear-reactor.ftl	0.5 REV 4	0,5 РЕД. 4	Machine translation: review terminology and grammatical context
comp-nuclear-reactor-ui-insert-button	Resources\Locale\en-US\_FarHorizons\fission-generator\nuclear-reactor.ftl	Insert	Вставка	Machine translation: review terminology and grammatical context
comp-nuclear-reactor-ui-reactor-control	Resources\Locale\en-US\_FarHorizons\fission-generator\nuclear-reactor.ftl	Control Rods	Управляющие стержни	Machine translation: review terminology and grammatical context
comp-nuclear-reactor-ui-reactor-rads	Resources\Locale\en-US\_FarHorizons\fission-generator\nuclear-reactor.ftl	Radiation	Излучение	Machine translation: review terminology and grammatical context
comp-nuclear-reactor-ui-reactor-temp	Resources\Locale\en-US\_FarHorizons\fission-generator\nuclear-reactor.ftl	Temperature	Температура	Machine translation: review terminology and grammatical context
comp-nuclear-reactor-ui-reactor-therm	Resources\Locale\en-US\_FarHorizons\fission-generator\nuclear-reactor.ftl	Thermal Power	Тепловая мощность	Machine translation: review terminology and grammatical context
comp-nuclear-reactor-ui-silence-button	Resources\Locale\en-US\_FarHorizons\fission-generator\nuclear-reactor.ftl	Silence	Тишина	Machine translation: review terminology and grammatical context
comp-nuclear-reactor-ui-status-panel	Resources\Locale\en-US\_FarHorizons\fission-generator\nuclear-reactor.ftl	Reactor Status	Статус реактора	Machine translation: review terminology and grammatical context
comp-nuclear-reactor-ui-view-change	Resources\Locale\en-US\_FarHorizons\fission-generator\nuclear-reactor.ftl	Change View	Изменить вид	Machine translation: review terminology and grammatical context
comp-nuclear-reactor-ui-view-neutron	Resources\Locale\en-US\_FarHorizons\fission-generator\nuclear-reactor.ftl	Neutron View	Нейтронный вид	Machine translation: review terminology and grammatical context
comp-nuclear-reactor-ui-view-rads	Resources\Locale\en-US\_FarHorizons\fission-generator\nuclear-reactor.ftl	Radiation View	Обзор радиации	Machine translation: review terminology and grammatical context
comp-nuclear-reactor-ui-view-spent	Resources\Locale\en-US\_FarHorizons\fission-generator\nuclear-reactor.ftl	Depletion View	Просмотр истощения	Machine translation: review terminology and grammatical context
comp-nuclear-reactor-ui-view-temp	Resources\Locale\en-US\_FarHorizons\fission-generator\nuclear-reactor.ftl	Temperature View	Просмотр температуры	Machine translation: review terminology and grammatical context
comp-turbine-ui-flow-rate	Resources\Locale\en-US\_FarHorizons\fission-generator\turbine-component.ftl	Flow Rate	Скорость потока	Machine translation: review terminology and grammatical context
comp-turbine-ui-footer-left	Resources\Locale\en-US\_FarHorizons\fission-generator\turbine-component.ftl	Danger: fast-moving machinery.	Опасность: быстродвижущиеся машины.	Machine translation: review terminology and grammatical context
comp-turbine-ui-footer-right	Resources\Locale\en-US\_FarHorizons\fission-generator\turbine-component.ftl	1.0 REV 3	1.0 РЕД. 3	Machine translation: review terminology and grammatical context
comp-turbine-ui-locked-message	Resources\Locale\en-US\_FarHorizons\fission-generator\turbine-component.ftl	Controls locked.	Элементы управления заблокированы.	Machine translation: review terminology and grammatical context
comp-turbine-ui-overspeed	Resources\Locale\en-US\_FarHorizons\fission-generator\turbine-component.ftl	OVERSPEED	ПЕРЕГРУЗКА СКОРОСТИ	Machine translation: review terminology and grammatical context
comp-turbine-ui-overtemp	Resources\Locale\en-US\_FarHorizons\fission-generator\turbine-component.ftl	OVERTEMP	ПЕРЕГРЕВ	Machine translation: review terminology and grammatical context
comp-turbine-ui-rpm	Resources\Locale\en-US\_FarHorizons\fission-generator\turbine-component.ftl	RPM	об/мин	Machine translation: review terminology and grammatical context
comp-turbine-ui-set-button	Resources\Locale\en-US\_FarHorizons\fission-generator\turbine-component.ftl	Set	Набор	Machine translation: review terminology and grammatical context
comp-turbine-ui-stalling	Resources\Locale\en-US\_FarHorizons\fission-generator\turbine-component.ftl	STALLING	ОСТАНОВКА\nСТАТУС	Machine translation: review terminology and grammatical context
comp-turbine-ui-stator-load	Resources\Locale\en-US\_FarHorizons\fission-generator\turbine-component.ftl	Stator Load	Нагрузка статора\nСтатус	Machine translation: review terminology and grammatical context
comp-turbine-ui-undertemp	Resources\Locale\en-US\_FarHorizons\fission-generator\turbine-component.ftl	UNDERTEMP	ПОД ТЕМП.	Machine translation: review terminology and grammatical context
construction-graph-tag-chemical-payload	Resources\Locale\en-US\_KS14\recipes\payloads.ftl	chemical payload	химическая полезная нагрузка	Machine translation: review terminology and grammatical context
construction-graph-tag-hard-hat	Resources\Locale\en-US\_KS14\recipes\tags.ftl	hardhat	каска	Machine translation: review terminology and grammatical context
construction-graph-tag-hydroponics-tools-clippers	Resources\Locale\en-US\_KS14\recipes\tags.ftl	clippers	машинки для стрижки	Machine translation: review terminology and grammatical context
construction-graph-tag-item-pickaxe	Resources\Locale\en-US\_KS14\recipes\tags.ftl	pickaxe	кирка	Machine translation: review terminology and grammatical context
construction-graph-tag-pistol-barrel	Resources\Locale\en-US\_KS14\recipes\tags.ftl	pistol barrel	ствол пистолета	Machine translation: review terminology and grammatical context
construction-graph-tag-power-cell-high	Resources\Locale\en-US\_KS14\recipes\tags.ftl	high capacity power cell	большой емкости	Machine translation: review terminology and grammatical context
construction-graph-tag-syringegun	Resources\Locale\en-US\_KS14\recipes\tags.ftl	syringe gun	шприц-пистолет\nШприцевое ружье	Machine translation: review terminology and grammatical context
construction-graph-tag-welding-mask	Resources\Locale\en-US\_KS14\recipes\tags.ftl	welding mask	сварочная маска	Machine translation: review terminology and grammatical context
construction-graph-tag-welding-tool	Resources\Locale\en-US\_KS14\recipes\tags.ftl	welding tool	сварочный инструмент	Machine translation: review terminology and grammatical context
department-Scenario	Resources\Locale\en-US\_KS14\job\department.ftl	Scenario	Сценарий	Machine translation: review terminology and grammatical context
department-Scenario-description	Resources\Locale\en-US\_KS14\job\department-desc.ftl	Fight it out in one of many campaign scenarios.	Сражайтесь в одном из множества сценариев кампании.	Machine translation: review terminology and grammatical context
disarm-action-shove-collision-popup-message-cursor	Resources\Locale\en-US\_KS14\actions\actions\disarm-action.ftl	You shove 	Ты пихаешь 	Machine translation: review terminology and grammatical context
disarm-action-shove-collision-popup-message-cursor	Resources\Locale\en-US\_KS14\actions\actions\disarm-action.ftl	 into a wall!	 в стену!	Machine translation: review terminology and grammatical context
disarm-action-shove-collision-popup-message-other-clients	Resources\Locale\en-US\_KS14\actions\actions\disarm-action.ftl	 shoves 	 толкает 	Machine translation: review terminology and grammatical context
disarm-action-shove-collision-popup-message-other-clients	Resources\Locale\en-US\_KS14\actions\actions\disarm-action.ftl	 into a wall!	 в стену!	Machine translation: review terminology and grammatical context
durationaccessreader-fumble-others	Resources\Locale\en-US\_Manifest\accessreader.ftl	 messes up while using the cardreader!	 дает сбой при использовании кард-ридера!	Machine translation: review terminology and grammatical context
durationaccessreader-fumble-self	Resources\Locale\en-US\_Manifest\accessreader.ftl	You mess up while using the cardreader!	Вы запутались при использовании кард-ридера!	Machine translation: review terminology and grammatical context
edible-chug	Resources\Locale\en-US\_KS14\nutrition\components\ingestion-system.ftl	You chug 	Ты пыхтишь 	Machine translation: review terminology and grammatical context
edible-chug-other	Resources\Locale\en-US\_KS14\nutrition\components\ingestion-system.ftl	 chugs 	 чаги 	Machine translation: review terminology and grammatical context
ent-ActionAnchorlessCommunion	Resources\Locale\en-US\_KS14\Localization\Prototypes\_KS14\Actions\anchorless.ftl	Communion	Причастие	Machine translation: review terminology and grammatical context
ent-ActionAnchorlessCommunion	Resources\Locale\en-US\_KS14\Localization\Prototypes\_KS14\Actions\anchorless.ftl	Share the identities you have learned with another Anchorless.	Поделитесь личностями, которые вы узнали, с другим Безъядерным.	Machine translation: review terminology and grammatical context
ent-ActionAnchorlessConvert	Resources\Locale\en-US\_KS14\Localization\Prototypes\_KS14\Actions\anchorless.ftl	Convert	Преобразовать	Machine translation: review terminology and grammatical context
ent-ActionAnchorlessConvert	Resources\Locale\en-US\_KS14\Localization\Prototypes\_KS14\Actions\anchorless.ftl	Return a critical or dead person to life as an Anchorless.	Верните к жизни критического или мертвого человека в режиме без якоря.	Machine translation: review terminology and grammatical context
ent-ActionAnchorlessHorror	Resources\Locale\en-US\_KS14\Localization\Prototypes\_KS14\Actions\anchorless.ftl	Horror Form	Форма ужаса	Machine translation: review terminology and grammatical context
ent-ActionAnchorlessHorror	Resources\Locale\en-US\_KS14\Localization\Prototypes\_KS14\Actions\anchorless.ftl	Unmoor your body and reveal the horror beneath.	Отшвартуйте свое тело и покажите ужас, скрывающийся под ним.	Machine translation: review terminology and grammatical context
ent-ActionAnchorlessHorrorArmblade	Resources\Locale\en-US\_KS14\Localization\Prototypes\_KS14\Actions\anchorless.ftl	Horror Armblade	Армейский клинок ужаса	Machine translation: review terminology and grammatical context
ent-ActionAnchorlessHorrorArmblade	Resources\Locale\en-US\_KS14\Localization\Prototypes\_KS14\Actions\anchorless.ftl	An inseparable armblade formed from your horror body.	Неотделимый клинок, созданный из твоего ужасного тела.	Machine translation: review terminology and grammatical context
ent-ActionAnchorlessTransform	Resources\Locale\en-US\_KS14\Localization\Prototypes\_KS14\Actions\anchorless.ftl	Transform	Преобразование	Machine translation: review terminology and grammatical context
ent-ActionAnchorlessTransform	Resources\Locale\en-US\_KS14\Localization\Prototypes\_KS14\Actions\anchorless.ftl	Assume the appearance of one of the identities you have learned.	Представьте себе внешний вид одной из известных вам личностей.	Machine translation: review terminology and grammatical context
ent-ActionAnchorlessVoiceMimic	Resources\Locale\en-US\_KS14\Localization\Prototypes\_KS14\Actions\anchorless.ftl	Voice Mimicry	Голосовая мимикрия	Machine translation: review terminology and grammatical context
ent-ActionAnchorlessVoiceMimic	Resources\Locale\en-US\_KS14\Localization\Prototypes\_KS14\Actions\anchorless.ftl	Model your vocal cords to imitate the voice of someone else.	Смоделируйте свои голосовые связки, чтобы имитировать голос другого человека.	Machine translation: review terminology and grammatical context
ent-ActionMoveControlledBot	Resources\Locale\en-US\_KS14\Localization\Prototypes\_KS14\Actions\station_ai.ftl	Move controlled bot	Перемещение управляемого бота	Machine translation: review terminology and grammatical context
ent-ActionMoveControlledBot	Resources\Locale\en-US\_KS14\Localization\Prototypes\_KS14\Actions\station_ai.ftl	Moves the bot you are currently controlling to any location you select	Перемещает бота, которым вы в данный момент управляете, в любое выбранное вами место.	Machine translation: review terminology and grammatical context
ent-ActionSelectControlledBot	Resources\Locale\en-US\_KS14\Localization\Prototypes\_KS14\Actions\station_ai.ftl	Select controlled bot	Выбор управляемого бота	Machine translation: review terminology and grammatical context
ent-ActionSelectControlledBot	Resources\Locale\en-US\_KS14\Localization\Prototypes\_KS14\Actions\station_ai.ftl	Selects a bot for you to control	Выбирает бота, которым вы будете управлять.	Machine translation: review terminology and grammatical context
ent-ActionToggleIvDrip	Resources\Locale\en-US\_KS14\Localization\Prototypes\_KS14\Actions\iv_drip.ftl	Toggle IV drip	Переключить капельницу IV	Machine translation: review terminology and grammatical context
ent-ActionToggleIvDrip	Resources\Locale\en-US\_KS14\Localization\Prototypes\_KS14\Actions\iv_drip.ftl	Enable or disable intravenous injection.	Включение или отключение внутривенной инъекции.	Machine translation: review terminology and grammatical context
ent-ActionTogglePhosphorNightVision	Resources\Locale\en-US\_KS14\Localization\Prototypes\_Mono\Actions\types.ftl	Toggle night vision	Переключить ночное видение	Machine translation: review terminology and grammatical context
ent-ActionTogglePhosphorNightVision	Resources\Locale\en-US\_KS14\Localization\Prototypes\_Mono\Actions\types.ftl	Toggles the night vision on and off.	Включает и выключает ночное видение.	Machine translation: review terminology and grammatical context
ent-AirlockLabs	Resources\Locale\en-US\_KS14\Localization\Prototypes\_Manifest\Entities\Structures\Airlocks\labs.ftl	bulkhead	перегородка	Machine translation: review terminology and grammatical context
ent-AirlockLabs	Resources\Locale\en-US\_KS14\Localization\Prototypes\_Manifest\Entities\Structures\Airlocks\labs.ftl	It opens, it closes, and maybe crushes you.	Он открывается, закрывается и, возможно, раздавит вас.	Machine translation: review terminology and grammatical context
ent-AirlockLabs	Resources\Locale\en-US\_KS14\Localization\Prototypes\_Manifest\Entities\Structures\Airlocks\labs.ftl	Labs	Лаборатории	Machine translation: review terminology and grammatical context
ent-AirlockLabsUnpryable	Resources\Locale\en-US\_KS14\Localization\Prototypes\_Manifest\Entities\Structures\Airlocks\labs.ftl	bulkhead	перегородка	Machine translation: review terminology and grammatical context
ent-AirlockLabsUnpryable	Resources\Locale\en-US\_KS14\Localization\Prototypes\_Manifest\Entities\Structures\Airlocks\labs.ftl	It seems to be effectively unpryable.	Кажется, его практически невозможно взломать.	Machine translation: review terminology and grammatical context
ent-AirlockLabsUnpryable	Resources\Locale\en-US\_KS14\Localization\Prototypes\_Manifest\Entities\Structures\Airlocks\labs.ftl	Labs, Unpryable	Labs, незащищенный	Machine translation: review terminology and grammatical context
ent-AirlockLabsUnpryableBluelabLocked	Resources\Locale\en-US\_KS14\Localization\Prototypes\_KS14\SpeczoneSpecific\bluelab.ftl	bulkhead	перегородка	Machine translation: review terminology and grammatical context
ent-AirlockLabsUnpryableBluelabLocked	Resources\Locale\en-US\_KS14\Localization\Prototypes\_KS14\SpeczoneSpecific\bluelab.ftl	It seems to be effectively unpryable.	Кажется, его практически невозможно взломать.	Machine translation: review terminology and grammatical context
ent-AirlockLabsUnpryableBluelabLocked	Resources\Locale\en-US\_KS14\Localization\Prototypes\_KS14\SpeczoneSpecific\bluelab.ftl	Labs, Locked, Unpryable	Labs, заблокированный, недоступный для взлома	Machine translation: review terminology and grammatical context
ent-AirlockMaintSyndieLocked	Resources\Locale\en-US\_KS14\Localization\Prototypes\_KS14\Scenarios\structures.ftl	airlock	шлюзовой шлюз	Machine translation: review terminology and grammatical context
ent-AirlockMaintSyndieLocked	Resources\Locale\en-US\_KS14\Localization\Prototypes\_KS14\Scenarios\structures.ftl	It opens, it closes, and maybe crushes you.	Он открывается, закрывается и, возможно, раздавит вас.	Machine translation: review terminology and grammatical context
ent-AlwaysPoweredActiveEmergencyLightRed	Resources\Locale\en-US\_KS14\Localization\Prototypes\_Manifest\Entities\Structures\Lighting\emergency_lighting.ftl	emergency light	аварийное освещение	Machine translation: review terminology and grammatical context
ent-AlwaysPoweredActiveEmergencyLightRed	Resources\Locale\en-US\_KS14\Localization\Prototypes\_Manifest\Entities\Structures\Lighting\emergency_lighting.ftl	A small light with an internal battery that turns on as soon as it stops receiving any power, or in case of an emergency.	Небольшой фонарь с внутренней батареей, который включается, как только прекращается подача электроэнергии или в случае возникновения чрезвычайной ситуации.	Machine translation: review terminology and grammatical context
ent-AlwaysPoweredActiveEmergencyLightRed	Resources\Locale\en-US\_KS14\Localization\Prototypes\_Manifest\Entities\Structures\Lighting\emergency_lighting.ftl	Active, Always Powered, Red	Активный, всегда включенный, красный	Machine translation: review terminology and grammatical context
ent-AlwaysPoweredActiveEmergencyLightViolet	Resources\Locale\en-US\_KS14\Localization\Prototypes\_Manifest\Entities\Structures\Lighting\emergency_lighting.ftl	emergency light	аварийное освещение	Machine translation: review terminology and grammatical context
ent-AlwaysPoweredActiveEmergencyLightViolet	Resources\Locale\en-US\_KS14\Localization\Prototypes\_Manifest\Entities\Structures\Lighting\emergency_lighting.ftl	A small light with an internal battery that turns on as soon as it stops receiving any power, or in case of an emergency.	Небольшой фонарь с внутренней батареей, который включается, как только прекращается подача электроэнергии или в случае возникновения чрезвычайной ситуации.	Machine translation: review terminology and grammatical context
ent-AlwaysPoweredActiveEmergencyLightViolet	Resources\Locale\en-US\_KS14\Localization\Prototypes\_Manifest\Entities\Structures\Lighting\emergency_lighting.ftl	Active, Always Powered, Violet	Активный, всегда включенный, фиолетовый	Machine translation: review terminology and grammatical context
ent-AnchorlessConvertCrewObjective	Resources\Locale\en-US\_KS14\Localization\Prototypes\_KS14\Objectives\anchorless.ftl	Convert 60% of the crew.	Конвертировать 60% экипажа.	Machine translation: review terminology and grammatical context
ent-AnchorlessConvertCrewObjective	Resources\Locale\en-US\_KS14\Localization\Prototypes\_KS14\Objectives\anchorless.ftl	Assimilate your fellow man"" until at least 60% of the crew are Anchorless."	 существует.    » существует.    Машинный перевод: проверьте терминологию и грамматический контекст\ncmd-ensurechemfire-no-entity    Resources\Locale\en-US\_KS14\commands\ensurechemfire.ftl\tЧтобы запустить это, вам необходимо быть прикрепленным к объекту.    Машинный перевод: проверьте терминологию и грамматический контекст\ncmd-ensurechemfire-prototype-completion    Resources\Locale\en-US\_KS14\commands\ensurechemfire.ftl    <идентификатор прототипа химического пожара>\t<идентификатор прототипа химического пожара>    Машинный перевод: проверьте терминологию и грамматический контекст\ncmd-insertintospeczone-desc    Resources\Locale\en-US\_KS14\speczones\insertintospeczone.ftl    Телепортирует объект в специальную зону по её идентификатору в случайную точку входа. Если специальная зона не указана, по умолчанию используется первая существующая.\tТелепортирует объект в спецзону по его идентификатору в случайную точку входа. Если спецзона не указана, по умолчанию используется первая существующая.    Машинный перевод: проверьте терминологию и грамматический контекст\ncmd-insertintospeczone-help    Resources\Locale\en-US\_KS14\speczones\insertintospeczone.ftl    insertintospeczone <uid> <ID спецификации>\tInsertintospeczone <uid> <ID спецификации>    Машинный перевод: проверьте терминологию и грамматический контекст\ncmd-insertintospeczone-invalid-args    Resources\Locale\en-US\_KS14\speczones\insertintospeczone.ftl    Ожидается ровно 1 или 2 аргумента.    Ожидается ровно 1 или 2 аргумента.    Машинный перевод: проверьте терминологию и грамматический контекст\ncmd-insertintospeczone-invalid-uid    Resources\Locale\en-US\_KS14\speczones\insertintospeczone.ftl\tНеверный объект.    Неверный объект.    Машинный перевод: проверьте терминологию и грамматический контекст\ncmd-insertintospeczone-speczone-completion\tResources\Locale\en-US\_KS14\speczones\insertintospeczone.ftl    <ID спецификации>    <ID спецификации>\tМашинный перевод: проверьте терминологию и грамматический контекст\ncmd-ks_launchsupplypod-desc    Resources\Locale\en-US\_KS14\supplypod\commands.ftl    Запускает не запущенный модуль снабжения. Он поднимается из поля зрения, затем падает на обрыв или обратно на плитку, с которой вылетел.    Запускает не запущенный модуль снабжения. Он поднимается из поля зрения, затем падает на обрыв или обратно на плитку, с которой вышел.    Машинный перевод: проверьте терминологию и грамматический контекст\ncmd-ks_launchsupplypod-dropoff-completion\tResources\Locale\en-US\_KS14\supplypod\commands.ftl    <dropoff uid>    <uid выдачи>    Машинный перевод: проверьте терминологию и грамматический контекст\ncmd-ks_launchsupplypod-help    Resources\Locale\en-US\_KS14\supplypod\commands.ftl    ks_launchsupplypod <uid модуля> [dropoff uid]    ks_launchsupplypod <uid модуля> [dropoff uid]\tМашинный перевод: проверьте терминологию и грамматический контекст\ncmd-ks_launchsupplypod-invalid-args    Resources\Locale\en-US\_KS14\supplypod\commands.ftl\tОжидается 1 или 2 аргумента.    Ожидается 1 или 2 аргумента.    Машинный перевод: проверьте терминологию и грамматический контекст\ncmd-ks_launchsupplypod-invalid-uid\tResources\Locale\en-US\_KS14\supplypod\commands.ftl    Неверный объект     Неверный объект     Машинный перевод: проверьте терминологию и грамматический контекст\ncmd-ks_launchsupplypod-launched    Resources\Locale\en-US\_KS14\supplypod\commands.ftl    Запущен модуль снабжения \tЗапущен модуль снабжения     Машинный перевод: проверьте терминологию и грамматический контекст\ncmd-ks_launchsupplypod-not-launchable    Resources\Locale\en-US\_KS14\supplypod\commands.ftl     это не модуль снабжения, ожидающий запуска.\t — это не модуль снабжения, ожидающий запуска.    Машинный перевод: проверьте терминологию и грамматический контекст\ncmd-ks_launchsupplypod-pod-completion    Resources\Locale\en-US\_KS14\supplypod\commands.ftl    <pod uid>    <uid модуля>    Машинный перевод: проверьте терминологию и грамматический контекст\ncmd-ks_llm-desc    Resources\Locale\en-US\_KS14\llm\llm.ftl    Проверяет и контролирует локальный бэкенд LLM.    Машинный перевод: проверьте терминологию и грамматический контекст\ncmd-ks_llm-help\tResources\Locale\en-US\_KS14\llm\llm.ftl    Использование: ks_llm <статус|перезапуск|сброс>    Использование: ks_llm <статус|перезапуск|сброс>    Машинный перевод: проверьте терминологию и грамматический контекст\ncmd-ks_llm-invalid-args    Resources\Locale\en-US\_KS14\llm\llm.ftl    Ожидается один аргумент: статус, перезапуск или сброс.    Ожидается один аргумент: статус, перезапуск или сброс.    Машинный перевод: проверьте терминологию и грамматический контекст\ncmd-ks_llm-reset\tResources\Locale\en-US\_KS14\llm\llm.ftl    Очистил все разговоры LLM.    Машинный перевод: проверьте терминологию и грамматический контекст\ncmd-ks_llm-restarting    Resources\Locale\en-US\_KS14\llm\llm.ftl    Перезапуск серверной части LLM.    Машинный перевод: проверьте терминологию и грамматический контекст\ncmd-ks_llm-status\tResources\Locale\en-US\_KS14\llm\llm.ftl\tСостояние:     Машинный перевод: проверьте терминологию и грамматический контекст\ncmd-ks_llm-status    Resources\Locale\en-US\_KS14\llm\llm.ftl    , серверная часть:     , серверная часть: \tМашинный перевод: проверьте терминологию и грамматический контекст\ncmd-ks_llm-status    Resources\Locale\en-US\_KS14\llm\llm.ftl    , context:     , контекст: \tМашинный перевод: проверка терминологии и грамматического контекста\ncmd-ks_llm-status    Resources\Locale\en-US\_KS14\llm\llm.ftl     токены, очереди: \t , очереди в очереди:     Машинный перевод: проверка терминологии и грамматического контекста\ncmd-ks_llm-status\tResources\Locale\en-US\_KS14\llm\llm.ftl    , поворот в полете:     , разворот в полете:     Машинный перевод: проверьте терминологию и грамматический контекст\ncmd-ks_llm-status-conversation    Resources\Locale\en-US\_KS14\llm\llm.ftl    Conversation     Разговор     Машинный перевод: проверьте терминологию и грамматический контекст\ncmd-ks_llm-status-conversation\tResources\Locale\en-US\_KS14\llm\llm.ftl     сообщения,      ,     Машинный перевод: проверьте терминологию и грамматический контекст\ncmd-ks_llm-status-conversation    Ресурсы\Языковая локаль\en-US\_KS14\llm\llm.ftl     токены по последнему запросу, сжатые      по последнему запросу, сжатые \nТокены     Машинный перевод: проверьте терминологию и грамматический контекст\ncmd-ks_llm-status-conversation    Resources\Locale\en-US\_KS14\llm\llm.ftl     раз     раз\nТокены    Машинный перевод: проверьте терминологию и грамматический контекст\ncmd-ks_spawnunlaunchedpod-desc\tResources\Locale\en-US\_KS14\supplypod\commands.ftl\tСоздает капсулу снабжения, стоящую на земле, разблокированную и ожидающую запуска, вместо того, чтобы сбрасывать её с орбиты.    Машинный перевод: проверьте терминологию и грамматический контекст cmd-ks_spawnunlaunchedpod-help    Resources\Locale\en-US\_KS14\commands.ftl    чтобы сбрасывать её с орбиты.    Машинный перевод: проверьте терминологию и грамматический контекст чтобы сбрасывать её с орбиты.    Машинный перевод: проверьте терминологию и грамматический контекст\ncmd-ks_spawnunlaunchedpod-help    Resources\Locale\en-US\_KS14\supplypod\commands.ftl    ks_spawnunlaunchedpod <прототип капсулы> [location uid]\tks_spawnunlaunchedpod <прототип модуля> [location uid]    Машинный перевод: проверьте терминологию и грамматический контекст\ncmd-ks_spawnunlaunchedpod-invalid-args    Resources\Locale\en-US\_KS14\supplypod\commands.ftl\tОжидается 1 или 2 аргумента.    Ожидается 1 или 2 аргумента.\tМашинный перевод: проверьте терминологию и грамматический контекст\ncmd-ks_spawnunlaunchedpod-invalid-proto    Resources\Locale\en-US\_KS14\supplypod\commands.ftl     не является прототипом модуля снабжения.\tМашинный перевод: проверьте терминологию и грамматический контекст\ncmd-ks_spawnunlaunchedpod-invalid-uid    Resources\Locale\en-US\_KS14\supplypod\commands.ftl\tНеверный объект     Неверный объект     Машинный перевод: проверьте терминологию и грамматический контекст\ncmd-ks_spawnunlaunchedpod-no-location\tResources\Locale\en-US\_KS14\supplypod\commands.ftl    Местоположение не указано, и у вас нет объекта, на котором его можно было бы создать.\tМашинный перевод: проверьте терминологию и грамматический контекст\ncmd-ks_spawnunlaunchedpod-proto-completion    Resources\Locale\en-US\_KS14\supplypod\commands.ftl    <прототип модуля>    <прототип модуля>\tМашинный перевод: проверьте терминологию и грамматический контекст\ncmd-ks_spawnunlaunchedpod-spawned    Resources\Locale\en-US\_KS14\supplypod\commands.ftl\tСоздан незапущенный модуль снабжения. \tМашинный перевод: проверьте терминологию и грамматический контекст\ncmd-ks_spawnunlaunchedpod-uid-completion    Resources\Locale\en-US\_KS14\supplypod\commands.ftl\t<location uid>    <uid местоположения>    Машинный перевод: проверьте терминологию и грамматический контекст\ncmd-ks_squaddebug-desc    Resources\Locale\en-US\_KS14\npc\squad-debug.ftl    Включает для вас наложение отладки отрядов NPC: отряды по цвету, лидерам, порогам и назначениям прикрытия.    Включает для вас наложение отладки отрядов NPC: отряды по цвету, лидерам, порогам и назначениям прикрытия.    Машинный перевод: проверьте терминологию и грамматический контекст\ncmd-ks_squaddebug-disabled    Resources\Locale\en-US\_KS14\npc\squad-debug.ftl    Наложение отладки отрядов отключено.    Машинный перевод: проверьте терминологию и грамматический контекст\ncmd-ks_squaddebug-enabled    Resources\Locale\en-US\_KS14\npc\squad-debug.ftl    Наложение отладки Squad включено.    Машинный перевод: проверьте терминологию и грамматический контекст\ncmd-ks_squaddebug-help    Resources\Locale\en-US\_KS14\npc\squad-debug.ftl    ks_squaddebug    ks_squaddebug    Не изменено переводчиком: проверьте собственное имя, аббревиатуру или непереведённый текст\ncmd-ks_squaddebug-no-session    Resources\Locale\en-US\_KS14\npc\squad-debug.ftl    Эту команду должен выполнить игрок.    Машинный перевод: проверьте терминологию и грамматический контекст\ncmd-ks_tacticalposdebug-desc    Resources\Locale\en-US\_KS14\npc    actical-position-debug.ftl    Включает/выключает динамическую отладочную накладку тактической позиции NPC (оценки кандидатов, выбранное место, текущие претензии) для вас, при необходимости ограничивая отображение одним объектом.\tПереключает динамическое наложение отладки тактической позиции NPC (очки кандидатов, выбранное место, текущие претензии) для вас, опционально ограниченное одним объектом.    Машинный перевод: проверьте терминологию и грамматический контекст\ncmd-ks_tacticalposdebug-disabled    Resources\Locale\en-US\_KS14\npc\tactical-position-debug.ftl    Наложение отладки тактической позиции отключено.    Машинный перевод: проверьте терминологию и грамматический контекст\ncmd-ks_tacticalposdebug-enabled-all    Resources\Locale\en-US\_KS14\npc    actical-position-debug.ftl    Наложение отладки тактической позиции включено, отслеживает все объекты.    Включено наложение отладки тактической позиции, отслеживающее все объекты.\tМашинный перевод: проверьте терминологию и грамматический контекст\ncmd-ks_tacticalposdebug-enabled-single    Resources\Locale\en-US\_KS14\npc    actical-position-debug.ftl    Включено наложение отладки тактической позиции, отслеживание     Машинный перевод: проверьте терминологию и грамматический контекст\ncmd-ks_tacticalposdebug-enabled-single    Resources\Locale\en-US\_KS14\npc    actical-position-debug.ftl     только.     .    Машинный перевод: проверьте терминологию и грамматический контекст\ncmd-ks_tacticalposdebug-entity-hint    Resources\Locale\en-US\_KS14\npc    actical-position-debug.ftl    entity (optional, tracks all if omitted)    (необязательно, отслеживает все, если опущено)    Машинный перевод: проверьте терминологию и грамматический контекст\ncmd-ks_tacticalposdebug-help    Resources\Locale\en-US\_KS14\npc    actical-position-debug.ftl    ks_tacticalposdebug [entity]    ks_tacticalposdebug [entity]\tНе изменено переводчиком: проверьте собственное имя, аббревиатуру или непереведённый текст\ncmd-ks_tacticalposdebug-invalid-entity    Resources\Locale\en-US\_KS14\npc    actical-position-debug.ftl    Не найден соответствующий объект    Машинный перевод: проверьте терминологию и грамматический контекст\ncmd-ks_tacticalposdebug-no-session    Resources\Locale\en-US\_KS14\npc    actical-position-debug.ftl\tЭта команда должна быть выполнена игроком.    Эту команду должен выполнить игрок.    Машинный перевод: проверьте терминологию и грамматический контекст\ncmd-playadminmusic-bad-path    Resources\Locale\en-US\_KS14\admin-music\admin-music.ftl    Указанный путь не ведёт к действительному аудиоресурсу\tУказанный путь не указывает на действительный аудиоресурс.    Машинный перевод: проверьте терминологию и грамматический контекст\ncmd-playadminmusic-desc    Resources\Locale\en-US\_KS14\admin-music\admin-music.ftl    Начинает воспроизведение звука по указанному пути для всего сервера и всех, кто присоединяется.    Начинает воспроизведение звука по указанному пути для всего сервера и всех, кто присоединяется.    Машинный перевод: проверьте терминологию и грамматический контекст\ncmd-playadminmusic-fuckoff    Resources\Locale\en-US\_KS14\admin-music\admin-music.ftl    Этот файл уже воспроизводится    Этот файл уже воспроизводится\tМашинный перевод: проверьте терминологию и грамматический контекст\ncmd-playadminmusic-help    Resources\Locale\en-US\_KS14\admin-music\admin-music.ftl\tplayadminmusic <аудиопуть> <необязательная громкость 0%-100%>    playadminmusic <аудиопуть> <необязательная громкость 0%-100%>    Машинный перевод: проверьте терминологию и грамматический контекст\ncmd-playadminmusic-invalid-args    Resources\Locale\en-US\_KS14\admin-music\admin-music.ftl    Ожидается ровно от 1 до 2 аргументов    Ожидается ровно от 1 до 2 аргументов.    Машинный перевод: проверьте терминологию и грамматический контекст\ncmd-playadminmusic-invalid-path    Resources\Locale\en-US\_KS14\admin-music\admin-music.ftl    Неверный путь    Неверный путь    Машинный перевод: проверьте терминологию и грамматический контекст\ncmd-playadminmusic-invalid-volume    Resources\Locale\en-US\_KS14\admin-music\admin-music.ftl    Громкость должна быть указана в виде допустимого процента от 0 до 100    Объем должен быть допустимым процентом от 0 до 100.    Машинный перевод: проверьте терминологию и грамматический контекст\ncmd-playadminmusic-path-completion    Resources\Locale\en-US\_KS14\admin-music\admin-music.ftl    <Аудио-путь>    <Аудио-путь>    Машинный перевод: проверьте терминологию и грамматический контекст\ncmd-playadminmusic-volume-completion    Resources\Locale\en-US\_KS14\admin-music\admin-music.ftl    <Громкость от 0% до 100%>    <Громкость от 0% до 100%>    Машинный перевод: проверьте терминологию и грамматический контекст\ncmd-spawnchain-bad-count    Resources\Locale\en-US\_KS14\joints\spawnchain.ftl     не является допустимым целым числом.\tМашинный перевод: проверьте терминологию и грамматический контекст\ncmd-spawnchain-bad-offset    Resources\Locale\en-US\_KS14\joints\spawnchain.ftl     не является допустимым числом с плавающей запятой.\tМашинный перевод: проверьте терминологию и грамматический контекст\ncmd-spawnchain-bad-proto    Resources\Locale\en-US\_KS14\joints\spawnchain.ftl     не является допустимым прототипом объекта.\tМашинный перевод: проверьте терминологию и грамматический контекст\ncmd-spawnchain-count-completion    Resources\Locale\en-US\_KS14\joints\spawnchain.ftl    <Link count>    <Количество ссылок>\tМашинный перевод: проверьте терминологию и грамматический контекст\ncmd-spawnchain-desc    Resources\Locale\en-US\_KS14\joints\spawnchain.ftl    Создаёт несколько объектов в вашем местоположении и формирует из них цепочку.\tСоздает несколько объектов в вашей локации и образует из них цепочку.    Машинный перевод: проверьте терминологию и грамматический контекст\ncmd-spawnchain-help    Resources\Locale\en-US\_KS14\joints\spawnchain.ftl    spawnchain <прототип> <количество звеньев [integer]> <смещение по оси [float]>    spawnchain <прототип> <количество звеньев [integer]> <смещение по оси [float]>    Машинный перевод: проверьте терминологию и грамматический контекст\ncmd-spawnchain-invalid-args    Resources\Locale\en-US\_KS14\joints\spawnchain.ftl    Ожидается ровно 2 аргумента.    Ожидается ровно 2 аргумента.    Машинный перевод: проверьте терминологию и грамматический контекст\ncmd-spawnchain-offset-completion    Resources\Locale\en-US\_KS14\joints\spawnchain.ftl    <Смещение звена по оси Y>    <Link Y offset>    Машинный перевод: проверьте терминологию и грамматический контекст\ncmd-spawnchain-proto-completion    Resources\Locale\en-US\_KS14\joints\spawnchain.ftl    <Entity Prototype>    <Прототип сущности>\tМашинный перевод: проверьте терминологию и грамматический контекст\ncmd-stopalladminmusic-desc    Resources\Locale\en-US\_KS14\admin-music\admin-music.ftl    Останавливает всю воспроизводимую в данный момент музыку администратора.\tМашинный перевод: проверьте терминологию и грамматический контекст\ncmd-stopalladminmusic-help    Resources\Locale\en-US\_KS14\admin-music\admin-music.ftl\tstopalladminmusic    stopalladminmusic    Не изменено переводчиком: проверьте правильное название, аббревиатуру или непереведённый текст\ncmd-vcmute-desc    Resources\Locale\en-US\_KS14\voice\voice.ftl    Отключает голосовой чат игрока.\tОтключает голосовой чат игрока.    Машинный перевод: проверьте терминологию и грамматический контекст\ncmd-vcmute-help    Resources\Locale\en-US\_KS14\voice\voice.ftl    vcmute <player> [minutes, 0 = rest of round] [reason...]    vcmute <игрок> [minutes, 0 = rest of round] [reason...]\tМашинный перевод: проверьте терминологию и грамматический контекст\ncmd-vcmute-invalid-args    Resources\Locale\en-US\_KS14\voice\voice.ftl    Ожидается как минимум имя игрока.    Ожидается как минимум имя игрока.\tМашинный перевод: проверьте терминологию и грамматический контекст\ncmd-vcmute-invalid-minutes    Resources\Locale\en-US\_KS14\voice\voice.ftl    Минуты должны быть числом от 0 (оставшаяся часть раунда) до 525600.    Минуты должны быть числом от 0 (оставшаяся часть раунда) до 525600.    Машинный перевод: проверить терминологию и грамматический контекст\ncmd-vcmute-minutes-completion    Resources\Locale\en-US\_KS14\voice\voice.ftl    [minutes, 0 = rest of round]    [minutes, 0 = rest of round]    Не изменено переводчиком: проверьте собственное имя, аббревиатуру или непереведённый текст\ncmd-vcmute-no-player\tResources\Locale\en-US\_KS14\voice\voice.ftl    Нет игрока с таким именем \tНет имени онлайн-игрока.     Машинный перевод: проверьте терминологию и грамматический контекст\ncmd-vcmute-player-completion    Resources\Locale\en-US\_KS14\voice\voice.ftl    <игрок>\t<игрок>    Машинный перевод: проверьте терминологию и грамматический контекст\ncmd-vcmute-reason-completion    Resources\Locale\en-US\_KS14\voice\voice.ftl    [reason]    [reason]    Не изменено переводчиком: проверьте собственное имя, аббревиатуру или непереведённый текст\ncmd-vcmute-success    Resources\Locale\en-US\_KS14\voice\voice.ftl    Voice-muted     Отключение звука     Машинный перевод: проверьте терминологию и грамматический контекст\ncmd-vcmutes-desc\tResources\Locale\en-US\_KS14\voice\voice.ftl    Lists active voice chat mutes.    Отображает список отключений звука в голосовом чате.\tМашинный перевод: проверьте терминологию и грамматический контекст\ncmd-vcmutes-entry    Resources\Locale\en-US\_KS14\voice\voice.ftl    , автор     , автор     Машинный перевод: проверьте терминологию и грамматический контекст\ncmd-vcmutes-entry-auto    Resources\Locale\en-US\_KS14\voice\voice.ftl    : автоматическое отключение звука при оскорбительных высказываниях, \t: автоматически отключается звук при оскорбительном звуке.     Машинный перевод: проверьте терминологию и грамматический контекст\ncmd-vcmutes-entry-auto    Resources\Locale\en-US\_KS14\voice\voice.ftl    слева (vcunmute снимает отключение)    слева (vcunmute поднимает его)    Машинный перевод: проверьте терминологию и грамматический контекст\ncmd-vcmutes-help\tResources\Locale\en-US\_KS14\voice\voice.ftl    vcmutes    vcmutes    Не изменено переводчиком: проверьте собственное имя, аббревиатуру или непереведённый текст\ncmd-vcmutes-none    Resources\Locale\en-US\_KS14\voice\voice.ftl    Ни у кого не отключен звук.    Ни у кого не отключен звук.\tМашинный перевод: проверьте терминологию и грамматический контекст\ncmd-vcunmute-desc    Resources\Locale\en-US\_KS14\voice\voice.ftl    Отключает отключение звука в голосовом чате игрока.\tМашинный перевод: проверьте терминологию и грамматический контекст\ncmd-vcunmute-help    Resources\Locale\en-US\_KS14\voice\voice.ftl    vcunmute <player>    vcunmute <игрок>\nГолосовой чат    Машинный перевод: проверьте терминологию и грамматический контекст\ncmd-vcunmute-invalid-args    Resources\Locale\en-US\_KS14\voice\voice.ftl\tОжидается ровно одно имя игрока.    Ожидается ровно одно имя игрока.    Машинный перевод: проверьте терминологию и грамматический контекст\ncmd-vcunmute-not-muted\tResources\Locale\en-US\_KS14\voice\voice.ftl     не имеет отключения звука.    Машинный перевод: проверьте терминологию и грамматический контекст\ncmd-vcunmute-success\tResources\Locale\en-US\_KS14\voice\voice.ftl\tГолосовой звук включен     Машинный перевод: проверьте терминологию и грамматический контекст\ncmd-voicechat-desc    Resources\Locale\en-US\_KS14\voice\voice.ftl    Открывает окно голосового чата со ссылкой на ваш личный микрофон.\tОткрывает окно голосового чата со ссылкой на ваш личный микрофон.    Машинный перевод: проверьте терминологию и грамматический контекст\ncmd-voicechat-help    Resources\Locale\en-US\_KS14\voice\voice.ftl    voicechat    голосовой чат    Машинный перевод: проверьте терминологию и грамматический контекст\ncmd-voicelink-desc\tResources\Locale\en-US\_KS14\voice\voice.ftl    Открывает вашу личную страницу голосового чата в браузере.    Открывает вашу личную страницу голосового чата в браузере.\tМашинный перевод: проверьте терминологию и грамматический контекст\ncmd-voicelink-help    Resources\Locale\en-US\_KS14\voice\voice.ftl    voicelink    голосовая связь    Машинный перевод: проверьте терминологию и грамматический контекст\ncmd-zlevel_add-completion\tResources\Locale\en-US\_KS14\zlevels\commands.ftl    <UID карты>    <UID карты>    Машинный перевод: проверьте терминологию и грамматический контекст\ncmd-zlevel_add-desc    Resources\Locale\en-US\_KS14\zlevels\commands.ftl    Устанавливает z-уровень выше другого z-уровня. Сделает любую из карт z-уровнем, если они ещё не являются таковыми. Второй параметр — это z-уровень, который будет выше.\tУстанавливает уровень z выше другого уровня z. Любая карта будет преобразована в z-уровень, если она ещё не является таковым. Второй параметр — это z-уровень, который будет выше.    Машинный перевод: проверьте терминологию и грамматический контекст\ncmd-zlevel_add-help\tResources\Locale\en-US\_KS14\zlevels\commands.ftl    zlevel_add <целевой uid> <добавленный uid>\tzlevel_add <целевой uid> <добавленный uid>    Машинный перевод: проверьте терминологию и грамматический контекст\ncmd-zlevel_add-invalid-args    Resources\Locale\en-US\_KS14\zlevels\commands.ftl    Ожидается ровно 2 аргумента.    Ожидается ровно 2 аргумента.    Машинный перевод: проверьте терминологию и грамматический контекст\ncmd-zlevel_add-invalid-uid    Resources\Locale\en-US\_KS14\zlevels\commands.ftl\tНеверный объект     Неверный объект     Машинный перевод: проверьте терминологию и грамматический контекст\ncmd-zlevel_elevator-completion-grid    Resources\Locale\en-US\_KS14\zlevels\commands.ftl\t<Grid UID>    <UID сетки>    Машинный перевод: проверьте терминологию и грамматический контекст\ncmd-zlevel_elevator-completion-shaft    Resources\Locale\en-US\_KS14\zlevels\commands.ftl\t<shaft id>    <идентификатор вала>    Машинный перевод: проверьте терминологию и грамматический контекст\ncmd-zlevel_elevator-desc\tResources\Locale\en-US\_KS14\zlevels\commands.ftl    Превращает существующую сетку в лифт, который может перемещаться вверх и вниз по стеку z-уровней. Необязательный второй параметр задаёт идентификатор шахты; он нужен только в том случае, если один стек содержит более одного лифта.\tПревращает существующую сетку в лифт, который может перемещаться вверх и вниз по стеку z-уровней. Необязательный второй параметр задает идентификатор шахты, который необходим только в том случае, если в одном стеке находится более одного лифта.    Машинный перевод: проверьте терминологию и грамматический контекст\ncmd-zlevel_elevator-help\tResources\Locale\en-US\_KS14\zlevels\commands.ftl    zlevel_elevator <grid uid> [shaft id]    zlevel_elevator <идентификатор сетки> [shaft id]    Машинный перевод: проверьте терминологию и грамматический контекст\ncmd-zlevel_elevator-invalid-args    Resources\Locale\en-US\_KS14\zlevels\commands.ftl    Ожидается 1 или 2 аргумента.    Ожидается 1 или 2 аргумента.    Машинный перевод: проверьте терминологию и грамматический контекст\ncmd-zlevel_elevator-no-zlevel\tResources\Locale\en-US\_KS14\zlevels\commands.ftl    Сделал это лифтом, но его карта пока не является z-уровнем, поэтому на ней нет этажей. Сначала свяжите карты с помощью zlevel_add.\tСделал это лифтом, но его карта ещё не является z-уровнем, поэтому этажей на нём нет. Сначала свяжите карты с помощью zlevel_add.    Машинный перевод: проверьте терминологию и грамматический контекст\ncmd-zlevel_elevator-not-a-grid    Resources\Locale\en-US\_KS14\zlevels\commands.ftl     не является сеткой.     не является сеткой.    Машинный перевод: проверьте терминологию и грамматический контекст\ncmd-zlevel_elevator-success\tResources\Locale\en-US\_KS14\zlevels\commands.ftl    Сделал лифт. Он служит     Сделал лифт. Он служит \tМашинный перевод: проверьте терминологию и грамматический контекст\ncmd-zlevel_elevator-success    Resources\Locale\en-US\_KS14\zlevels\commands.ftl     этаж(а) и в настоящее время находится на этаже      этаж(а) и в настоящее время находится на этаже \tМашинный перевод: проверьте терминологию и грамматический контекст\ncmd-zlevel_elevator_controller-desc\tResources\Locale\en-US\_KS14\zlevels\commands.ftl    Создаёт консоль контроллера лифта в том месте, где вы стоите. Необязательный параметр привязывает её к идентификатору шахты, а не к ближайшему немаркированному лифту.\tСоздает консоль контроллера лифта там, где вы стоите. Необязательный параметр привязывает его к идентификатору шахты, а не к ближайшему немаркированному лифту.    Машинный перевод: проверьте терминологию и грамматический контекст\ncmd-zlevel_elevator_controller-help    Resources\Locale\en-US\_KS14\zlevels\commands.ftl    zlevel_elevator_controller [shaft id]    zlevel_elevator_controller [shaft id]    Неизменено переводчиком: проверьте правильное название, аббревиатуру или непереведённый текст\ncmd-zlevel_elevator_controller-invalid-args    Resources\Locale\en-US\_KS14\zlevels\commands.ftl    Ожидается не более 1 аргумента.    Ожидается не более 1 аргумента.    Машинный перевод: проверьте терминологию и грамматический контекст\ncmd-zlevel_elevator_controller-no-body    Ресурсы\Локаль\en-US\_KS14\zlevels\commands.ftl    Вам нужно тело, рядом с которым можно разместить контроллер.\tВам понадобится тело, рядом с которым можно разместить контроллер.    Машинный перевод: проверьте терминологию и грамматический контекст\ncmd-zlevel_elevator_controller-success    Resources\Locale\en-US\_KS14\zlevels\commands.ftl    Разместил контроллер. Он решает поднять     Машинный перевод: проверьте терминологию и грамматический контекст\ncmd-zlevel_elevator_controller-unbound\tResources\Locale\en-US\_KS14\zlevels\commands.ftl    Установлен контроллер, но он не управляет лифтом. Проверьте идентификатор шахты или убедитесь, что лифт находится в том же стеке z-уровней.\tУстановил контроллер, но он не разрешает лифт. Проверьте идентификатор шахты или убедитесь, что лифт находится в том же стеке z-уровней.    Машинный перевод: проверьте терминологию и грамматический контекст\ncommand-description-ksoffset-local    Resources\Locale\en-US\_KS14\commands    oolshed\ksoffset-command.ftl\tСмещает локальное положение каждого объекта, подключенного по трубопроводу, на величину вектора, например: «ksoffset:local [1, -2.5]». Смещение находится в системе координат родительского объекта, поэтому на сетке оно следует за вращением этой сетки. Привязанные объекты отвязываются, перемещаются и заново привязываются к плитке, на которую попадают.    Смещает локальное положение каждого передаваемого объекта на вектор, например, «ksoffset:local [1, -2.5]». Смещение находится в координатах родительского объекта, поэтому в сетке оно следует за вращением этой сетки. Закрепленные объекты открепляются, перемещаются и повторно привязываются к плитке, на которой они приземляются.    Машинный перевод: проверьте терминологию и грамматический контекст\ncommand-description-ksoffset-world    Resources\Locale\en-US\_KS14\commands    oolshed\ksoffset-command.ftl    Смещает положение каждого объекта, передаваемого по конвейеру,мировое положение каждого объекта, передаваемого по трубе, на вектор, например, «ksoffset:world [1, -2.5]». Смещение находится в пространстве карты независимо от того, к чему привязан объект. Закрепленные объекты открепляются, перемещаются и повторно привязываются к плитке, на которой они приземляются.    Смещает мировое положение каждого объекта, передаваемого по трубе, на векторктору, например 'ksoffset:world [1, -2.5]'. Смещение находится в пространстве карты независимо от того, к чему относится объект-родитель. Закрепленные объекты открепляются, перемещаются и повторно привязываются к плитке, на которой они приземляются.\tМашинный перевод: проверьте терминологию и грамматический контекст\ncommand-description-vendorpoints-get    Resources\Locale\en-US\_RMC14\commands\rmc-toolshed-commands.ftl    Получает баллы, оставшиеся у морского пехотинца для покупки товаров у автоматического продавца.    Машинный перевод: проверьте терминологию и грамматический контекст\nкоманда-description-vendorpoints-getspecialist    Resources\Locale\en-US\_RMC14\commands\rmc-toolshed-commands.ftl\tПолучает очки, оставшиеся у специалиста по оружию для покупки предметов на стойке для снаряжения.    Машинный перевод: проверьте терминологию и грамматический контекст\nкоманда-описание-очки-продавца-установить\tResources\Locale\en-US\_RMC14\commands\rmc-toolshed-commands.ftl    Устанавливает количество очков, за которые морской пехотинец или группа морских пехотинцев должны покупать предметы у автоматического продавца.\tУстанавливает баллы, за которые морской пехотинец или группа морских пехотинцев должны покупать товары у автоматического продавца.\tМашинный перевод: проверьте терминологию и грамматический контекст\ncommand-description-vendorpoints-setspecialist    Resources\Locale\en-US\_RMC14\commands\rmc-toolshed-commands.ftl    Устанавливает количество очков, которые специалист по оружию или группа специалистов по оружию должны использовать для покупки предметов на своей стойкестойке снаряжения.    Машинный перевод: проверьте терминологию и грамматический контекст\ncomp-light-replacer-recycle-progress    Resources\Locale\en-US\_Goobstation\lightreplacer\light-replacer-component.ftl    Это \tЭто     Машинный перевод: проверьте терминологию и грамматический контекст\ncomp-light-replacer-recycle-progress    Resources\Locale\en-US\_Goobstation\lightreplacer\light-replacer-component.ftl\t% пути к новой лампе.    % пути к новой лампе.\tМашинный перевод: проверьте терминологию и грамматический контекст\ncomp-molar-mixer-ui-mixer-molar-flow    Resources\Locale\en-US\_KS14\components\molar-mixer-component.ftl    Целевой выходной поток (моль/с):\tЦелевой выходной поток (моль/с):    Машинный перевод: проверьте терминологию и грамматический контекст\ncomp-nuclear-reactor-ui-eject-button\tResources\Locale\en-US\_FarHorizons\fission-generator\nuclear-reactor.ftl    Eject    Извлечь    Машинный перевод: проверьте терминологию и грамматический контекст\ncomp-nuclear-reactor-ui-empty    Resources\Locale\en-US\_FarHorizons\fission-generator\nuclear-reactor.ftl    Опустошить\tПусто    Машинный перевод: проверьте терминологию и грамматический контекст\ncomp-nuclear-reactor-ui-extract-button    Resources\Locale\en-US\_FarHorizons\fission-generator\nuclear-reactor.ftl    Extract    Извлечение\tМашинный перевод: проверьте терминологию и грамматический контекст\ncomp-nuclear-reactor-ui-footer-left    Resources\Locale\en-US\_FarHorizons\fission-generator\nuclear-reactor.ftl    Опасность: высокие температуры.\tОпасность: высокие температуры.    Машинный перевод: проверьте терминологию и грамматический контекст\ncomp-nuclear-reactor-ui-footer-right    Resources\Locale\en-US\_FarHorizons\fission-generator\nuclear-reactor.ftl    0,5 REV 4\t0,5 РЕД. 4    Машинный перевод: проверьте терминологию и грамматический контекст\ncomp-nuclear-reactor-ui-insert-button    Resources\Locale\en-US\_FarHorizons\fission-generator\nuclear-reactor.ftl    Insert    Вставка\tМашинный перевод: проверьте терминологию и грамматический контекст\ncomp-nuclear-reactor-ui-reactor-control    Resources\Locale\en-US\_FarHorizons\fission-generator\nuclear-reactor.ftl    Управляющие стержни\tУправляющие стержни    Машинный перевод: проверьте терминологию и грамматический контекст\ncomp-nuclear-reactor-ui-reactor-rads\tResources\Locale\en-US\_FarHorizons\fission-generator\nuclear-reactor.ftl    Излучение    Машинный перевод: проверьте терминологию и грамматический контекст\ncomp-nuclear-reactor-ui-reactor-temp    Resources\Locale\en-US\_FarHorizons\fission-generator\nuclear-reactor.ftl    Температура    Температура    Машинный перевод: проверьте терминологию и грамматический контекст\ncomp-nuclear-reactor-ui-reactor-therm\tResources\Locale\en-US\_FarHorizons\fission-generator\nuclear-reactor.ftl    Тепловая мощность    Тепловая мощность    Машинный перевод: проверьте терминологию и грамматический контекст\ncomp-nuclear-reactor-ui-silence-button    Resources\Locale\en-US\_FarHorizons\fission-generator\nuclear-reactor.ftl    Тишина    Тишина    Машинный перевод: проверьте терминологию и грамматический контекст\ncomp-nuclear-reactor-ui-status-panel\tResources\Locale\en-US\_FarHorizons\fission-generator\nuclear-reactor.ftl    Статус реактора    Статус реактора    Машинный перевод: проверьте терминологию и грамматический контекст\ncomp-nuclear-reactor-ui-view-change\tResources\Locale\en-US\_FarHorizons\fission-generator\nuclear-reactor.ftl    Изменить вид    Изменить вид    Машинный перевод: проверьте терминологию и грамматический контекст\ncomp-nuclear-reactor-ui-view-neutron\tResources\Locale\en-US\_FarHorizons\fission-generator\nuclear-reactor.ftl    Нейтронный вид\tНейтронный вид    Машинный перевод: проверьте терминологию и грамматический контекст\ncomp-nuclear-reactor-ui-view-rads    Resources\Locale\en-US\_FarHorizons\fission-generator\nuclear-reactor.ftl\tВид «Излучение»    Обзор радиации    Машинный перевод: проверьте терминологию и грамматический контекст\ncomp-nuclear-reactor-ui-view-spent    Ресурсы\Языковая локализация\en-US\_FarHorizons\fission-generator\nuclear-reactor.ftl    Вид «Истощение»\tПросмотр истощения    Машинный перевод: проверьте терминологию и грамматический контекст\ncomp-nuclear-reactor-ui-view-temp\tResources\Locale\en-US\_FarHorizons\fission-generator\nuclear-reactor.ftl    Просмотр температуры    Машинный перевод: проверьте терминологию и грамматический контекст\ncomp-turbine-ui-flow-rate\tResources\Locale\en-US\_FarHorizons\fission-generator    urbine-component.ftl    Расход    Скорость потока    Машинный перевод: проверьте терминологию и грамматический контекст\ncomp-turbine-ui-footer-left    Resources\Locale\en-US\_FarHorizons\fission-generator    urbine-component.ftl\tОпасность: быстро движущиеся механизмы.    Опасность: быстро движущиеся механизмы.    Машинный перевод: проверьте терминологию и грамматический контекст\ncomp-turbine-ui-footer-right    Resources\Locale\en-US\_FarHorizons\fission-generator    urbine-component.ftl\t1.0 REV 3    1.0 РЕД. 3    Машинный перевод: проверьте терминологию и грамматический контекст\ncomp-turbine-ui-locked-message\tResources\Locale\en-US\_FarHorizons\fission-generator    urbine-component.ftl    Элементы управления заблокированы.    Машинный перевод: проверьте терминологию и грамматический контекст\ncomp-turbine-ui-overspeed\tResources\Locale\en-US\_FarHorizons\fission-generator    urbine-component.ftl    OVERSPEED    ПЕРЕГРУЗКА СКОРОСТИ    Машинный перевод: проверьте терминологию и грамматический контекст\ncomp-turbine-ui-overtemp\tResources\Locale\en-US\_FarHorizons\fission-generator    urbine-component.ftl\tOVERTEMP    ПЕРЕГРЕВ    Машинный перевод: проверьте терминологию и грамматический контекст\ncomp-turbine-ui-rpm    Resources\Locale\en-US\_FarHorizons\fission-generator    urbine-component.ftl    RPM    об/мин\tМашинный перевод: проверьте терминологию и грамматический контекст\ncomp-turbine-ui-set-button    Resources\Locale\en-US\_FarHorizons\fission-generator    urbine-component.ftl    Set\tНабор    Машинный перевод: проверьте терминологию и грамматический контекст\ncomp-turbine-ui-stalling    Resources\Locale\en-US\_FarHorizons\fission-generator    urbine-component.ftl\tSTALLING    ОСТАНОВКА\nСТАТУС    Машинный перевод: проверьте терминологию и грамматический контекст\ncomp-turbine-ui-stator-load\tResources\Locale\en-US\_FarHorizons\fission-generator    urbine-component.ftl    Stator Load    Нагрузка статора\nСтатус    Машинный перевод: проверьте терминологию и грамматический контекст\ncomp-turbine-ui-undertemp    Resources\Locale\en-US\_FarHorizons\fission-generator    urbine-component.ftl    UNDERTEMP    ПОД ТЕМП.\tМашинный перевод: проверьте терминологию и грамматический контекст\nconstruction-graph-tag-chemical-payload    Resources\Locale\en-US\_KS14\recipes\payloads.ftl    chemical payload    химическая полезная нагрузка    Машинный перевод: проверьте терминологию и грамматический контекст\nconstruction-graph-tag-hard-hat    Resources\Locale\en-US\_KS14\recipes    ags.ftl    hardhat    каска    Машинный перевод: проверьте терминологию и грамматический контекст\nconstruction-graph-tag-hydroponics-tools-clippers\tResources\Locale\en-US\_KS14\recipes    ags.ftl    clippers    машинки для стрижки    Машинный перевод: проверьте терминологию и грамматический контекст\nconstruction-graph-tag-item-pickaxe    Resources\Locale\en-US\_KS14\recipes    ags.ftl    pickaxe    кирка    Машинный перевод: проверьте терминологию и грамматический контекст\nconstruction-graph-tag-pistol-barrel    Resources\Locale\en-US\_KS14\recipes    ags.ftl\tpistol barrel    ствол пистолета    Машинный перевод: проверьте терминологию и грамматический контекст\nconstruction-graph-tag-power-cell-high    Resources\Locale\en-US\_KS14\recipes    ags.ftl    аккумулятор высокой емкости    большой емкости    Машинный перевод: проверьте терминологию и грамматический контекст\nconstruction-graph-tag-syringegun    Resources\Locale\en-US\_KS14\recipes    ags.ftl\tsyringe gun    шприц-пистолет\nШприцевое ружье    Машинный перевод: проверьте терминологию и грамматический контекст\nconstruction-graph-tag-welding-mask    Resources\Locale\en-US\_KS14\recipes\tags.ftl    welding mask    сварочная маска    Машинный перевод: проверьте терминологию и грамматический контекст\nconstruction-graph-tag-welding-tool    Resources\Locale\en-US\_KS14\recipes    ags.ftl    welding tool    сварочный инструмент\tМашинный перевод: проверьте терминологию и грамматический контекст\ndepartment-Scenario    Resources\Locale\en-US\_KS14\job\department.ftl    Scenario    Сценарий    Машинный перевод: проверьте терминологию и грамматический контекст\ndepartment-Scenario-description\tResources\Locale\en-US\_KS14\job\department-desc.ftl    Сражайтесь в одном из множества сценариев кампании.\tСражайтесь в одном из множества сценариев кампании.    Машинный перевод: проверьте терминологию и грамматический контекст\ndisarm-action-shove-collision-popup-message-cursor    Resources\Locale\en-US\_KS14\actions\actions\disarm-action.ftl\tТы пихаешь     Ты пихаешь \tМашинный перевод: проверьте терминологию и грамматический контекст\ndisarm-action-shove-collision-popup-message-cursor    Resources\Locale\en-US\_KS14\actions\actions\disarm-action.ftl     в стену!     в стену!\tМашинный перевод: проверьте терминологию и грамматический контекст\ndisarm-action-shove-collision-popup-message-other-clients    Resources\Locale\en-US\_KS14\actions\actions\disarm-action.ftl     shoves      толкает     Машинный перевод: проверьте терминологию и грамматический контекст\ndisarm-action-shove-collision-popup-message-other-clients    Resources\Locale\en-US\_KS14\actions\actions\disarm-action.ftl     в стену!     в стену!    Машинный перевод: проверьте терминологию и грамматический контекст\ndurationaccessreader-fumble-others    Resources\Locale\en-US\_Manifest\accessreader.ftl     дает сбой при использовании кард-ридера!     дает сбой при использовании кард-ридера!\tМашинный перевод: проверьте терминологию и грамматический контекст\ndurationaccessreader-fumble-self    Resources\Locale\en-US\_Manifest\accessreader.ftl    Вы запутались при использовании кард-ридера!    Вы запутались при использовании кард-ридера!\tМашинный перевод: проверьте терминологию и грамматический контекст\nedible-chug    Resources\Locale\en-US\_KS14\nutrition\components\ingestion-system.ftl    Ты хлебчешь \tТы пыхтишь     Машинный перевод: проверьте терминологию и грамматический контекст\nedible-chug-other    Resources\Locale\en-US\_KS14\nutrition\components\ingestion-system.ftl     chugs      чаги     Машинный перевод: проверьте терминологию и грамматический контекст\nent-ActionAnchorlessCommunion    Resources\Locale\en-US\_KS14\Localization\Prototypes\_KS14\Actions\anchorless.ftl    Communion    Причастие\tМашинный перевод: проверьте терминологию и грамматический контекст\nent-ActionAnchorlessCommunion    Resources\Locale\en-US\_KS14\Localization\Prototypes\_KS14\Actions\anchorless.ftl    Поделитесь личностями, которые вы узнали, с другим Безъядерным.\tПоделитесь личностями, которые вы узнали, с другим Безъядерным.    Машинный перевод: проверьте терминологию и грамматический контекст\nent-ActionAnchorlessConvert    Resources\Locale\en-US\_KS14\Localization\Prototypes\_KS14\Actions\anchorless.ftl    Преобразовать    Машинный перевод: проверьте терминологию и грамматический контекст\nent-ActionAnchorlessConvert\tResources\Locale\en-US\_KS14\Localization\Prototypes\_KS14\Actions\anchorless.ftl    Верните к жизни критически раненого или мертвого человека в режиме без якоря.    Верните к жизни критически раненого или мертвого человека в режиме без якоря.\tМашинный перевод: проверьте терминологию и грамматический контекст\nent-ActionAnchorlessHorror    Resources\Locale\en-US\_KS14\Localization\Prototypes\_KS14\Actions\anchorless.ftl    Форма ужаса    Форма ужаса    Машинный перевод: проверьте терминологию и грамматический контекст\nent-ActionAnchorlessHorror    Resources\Locale\en-US\_KS14\Localization\Prototypes\_KS14\Actions\anchorless.ftl    Отшвартуйте своё тело и покажите ужас, скрывающийся под ним.\tМашинный перевод: проверьте терминологию и грамматический контекст\nent-ActionAnchorlessHorrorArmblade    Resources\Locale\en-US\_KS14\Localization\Prototypes\_KS14\Actions\anchorless.ftl    Horror Armblade    Армейский клинок ужаса\tМашинный перевод: проверьте терминологию и грамматический контекст\nent-ActionAnchorlessHorrorArmblade    Resources\Locale\en-US\_KS14\Localization\Prototypes\_KS14\Actions\anchorless.ftl\tНеотделимый клинок, сформированный из твоего ужасного тела.    Машинный перевод: проверьте терминологию и грамматический контекст\nent-ActionAnchorlessTransform    Resources\Locale\en-US\_KS14\Localization\Prototypes\_KS14\Actions\anchorless.ftl\tTransform    Преобразование    Машинный перевод: проверьте терминологию и грамматический контекст\nent-ActionAnchorlessTransform    Resources\Locale\en-US\_KS14\Localization\Prototypes\_KS14\Actions\anchorless.ftl    Примите облик одной из личностей, о которых вы узнали.\tПредставьте себе внешний вид одной из известных вам личностей.    Машинный перевод: проверьте терминологию и грамматический контекст\nent-ActionAnchorlessVoiceMimic    Resources\Locale\en-US\_KS14\Localization\Prototypes\_KS14\Actions\anchorless.ftl    Имитация голоса    Голосовая мимикрия    Машинный перевод: проверьте терминологию и грамматический контекст\nent-ActionAnchorlessVoiceMimic    Resources\Locale\en-US\_KS14\Localization\Prototypes\_KS14\Actions\anchorless.ftl    Смоделируйте свои голосовые связки, чтобы имитировать голос другого человека.\tМашинный перевод: проверьте терминологию и грамматический контекст\nent-ActionMoveControlledBot    Resources\Locale\en-US\_KS14\Localization\Prototypes\_KS14\Actions\station_ai.ftl    Перемещение управляемого бота\tПеремещение управляемого бота    Машинный перевод: проверьте терминологию и грамматический контекст\nent-ActionMoveControlledBot    Resources\Locale\en-US\_KS14\Localization\Prototypes\_KS14\Actions\station_ai.ftl    Перемещает бота, которым вы в данный момент управляете, в любое выбранное вами место    Машинный перевод: проверьте терминологию и грамматический контекст\nent-ActionSelectControlledBot    Resources\Locale\en-US\_KS14\Localization\Prototypes\_KS14\Actions\station_ai.ftl    Выбор управляемого бота    Выбор управляемого бота    Машинный перевод: проверьте терминологию и грамматический контекст\nent-ActionSelectControlledBot\tResources\Locale\en-US\_KS14\Localization\Prototypes\_KS14\Actions\station_ai.ftl    Выбирает бота, которым вы будете управлять    Выбирает бота, которым вы будете управлять.    Машинный перевод: проверьте терминологию и грамматический контекст\nent-ActionToggleIvDrip    Resources\Locale\en-US\_KS14\Localization\Prototypes\_KS14\Actions\iv_drip.ftl    Переключить капельницу IV    Переключить капельницу IV\tМашинный перевод: проверьте терминологию и грамматический контекст\nent-ActionToggleIvDrip    Resources\Locale\en-US\_KS14\Localization\Prototypes\_KS14\Actions\iv_drip.ftl\tВключение или отключение внутривенной инъекции.    Машинный перевод: проверьте терминологию и грамматический контекст\nent-ActionTogglePhosphorNightVision    Resources\Locale\en-US\_KS14\Localization\Prototypes\_Mono\Actions\types.ftl    Переключить ночное видение    Переключить ночное видение    Машинный перевод: проверьте терминологию и грамматический контекст\nent-ActionTogglePhosphorNightVision    Resources\Locale\en-US\_KS14\Localization\Prototypes\_Mono\Actions    ypes.ftl    Включает и выключает ночное видение.    Включает и выключает ночное видение.    Машинный перевод: проверьте терминологию и грамматический контекст\nent-AirlockLabs\tResources\Locale\en-US\_KS14\Localization\Prototypes\_Manifest\Entities\Structures\Airlocks\labs.ftl    bulkhead    перегородка    Машинный перевод: проверьте терминологию и грамматический контекст\nent-AirlockLabs    Resources\Locale\en-US\_KS14\Localization\Prototypes\_Manifest\Entities\Structures\Airlocks\labs.ftl    Она открывается, закрывается и, возможно, раздавит вас.    Машинный перевод: проверьте терминологию и грамматический контекст\nent-AirlockLabs    Resources\Locale\en-US\_KS14\Localization\Prototypes\_Manifest\Entities\Structures\Airlocks\labs.ftl    Labs    Лаборатории\tМашинный перевод: проверьте терминологию и грамматический контекст\nent-AirlockLabsUnpryable    Resources\Locale\en-US\_KS14\Localization\Prototypes\_Manifest\Entities\Structures\Airlocks\labs.ftl    bulkhead    перегородка\tМашинный перевод: проверьте терминологию и грамматический контекст\nent-AirlockLabsUnpryable    Resources\Locale\en-US\_KS14\Localization\Prototypes\_Manifest\Entities\Structures\Airlocks\labs.ftl    Похоже, его практически невозможно взломать.    Кажется, его практически невозможно взломать.\tМашинный перевод: проверьте терминологию и грамматический контекст\nent-AirlockLabsUnpryable    Resources\Locale\en-US\_KS14\Localization\Prototypes\_Manifest\Entities\Structures\Airlocks\labs.ftl    Labs, Unpryable\tLabs, незащищенный\tМашинный перевод: проверьте терминологию и грамматический контекст\nent-AirlockLabsUnpryableBluelabLocked    Resources\Locale\en-US\_KS14\Localization\Prototypes\_KS14\SpeczoneSpecific\bluelab.ftl    bulkhead    перегородка\tМашинный перевод: проверьте терминологию и грамматический контекст\nent-AirlockLabsUnpryableBluelabLocked    Resources\Locale\en-US\_KS14\Localization\Prototypes\_KS14\SpeczoneSpecific\bluelab.ftl    Кажется, его практически невозможно взломать.    Кажется, его практически невозможно взломать.    Машинный перевод: проверьте терминологию и грамматический контекст\nent-AirlockLabsUnpryableBluelabLocked    Resources\Locale\en-US\_KS14\Localization\Prototypes\_KS14\SpeczoneSpecific\bluelab.ftl    Labs, Locked, Unpryable\tLabs, заблокированный, недоступный для взлома\tМашинный перевод: проверьте терминологию и грамматический контекст\nent-AirlockMaintSyndieLocked    Resources\Locale\en-US\_KS14\Localization\Prototypes\_KS14\Scenarios\structures.ftl    airlock    шлюзовой шлюз\tМашинный перевод: проверьте терминологию и грамматический контекст\nent-AirlockMaintSyndieLocked    Resources\Locale\en-US\_KS14\Localization\Prototypes\_KS14\Scenarios\structures.ftl    Он открывается, закрывается и, возможно, раздавит вас.\tОн открывается, закрывается и, возможно, раздавит вас.    Машинный перевод: проверьте терминологию и грамматический контекст\nent-AlwaysPoweredActiveEmergencyLightRed    Resources\Locale\en-US\_KS14\Localization\Prototypes\_Manifest\Entities\Structures\Lighting\emergency_lighting.ftl    аварийное освещение    аварийное освещение    Машинный перевод: проверьте терминологию и грамматический контекст\nent-AlwaysPoweredActiveEmergencyLightRed    Resources\Locale\en-US\_KS14\Localization\Prototypes\_Manifest\Entities\Structures\Lighting\emergency_lighting.ftl\tНебольшой светильник с внутренней батареей, который включается, как только прекращается подача электроэнергии или в случае возникновения чрезвычайной ситуации.    Небольшой фонарь с внутренней батареей, который включается, как только прекращается подача электроэнергии или в случае возникновения чрезвычайной ситуации.    Машинный перевод: проверьте терминологию и грамматический контекст\nent-AlwaysPoweredActiveEmergencyLightRed    Resources\Locale\en-US\_KS14\Localization\Prototypes\_Manifest\Entities\Structures\Lighting\emergency_lighting.ftl    Active, Always Powered, Red    Активный, всегда включенный, красный    Машинный перевод: проверьте терминологию и грамматический контекст\nent-AlwaysPoweredActiveEmergencyLightViolet\tResources\Locale\en-US\_KS14\Localization\Prototypes\_Manifest\Entities\Structures\Lighting\emergency_lighting.ftl    аварийное освещение    аварийное освещение\tМашинный перевод: проверьте терминологию и грамматический контекст\nent-AlwaysPoweredActiveEmergencyLightViolet    Resources\Locale\en-US\_KS14\Localization\Prototypes\_Manifest\Entities\Structures\Lighting\emergency_lighting.ftl\tНебольшой светильник с внутренней батареей, который включается, как только прекращается подача электроэнергии или в случае возникновения чрезвычайной ситуации.\tМашинный перевод: проверьте терминологию и грамматический контекст\nent-AlwaysPoweredActiveEmergencyLightViolet    Resources\Locale\en-US\_KS14\Localization\Prototypes\_Manifest\Entities\Structures\Lighting\emergency_lighting.ftl    Активный, всегда включенный, фиолетовый\tАктивный, всегда включенный, фиолетовый    Машинный перевод: проверьте терминологию и грамматический контекст\nent-AnchorlessConvertCrewObjective\tResources\Locale\en-US\_KS14\Localization\Prototypes\_KS14\Objectives\anchorless.ftl    Конвертировать 60 % экипажа.\tМашинный перевод: проверьте терминологию и грамматический контекст\nent-AnchorlessConvertCrewObjective    Resources\Locale\en-US\_KS14\Localization\Prototypes\_KS14\Objectives\anchorless.ftl\t«Ассимилируйте своих товарищей», пока не менее 60% экипажа не станут «Безякорными».	DeepL refinement: terminology, proper names and grammatical context still need human review
ent-ArcFlashLightningMedium	Resources\Locale\en-US\_KS14\Localization\Prototypes\_KS14\Entities\Effects\arcflash.ftl	arc flash	дуговой разряд	DeepL refinement: terminology, proper names and grammatical context still need human review
ent-ArcFlashLightningStrong	Resources\Locale\en-US\_KS14\Localization\Prototypes\_KS14\Entities\Effects\arcflash.ftl	arc flash	дуговой разряд	DeepL refinement: terminology, proper names and grammatical context still need human review
ent-ArcFlashLightningWeak	Resources\Locale\en-US\_KS14\Localization\Prototypes\_KS14\Entities\Effects\arcflash.ftl	arc flash	дуговой разряд	DeepL refinement: terminology, proper names and grammatical context still need human review
ent-BananiumReactorFuelRod	Resources\Locale\en-US\_KS14\Localization\Prototypes\_FarHorizons\Entities\Structures\Power\Generation\FissionGenerator\reactor_components.ftl	bananium fuel rod	топливный стержень из бананиума	DeepL refinement: terminology, proper names and grammatical context still need human review
ent-BananiumReactorFuelRod	Resources\Locale\en-US\_KS14\Localization\Prototypes\_FarHorizons\Entities\Structures\Power\Generation\FissionGenerator\reactor_components.ftl	A honk rod for a nuclear reactor.	Гонка на «хонк-роде» для ядерного реактора.	DeepL refinement: terminology, proper names and grammatical context still need human review
ent-BaseAlwaysPoweredActiveEmergencyLight	Resources\Locale\en-US\_KS14\Localization\Prototypes\_Manifest\Entities\Structures\Lighting\emergency_lighting.ftl	emergency light	аварийное освещение	DeepL refinement: terminology, proper names and grammatical context still need human review
ent-BaseAlwaysPoweredActiveEmergencyLight	Resources\Locale\en-US\_KS14\Localization\Prototypes\_Manifest\Entities\Structures\Lighting\emergency_lighting.ftl	A small light with an internal battery that turns on as soon as it stops receiving any power, or in case of an emergency.	Небольшой фонарик с встроенной батареей, который включается, как только прекращается подача питания, или в случае чрезвычайной ситуации.	DeepL refinement: terminology, proper names and grammatical context still need human review
ent-BaseBorgModuleSecurity	Resources\Locale\en-US\_KS14\Localization\Prototypes\_KS14\Entities\Objects\Specific\Robotics\borg_modules.ftl	borg module	модуль «Борг»	DeepL refinement: terminology, proper names and grammatical context still need human review
ent-BaseBorgModuleSecurity	Resources\Locale\en-US\_KS14\Localization\Prototypes\_KS14\Entities\Objects\Specific\Robotics\borg_modules.ftl	A piece of tech that gives cyborgs new abilities.	Технологическое устройство, наделяющее киборгов новыми способностями.	DeepL refinement: terminology, proper names and grammatical context still need human review
ent-BaseChemicalFire	Resources\Locale\en-US\_KS14\Localization\Prototypes\_KS14\Entities\Effects\ChemicalFire\base.ftl	chemical fire	химический пожар	DeepL refinement: terminology, proper names and grammatical context still need human review
ent-BaseChemicalFire	Resources\Locale\en-US\_KS14\Localization\Prototypes\_KS14\Entities\Effects\ChemicalFire\base.ftl	Get out of it.	Выбирайся оттуда.	DeepL refinement: terminology, proper names and grammatical context still need human review
ent-BaseKsSensorCircuitboard	Resources\Locale\en-US\_KS14\Localization\Prototypes\_KS14\Entities\Structures\Machines\sensors.ftl	machine board	плата управления	DeepL refinement: terminology, proper names and grammatical context still need human review
ent-BaseLightbulbEmergency	Resources\Locale\en-US\_KS14\Localization\Prototypes\_Manifest\Entities\Structures\Lighting\emergency_lighting.ftl	item	предмет	DeepL refinement: terminology, proper names and grammatical context still need human review
ent-BaseMechWeaponRange	Resources\Locale\en-US\_KS14\Localization\Prototypes\_KS14\Entities\Objects\Specific\Mech\Weapons\Gun\base.ftl	item	предмет	DeepL refinement: terminology, proper names and grammatical context still need human review
ent-BaseMobHallucination	Resources\Locale\en-US\_KS14\Localization\Prototypes\_KsModule\Entities\Mobs\Hallucination\hallucination.ftl	OH GOD WHAT THE FUCK IS THAT	О БОЖЕ, ЧТО ЭТО ЗА ХЕРНЯ?	DeepL refinement: terminology, proper names and grammatical context still need human review
ent-BaseNuclearReactor	Resources\Locale\en-US\_KS14\Localization\Prototypes\_FarHorizons\Entities\Structures\Power\Generation\FissionGenerator\nuclear_reactor.ftl	nuclear reactor	ядерный реактор	DeepL refinement: terminology, proper names and grammatical context still need human review
ent-BaseNuclearReactor	Resources\Locale\en-US\_KS14\Localization\Prototypes\_FarHorizons\Entities\Structures\Power\Generation\FissionGenerator\nuclear_reactor.ftl	Should you really be standing this close to that?	А тебе действительно стоит стоять так близко к этому?	DeepL refinement: terminology, proper names and grammatical context still need human review
ent-BaseReactorControlRod	Resources\Locale\en-US\_KS14\Localization\Prototypes\_FarHorizons\Entities\Structures\Power\Generation\FissionGenerator\reactor_components.ftl	control rod	регулирующий стержень	DeepL refinement: terminology, proper names and grammatical context still need human review
ent-BaseReactorControlRod	Resources\Locale\en-US\_KS14\Localization\Prototypes\_FarHorizons\Entities\Structures\Power\Generation\FissionGenerator\reactor_components.ftl	A control rod assembly for a nuclear reactor.	Узел регулирующих стержней для ядерного реактора.	DeepL refinement: terminology, proper names and grammatical context still need human review
ent-BaseReactorFuelRod	Resources\Locale\en-US\_KS14\Localization\Prototypes\_FarHorizons\Entities\Structures\Power\Generation\FissionGenerator\reactor_components.ftl	fuel rod	топливный стержень	DeepL refinement: terminology, proper names and grammatical context still need human review
ent-BaseReactorFuelRod	Resources\Locale\en-US\_KS14\Localization\Prototypes\_FarHorizons\Entities\Structures\Power\Generation\FissionGenerator\reactor_components.ftl	A fuel rod for a nuclear reactor.	Топливный стержень для ядерного реактора.	DeepL refinement: terminology, proper names and grammatical context still need human review
ent-BaseReactorGasChannel	Resources\Locale\en-US\_KS14\Localization\Prototypes\_FarHorizons\Entities\Structures\Power\Generation\FissionGenerator\reactor_components.ftl	gas channel rod	газопроводный стержень	DeepL refinement: terminology, proper names and grammatical context still need human review
ent-BaseReactorGasChannel	Resources\Locale\en-US\_KS14\Localization\Prototypes\_FarHorizons\Entities\Structures\Power\Generation\FissionGenerator\reactor_components.ftl	A gas channel for a nuclear reactor.	Газопровод для ядерного реактора.	DeepL refinement: terminology, proper names and grammatical context still need human review
ent-BaseReactorHeatExchanger	Resources\Locale\en-US\_KS14\Localization\Prototypes\_FarHorizons\Entities\Structures\Power\Generation\FissionGenerator\reactor_components.ftl	heat exchanger rod	стержень теплообменника	DeepL refinement: terminology, proper names and grammatical context still need human review
ent-BaseReactorHeatExchanger	Resources\Locale\en-US\_KS14\Localization\Prototypes\_FarHorizons\Entities\Structures\Power\Generation\FissionGenerator\reactor_components.ftl	A heat exchanger for a nuclear reactor.	Теплообменник для ядерного реактора.	DeepL refinement: terminology, proper names and grammatical context still need human review
ent-BaseReactorPart	Resources\Locale\en-US\_KS14\Localization\Prototypes\_FarHorizons\Entities\Structures\Power\Generation\FissionGenerator\reactor_components.ftl	item	предмет	DeepL refinement: terminology, proper names and grammatical context still need human review
ent-BaseStructureComputerTabletop	Resources\Locale\en-US\_KS14\Localization\Prototypes\_CD\Entities\Structures\Machines\Computers\tabletopcomputer.ftl	Tabletop	Настольная игра	DeepL refinement: terminology, proper names and grammatical context still need human review
ent-BluelabIDCard	Resources\Locale\en-US\_KS14\Localization\Prototypes\_KS14\SpeczoneSpecific\bluelab.ftl	laboratory ID card	удостоверение сотрудника лаборатории	DeepL refinement: terminology, proper names and grammatical context still need human review
ent-BluelabIDCard	Resources\Locale\en-US\_KS14\Localization\Prototypes\_KS14\SpeczoneSpecific\bluelab.ftl	A card necessary to access various areas aboard the station.	Карта, необходимая для доступа к различным зонам на борту станции.	DeepL refinement: terminology, proper names and grammatical context still need human review
ent-BluelabSpookyAmbienceTagMarker	Resources\Locale\en-US\_KS14\Localization\Prototypes\_KS14\SpeczoneSpecific\bluelab.ftl	spooky ambience	таинственная атмосфера	DeepL refinement: terminology, proper names and grammatical context still need human review
ent-BluelabSpookyAmbienceTagMarker	Resources\Locale\en-US\_KS14\Localization\Prototypes\_KS14\SpeczoneSpecific\bluelab.ftl	Labs, Spooky Ambience	Лаборатории, мрачная атмосфера	DeepL refinement: terminology, proper names and grammatical context still need human review
ent-BohrumReactorControlRod	Resources\Locale\en-US\_KS14\Localization\Prototypes\_FarHorizons\Entities\Structures\Power\Generation\FissionGenerator\reactor_components.ftl	bohrum control rod	регулирующий стержень «Борум»	DeepL refinement: terminology, proper names and grammatical context still need human review
ent-BohrumReactorControlRod	Resources\Locale\en-US\_KS14\Localization\Prototypes\_FarHorizons\Entities\Structures\Power\Generation\FissionGenerator\reactor_components.ftl	A control rod assembly for a nuclear reactor.	Узел регулирующих стержней для ядерного реактора.	DeepL refinement: terminology, proper names and grammatical context still need human review
ent-BookKS14LoneOpReport	Resources\Locale\en-US\_KS14\Localization\Prototypes\_KS14\Entities\Objects\Misc\books_author.ftl	stolen syndicate manuscripts	украденные рукописи синдиката	DeepL refinement: terminology, proper names and grammatical context still need human review
ent-BookKS14LoneOpReport	Resources\Locale\en-US\_KS14\Localization\Prototypes\_KS14\Entities\Objects\Misc\books_author.ftl	A copy of the original manuscripts found in the vessel of a syndicate operative. Most people think it was written by NT as propaganda.	Копия оригинальных рукописей, найденных в корабле агента синдиката. Большинство людей считает, что они были написаны NT в пропагандистских целях.	DeepL refinement: terminology, proper names and grammatical context still need human review
ent-BookKS14NTCIUAI	Resources\Locale\en-US\_KS14\Localization\Prototypes\_KS14\Entities\Objects\Misc\books_author.ftl	Report on the Station Ai	Отчет об искусственном интеллекте станции	DeepL refinement: terminology, proper names and grammatical context still need human review
ent-BookKS14NTCIUAI	Resources\Locale\en-US\_KS14\Localization\Prototypes\_KS14\Entities\Objects\Misc\books_author.ftl	A part of a series of reports by Aloise Montagne for the NT Crime Investigation Unit, the clankers don't want you reading this one!	Это часть серии репортажей Алоиза Монтанье для Отдела по расследованию преступлений NT — «кланкеры» не хотят, чтобы вы читали именно этот!	DeepL refinement: terminology, proper names and grammatical context still need human review
ent-BookKS14NTCIUAtmosian	Resources\Locale\en-US\_KS14\Localization\Prototypes\_KS14\Entities\Objects\Misc\books_author.ftl	Report on Dangerous Atmosians	Отчет об опасных атмосцианцах	DeepL refinement: terminology, proper names and grammatical context still need human review
ent-BookKS14NTCIUAtmosian	Resources\Locale\en-US\_KS14\Localization\Prototypes\_KS14\Entities\Objects\Misc\books_author.ftl	A part of a series of reports by Aloise Montagne for the NT Crime Investigation Unit, this one seems slightly charred at the edges.	Этот отчет, входящий в серию отчетов Алоиза Монтанье для Отдела по расследованию преступлений NT, выглядит слегка обугленным по краям.	DeepL refinement: terminology, proper names and grammatical context still need human review
ent-BookKS14NTCIUEngiAssistant	Resources\Locale\en-US\_KS14\Localization\Prototypes\_KS14\Entities\Objects\Misc\books_author.ftl	Report on Technical Assistants	Отчет о технических ассистентах	DeepL refinement: terminology, proper names and grammatical context still need human review
ent-BookKS14NTCIUEngiAssistant	Resources\Locale\en-US\_KS14\Localization\Prototypes\_KS14\Entities\Objects\Misc\books_author.ftl	A part of a series of reports by Aloise Montagne for the NT Crime Investigation Unit, this one seems like free insuls.	Эта статья, входящая в серию репортажей Алоиза Монтанье для Отдела по расследованию преступлений NT, выглядит как бессвязный набор фактов.	DeepL refinement: terminology, proper names and grammatical context still need human review
ent-BookKS14NTCIUTide	Resources\Locale\en-US\_KS14\Localization\Prototypes\_KS14\Entities\Objects\Misc\books_author.ftl	Report on the behaviour of assistants	Отчет о поведении помощников	DeepL refinement: terminology, proper names and grammatical context still need human review
ent-BookKS14NTCIUTide	Resources\Locale\en-US\_KS14\Localization\Prototypes\_KS14\Entities\Objects\Misc\books_author.ftl	A part of a series of reports by Aloise Montagne for the NT Crime Investigation Unit, this one seems to have been stolen multiple times.	Этот отчет, являющийся частью серии отчетов Алоиза Монтанье для Отдела по расследованию преступлений NT, по всей видимости, был украден несколько раз.	DeepL refinement: terminology, proper names and grammatical context still need human review
ent-Boombox	Resources\Locale\en-US\_KS14\Localization\Prototypes\_KS14\Entities\Structures\Machines\boombox.ftl	boombox	бумбокс	DeepL refinement: terminology, proper names and grammatical context still need human review
ent-Boombox	Resources\Locale\en-US\_KS14\Localization\Prototypes\_KS14\Entities\Structures\Machines\boombox.ftl	A handheld machine capable of playing a wide variety of tunes. Enjoyment not guaranteed.	Портативное устройство, способное воспроизводить самые разные мелодии. Удовольствие не гарантируется.	DeepL refinement: terminology, proper names and grammatical context still need human review
ent-BorgChassisSecurity	Resources\Locale\en-US\_KS14\Localization\Prototypes\_KS14\Entities\Mobs\Cyborgs\borg_chassis.ftl	security cyborg	киборг-охранник	DeepL refinement: terminology, proper names and grammatical context still need human review
ent-BorgChassisSecurity	Resources\Locale\en-US\_KS14\Localization\Prototypes\_KS14\Entities\Mobs\Cyborgs\borg_chassis.ftl	A man-machine hybrid that assists in station activity. They love being asked to state their laws over and over.	Гибрид человека и машины, помогающий в работе станции. Они обожают, когда их просят снова и снова повторять свои законы.	DeepL refinement: terminology, proper names and grammatical context still need human review
ent-BorgModulePatrol	Resources\Locale\en-US\_KS14\Localization\Prototypes\_KS14\Entities\Objects\Specific\Robotics\borg_modules.ftl	patrol cyborg module	патрульный киборг-модуль	DeepL refinement: terminology, proper names and grammatical context still need human review
ent-BorgModulePatrol	Resources\Locale\en-US\_KS14\Localization\Prototypes\_KS14\Entities\Objects\Specific\Robotics\borg_modules.ftl	A piece of tech that gives cyborgs new abilities.	Технологическое устройство, наделяющее киборгов новыми способностями.	DeepL refinement: terminology, proper names and grammatical context still need human review
ent-BorgModuleProtection	Resources\Locale\en-US\_KS14\Localization\Prototypes\_KS14\Entities\Objects\Specific\Robotics\borg_modules.ftl	protection cyborg module	модуль защиты киборга	DeepL refinement: terminology, proper names and grammatical context still need human review
ent-BorgModuleProtection	Resources\Locale\en-US\_KS14\Localization\Prototypes\_KS14\Entities\Objects\Specific\Robotics\borg_modules.ftl	A piece of tech that gives cyborgs new abilities.	Технологическое устройство, наделяющее киборгов новыми способностями.	DeepL refinement: terminology, proper names and grammatical context still need human review
ent-BoxCardboardSmallOutsideBigInside	Resources\Locale\en-US\_KS14\Localization\Prototypes\_KS14\Catalog\Fills\Boxes\general.ftl	bluespace-assisted small cardboard box	небольшая картонная коробка с логотипом Bluespace	DeepL refinement: terminology, proper names and grammatical context still need human review
ent-BoxCardboardSmallOutsideBigInside	Resources\Locale\en-US\_KS14\Localization\Prototypes\_KS14\Catalog\Fills\Boxes\general.ftl	A small cardboard box for storing things.	Небольшая картонная коробка для хранения вещей.	DeepL refinement: terminology, proper names and grammatical context still need human review
ent-BrassReactorGasChannel	Resources\Locale\en-US\_KS14\Localization\Prototypes\_FarHorizons\Entities\Structures\Power\Generation\FissionGenerator\reactor_components.ftl	brass gas channel rod	латунный стержень газопровода	DeepL refinement: terminology, proper names and grammatical context still need human review
ent-BrassReactorGasChannel	Resources\Locale\en-US\_KS14\Localization\Prototypes\_FarHorizons\Entities\Structures\Power\Generation\FissionGenerator\reactor_components.ftl	A gas channel for a nuclear reactor.	Газопровод для ядерного реактора.	DeepL refinement: terminology, proper names and grammatical context still need human review
ent-BrassReactorHeatExchanger	Resources\Locale\en-US\_KS14\Localization\Prototypes\_FarHorizons\Entities\Structures\Power\Generation\FissionGenerator\reactor_components.ftl	brass heat exchanger rod	латунный стержень теплообменника	DeepL refinement: terminology, proper names and grammatical context still need human review
ent-BrassReactorHeatExchanger	Resources\Locale\en-US\_KS14\Localization\Prototypes\_FarHorizons\Entities\Structures\Power\Generation\FissionGenerator\reactor_components.ftl	A heat exchanger for a nuclear reactor.	Теплообменник для ядерного реактора.	DeepL refinement: terminology, proper names and grammatical context still need human review
ent-BriefcaseAmputeeFilled	Resources\Locale\en-US\_KS14\Localization\Prototypes\_KS14\Traits\disabilities.ftl	brown briefcase	коричневый портфель	DeepL refinement: terminology, proper names and grammatical context still need human review
ent-BriefcaseAmputeeFilled	Resources\Locale\en-US\_KS14\Localization\Prototypes\_KS14\Traits\disabilities.ftl	Useful for carrying items in your hands.	Удобно для переноски предметов в руках.	DeepL refinement: terminology, proper names and grammatical context still need human review
ent-BriefcaseAmputeeFilled	Resources\Locale\en-US\_KS14\Localization\Prototypes\_KS14\Traits\disabilities.ftl	Amputee, Spesos	«Ампутант», «Спесос»	DeepL refinement: terminology, proper names and grammatical context still need human review
ent-BulletAdvancedPlasmaCutter	Resources\Locale\en-US\_KS14\Localization\Prototypes\_KS14\Entities\Objects\Weapons\Guns\Material\plasmacutter.ftl	cutter bolt	режущий болт	DeepL refinement: terminology, proper names and grammatical context still need human review
ent-BulletAdvancedPlasmaCutter	Resources\Locale\en-US\_KS14\Localization\Prototypes\_KS14\Entities\Objects\Weapons\Guns\Material\plasmacutter.ftl	Not too bad, but you still don't want to get hit by it.	Не так уж и плохо, но все равно лучше не попадаться под его удар.	DeepL refinement: terminology, proper names and grammatical context still need human review
ent-BulletLaserBig	Resources\Locale\en-US\_KS14\Localization\Prototypes\_KS14\Entities\Objects\Weapons\Guns\Projectiles\projectiles.ftl	laser bolt	лазерный выстрел	DeepL refinement: terminology, proper names and grammatical context still need human review
ent-BulletLaserBig	Resources\Locale\en-US\_KS14\Localization\Prototypes\_KS14\Entities\Objects\Weapons\Guns\Projectiles\projectiles.ftl	If you can see this you're probably dead!	Если вы это видите, то, скорее всего, вы уже мертвы!	DeepL refinement: terminology, proper names and grammatical context still need human review
ent-BulletLaserSmall	Resources\Locale\en-US\_KS14\Localization\Prototypes\_KS14\Entities\Objects\Weapons\Guns\Projectiles\projectiles.ftl	laser bolt	лазерный выстрел	DeepL refinement: terminology, proper names and grammatical context still need human review
ent-BulletLaserSmall	Resources\Locale\en-US\_KS14\Localization\Prototypes\_KS14\Entities\Objects\Weapons\Guns\Projectiles\projectiles.ftl	If you can see this you're probably dead!	Если вы это видите, то, скорее всего, вы уже мертвы!	DeepL refinement: terminology, proper names and grammatical context still need human review
ent-BulletLaserSmallPractice	Resources\Locale\en-US\_KS14\Localization\Prototypes\_KS14\Entities\Objects\Weapons\Guns\Projectiles\projectiles.ftl	laser bolt	лазерный выстрел	DeepL refinement: terminology, proper names and grammatical context still need human review
ent-BulletLaserSmallPractice	Resources\Locale\en-US\_KS14\Localization\Prototypes\_KS14\Entities\Objects\Weapons\Guns\Projectiles\projectiles.ftl	If you can see this you're probably dead!	Если вы это видите, то, скорее всего, вы уже мертвы!	DeepL refinement: terminology, proper names and grammatical context still need human review
ent-BulletPlasmaCutter	Resources\Locale\en-US\_KS14\Localization\Prototypes\_KS14\Entities\Objects\Weapons\Guns\Material\plasmacutter.ftl	cutter bolt	режущий болт	DeepL refinement: terminology, proper names and grammatical context still need human review
ent-BulletPlasmaCutter	Resources\Locale\en-US\_KS14\Localization\Prototypes\_KS14\Entities\Objects\Weapons\Guns\Material\plasmacutter.ftl	Not too bad, but you still don't want to get hit by it.	Не так уж и плохо, но все равно лучше не попадаться под его удар.	DeepL refinement: terminology, proper names and grammatical context still need human review
ent-CardReaderPad	Resources\Locale\en-US\_KS14\Localization\Prototypes\_Manifest\Entities\Structures\cardreader.ftl	cardreader	кард-ридер	DeepL refinement: terminology, proper names and grammatical context still need human review
ent-CardReaderPad	Resources\Locale\en-US\_KS14\Localization\Prototypes\_Manifest\Entities\Structures\cardreader.ftl	A wall-mount access scanner.	Настенный сканер доступа.	DeepL refinement: terminology, proper names and grammatical context still need human review
ent-CardReaderPadCommand	Resources\Locale\en-US\_KS14\Localization\Prototypes\_Manifest\Entities\Structures\cardreader.ftl	cardreader	кард-ридер	DeepL refinement: terminology, proper names and grammatical context still need human review
ent-CardReaderPadCommand	Resources\Locale\en-US\_KS14\Localization\Prototypes\_Manifest\Entities\Structures\cardreader.ftl	A wall-mount access scanner. This one has a blue stripe on it.	Настенный сканер доступа. На этом сканере есть синяя полоса.	DeepL refinement: terminology, proper names and grammatical context still need human review
ent-CardReaderPadCommand	Resources\Locale\en-US\_KS14\Localization\Prototypes\_Manifest\Entities\Structures\cardreader.ftl	Command	Команды	DeepL refinement: terminology, proper names and grammatical context still need human review
ent-CerenkiteReactorFuelRod	Resources\Locale\en-US\_KS14\Localization\Prototypes\_FarHorizons\Entities\Structures\Power\Generation\FissionGenerator\reactor_components.ftl	cerenkite fuel rod	топливный стержень из церенкита	DeepL refinement: terminology, proper names and grammatical context still need human review
ent-CerenkiteReactorFuelRod	Resources\Locale\en-US\_KS14\Localization\Prototypes\_FarHorizons\Entities\Structures\Power\Generation\FissionGenerator\reactor_components.ftl	A fuel rod for a nuclear reactor.	Топливный стержень для ядерного реактора.	DeepL refinement: terminology, proper names and grammatical context still need human review
ent-ChemicalFire	Resources\Locale\en-US\_KS14\Localization\Prototypes\_KS14\Entities\Effects\ChemicalFire\fires.ftl	chemical fire	химический пожар	DeepL refinement: terminology, proper names and grammatical context still need human review
ent-ChemicalFire	Resources\Locale\en-US\_KS14\Localization\Prototypes\_KS14\Entities\Effects\ChemicalFire\fires.ftl	Get out of it.	Выбирайся оттуда.	DeepL refinement: terminology, proper names and grammatical context still need human review
ent-ChemicalFireFrost	Resources\Locale\en-US\_KS14\Localization\Prototypes\_KS14\Entities\Effects\ChemicalFire\fires.ftl	frost fire	морозный огонь	DeepL refinement: terminology, proper names and grammatical context still need human review
ent-ChemicalFireFrost	Resources\Locale\en-US\_KS14\Localization\Prototypes\_KS14\Entities\Effects\ChemicalFire\fires.ftl	Get out of it.	Выбирайся оттуда.	DeepL refinement: terminology, proper names and grammatical context still need human review
ent-ChemicalFirePlasma	Resources\Locale\en-US\_KS14\Localization\Prototypes\_KS14\Entities\Effects\ChemicalFire\fires.ftl	plasma fire	плазменный огонь	DeepL refinement: terminology, proper names and grammatical context still need human review
ent-ChemicalFirePlasma	Resources\Locale\en-US\_KS14\Localization\Prototypes\_KS14\Entities\Effects\ChemicalFire\fires.ftl	Get out of it.	Выбирайся оттуда.	DeepL refinement: terminology, proper names and grammatical context still need human review
ent-ChemicalFireSuspendedKlovnideTrioxide	Resources\Locale\en-US\_KS14\Localization\Prototypes\_KS14\Entities\Effects\ChemicalFire\special.ftl	chemical fire	химический пожар	DeepL refinement: terminology, proper names and grammatical context still need human review
ent-ChemicalFireSuspendedKlovnideTrioxide	Resources\Locale\en-US\_KS14\Localization\Prototypes\_KS14\Entities\Effects\ChemicalFire\special.ftl	Get out of it.	Выбирайся оттуда.	DeepL refinement: terminology, proper names and grammatical context still need human review
ent-ChemicalFireThermite	Resources\Locale\en-US\_KS14\Localization\Prototypes\_KS14\Entities\Effects\ChemicalFire\fires.ftl	thermite fire	пожар, вызванный термитом	DeepL refinement: terminology, proper names and grammatical context still need human review
ent-ChemicalFireThermite	Resources\Locale\en-US\_KS14\Localization\Prototypes\_KS14\Entities\Effects\ChemicalFire\fires.ftl	Get out of it.	Выбирайся оттуда.	DeepL refinement: terminology, proper names and grammatical context still need human review
ent-ClothingBackpackDuffelEngineeringFilledPackets	Resources\Locale\en-US\_KS14\Localization\Prototypes\_KS14\Entities\Objects\Misc\bundles.ftl	packet networking bundle	набор сетевых пакетов	DeepL refinement: terminology, proper names and grammatical context still need human review
ent-ClothingBackpackDuffelEngineeringFilledPackets	Resources\Locale\en-US\_KS14\Localization\Prototypes\_KS14\Entities\Objects\Misc\bundles.ftl	Everything needed for creating your very own packet network! Contains 4 packet configurators, 2 executors and frequencies paper.	Всё необходимое для создания вашей собственной пакетной сети! Включает 4 конфигуратора пакетов, 2 исполнителя и документ с частотами.	DeepL refinement: terminology, proper names and grammatical context still need human review
ent-ClothingBeltQuiverTiderfall	Resources\Locale\en-US\_KS14\Localization\Prototypes\_KS14\Scenarios\Tiderfall\objects.ftl	quiver	колчан	DeepL refinement: terminology, proper names and grammatical context still need human review
ent-ClothingBeltQuiverTiderfall	Resources\Locale\en-US\_KS14\Localization\Prototypes\_KS14\Scenarios\Tiderfall\objects.ftl	Can hold up to 16 arrows, and fits snug around your waist.	Вмещает до 16 стрел и плотно облегает талию.	DeepL refinement: terminology, proper names and grammatical context still need human review
ent-ClothingBeltQuiverTiderfall	Resources\Locale\en-US\_KS14\Localization\Prototypes\_KS14\Scenarios\Tiderfall\objects.ftl	filled	заполнено	DeepL refinement: terminology, proper names and grammatical context still need human review
ent-ClothingHeadHatCapotain	Resources\Locale\en-US\_KS14\Localization\Prototypes\_KS14\Entities\Clothing\Head\hats.ftl	pilgrim hat	шляпа пилигрима	DeepL refinement: terminology, proper names and grammatical context still need human review
ent-ClothingHeadHatCapotain	Resources\Locale\en-US\_KS14\Localization\Prototypes\_KS14\Entities\Clothing\Head\hats.ftl	a capotain hat, fit for pilgrims.	капитанская фуражка, подходящая для пилигримов.	DeepL refinement: terminology, proper names and grammatical context still need human review
ent-ClothingHeadHatDunce	Resources\Locale\en-US\_KS14\Localization\Prototypes\_KS14\Entities\Clothing\Head\hats.ftl	dunce Cap	шапочка дурака	DeepL refinement: terminology, proper names and grammatical context still need human review
ent-ClothingHeadHatDunce	Resources\Locale\en-US\_KS14\Localization\Prototypes\_KS14\Entities\Clothing\Head\hats.ftl	for the finest of personnel	для лучших сотрудников	DeepL refinement: terminology, proper names and grammatical context still need human review
ent-ClothingHeadHatHoodArc	Resources\Locale\en-US\_KS14\Localization\Prototypes\_KS14\Entities\Clothing\Head\hoods.ftl	arc hood	дуговой кожух	DeepL refinement: terminology, proper names and grammatical context still need human review
ent-ClothingHeadHatHoodArc	Resources\Locale\en-US\_KS14\Localization\Prototypes\_KS14\Entities\Clothing\Head\hoods.ftl	The hood of the arc flash suit.	Капюшон защитного костюма от дугового разряда.	DeepL refinement: terminology, proper names and grammatical context still need human review
ent-ClothingHeadHatHoodExplorerSuit	Resources\Locale\en-US\_KS14\Localization\Prototypes\_KS14\Entities\Clothing\Head\hoods.ftl	explorer hood	капюшон исследователя	DeepL refinement: terminology, proper names and grammatical context still need human review
ent-ClothingHeadHatHoodExplorerSuit	Resources\Locale\en-US\_KS14\Localization\Prototypes\_KS14\Entities\Clothing\Head\hoods.ftl	A hood, made to keep your head warm.	Капюшон, предназначенный для того, чтобы согреть голову.	DeepL refinement: terminology, proper names and grammatical context still need human review
ent-ClothingMaskClownJuggle	Resources\Locale\en-US\_KS14\Localization\Prototypes\_Funkystation\Entities\Clothing\Masks\masks.ftl	juggling clown mask	маска клоуна-жонглера	DeepL refinement: terminology, proper names and grammatical context still need human review
ent-ClothingMaskClownJuggle	Resources\Locale\en-US\_KS14\Localization\Prototypes\_Funkystation\Entities\Clothing\Masks\masks.ftl	It's a miracle that you are able to keep all those objects in the air.	Это просто чудо, что вам удаётся удерживать все эти объекты в воздухе.	DeepL refinement: terminology, proper names and grammatical context still need human review
ent-ClothingNeckRaiderPin	Resources\Locale\en-US\_KS14\Localization\Prototypes\_KS14\Entities\Clothing\Neck\pins.ftl	raider pin	значок рейдера	DeepL refinement: terminology, proper names and grammatical context still need human review
ent-ClothingOuterArmorHazardous	Resources\Locale\en-US\_KS14\Localization\Prototypes\_KS14\Entities\Clothing\OuterClothing\armor.ftl	hazardous environment armor	броня для опасных условий	DeepL refinement: terminology, proper names and grammatical context still need human review
ent-ClothingOuterArmorHazardous	Resources\Locale\en-US\_KS14\Localization\Prototypes\_KS14\Entities\Clothing\OuterClothing\armor.ftl	A modified armor vest that offers additional survivability when facing arc flashes, explosions and radiation. Lesser protection.	Модифицированный бронежилет, обеспечивающий дополнительную защиту при столкновении с дуговыми разрядами, взрывами и радиацией. Уровень защиты ниже.	DeepL refinement: terminology, proper names and grammatical context still need human review
ent-ClothingOuterExplorerSuit	Resources\Locale\en-US\_KS14\Localization\Prototypes\_KS14\Entities\Clothing\OuterClothing\armor.ftl	explorer suit	скафандр исследователя	DeepL refinement: terminology, proper names and grammatical context still need human review
ent-ClothingOuterExplorerSuit	Resources\Locale\en-US\_KS14\Localization\Prototypes\_KS14\Entities\Clothing\OuterClothing\armor.ftl	A heavy-duty suit designed for mining operations, offering protection against physical hazards and environmental dangers.	Сверхпрочный скафандр, предназначенный для горных работ, обеспечивающий защиту от физических и экологических опасностей.	DeepL refinement: terminology, proper names and grammatical context still need human review
ent-ClothingOuterSuitArc	Resources\Locale\en-US\_KS14\Localization\Prototypes\_KS14\Entities\Clothing\OuterClothing\suits.ftl	arc flash suit	костюм защиты от дугового разряда	DeepL refinement: terminology, proper names and grammatical context still need human review
ent-ClothingOuterSuitArc	Resources\Locale\en-US\_KS14\Localization\Prototypes\_KS14\Entities\Clothing\OuterClothing\suits.ftl	A suit that protects against arc flashes, common to working with high-powered electrical equipment. It won't work without its hood.	Костюм, защищающий от дуговых разрядов, которые часто возникают при работе с мощным электрооборудованием. Без капюшона он не будет работать.	DeepL refinement: terminology, proper names and grammatical context still need human review
ent-ClothingUniformJumpsuitJuggalo	Resources\Locale\en-US\_KS14\Localization\Prototypes\_Clover\Entities\Clothing\Uniforms\uniforms.ftl	hatchetman shirt and pants	рубашка и брюки «Hatchetman»	DeepL refinement: terminology, proper names and grammatical context still need human review
ent-ClothingUniformJumpsuitJuggalo	Resources\Locale\en-US\_KS14\Localization\Prototypes\_Clover\Entities\Clothing\Uniforms\uniforms.ftl	Much motherfuckin' wicked clown love.	Охуенно крутая любовь к клоунам.	DeepL refinement: terminology, proper names and grammatical context still need human review
ent-ColMarTechBase	Resources\Locale\en-US\_KS14\Localization\Prototypes\_RMC14\Entities\Structures\Machines\Vending\base.ftl	ColMarTech vendor	Поставщик ColMarTech	DeepL refinement: terminology, proper names and grammatical context still need human review
ent-ColMarTechBaseAnchorable	Resources\Locale\en-US\_KS14\Localization\Prototypes\_RMC14\Entities\Structures\Machines\Vending\base.ftl	ColMarTech vendor	Поставщик ColMarTech	DeepL refinement: terminology, proper names and grammatical context still need human review
ent-ColMarTechScenarioBase	Resources\Locale\en-US\_KS14\Localization\Prototypes\_KS14\Scenarios\structures.ftl	Scenario automatic vendor	Автоматический торговый автомат в сценарии	DeepL refinement: terminology, proper names and grammatical context still need human review
ent-ColMarTechScenarioBase	Resources\Locale\en-US\_KS14\Localization\Prototypes\_KS14\Scenarios\structures.ftl	An automatic vending machine. Looks useful.	Автомат по продаже товаров. Выглядит полезно.	DeepL refinement: terminology, proper names and grammatical context still need human review
ent-ColMarTechScenarioNanoplantNt	Resources\Locale\en-US\_KS14\Localization\Prototypes\_KS14\Scenarios\Nanoplant\vendors.ftl	Scenario automatic vendor	Автоматический торговый автомат в сценарии	DeepL refinement: terminology, proper names and grammatical context still need human review
ent-ColMarTechScenarioNanoplantNt	Resources\Locale\en-US\_KS14\Localization\Prototypes\_KS14\Scenarios\Nanoplant\vendors.ftl	An automatic vending machine. Looks useful.	Автомат по продаже товаров. Выглядит полезно.	DeepL refinement: terminology, proper names and grammatical context still need human review
ent-ColMarTechScenarioNanoplantNt	Resources\Locale\en-US\_KS14\Localization\Prototypes\_KS14\Scenarios\Nanoplant\vendors.ftl	Nanoplant, Nanotrasen	Nanoplant, Nanotrasen	DeepL refinement: terminology, proper names and grammatical context still need human review
ent-ColMarTechScenarioNanoplantSyndie	Resources\Locale\en-US\_KS14\Localization\Prototypes\_KS14\Scenarios\Nanoplant\vendors.ftl	Scenario automatic vendor	Автоматический торговый автомат в сценарии	DeepL refinement: terminology, proper names and grammatical context still need human review
ent-ColMarTechScenarioNanoplantSyndie	Resources\Locale\en-US\_KS14\Localization\Prototypes\_KS14\Scenarios\Nanoplant\vendors.ftl	An automatic vending machine. Looks useful.	Автомат по продаже товаров. Выглядит полезно.	DeepL refinement: terminology, proper names and grammatical context still need human review
ent-ColMarTechScenarioNanoplantSyndie	Resources\Locale\en-US\_KS14\Localization\Prototypes\_KS14\Scenarios\Nanoplant\vendors.ftl	Nanoplant, Syndicate	Nanoplant, Syndicate	DeepL refinement: terminology, proper names and grammatical context still need human review
ent-ColMarTechScenarioTiderfallNt	Resources\Locale\en-US\_KS14\Localization\Prototypes\_KS14\Scenarios\Tiderfall\vendors.ftl	Scenario automatic vendor	Автоматический торговый автомат в сценарии	DeepL refinement: terminology, proper names and grammatical context still need human review
ent-ColMarTechScenarioTiderfallNt	Resources\Locale\en-US\_KS14\Localization\Prototypes\_KS14\Scenarios\Tiderfall\vendors.ftl	An automatic vending machine. Looks useful.	Автомат по продаже товаров. Выглядит полезно.	DeepL refinement: terminology, proper names and grammatical context still need human review
ent-ColMarTechScenarioTiderfallNt	Resources\Locale\en-US\_KS14\Localization\Prototypes\_KS14\Scenarios\Tiderfall\vendors.ftl	Tiderfall, Nanotrasen	Tiderfall, Nanotrasen	DeepL refinement: terminology, proper names and grammatical context still need human review
ent-ColMarTechScenarioTiderfallSyndie	Resources\Locale\en-US\_KS14\Localization\Prototypes\_KS14\Scenarios\Tiderfall\vendors.ftl	Scenario automatic vendor	Автоматический торговый автомат в сценарии	DeepL refinement: terminology, proper names and grammatical context still need human review
ent-ColMarTechScenarioTiderfallSyndie	Resources\Locale\en-US\_KS14\Localization\Prototypes\_KS14\Scenarios\Tiderfall\vendors.ftl	An automatic vending machine. Looks useful.	Автомат по продаже товаров. Выглядит полезно.	DeepL refinement: terminology, proper names and grammatical context still need human review
ent-ColMarTechScenarioTiderfallSyndie	Resources\Locale\en-US\_KS14\Localization\Prototypes\_KS14\Scenarios\Tiderfall\vendors.ftl	Tiderfall, Syndicate	Tiderfall, Syndicate	DeepL refinement: terminology, proper names and grammatical context still need human review
ent-ColossusDeathBolt	Resources\Locale\en-US\_KS14\Localization\Prototypes\_KS14\Entities\Objects\Weapons\Guns\Projectiles\colossus.ftl	kinetic bolt	кинетический болт	DeepL refinement: terminology, proper names and grammatical context still need human review
ent-ColossusDeathBolt	Resources\Locale\en-US\_KS14\Localization\Prototypes\_KS14\Entities\Objects\Weapons\Guns\Projectiles\colossus.ftl	Not too bad, but you still don't want to get hit by it.	Не так уж и плохо, но все равно лучше не попадаться под его удар.	DeepL refinement: terminology, proper names and grammatical context still need human review
ent-ColossusDirectionalAttack	Resources\Locale\en-US\_KS14\Localization\Prototypes\_KS14\NPCs\Bosses\Attacks\Ranged\colossus.ftl	cardinal direction attack	атака по сторонам света	DeepL refinement: terminology, proper names and grammatical context still need human review
ent-ColossusEnragedSpiralAttack	Resources\Locale\en-US\_KS14\Localization\Prototypes\_KS14\NPCs\Bosses\Attacks\Ranged\colossus.ftl	double spiral attack	Атака «двойная спираль»	DeepL refinement: terminology, proper names and grammatical context still need human review
ent-ColossusRandomAoeAttack	Resources\Locale\en-US\_KS14\Localization\Prototypes\_KS14\NPCs\Bosses\Attacks\Ranged\colossus.ftl	random AOE attack	случайная атака по области	DeepL refinement: terminology, proper names and grammatical context still need human review
ent-ColossusShotgunAttack	Resources\Locale\en-US\_KS14\Localization\Prototypes\_KS14\NPCs\Bosses\Attacks\Ranged\colossus.ftl	shotgun blast	выстрел из дробовика	DeepL refinement: terminology, proper names and grammatical context still need human review
ent-ColossusSpiralAttack	Resources\Locale\en-US\_KS14\Localization\Prototypes\_KS14\NPCs\Bosses\Attacks\Ranged\colossus.ftl	spiral attack	спиральная атака	DeepL refinement: terminology, proper names and grammatical context still need human review
ent-ComputerExecutor	Resources\Locale\en-US\_KS14\Localization\Prototypes\_KS14\Entities\Structures\Machines\Computers\executors.ftl	executor	исполнитель	DeepL refinement: terminology, proper names and grammatical context still need human review
ent-ComputerExecutor	Resources\Locale\en-US\_KS14\Localization\Prototypes\_KS14\Entities\Structures\Machines\Computers\executors.ftl	Computer for executing packet commands. Made for heavy-duty automation.	Компьютер для выполнения пакетных команд. Создан для автоматизации в тяжелых условиях эксплуатации.	DeepL refinement: terminology, proper names and grammatical context still need human review
ent-ComputerExecutorFlatpack	Resources\Locale\en-US\_KS14\Localization\Prototypes\_KS14\Entities\Structures\Machines\Computers\executors.ftl	executor flatpack	executor flatpack	DeepL refinement: terminology, proper names and grammatical context still need human review
ent-ComputerExecutorFlatpack	Resources\Locale\en-US\_KS14\Localization\Prototypes\_KS14\Entities\Structures\Machines\Computers\executors.ftl	A flatpack used for constructing an executor.	Набор деталей, используемый для сборки «Исполнителя».	DeepL refinement: terminology, proper names and grammatical context still need human review
ent-ComputerTabletopAlert	Resources\Locale\en-US\_KS14\Localization\Prototypes\_CD\Entities\Structures\Machines\Computers\tabletopcomputer.ftl	atmospheric alerts computer	компьютер с оповещениями об атмосферных явлениях	DeepL refinement: terminology, proper names and grammatical context still need human review
ent-ComputerTabletopAlert	Resources\Locale\en-US\_KS14\Localization\Prototypes\_CD\Entities\Structures\Machines\Computers\tabletopcomputer.ftl	Used to access the station's atmospheric automated alert system.	Используется для доступа к автоматической системе оповещения о нарушении атмосферы станции.	DeepL refinement: terminology, proper names and grammatical context still need human review
ent-ComputerTabletopAnalysisConsole	Resources\Locale\en-US\_KS14\Localization\Prototypes\_CD\Entities\Structures\Machines\Computers\tabletopcomputer.ftl	analysis console	консоль анализа	DeepL refinement: terminology, proper names and grammatical context still need human review
ent-ComputerTabletopAnalysisConsole	Resources\Locale\en-US\_KS14\Localization\Prototypes\_CD\Entities\Structures\Machines\Computers\tabletopcomputer.ftl	A computer used to interface with the artifact analyzer.	Компьютер, используемый для взаимодействия с анализатором артефактов.	DeepL refinement: terminology, proper names and grammatical context still need human review
ent-ComputerTabletopBodyScanner	Resources\Locale\en-US\_KS14\Localization\Prototypes\_CD\Entities\Structures\Machines\Computers\tabletopcomputer.ftl	body scanner computer	компьютер-сканер тела	DeepL refinement: terminology, proper names and grammatical context still need human review
ent-ComputerTabletopBodyScanner	Resources\Locale\en-US\_KS14\Localization\Prototypes\_CD\Entities\Structures\Machines\Computers\tabletopcomputer.ftl	A body scanner.	Сканер тела.	DeepL refinement: terminology, proper names and grammatical context still need human review
ent-ComputerTabletopCargoBounty	Resources\Locale\en-US\_KS14\Localization\Prototypes\_CD\Entities\Structures\Machines\Computers\tabletopcomputer.ftl	cargo bounty computer	компьютер для расчета вознаграждения за грузы	DeepL refinement: terminology, proper names and grammatical context still need human review
ent-ComputerTabletopCargoBounty	Resources\Locale\en-US\_KS14\Localization\Prototypes\_CD\Entities\Structures\Machines\Computers\tabletopcomputer.ftl	Used to manage currently active bounties.	Используется для управления текущими активными заданиями.	DeepL refinement: terminology, proper names and grammatical context still need human review
ent-ComputerTabletopCargoOrders	Resources\Locale\en-US\_KS14\Localization\Prototypes\_CD\Entities\Structures\Machines\Computers\tabletopcomputer.ftl	cargo request computer	компьютер для запроса грузов	DeepL refinement: terminology, proper names and grammatical context still need human review
ent-ComputerTabletopCargoOrders	Resources\Locale\en-US\_KS14\Localization\Prototypes\_CD\Entities\Structures\Machines\Computers\tabletopcomputer.ftl	Used to order supplies and approve requests.	Используется для заказа снабжения и утверждения запросов.	DeepL refinement: terminology, proper names and grammatical context still need human review
ent-ComputerTabletopCargoShuttle	Resources\Locale\en-US\_KS14\Localization\Prototypes\_CD\Entities\Structures\Machines\Computers\tabletopcomputer.ftl	cargo shuttle console	консоль грузового шаттла	DeepL refinement: terminology, proper names and grammatical context still need human review
ent-ComputerTabletopCargoShuttle	Resources\Locale\en-US\_KS14\Localization\Prototypes\_CD\Entities\Structures\Machines\Computers\tabletopcomputer.ftl	Used to pilot the cargo shuttle.	Используется для управления грузовым шаттлом.	DeepL refinement: terminology, proper names and grammatical context still need human review
ent-ComputerTabletopCloningConsole	Resources\Locale\en-US\_KS14\Localization\Prototypes\_CD\Entities\Structures\Machines\Computers\tabletopcomputer.ftl	cloning console computer	компьютер-консоль для клонирования	DeepL refinement: terminology, proper names and grammatical context still need human review
ent-ComputerTabletopCloningConsole	Resources\Locale\en-US\_KS14\Localization\Prototypes\_CD\Entities\Structures\Machines\Computers\tabletopcomputer.ftl	The centerpiece of the cloning system, medicine's greatest accomplishment. It has lots of ports and wires.	Центральный элемент системы клонирования — величайшее достижение медицины. Он имеет множество разъемов и проводов.	DeepL refinement: terminology, proper names and grammatical context still need human review
ent-ComputerTabletopComms	Resources\Locale\en-US\_KS14\Localization\Prototypes\_CD\Entities\Structures\Machines\Computers\tabletopcomputer.ftl	communications computer	коммуникационный компьютер	DeepL refinement: terminology, proper names and grammatical context still need human review
ent-ComputerTabletopComms	Resources\Locale\en-US\_KS14\Localization\Prototypes\_CD\Entities\Structures\Machines\Computers\tabletopcomputer.ftl	A computer used to make station wide announcements via keyboard, set the appropriate alert level, and call the emergency shuttle.	Компьютер, используемый для передачи объявлений по всей станции с помощью клавиатуры, установки соответствующего уровня тревоги и вызова аварийного шаттла.	DeepL refinement: terminology, proper names and grammatical context still need human review
ent-ComputerTabletopCrewMonitoring	Resources\Locale\en-US\_KS14\Localization\Prototypes\_CD\Entities\Structures\Machines\Computers\tabletopcomputer.ftl	crew monitoring console	консоль мониторинга экипажа	DeepL refinement: terminology, proper names and grammatical context still need human review
ent-ComputerTabletopCrewMonitoring	Resources\Locale\en-US\_KS14\Localization\Prototypes\_CD\Entities\Structures\Machines\Computers\tabletopcomputer.ftl	Used to monitor active health sensors built into most of the crew's uniforms.	Используется для мониторинга активных датчиков здоровья, встроенных в форму большинства членов экипажа.	DeepL refinement: terminology, proper names and grammatical context still need human review
ent-ComputerTabletopCriminalRecords	Resources\Locale\en-US\_KS14\Localization\Prototypes\_CD\Entities\Structures\Machines\Computers\tabletopcomputer.ftl	criminal records computer	компьютер с данными о преступлениях	DeepL refinement: terminology, proper names and grammatical context still need human review
ent-ComputerTabletopCriminalRecords	Resources\Locale\en-US\_KS14\Localization\Prototypes\_CD\Entities\Structures\Machines\Computers\tabletopcomputer.ftl	This can be used to check criminal records. Only security can modify them.	Эту функцию можно использовать для проверки судимостей. Изменять их может только служба безопасности.	DeepL refinement: terminology, proper names and grammatical context still need human review
ent-ComputerTabletopEmergencyShuttle	Resources\Locale\en-US\_KS14\Localization\Prototypes\_CD\Entities\Structures\Machines\Computers\tabletopcomputer.ftl	emergency shuttle console	консоль аварийного шаттла	DeepL refinement: terminology, proper names and grammatical context still need human review
ent-ComputerTabletopEmergencyShuttle	Resources\Locale\en-US\_KS14\Localization\Prototypes\_CD\Entities\Structures\Machines\Computers\tabletopcomputer.ftl	Handles authorization to early launch the shuttle.	Обеспечивает авторизацию для досрочного запуска шаттла.	DeepL refinement: terminology, proper names and grammatical context still need human review
ent-ComputerTabletopIFF	Resources\Locale\en-US\_KS14\Localization\Prototypes\_CD\Entities\Structures\Machines\Computers\tabletopcomputer.ftl	IFF computer	Компьютер IFF	DeepL refinement: terminology, proper names and grammatical context still need human review
ent-ComputerTabletopIFF	Resources\Locale\en-US\_KS14\Localization\Prototypes\_CD\Entities\Structures\Machines\Computers\tabletopcomputer.ftl	Allows you to control the IFF characteristics of this vessel.	Позволяет управлять характеристиками системы опознавания «свой-чужой» (IFF) данного корабля.	DeepL refinement: terminology, proper names and grammatical context still need human review
ent-ComputerTabletopIFFSyndicate	Resources\Locale\en-US\_KS14\Localization\Prototypes\_CD\Entities\Structures\Machines\Computers\tabletopcomputer.ftl	IFF computer	Компьютер IFF	DeepL refinement: terminology, proper names and grammatical context still need human review
ent-ComputerTabletopIFFSyndicate	Resources\Locale\en-US\_KS14\Localization\Prototypes\_CD\Entities\Structures\Machines\Computers\tabletopcomputer.ftl	Allows you to control the IFF and stealth characteristics of this vessel.	Позволяет управлять системами опознавания «свой-чужой» (IFF) и характеристиками скрытности этого корабля.	DeepL refinement: terminology, proper names and grammatical context still need human review
ent-ComputerTabletopIFFSyndicate	Resources\Locale\en-US\_KS14\Localization\Prototypes\_CD\Entities\Structures\Machines\Computers\tabletopcomputer.ftl	Syndicate, Tabletop	Syndicate, настольная игра	DeepL refinement: terminology, proper names and grammatical context still need human review
ent-ComputerTabletopId	Resources\Locale\en-US\_KS14\Localization\Prototypes\_CD\Entities\Structures\Machines\Computers\tabletopcomputer.ftl	ID card computer	Компьютер с идентификационной картой	DeepL refinement: terminology, proper names and grammatical context still need human review
ent-ComputerTabletopId	Resources\Locale\en-US\_KS14\Localization\Prototypes\_CD\Entities\Structures\Machines\Computers\tabletopcomputer.ftl	Terminal for programming Nanotrasen employee ID cards to access parts of the station.	Терминал для программирования идентификационных карт сотрудников «Нанотразен», дающих доступ к отдельным участкам станции.	DeepL refinement: terminology, proper names and grammatical context still need human review
ent-ComputerTabletopMassMedia	Resources\Locale\en-US\_KS14\Localization\Prototypes\_CD\Entities\Structures\Machines\Computers\tabletopcomputer.ftl	news manager console	консоль менеджера новостей	DeepL refinement: terminology, proper names and grammatical context still need human review
ent-ComputerTabletopMassMedia	Resources\Locale\en-US\_KS14\Localization\Prototypes\_CD\Entities\Structures\Machines\Computers\tabletopcomputer.ftl	Write your message to the world!	Напишите своё сообщение всему миру!	DeepL refinement: terminology, proper names and grammatical context still need human review
ent-ComputerTabletopMedicalRecords	Resources\Locale\en-US\_KS14\Localization\Prototypes\_CD\Entities\Structures\Machines\Computers\tabletopcomputer.ftl	medical records computer	компьютер с медицинскими записями	DeepL refinement: terminology, proper names and grammatical context still need human review
ent-ComputerTabletopMedicalRecords	Resources\Locale\en-US\_KS14\Localization\Prototypes\_CD\Entities\Structures\Machines\Computers\tabletopcomputer.ftl	This can be used to check medical records.	Это можно использовать для проверки медицинских карт.	DeepL refinement: terminology, proper names and grammatical context still need human review
ent-ComputerTabletopPowerMonitoring	Resources\Locale\en-US\_KS14\Localization\Prototypes\_CD\Entities\Structures\Machines\Computers\tabletopcomputer.ftl	power monitoring computer	компьютер контроля энергопотребления	DeepL refinement: terminology, proper names and grammatical context still need human review
ent-ComputerTabletopPowerMonitoring	Resources\Locale\en-US\_KS14\Localization\Prototypes\_CD\Entities\Structures\Machines\Computers\tabletopcomputer.ftl	It monitors power levels across the station.	Он контролирует уровень заряда батарей по всей станции.	DeepL refinement: terminology, proper names and grammatical context still need human review
ent-ComputerTabletopRadar	Resources\Locale\en-US\_KS14\Localization\Prototypes\_CD\Entities\Structures\Machines\Computers\tabletopcomputer.ftl	mass scanner computer	компьютер с массивным сканером	DeepL refinement: terminology, proper names and grammatical context still need human review
ent-ComputerTabletopRadar	Resources\Locale\en-US\_KS14\Localization\Prototypes\_CD\Entities\Structures\Machines\Computers\tabletopcomputer.ftl	A computer for detecting nearby bodies, displaying them by position and mass.	Компьютер для обнаружения близлежащих объектов, отображающий их по положению и массе.	DeepL refinement: terminology, proper names and grammatical context still need human review
ent-ComputerTabletopResearchAndDevelopment	Resources\Locale\en-US\_KS14\Localization\Prototypes\_CD\Entities\Structures\Machines\Computers\tabletopcomputer.ftl	R&D computer	Компьютер для научно-исследовательских работ	DeepL refinement: terminology, proper names and grammatical context still need human review
ent-ComputerTabletopResearchAndDevelopment	Resources\Locale\en-US\_KS14\Localization\Prototypes\_CD\Entities\Structures\Machines\Computers\tabletopcomputer.ftl	A computer used to interface with R&D tools.	Компьютер, используемый для взаимодействия с инструментами НИОКР.	DeepL refinement: terminology, proper names and grammatical context still need human review
ent-ComputerTabletopSalvageExpedition	Resources\Locale\en-US\_KS14\Localization\Prototypes\_CD\Entities\Structures\Machines\Computers\tabletopcomputer.ftl	salvage expeditions computer	компьютер для спасательных экспедиций	DeepL refinement: terminology, proper names and grammatical context still need human review
ent-ComputerTabletopSalvageExpedition	Resources\Locale\en-US\_KS14\Localization\Prototypes\_CD\Entities\Structures\Machines\Computers\tabletopcomputer.ftl	Used to accept salvage missions, if you're tough enough.	Здесь можно принимать миссии по сбору утиля, если вы достаточно сильны.	DeepL refinement: terminology, proper names and grammatical context still need human review
ent-ComputerTabletopSensorMonitoring	Resources\Locale\en-US\_KS14\Localization\Prototypes\_CD\Entities\Structures\Machines\Computers\tabletopcomputer.ftl	sensor monitoring computer	компьютер мониторинга датчиков	DeepL refinement: terminology, proper names and grammatical context still need human review
ent-ComputerTabletopSensorMonitoring	Resources\Locale\en-US\_KS14\Localization\Prototypes\_CD\Entities\Structures\Machines\Computers\tabletopcomputer.ftl	A flexible console for monitoring all kinds of sensors.	Универсальная консоль для мониторинга данных с различных датчиков.	DeepL refinement: terminology, proper names and grammatical context still need human review
ent-ComputerTabletopSensorMonitoring	Resources\Locale\en-US\_KS14\Localization\Prototypes\_CD\Entities\Structures\Machines\Computers\tabletopcomputer.ftl	Tabletop, TESTING, DO NOT MAP	Настольная игра, ТЕСТИРОВАНИЕ, НЕ СОЗДАВАТЬ КАРТУ	DeepL refinement: terminology, proper names and grammatical context still need human review
ent-ComputerTabletopShuttle	Resources\Locale\en-US\_KS14\Localization\Prototypes\_CD\Entities\Structures\Machines\Computers\tabletopcomputer.ftl	shuttle console	консоль шаттла	DeepL refinement: terminology, proper names and grammatical context still need human review
ent-ComputerTabletopShuttle	Resources\Locale\en-US\_KS14\Localization\Prototypes\_CD\Entities\Structures\Machines\Computers\tabletopcomputer.ftl	Used to pilot a shuttle.	Используется для управления шаттлом.	DeepL refinement: terminology, proper names and grammatical context still need human review
ent-ComputerTabletopShuttleCargo	Resources\Locale\en-US\_KS14\Localization\Prototypes\_CD\Entities\Structures\Machines\Computers\tabletopcomputer.ftl	cargo shuttle console	консоль грузового шаттла	DeepL refinement: terminology, proper names and grammatical context still need human review
ent-ComputerTabletopShuttleCargo	Resources\Locale\en-US\_KS14\Localization\Prototypes\_CD\Entities\Structures\Machines\Computers\tabletopcomputer.ftl	Used to pilot the cargo shuttle.	Используется для управления грузовым шаттлом.	DeepL refinement: terminology, proper names and grammatical context still need human review
ent-ComputerTabletopShuttleSyndie	Resources\Locale\en-US\_KS14\Localization\Prototypes\_CD\Entities\Structures\Machines\Computers\tabletopcomputer.ftl	syndicate shuttle console	Консоль шаттла «Синдикат»	DeepL refinement: terminology, proper names and grammatical context still need human review
ent-ComputerTabletopShuttleSyndie	Resources\Locale\en-US\_KS14\Localization\Prototypes\_CD\Entities\Structures\Machines\Computers\tabletopcomputer.ftl	Used to pilot a syndicate shuttle.	Используется для управления шаттлом синдиката.	DeepL refinement: terminology, proper names and grammatical context still need human review
ent-ComputerTabletopSolarControl	Resources\Locale\en-US\_KS14\Localization\Prototypes\_CD\Entities\Structures\Machines\Computers\tabletopcomputer.ftl	solar control computer	компьютер управления солнечными батареями	DeepL refinement: terminology, proper names and grammatical context still need human review
ent-ComputerTabletopSolarControl	Resources\Locale\en-US\_KS14\Localization\Prototypes\_CD\Entities\Structures\Machines\Computers\tabletopcomputer.ftl	A controller for solar panel arrays.	Контроллер для массивов солнечных панелей.	DeepL refinement: terminology, proper names and grammatical context still need human review
ent-ComputerTabletopStationRecords	Resources\Locale\en-US\_KS14\Localization\Prototypes\_CD\Entities\Structures\Machines\Computers\tabletopcomputer.ftl	station records computer	компьютер регистрации станции	DeepL refinement: terminology, proper names and grammatical context still need human review
ent-ComputerTabletopStationRecords	Resources\Locale\en-US\_KS14\Localization\Prototypes\_CD\Entities\Structures\Machines\Computers\tabletopcomputer.ftl	This can be used to check station records.	Это можно использовать для проверки записей станции.	DeepL refinement: terminology, proper names and grammatical context still need human review
ent-ComputerTabletopSurveillanceCameraMonitor	Resources\Locale\en-US\_KS14\Localization\Prototypes\_CD\Entities\Structures\Machines\Computers\tabletopcomputer.ftl	camera monitor	монитор камеры	DeepL refinement: terminology, proper names and grammatical context still need human review
ent-ComputerTabletopSurveillanceCameraMonitor	Resources\Locale\en-US\_KS14\Localization\Prototypes\_CD\Entities\Structures\Machines\Computers\tabletopcomputer.ftl	A surveillance camera monitor. You're watching them. Maybe.	Монитор камеры наблюдения. Вы наблюдаете за ними. Возможно.	DeepL refinement: terminology, proper names and grammatical context still need human review
ent-ComputerTabletopSurveillanceWirelessCameraMonitor	Resources\Locale\en-US\_KS14\Localization\Prototypes\_CD\Entities\Structures\Machines\Computers\tabletopcomputer.ftl	wireless camera monitor	монитор беспроводной камеры	DeepL refinement: terminology, proper names and grammatical context still need human review
ent-ComputerTabletopSurveillanceWirelessCameraMonitor	Resources\Locale\en-US\_KS14\Localization\Prototypes\_CD\Entities\Structures\Machines\Computers\tabletopcomputer.ftl	A wireless surveillance camera monitor. You're watching them. Maybe.	Монитор беспроводной камеры наблюдения. Вы наблюдаете за ними. Возможно.	DeepL refinement: terminology, proper names and grammatical context still need human review
ent-CrateRPD	Resources\Locale\en-US\_KS14\Localization\Prototypes\_StarLight\Catalog\Fills\Crates\engineering.ftl	RPD crate	Ящик RPD	DeepL refinement: terminology, proper names and grammatical context still need human review
ent-CrateRPD	Resources\Locale\en-US\_KS14\Localization\Prototypes\_StarLight\Catalog\Fills\Crates\engineering.ftl	A crate containing a single rapid piping device.	Ящик, содержащий одно устройство для быстрого соединения трубопроводов.	DeepL refinement: terminology, proper names and grammatical context still need human review
ent-CrateRPLD	Resources\Locale\en-US\_KS14\Localization\Prototypes\_StarLight\Catalog\Fills\Crates\engineering.ftl	RPLD crate	Ящик RPLD	DeepL refinement: terminology, proper names and grammatical context still need human review
ent-CrateRPLD	Resources\Locale\en-US\_KS14\Localization\Prototypes\_StarLight\Catalog\Fills\Crates\engineering.ftl	A crate containing a single rapid plumbing device.	Ящик, содержащий одно устройство для быстрого монтажа трубопроводов.	DeepL refinement: terminology, proper names and grammatical context still need human review
ent-DoorElectronicsLabs	Resources\Locale\en-US\_KS14\Localization\Prototypes\_KS14\SpeczoneSpecific\bluelab.ftl	door electronics	электроника дверей	DeepL refinement: terminology, proper names and grammatical context still need human review
ent-DoorElectronicsLabs	Resources\Locale\en-US\_KS14\Localization\Prototypes\_KS14\SpeczoneSpecific\bluelab.ftl	An electronics board used in doors and airlocks.	Электронная плата, используемая в дверях и шлюзах.	DeepL refinement: terminology, proper names and grammatical context still need human review
ent-DoorElectronicsLabs	Resources\Locale\en-US\_KS14\Localization\Prototypes\_KS14\SpeczoneSpecific\bluelab.ftl	Labs, Locked	Лаборатории, Заблокировано	DeepL refinement: terminology, proper names and grammatical context still need human review
ent-EncaliteCanister	Resources\Locale\en-US\_KS14\Localization\Prototypes\_KS14\Entities\Structures\Storage\Canisters\gas_canisters.ftl	encalite canister	контейнер с энкалитом	DeepL refinement: terminology, proper names and grammatical context still need human review
ent-EncaliteCanister	Resources\Locale\en-US\_KS14\Localization\Prototypes\_KS14\Entities\Structures\Storage\Canisters\gas_canisters.ftl	A canister that can contain any type of gas. This one is supposed to contain encalite. It can be attached to connector ports using a wrench.	Канистра, в которой может содержаться любой вид газа. В данной канистре должен находиться энкалит. Её можно присоединить к соединительным разъёмам с помощью гаечного ключа.	DeepL refinement: terminology, proper names and grammatical context still need human review
ent-EncaliteCanisterBroken	Resources\Locale\en-US\_KS14\Localization\Prototypes\_KS14\Entities\Structures\Storage\Canisters\gas_canisters.ftl	broken gas canister	сломанный газовый баллон	DeepL refinement: terminology, proper names and grammatical context still need human review
ent-EncaliteCanisterBroken	Resources\Locale\en-US\_KS14\Localization\Prototypes\_KS14\Entities\Structures\Storage\Canisters\gas_canisters.ftl	A broken gas canister. Not useless yet, as it can be salvaged for high quality materials.	Сломанный газовый баллон. Пока ещё не бесполезен, так как из него можно добыть высококачественные материалы.	DeepL refinement: terminology, proper names and grammatical context still need human review
ent-EvaporinCanister	Resources\Locale\en-US\_KS14\Localization\Prototypes\_KS14\Entities\Structures\Storage\Canisters\gas_canisters.ftl	evaporin canister	канистра с эвапорином	DeepL refinement: terminology, proper names and grammatical context still need human review
ent-EvaporinCanister	Resources\Locale\en-US\_KS14\Localization\Prototypes\_KS14\Entities\Structures\Storage\Canisters\gas_canisters.ftl	A canister that can contain any type of gas. This one is supposed to contain evaporin. It can be attached to connector ports using a wrench.	Канистра, в которую можно наполнить любой вид газа. В данном случае она должна содержать эвапорин. Её можно присоединить к соединительным разъёмам с помощью гаечного ключа.	DeepL refinement: terminology, proper names and grammatical context still need human review
ent-EvaporinCanisterBroken	Resources\Locale\en-US\_KS14\Localization\Prototypes\_KS14\Entities\Structures\Storage\Canisters\gas_canisters.ftl	broken gas canister	сломанный газовый баллон	DeepL refinement: terminology, proper names and grammatical context still need human review
ent-EvaporinCanisterBroken	Resources\Locale\en-US\_KS14\Localization\Prototypes\_KS14\Entities\Structures\Storage\Canisters\gas_canisters.ftl	A broken gas canister. Not useless yet, as it can be salvaged for high quality materials.	Сломанный газовый баллон. Пока ещё не бесполезен, так как из него можно добыть высококачественные материалы.	DeepL refinement: terminology, proper names and grammatical context still need human review
ent-FireSensor	Resources\Locale\en-US\_KS14\Localization\Prototypes\_KS14\Entities\Objects\Devices\Electronics\firesensor.ftl	fire sensor	датчик пожара	DeepL refinement: terminology, proper names and grammatical context still need human review
ent-FireSensor	Resources\Locale\en-US\_KS14\Localization\Prototypes\_KS14\Entities\Objects\Devices\Electronics\firesensor.ftl	A special air sensor that trips when the tile it's on is on fire. Useful for automation!	Специальный датчик воздуха, срабатывающий, когда плитка, на которой он установлен, загорается. Полезно для автоматизации!	DeepL refinement: terminology, proper names and grammatical context still need human review
ent-FireSensorAssembly	Resources\Locale\en-US\_KS14\Localization\Prototypes\_KS14\Entities\Structures\Specific\Atmospherics\sensor.ftl	fire sensor assembly	Узел датчика пожара	DeepL refinement: terminology, proper names and grammatical context still need human review
ent-FireSensorAssembly	Resources\Locale\en-US\_KS14\Localization\Prototypes\_KS14\Entities\Structures\Specific\Atmospherics\sensor.ftl	Fire sensor assembly. An assembly of fire sensors?	Узел пожарных датчиков. Узел из пожарных датчиков?	DeepL refinement: terminology, proper names and grammatical context still need human review
ent-FlashShieldBorg	Resources\Locale\en-US\_KS14\Localization\Prototypes\_KS14\Entities\Objects\Shields\shields.ftl	cyborg flash shield	флеш-щит киборга	DeepL refinement: terminology, proper names and grammatical context still need human review
ent-FlashShieldBorg	Resources\Locale\en-US\_KS14\Localization\Prototypes\_KS14\Entities\Objects\Shields\shields.ftl	An integrated shield that allows the cyborg to be flash-resistant when held. Offers no resistances.	Интегрированный щит, который при удержании обеспечивает киборгу защиту от вспышек. Не предоставляет никаких видов сопротивления.	DeepL refinement: terminology, proper names and grammatical context still need human review
ent-FloorHallucinationEntity	Resources\Locale\en-US\_KS14\Localization\Prototypes\_Manifest\Entities\Misc\deathmatch.ftl	weird floor	странный пол	DeepL refinement: terminology, proper names and grammatical context still need human review
ent-FloorHallucinationEntity	Resources\Locale\en-US\_KS14\Localization\Prototypes\_Manifest\Entities\Misc\deathmatch.ftl	What the fuck is wrong with this floor??! Holy shit!	Что, блядь, не так с этим полом??! Чёрт возьми!	DeepL refinement: terminology, proper names and grammatical context still need human review
ent-FrequenciesPaper	Resources\Locale\en-US\_KS14\Localization\Prototypes\_KS14\Entities\Objects\Misc\paper.ftl	frequencies paper	документ о частотах	DeepL refinement: terminology, proper names and grammatical context still need human review
ent-FrequenciesPaper	Resources\Locale\en-US\_KS14\Localization\Prototypes\_KS14\Entities\Objects\Misc\paper.ftl	Contains all packet frequencies and related devices.	Содержит все частоты пакетов и соответствующие устройства.	DeepL refinement: terminology, proper names and grammatical context still need human review
ent-GasGrenadeCompressor	Resources\Locale\en-US\_KS14\Localization\Prototypes\_KS14\Entities\Structures\Machines\gas_grenade_compressor.ftl	air grenade compressor	компрессор для воздушных гранат	DeepL refinement: terminology, proper names and grammatical context still need human review
ent-GasGrenadeCompressor	Resources\Locale\en-US\_KS14\Localization\Prototypes\_KS14\Entities\Structures\Machines\gas_grenade_compressor.ftl	A machine used to refill air grenades with inert gases.	Устройство, используемое для заправки воздушных гранат инертными газами.	DeepL refinement: terminology, proper names and grammatical context still need human review
ent-GasGrenadeCompressorMachineCircuitBoard	Resources\Locale\en-US\_KS14\Localization\Prototypes\_KS14\Entities\Structures\Machines\gas_grenade_compressor.ftl	air grenade compressor machine board	панель управления компрессором воздушных гранат	DeepL refinement: terminology, proper names and grammatical context still need human review
ent-GasGrenadeCompressorMachineCircuitBoard	Resources\Locale\en-US\_KS14\Localization\Prototypes\_KS14\Entities\Structures\Machines\gas_grenade_compressor.ftl	A machine printed circuit board for an air grenade compressor.	Печатная плата для компрессора воздушных гранат.	DeepL refinement: terminology, proper names and grammatical context still need human review
ent-GeyserSpawner	Resources\Locale\en-US\_KS14\Localization\Prototypes\_KS14\Entities\Markers\Spawners\Random\geysers.ftl	Random Geyser Spawner	Генератор случайных гейзеров	DeepL refinement: terminology, proper names and grammatical context still need human review
ent-GuidebookPlumbingDuctBend	Resources\Locale\en-US\_KS14\Localization\Prototypes\_StarLight\Entities\Guidebook\plumbing_ducts.ftl	fluid duct	трубопровод для жидкости	DeepL refinement: terminology, proper names and grammatical context still need human review
ent-GuidebookPlumbingDuctBend	Resources\Locale\en-US\_KS14\Localization\Prototypes\_StarLight\Entities\Guidebook\plumbing_ducts.ftl	Bend, Guidebook	Бенд, Руководство	DeepL refinement: terminology, proper names and grammatical context still need human review
ent-GuidebookPlumbingDuctFourway	Resources\Locale\en-US\_KS14\Localization\Prototypes\_StarLight\Entities\Guidebook\plumbing_ducts.ftl	fluid duct	трубопровод для жидкости	DeepL refinement: terminology, proper names and grammatical context still need human review
ent-GuidebookPlumbingDuctFourway	Resources\Locale\en-US\_KS14\Localization\Prototypes\_StarLight\Entities\Guidebook\plumbing_ducts.ftl	Fourway, Guidebook	Fourway, Руководство	DeepL refinement: terminology, proper names and grammatical context still need human review
ent-GuidebookPlumbingDuctStraight	Resources\Locale\en-US\_KS14\Localization\Prototypes\_StarLight\Entities\Guidebook\plumbing_ducts.ftl	fluid duct	трубопровод для жидкости	DeepL refinement: terminology, proper names and grammatical context still need human review
ent-GuidebookPlumbingDuctStraight	Resources\Locale\en-US\_KS14\Localization\Prototypes\_StarLight\Entities\Guidebook\plumbing_ducts.ftl	Straight, Guidebook	Прямой путь, Руководство	DeepL refinement: terminology, proper names and grammatical context still need human review
ent-GuidebookPlumbingDuctTJunction	Resources\Locale\en-US\_KS14\Localization\Prototypes\_StarLight\Entities\Guidebook\plumbing_ducts.ftl	fluid duct	трубопровод для жидкости	DeepL refinement: terminology, proper names and grammatical context still need human review
ent-GuidebookPlumbingDuctTJunction	Resources\Locale\en-US\_KS14\Localization\Prototypes\_StarLight\Entities\Guidebook\plumbing_ducts.ftl	T-Junction, Guidebook	«T-Junction», руководство	DeepL refinement: terminology, proper names and grammatical context still need human review
ent-HealthMonitor	Resources\Locale\en-US\_KS14\Localization\Prototypes\_KS14\Entities\Clothing\Neck\healthmonitor.ftl	health monitor	индикатор здоровья	DeepL refinement: terminology, proper names and grammatical context still need human review
ent-HealthMonitor	Resources\Locale\en-US\_KS14\Localization\Prototypes\_KS14\Entities\Clothing\Neck\healthmonitor.ftl	A small, wearable device that outputs a signal when its wearer goes crit or dies.	Небольшое носимое устройство, которое подает сигнал, когда его владелец получает критическое повреждение или погибает.	DeepL refinement: terminology, proper names and grammatical context still need human review
ent-HoloprojectorSecurityBorg	Resources\Locale\en-US\_KS14\Localization\Prototypes\_KS14\Entities\Objects\Devices\holoprojectors.ftl	integrated holobarrier projector	встроенный проектор голобарьера	DeepL refinement: terminology, proper names and grammatical context still need human review
ent-HoloprojectorSecurityBorg	Resources\Locale\en-US\_KS14\Localization\Prototypes\_KS14\Entities\Objects\Devices\holoprojectors.ftl	A secborg's best friend, this integrated holobarrier projector has a rechargeable battery inside that slowly refills its charges.	Лучший друг секборга — этот встроенный проектор голобарьера — оснащён встроенным аккумулятором, который постепенно восстанавливает заряд.	DeepL refinement: terminology, proper names and grammatical context still need human review
ent-HolosignForcefieldBarrier5Min	Resources\Locale\en-US\_KS14\Localization\Prototypes\_KS14\Scenarios\structures.ftl	impenetrable force field	непроницаемое силовое поле	DeepL refinement: terminology, proper names and grammatical context still need human review
ent-HolosignForcefieldBarrier5Min	Resources\Locale\en-US\_KS14\Localization\Prototypes\_KS14\Scenarios\structures.ftl	As the name implies.	Как следует из названия.	DeepL refinement: terminology, proper names and grammatical context still need human review
ent-HolosignForcefieldBarrier5Min	Resources\Locale\en-US\_KS14\Localization\Prototypes\_KS14\Scenarios\structures.ftl	5 min	5 мин	DeepL refinement: terminology, proper names and grammatical context still need human review
ent-HolosignForcefieldDeathmatch	Resources\Locale\en-US\_KS14\Localization\Prototypes\_Manifest\Entities\Misc\deathmatch.ftl	impenetrable force field	непроницаемое силовое поле	DeepL refinement: terminology, proper names and grammatical context still need human review
ent-HolosignForcefieldDeathmatch	Resources\Locale\en-US\_KS14\Localization\Prototypes\_Manifest\Entities\Misc\deathmatch.ftl	As the name implies.	Как следует из названия.	DeepL refinement: terminology, proper names and grammatical context still need human review
ent-HolosignForcefieldInorganic	Resources\Locale\en-US\_KS14\Localization\Prototypes\_Manifest\Entities\Misc\deathmatch.ftl	inorganic force field	неорганическое силовое поле	DeepL refinement: terminology, proper names and grammatical context still need human review
ent-HolosignForcefieldInorganic	Resources\Locale\en-US\_KS14\Localization\Prototypes\_Manifest\Entities\Misc\deathmatch.ftl	Does not let gases nor living-or-dead things through. Blocks lasers.	Не пропускает ни газы, ни живые или мертвые объекты. Блокирует лазеры.	DeepL refinement: terminology, proper names and grammatical context still need human review
ent-HolosignMetaphysicalForcefieldDeathmatch	Resources\Locale\en-US\_KS14\Localization\Prototypes\_Manifest\Entities\Misc\deathmatch.ftl	metaphysical force field	метафизическое силовое поле	DeepL refinement: terminology, proper names and grammatical context still need human review
ent-HolosignMetaphysicalForcefieldDeathmatch	Resources\Locale\en-US\_KS14\Localization\Prototypes\_Manifest\Entities\Misc\deathmatch.ftl	A force field that blocks metaphysical things and gases from passing through it.	Силовое поле, препятствующее проникновению метафизических объектов и газов.	DeepL refinement: terminology, proper names and grammatical context still need human review
ent-InvisibleBarrier10Min	Resources\Locale\en-US\_KS14\Localization\Prototypes\_KS14\Scenarios\structures.ftl	invisible barrier	невидимый барьер	DeepL refinement: terminology, proper names and grammatical context still need human review
ent-InvisibleBarrier10Min	Resources\Locale\en-US\_KS14\Localization\Prototypes\_KS14\Scenarios\structures.ftl	10 min	10 мин	DeepL refinement: terminology, proper names and grammatical context still need human review
ent-InvisibleBarrier15Min	Resources\Locale\en-US\_KS14\Localization\Prototypes\_KS14\Scenarios\structures.ftl	invisible barrier	невидимый барьер	DeepL refinement: terminology, proper names and grammatical context still need human review
ent-InvisibleBarrier15Min	Resources\Locale\en-US\_KS14\Localization\Prototypes\_KS14\Scenarios\structures.ftl	15 min	15 мин	DeepL refinement: terminology, proper names and grammatical context still need human review
ent-InvisibleBarrier5Min	Resources\Locale\en-US\_KS14\Localization\Prototypes\_KS14\Scenarios\structures.ftl	invisible barrier	невидимый барьер	DeepL refinement: terminology, proper names and grammatical context still need human review
ent-InvisibleBarrier5Min	Resources\Locale\en-US\_KS14\Localization\Prototypes\_KS14\Scenarios\structures.ftl	5 min	5 мин	DeepL refinement: terminology, proper names and grammatical context still need human review
ent-KsAPCBasicAccessless	Resources\Locale\en-US\_KS14\Localization\Prototypes\_KS14\Power\apc.ftl	area power receiver	зональный приемник энергии	DeepL refinement: terminology, proper names and grammatical context still need human review
ent-KsAPCBasicAccessless	Resources\Locale\en-US\_KS14\Localization\Prototypes\_KS14\Power\apc.ftl	A control terminal for the area's electrical systems.	Терминал управления электрическими системами зоны.	DeepL refinement: terminology, proper names and grammatical context still need human review
ent-KsAPCBasicAccessless	Resources\Locale\en-US\_KS14\Localization\Prototypes\_KS14\Power\apc.ftl	No access, Basic, 50kJ	Без доступа, Базовый, 50 кДж	DeepL refinement: terminology, proper names and grammatical context still need human review
ent-KsAPCElectronicsEngineering	Resources\Locale\en-US\_KS14\Localization\Prototypes\_KS14\Power\apc_electronics.ftl	APC electronics	Электроника бронетранспортера	DeepL refinement: terminology, proper names and grammatical context still need human review
ent-KsAPCElectronicsEngineering	Resources\Locale\en-US\_KS14\Localization\Prototypes\_KS14\Power\apc_electronics.ftl	Circuit used in APC construction.	Схема, используемая при строительстве бронетранспортера.	DeepL refinement: terminology, proper names and grammatical context still need human review
ent-KsAPCElectronicsEngineering	Resources\Locale\en-US\_KS14\Localization\Prototypes\_KS14\Power\apc_electronics.ftl	Engineering, Locked, Standard	Инженерия, Заблокированный, Стандартный	DeepL refinement: terminology, proper names and grammatical context still need human review
ent-KsActionDodgennDash	Resources\Locale\en-US\_KS14\Localization\Prototypes\_KS14\Entities\Mobs\Boss\dodgenn.ftl	Dash	Dash	DeepL refinement: terminology, proper names and grammatical context still need human review
ent-KsActionDodgennDash	Resources\Locale\en-US\_KS14\Localization\Prototypes\_KS14\Entities\Mobs\Boss\dodgenn.ftl	Dash in the direction you are moving.	Нажмите клавишу «Dash» в направлении движения.	DeepL refinement: terminology, proper names and grammatical context still need human review
ent-KsAppearanceHumanNugget	Resources\Locale\en-US\_KS14\Localization\Prototypes\_KS14\Body\Species\nugget.ftl	nugget appearance	Внешний вид самородка	DeepL refinement: terminology, proper names and grammatical context still need human review
ent-KsAtmosShield	Resources\Locale\en-US\_KS14\Localization\Prototypes\_KS14\Entities\Structures\Machines\atmos_shield_gen.ftl	atmospheric shield	атмосферный щит	DeepL refinement: terminology, proper names and grammatical context still need human review
ent-KsAtmosShield	Resources\Locale\en-US\_KS14\Localization\Prototypes\_KS14\Entities\Structures\Machines\atmos_shield_gen.ftl	Shields you from air.	Защищает вас от воздуха.	DeepL refinement: terminology, proper names and grammatical context still need human review
ent-KsAtmosShieldGen	Resources\Locale\en-US\_KS14\Localization\Prototypes\_KS14\Entities\Structures\Machines\atmos_shield_gen.ftl	atmospheric shield generator	генератор атмосферного щита	DeepL refinement: terminology, proper names and grammatical context still need human review
ent-KsAtmosShieldGen	Resources\Locale\en-US\_KS14\Localization\Prototypes\_KS14\Entities\Structures\Machines\atmos_shield_gen.ftl	Produces an atmos shield in a line between itself and another generator with both facing the other, while active. Powered by LV. Field must not be obstructed by walls. Will turn on after gaining power if turned off due to power loss.	В режиме работы создает энергетический щит в виде линии между собой и другим генератором, когда оба устройства обращены друг к другу. Питание от LV. Поле не должно перекрываться стенами. Включается после восстановления питания, если было выключено из-за потери питания.	DeepL refinement: terminology, proper names and grammatical context still need human review
ent-KsAtmosShieldGenCircuitboard	Resources\Locale\en-US\_KS14\Localization\Prototypes\_KS14\Entities\Structures\Machines\atmos_shield_gen.ftl	atmospheric shield generator machine board	Панель управления генератором атмосферного щита	DeepL refinement: terminology, proper names and grammatical context still need human review
ent-KsAtmosShieldGenCircuitboard	Resources\Locale\en-US\_KS14\Localization\Prototypes\_KS14\Entities\Structures\Machines\atmos_shield_gen.ftl	An electronics board used in atmospheric shield generators.	Электронная плата, используемая в генераторах атмосферного щита.	DeepL refinement: terminology, proper names and grammatical context still need human review
ent-KsAtmosShieldGenEnabled	Resources\Locale\en-US\_KS14\Localization\Prototypes\_KS14\Entities\Structures\Machines\atmos_shield_gen.ftl	atmospheric shield generator	генератор атмосферного щита	DeepL refinement: terminology, proper names and grammatical context still need human review
ent-KsAtmosShieldGenEnabled	Resources\Locale\en-US\_KS14\Localization\Prototypes\_KS14\Entities\Structures\Machines\atmos_shield_gen.ftl	Produces an atmos shield in a line between itself and another generator with both facing the other, while active. Powered by LV. Field must not be obstructed by walls. Will turn on after gaining power if turned off due to power loss.	В режиме работы создает энергетический щит в виде линии между собой и другим генератором, когда оба устройства обращены друг к другу. Питание от LV. Поле не должно перекрываться стенами. Включается после восстановления питания, если было выключено из-за потери питания.	DeepL refinement: terminology, proper names and grammatical context still need human review
ent-KsAtmosShieldGenEnabled	Resources\Locale\en-US\_KS14\Localization\Prototypes\_KS14\Entities\Structures\Machines\atmos_shield_gen.ftl	Starts Enabled	Начало игры разрешено	DeepL refinement: terminology, proper names and grammatical context still need human review
ent-KsBaseCatwalk	Resources\Locale\en-US\_KS14\Localization\Prototypes\_KS14\Entities\Structures\catwalk.ftl	catwalk	мостик	DeepL refinement: terminology, proper names and grammatical context still need human review
ent-KsBaseCatwalk	Resources\Locale\en-US\_KS14\Localization\Prototypes\_KS14\Entities\Structures\catwalk.ftl	A catwalk for easier EVA maneuvering and cable placement.	Мостик для облегчения маневрирования во время внекорабельной деятельности (EVA) и прокладки кабелей.	DeepL refinement: terminology, proper names and grammatical context still need human review
ent-KsBaseGrenadeChemical	Resources\Locale\en-US\_KS14\Localization\Prototypes\_KS14\Entities\Objects\Weapons\Guns\Ammunition\chemsplosives.ftl	chemical grenade round	химическая граната	DeepL refinement: terminology, proper names and grammatical context still need human review
ent-KsBaseGrenadeChemical	Resources\Locale\en-US\_KS14\Localization\Prototypes\_KS14\Entities\Objects\Weapons\Guns\Ammunition\chemsplosives.ftl	A grenade round that releases chemicals on impact.	Гранатовый патрон, который при ударе выделяет химические вещества.	DeepL refinement: terminology, proper names and grammatical context still need human review
ent-KsBasePalletWooden	Resources\Locale\en-US\_KS14\Localization\Prototypes\_KS14\Entities\Objects\Decoration\Other\pallets.ftl	wooden pallet	деревянный поддон	DeepL refinement: terminology, proper names and grammatical context still need human review
ent-KsBasePalletWooden	Resources\Locale\en-US\_KS14\Localization\Prototypes\_KS14\Entities\Objects\Decoration\Other\pallets.ftl	A flat, portable platform used to stack, store, and transport heavy goods.	Плоская переносная платформа, используемая для укладки, хранения и транспортировки тяжелых грузов.	DeepL refinement: terminology, proper names and grammatical context still need human review
ent-KsBasePalletWooden	Resources\Locale\en-US\_KS14\Localization\Prototypes\_KS14\Entities\Objects\Decoration\Other\pallets.ftl	Medium	Средний	DeepL refinement: terminology, proper names and grammatical context still need human review
ent-KsBasePalletWoodenFilled	Resources\Locale\en-US\_KS14\Localization\Prototypes\_KS14\Entities\Objects\Decoration\Other\pallets.ftl	wooden pallet	деревянный поддон	DeepL refinement: terminology, proper names and grammatical context still need human review
ent-KsBasePalletWoodenFilled	Resources\Locale\en-US\_KS14\Localization\Prototypes\_KS14\Entities\Objects\Decoration\Other\pallets.ftl	A flat, portable platform used to stack, store, and transport heavy goods. The space on it is occupied.	Плоская переносная платформа, используемая для укладки, хранения и транспортировки тяжелых грузов. Место на ней занято.	DeepL refinement: terminology, proper names and grammatical context still need human review
ent-KsBasePalletWoodenHigh	Resources\Locale\en-US\_KS14\Localization\Prototypes\_KS14\Entities\Objects\Decoration\Other\pallets.ftl	wooden pallet	деревянный поддон	DeepL refinement: terminology, proper names and grammatical context still need human review
ent-KsBasePalletWoodenHigh	Resources\Locale\en-US\_KS14\Localization\Prototypes\_KS14\Entities\Objects\Decoration\Other\pallets.ftl	A flat, portable platform used to stack, store, and transport heavy goods. The space on it is occupied.	Плоская переносная платформа, используемая для укладки, хранения и транспортировки тяжелых грузов. Место на ней занято.	DeepL refinement: terminology, proper names and grammatical context still need human review
ent-KsBasePalletWoodenHigh	Resources\Locale\en-US\_KS14\Localization\Prototypes\_KS14\Entities\Objects\Decoration\Other\pallets.ftl	High	Высокий	DeepL refinement: terminology, proper names and grammatical context still need human review
ent-KsBasePalletWoodenLow	Resources\Locale\en-US\_KS14\Localization\Prototypes\_KS14\Entities\Objects\Decoration\Other\pallets.ftl	wooden pallet	деревянный поддон	DeepL refinement: terminology, proper names and grammatical context still need human review
ent-KsBasePalletWoodenLow	Resources\Locale\en-US\_KS14\Localization\Prototypes\_KS14\Entities\Objects\Decoration\Other\pallets.ftl	A flat, portable platform used to stack, store, and transport heavy goods. It's practically empty, so it can probably be climbed.	Плоская переносная платформа, используемая для штабелирования, хранения и транспортировки тяжелых грузов. Она практически пустая, поэтому, вероятно, на неё можно залезть.	DeepL refinement: terminology, proper names and grammatical context still need human review
ent-KsBasePalletWoodenLow	Resources\Locale\en-US\_KS14\Localization\Prototypes\_KS14\Entities\Objects\Decoration\Other\pallets.ftl	Low	Низкое	DeepL refinement: terminology, proper names and grammatical context still need human review
ent-KsBaseSpawnMobOperative	Resources\Locale\en-US\_KS14\Localization\Prototypes\_KsModule\Entities\Markers\Spawners\Mobs\operatives.ftl	AI Operative Spawner	Генератор появления агентов ИИ	DeepL refinement: terminology, proper names and grammatical context still need human review
ent-KsBaseSupplyPodGlow	Resources\Locale\en-US\_KS14\Localization\Prototypes\_KS14\Entities\Effects\podglow.ftl	engine glow	свечение двигателя	DeepL refinement: terminology, proper names and grammatical context still need human review
ent-KsBaseSupplyPodGlow	Resources\Locale\en-US\_KS14\Localization\Prototypes\_KS14\Entities\Effects\podglow.ftl	The burning wash of something coming in far too fast.	Ослепительный свет чего-то, приближающегося со слишком большой скоростью.	DeepL refinement: terminology, proper names and grammatical context still need human review
ent-KsBulletGrenadeChemical	Resources\Locale\en-US\_KS14\Localization\Prototypes\_KS14\Entities\Objects\Weapons\Guns\Projectiles\chemsplosives.ftl	chemical grenade bullet	химическая граната, пуля	DeepL refinement: terminology, proper names and grammatical context still need human review
ent-KsBulletGrenadeChemical	Resources\Locale\en-US\_KS14\Localization\Prototypes\_KS14\Entities\Objects\Weapons\Guns\Projectiles\chemsplosives.ftl	If you can see this you're probably dead!	Если вы это видите, то, скорее всего, вы уже мертвы!	DeepL refinement: terminology, proper names and grammatical context still need human review
ent-KsCatwalkIconsmoother	Resources\Locale\en-US\_KS14\Localization\Prototypes\_KS14\SpeczoneSpecific\bluelab.ftl	iconsmooth marker	iconsmooth marker	DeepL refinement: terminology, proper names and grammatical context still need human review
ent-KsCatwalkIconsmoother	Resources\Locale\en-US\_KS14\Localization\Prototypes\_KS14\SpeczoneSpecific\bluelab.ftl	KS14, Iconsmooth Marker, Catwalk	KS14, Iconsmooth Marker, Catwalk	DeepL refinement: terminology, proper names and grammatical context still need human review
ent-KsCatwalkIron	Resources\Locale\en-US\_KS14\Localization\Prototypes\_KS14\Entities\Structures\catwalk.ftl	iron catwalk	железный мостик	DeepL refinement: terminology, proper names and grammatical context still need human review
ent-KsCatwalkIron	Resources\Locale\en-US\_KS14\Localization\Prototypes\_KS14\Entities\Structures\catwalk.ftl	A catwalk for easier EVA maneuvering and cable placement.	Мостик для облегчения маневрирования во время внекорабельной деятельности (EVA) и прокладки кабелей.	DeepL refinement: terminology, proper names and grammatical context still need human review
ent-KsCatwalkIronDark	Resources\Locale\en-US\_KS14\Localization\Prototypes\_KS14\Entities\Structures\catwalk.ftl	dark iron catwalk	Темный железный мостик	DeepL refinement: terminology, proper names and grammatical context still need human review
ent-KsCatwalkIronDark	Resources\Locale\en-US\_KS14\Localization\Prototypes\_KS14\Entities\Structures\catwalk.ftl	A catwalk for easier EVA maneuvering and cable placement.	Мостик для облегчения маневрирования во время внекорабельной деятельности (EVA) и прокладки кабелей.	DeepL refinement: terminology, proper names and grammatical context still need human review
ent-KsCatwalkIronSmooth	Resources\Locale\en-US\_KS14\Localization\Prototypes\_KS14\Entities\Structures\catwalk.ftl	smooth-iron catwalk	гладкий металлический мостик	DeepL refinement: terminology, proper names and grammatical context still need human review
ent-KsCatwalkIronSmooth	Resources\Locale\en-US\_KS14\Localization\Prototypes\_KS14\Entities\Structures\catwalk.ftl	A catwalk for easier EVA maneuvering and cable placement.	Мостик для облегчения маневрирования во время внекорабельной деятельности (EVA) и прокладки кабелей.	DeepL refinement: terminology, proper names and grammatical context still need human review
ent-KsCatwalkIronWhite	Resources\Locale\en-US\_KS14\Localization\Prototypes\_KS14\Entities\Structures\catwalk.ftl	white iron catwalk	белый железный мостик	DeepL refinement: terminology, proper names and grammatical context still need human review
ent-KsCatwalkIronWhite	Resources\Locale\en-US\_KS14\Localization\Prototypes\_KS14\Entities\Structures\catwalk.ftl	A catwalk for easier EVA maneuvering and cable placement.	Мостик для облегчения маневрирования во время внекорабельной деятельности (EVA) и прокладки кабелей.	DeepL refinement: terminology, proper names and grammatical context still need human review
ent-KsCatwalkTitanium	Resources\Locale\en-US\_KS14\Localization\Prototypes\_KS14\Entities\Structures\catwalk.ftl	titanium catwalk	титановый мостик	DeepL refinement: terminology, proper names and grammatical context still need human review
ent-KsCatwalkTitanium	Resources\Locale\en-US\_KS14\Localization\Prototypes\_KS14\Entities\Structures\catwalk.ftl	A catwalk for easier EVA maneuvering and cable placement.	Мостик для облегчения маневрирования во время внекорабельной деятельности (EVA) и прокладки кабелей.	DeepL refinement: terminology, proper names and grammatical context still need human review
ent-KsChasmIconsmoother	Resources\Locale\en-US\_KS14\Localization\Prototypes\_KS14\SpeczoneSpecific\bluelab.ftl	iconsmooth marker	iconsmooth marker	DeepL refinement: terminology, proper names and grammatical context still need human review
ent-KsChasmIconsmoother	Resources\Locale\en-US\_KS14\Localization\Prototypes\_KS14\SpeczoneSpecific\bluelab.ftl	KS14, Iconsmooth Marker, Chasm	KS14, Iconsmooth Marker, Chasm	DeepL refinement: terminology, proper names and grammatical context still need human review
ent-KsClothingEyesGlassesDodgenn	Resources\Locale\en-US\_KS14\Localization\Prototypes\_KS14\Entities\Mobs\Boss\dodgenn.ftl	dodgenn mask	маска Додгена	DeepL refinement: terminology, proper names and grammatical context still need human review
ent-KsClothingEyesGlassesDodgenn	Resources\Locale\en-US\_KS14\Localization\Prototypes\_KS14\Entities\Mobs\Boss\dodgenn.ftl	Gives you the ability to dodge bullets.	Даёт вам возможность уклоняться от пуль.	DeepL refinement: terminology, proper names and grammatical context still need human review
ent-KsClothingEyesGlassesDodgenn	Resources\Locale\en-US\_KS14\Localization\Prototypes\_KS14\Entities\Mobs\Boss\dodgenn.ftl	Boss Loot	Добыча с боссов	DeepL refinement: terminology, proper names and grammatical context still need human review
ent-KsClothingOuterIvDrip	Resources\Locale\en-US\_KS14\Localization\Prototypes\_KS14\Entities\Objects\Medical\iv_drip.ftl	IV drip	Капельница	DeepL refinement: terminology, proper names and grammatical context still need human review
ent-KsClothingOuterIvDrip	Resources\Locale\en-US\_KS14\Localization\Prototypes\_KS14\Entities\Objects\Medical\iv_drip.ftl	A wearable intravenous drip with a configurable pump.	Носимое устройство для внутривенного вливания с настраиваемым насосом.	DeepL refinement: terminology, proper names and grammatical context still need human review
ent-KsComputerElevator	Resources\Locale\en-US\_KS14\Localization\Prototypes\_KS14\Entities\Structures\Machines\Computers\elevator.ftl	elevator controller	контроллер лифта	DeepL refinement: terminology, proper names and grammatical context still need human review
ent-KsComputerElevator	Resources\Locale\en-US\_KS14\Localization\Prototypes\_KS14\Entities\Structures\Machines\Computers\elevator.ftl	Calls a z-level elevator to a floor, and shows where it currently is.	Вызывает лифт z-уровня на нужный этаж и показывает, где он находится в данный момент.	DeepL refinement: terminology, proper names and grammatical context still need human review
ent-KsComputerElevatorSignaller	Resources\Locale\en-US\_KS14\Localization\Prototypes\_KS14\Entities\Structures\Machines\Computers\elevator.ftl	elevator signaller	сигнальщик лифта	DeepL refinement: terminology, proper names and grammatical context still need human review
ent-KsComputerElevatorSignaller	Resources\Locale\en-US\_KS14\Localization\Prototypes\_KS14\Entities\Structures\Machines\Computers\elevator.ftl	Reports when the elevator sets off and when it arrives, for anything wired to listen.	Сообщает о том, когда лифт отправляется и когда прибывает, для любого устройства, подключенного к системе оповещения.	DeepL refinement: terminology, proper names and grammatical context still need human review
ent-KsComputerShuttle	Resources\Locale\en-US\_KS14\Localization\Prototypes\_KS14\Entities\Structures\Machines\Computers\shuttle.ftl	shuttle console	консоль шаттла	DeepL refinement: terminology, proper names and grammatical context still need human review
ent-KsComputerShuttle	Resources\Locale\en-US\_KS14\Localization\Prototypes\_KS14\Entities\Structures\Machines\Computers\shuttle.ftl	Used to pilot a shuttle.	Используется для управления шаттлом.	DeepL refinement: terminology, proper names and grammatical context still need human review
ent-KsComputerShuttleIdLocked	Resources\Locale\en-US\_KS14\Localization\Prototypes\_KS14\Entities\Structures\Machines\Computers\shuttle.ftl	id-locked shuttle console	Консоль шаттла с идентификационной блокировкой	DeepL refinement: terminology, proper names and grammatical context still need human review
ent-KsComputerShuttleIdLocked	Resources\Locale\en-US\_KS14\Localization\Prototypes\_KS14\Entities\Structures\Machines\Computers\shuttle.ftl	Used to pilot a shuttle. This one in specific can be locked with authorised IDs. If there are no authorised IDs on the console, you can use your ID on it to claim ownership of it.	Используется для управления шаттлом. Конкретно эту консоль можно заблокировать с помощью авторизованных идентификаторов. Если на консоли нет авторизованных идентификаторов, вы можете использовать свой идентификатор, чтобы заявить о праве владения ею.	DeepL refinement: terminology, proper names and grammatical context still need human review
ent-KsComputerShuttleSyndie	Resources\Locale\en-US\_KS14\Localization\Prototypes\_KS14\Entities\Structures\Machines\Computers\shuttle.ftl	syndicate shuttle console	Консоль шаттла «Синдикат»	DeepL refinement: terminology, proper names and grammatical context still need human review
ent-KsComputerShuttleSyndie	Resources\Locale\en-US\_KS14\Localization\Prototypes\_KS14\Entities\Structures\Machines\Computers\shuttle.ftl	Used to pilot a syndicate shuttle.	Используется для управления шаттлом синдиката.	DeepL refinement: terminology, proper names and grammatical context still need human review
ent-KsDebugZLevelTransit	Resources\Locale\en-US\_KS14\Localization\Prototypes\_KS14\Entities\Debugging\debug_sweps.ftl	z-level jump thing	устройство для прыжков между уровнями z	DeepL refinement: terminology, proper names and grammatical context still need human review
ent-KsDebugZLevelTransit	Resources\Locale\en-US\_KS14\Localization\Prototypes\_KS14\Entities\Debugging\debug_sweps.ftl	DEBUG	DEBUG	DeepL refinement: terminology, proper names and grammatical context still need human review
ent-KsDefaultStationBeaconPlumbing	Resources\Locale\en-US\_KS14\Localization\Prototypes\_KS14\Entities\Objects\Devices\station_beacon.ftl	station beacon	маяк станции	DeepL refinement: terminology, proper names and grammatical context still need human review
ent-KsDefaultStationBeaconPlumbing	Resources\Locale\en-US\_KS14\Localization\Prototypes\_KS14\Entities\Objects\Devices\station_beacon.ftl	A small device that transmits information to station maps. Can be configured.	Небольшое устройство, передающее информацию на карты станции. Поддаётся настройке.	DeepL refinement: terminology, proper names and grammatical context still need human review
ent-KsDefaultStationBeaconPlumbing	Resources\Locale\en-US\_KS14\Localization\Prototypes\_KS14\Entities\Objects\Devices\station_beacon.ftl	Plumbing	Сантехника	DeepL refinement: terminology, proper names and grammatical context still need human review
ent-KsElevatorCallButton	Resources\Locale\en-US\_KS14\Localization\Prototypes\_KS14\Entities\Structures\Machines\elevator_call_button.ftl	elevator call button	кнопка вызова лифта	DeepL refinement: terminology, proper names and grammatical context still need human review
ent-KsElevatorCallButton	Resources\Locale\en-US\_KS14\Localization\Prototypes\_KS14\Entities\Structures\Machines\elevator_call_button.ftl	Calls an elevator to this floor.	Вызывает лифт на этот этаж.	DeepL refinement: terminology, proper names and grammatical context still need human review
ent-KsElevatorControllerCircuitboard	Resources\Locale\en-US\_KS14\Localization\Prototypes\_KS14\Entities\Objects\Devices\Circuitboards\computer_elevator.ftl	elevator controller board	плата управления лифтом	DeepL refinement: terminology, proper names and grammatical context still need human review
ent-KsElevatorControllerCircuitboard	Resources\Locale\en-US\_KS14\Localization\Prototypes\_KS14\Entities\Objects\Devices\Circuitboards\computer_elevator.ftl	A computer printed circuit board for an elevator controller.	Компьютерная печатная плата для контроллера лифта.	DeepL refinement: terminology, proper names and grammatical context still need human review
ent-KsElevatorDoor	Resources\Locale\en-US\_KS14\Localization\Prototypes\_KS14\Entities\Structures\Doors\elevator.ftl	elevator door	дверь лифта	DeepL refinement: terminology, proper names and grammatical context still need human review
ent-KsElevatorDoor	Resources\Locale\en-US\_KS14\Localization\Prototypes\_KS14\Entities\Structures\Doors\elevator.ftl	Will kill you.	Это убьёт вас.	DeepL refinement: terminology, proper names and grammatical context still need human review
ent-KsElevatorDoorOpen	Resources\Locale\en-US\_KS14\Localization\Prototypes\_KS14\Entities\Structures\Doors\elevator.ftl	elevator door	дверь лифта	DeepL refinement: terminology, proper names and grammatical context still need human review
ent-KsElevatorDoorOpen	Resources\Locale\en-US\_KS14\Localization\Prototypes\_KS14\Entities\Structures\Doors\elevator.ftl	Will kill you.	Это убьёт вас.	DeepL refinement: terminology, proper names and grammatical context still need human review
ent-KsElevatorDoorOpen	Resources\Locale\en-US\_KS14\Localization\Prototypes\_KS14\Entities\Structures\Doors\elevator.ftl	Open	Открыть	DeepL refinement: terminology, proper names and grammatical context still need human review
ent-KsFcActionMoveControlledNpc	Resources\Locale\en-US\_KS14\Localization\Prototypes\_KsModule\FieldCommand\control.ftl	Move controlled npc	Управление NPC	DeepL refinement: terminology, proper names and grammatical context still need human review
ent-KsFcActionMoveControlledNpc	Resources\Locale\en-US\_KS14\Localization\Prototypes\_KsModule\FieldCommand\control.ftl	Moves the npc you are currently controlling to any location you select	Перемещает NPC, которым вы в данный момент управляете, в любое выбранное вами место	DeepL refinement: terminology, proper names and grammatical context still need human review
ent-KsFcActionSelectControlledNpc	Resources\Locale\en-US\_KS14\Localization\Prototypes\_KsModule\FieldCommand\control.ftl	Select controlled npc	Выбрать управляемого NPC	DeepL refinement: terminology, proper names and grammatical context still need human review
ent-KsFcActionSelectControlledNpc	Resources\Locale\en-US\_KS14\Localization\Prototypes\_KsModule\FieldCommand\control.ftl	Selects an npc for you to control	Выбирает NPC, которым вы будете управлять	DeepL refinement: terminology, proper names and grammatical context still need human review
ent-KsFcActionSpawnAirstrike	Resources\Locale\en-US\_KS14\Localization\Prototypes\_KsModule\FieldCommand\spawn_actions.ftl	Deploy Airstrike	Нанести авиаудар	DeepL refinement: terminology, proper names and grammatical context still need human review
ent-KsFcActionSpawnAirstrike	Resources\Locale\en-US\_KS14\Localization\Prototypes\_KsModule\FieldCommand\spawn_actions.ftl	Deploys an airstrike at the location. One-time use.	Наносит авиаудар по указанному месту. Одноразовое использование.	DeepL refinement: terminology, proper names and grammatical context still need human review
ent-KsFcActionSpawnCombatantBulldog	Resources\Locale\en-US\_KS14\Localization\Prototypes\_KsModule\FieldCommand\spawn_actions.ftl	Deploy Elite Combatant (Bulldog)	Развернуть элитного бойца («Бульдог»)	DeepL refinement: terminology, proper names and grammatical context still need human review
ent-KsFcActionSpawnCombatantBulldog	Resources\Locale\en-US\_KS14\Localization\Prototypes\_KsModule\FieldCommand\spawn_actions.ftl	Deploys an elite combatant armed with a bulldog and some other goodies at the specified location. 45sec cooldown.	Размещает в указанном месте элитного бойца, вооружённого бульдогом и некоторыми другими приспособлениями. Время восстановления — 45 секунд.	DeepL refinement: terminology, proper names and grammatical context still need human review
ent-KsFcActionSpawnCombatantEstoc	Resources\Locale\en-US\_KS14\Localization\Prototypes\_KsModule\FieldCommand\spawn_actions.ftl	Deploy Elite Combatant (Estoc)	Развернуть элитного бойца (Estoc)	DeepL refinement: terminology, proper names and grammatical context still need human review
ent-KsFcActionSpawnCombatantEstoc	Resources\Locale\en-US\_KS14\Localization\Prototypes\_KsModule\FieldCommand\spawn_actions.ftl	Deploys an elite combatant armed with an estoc and some other goodies at the specified location. 45sec cooldown.	Размещает в указанном месте элитного бойца, вооружённого эстоком и некоторым другим снаряжением. Время восстановления — 45 секунд.	DeepL refinement: terminology, proper names and grammatical context still need human review
ent-KsFcActionSpawnCombatantPistol	Resources\Locale\en-US\_KS14\Localization\Prototypes\_KsModule\FieldCommand\spawn_actions.ftl	Deploy Combatant (Pistol) (2)	Развернуть бойца (пистолет) (2)	DeepL refinement: terminology, proper names and grammatical context still need human review
ent-KsFcActionSpawnCombatantPistol	Resources\Locale\en-US\_KS14\Localization\Prototypes\_KsModule\FieldCommand\spawn_actions.ftl	Deploys 2 combatants armed with a pistol and some other goodies each, at the specified location. 20sec cooldown.	Размещает в указанном месте 2 бойца, вооруженных пистолетом и некоторыми другими предметами. Время восстановления — 20 секунд.	DeepL refinement: terminology, proper names and grammatical context still need human review
ent-KsFcActionSpawnDriller	Resources\Locale\en-US\_KS14\Localization\Prototypes\_KsModule\FieldCommand\spawn_actions.ftl	Deploy Driller	Развернуть буровую установку	DeepL refinement: terminology, proper names and grammatical context still need human review
ent-KsFcActionSpawnDriller	Resources\Locale\en-US\_KS14\Localization\Prototypes\_KsModule\FieldCommand\spawn_actions.ftl	Deploys a heavy cyborg that drills toward the nearest objective to capture it.	Развертывает тяжелого киборга, который пробивается к ближайшей цели, чтобы захватить её.	DeepL refinement: terminology, proper names and grammatical context still need human review
ent-KsFcEye	Resources\Locale\en-US\_KS14\Localization\Prototypes\_KsModule\FieldCommand\view.ftl	field commander satellite view	Вид со спутника: полевой командир	DeepL refinement: terminology, proper names and grammatical context still need human review
ent-KsFcEye	Resources\Locale\en-US\_KS14\Localization\Prototypes\_KsModule\FieldCommand\view.ftl	The AI's viewer.	Визор ИИ.	DeepL refinement: terminology, proper names and grammatical context still need human review
ent-KsFcMobObjectiveCapper	Resources\Locale\en-US\_KS14\Localization\Prototypes\_KsModule\FieldCommand\mobs.ftl	objective borg	Цель: Борг	DeepL refinement: terminology, proper names and grammatical context still need human review
ent-KsFcMobObjectiveCapper	Resources\Locale\en-US\_KS14\Localization\Prototypes\_KsModule\FieldCommand\mobs.ftl	A dumb robot directed straight towards the nearest objective. Destroy it at all costs!	Безмозглый робот, направляющийся прямо к ближайшей цели. Уничтожьте его любой ценой!	DeepL refinement: terminology, proper names and grammatical context still need human review
ent-KsFlareSupplyPodMissile	Resources\Locale\en-US\_KS14\Localization\Prototypes\_KS14\Entities\Objects\SupplyPod\supplypod.ftl	airstrike flare	ракета-осветитель	DeepL refinement: terminology, proper names and grammatical context still need human review
ent-KsFlareSupplyPodMissile	Resources\Locale\en-US\_KS14\Localization\Prototypes\_KS14\Entities\Objects\SupplyPod\supplypod.ftl	Calls in a cruise missile to the location of the flare.	Вызывает крылатую ракету в направлении места запуска сигнальной ракеты.	DeepL refinement: terminology, proper names and grammatical context still need human review
ent-KsFlatpackBallisticTurretNanotrasenDisposable	Resources\Locale\en-US\_KS14\Localization\Prototypes\_KS14\Entities\Objects\Weapons\Guns\Turrets\turrets_ballistic.ftl	nanotrasen ballistic turret flatpack	Набор деталей для баллистической турели «Нанотрасен»	DeepL refinement: terminology, proper names and grammatical context still need human review
ent-KsFlatpackBallisticTurretNanotrasenDisposable	Resources\Locale\en-US\_KS14\Localization\Prototypes\_KS14\Entities\Objects\Weapons\Guns\Turrets\turrets_ballistic.ftl	A flatpack used for constructing a disposable, nanotrasen-aligned ballistic turret.	Набор деталей для сборки одноразовой баллистической турели, соответствующей стандартам «Нанотрасен».	DeepL refinement: terminology, proper names and grammatical context still need human review
ent-KsFloorMirrorEntity	Resources\Locale\en-US\_KS14\Localization\Prototypes\_KS14\Entities\Misc\mirrorfloor.ftl	reflective floor	отражающий пол	DeepL refinement: terminology, proper names and grammatical context still need human review
ent-KsFloorMirrorEntity	Resources\Locale\en-US\_KS14\Localization\Prototypes\_KS14\Entities\Misc\mirrorfloor.ftl	Clean.	Чистая версия.	DeepL refinement: terminology, proper names and grammatical context still need human review
ent-KsFloorMirrorEntity	Resources\Locale\en-US\_KS14\Localization\Prototypes\_KS14\Entities\Misc\mirrorfloor.ftl	Probably Laggy	Вероятно, с задержками	DeepL refinement: terminology, proper names and grammatical context still need human review
ent-KsGeyserArtifexium	Resources\Locale\en-US\_KS14\Localization\Prototypes\_KS14\Entities\Objects\Mining\geyser.ftl	undiscovered geyser	необнаруженный гейзер	DeepL refinement: terminology, proper names and grammatical context still need human review
ent-KsGeyserArtifexium	Resources\Locale\en-US\_KS14\Localization\Prototypes\_KS14\Entities\Objects\Mining\geyser.ftl	It's a geyser. When scanned, it will conveniently show up on mass scanners.	Это гейзер. При сканировании он будет удобно отображаться на масс-сканерах.	DeepL refinement: terminology, proper names and grammatical context still need human review
ent-KsGeyserArtifexium	Resources\Locale\en-US\_KS14\Localization\Prototypes\_KS14\Entities\Objects\Mining\geyser.ftl	Artifexium	Artifexium	DeepL refinement: terminology, proper names and grammatical context still need human review
ent-KsGeyserBase	Resources\Locale\en-US\_KS14\Localization\Prototypes\_KS14\Entities\Objects\Mining\geyser.ftl	undiscovered geyser	необнаруженный гейзер	DeepL refinement: terminology, proper names and grammatical context still need human review
ent-KsGeyserBase	Resources\Locale\en-US\_KS14\Localization\Prototypes\_KS14\Entities\Objects\Mining\geyser.ftl	It's a geyser. When scanned, it will conveniently show up on mass scanners.	Это гейзер. При сканировании он будет удобно отображаться на масс-сканерах.	DeepL refinement: terminology, proper names and grammatical context still need human review
ent-KsGeyserBaseRare	Resources\Locale\en-US\_KS14\Localization\Prototypes\_KS14\Entities\Objects\Mining\geyser.ftl	undiscovered geyser	необнаруженный гейзер	DeepL refinement: terminology, proper names and grammatical context still need human review
ent-KsGeyserBaseRare	Resources\Locale\en-US\_KS14\Localization\Prototypes\_KS14\Entities\Objects\Mining\geyser.ftl	It's a geyser. When scanned, it will conveniently show up on mass scanners.	Это гейзер. При сканировании он будет удобно отображаться на масс-сканерах.	DeepL refinement: terminology, proper names and grammatical context still need human review
ent-KsGeyserCarbonDioxide	Resources\Locale\en-US\_KS14\Localization\Prototypes\_KS14\Entities\Objects\Mining\geyser.ftl	undiscovered geyser	необнаруженный гейзер	DeepL refinement: terminology, proper names and grammatical context still need human review
ent-KsGeyserCarbonDioxide	Resources\Locale\en-US\_KS14\Localization\Prototypes\_KS14\Entities\Objects\Mining\geyser.ftl	It's a geyser. When scanned, it will conveniently show up on mass scanners.	Это гейзер. При сканировании он будет удобно отображаться на масс-сканерах.	DeepL refinement: terminology, proper names and grammatical context still need human review
ent-KsGeyserCarbonDioxide	Resources\Locale\en-US\_KS14\Localization\Prototypes\_KS14\Entities\Objects\Mining\geyser.ftl	CarbonDioxide	CarbonDioxide	DeepL refinement: terminology, proper names and grammatical context still need human review
ent-KsGeyserFresium	Resources\Locale\en-US\_KS14\Localization\Prototypes\_KS14\Entities\Objects\Mining\geyser.ftl	undiscovered geyser	необнаруженный гейзер	DeepL refinement: terminology, proper names and grammatical context still need human review
ent-KsGeyserFresium	Resources\Locale\en-US\_KS14\Localization\Prototypes\_KS14\Entities\Objects\Mining\geyser.ftl	It's a geyser. When scanned, it will conveniently show up on mass scanners.	Это гейзер. При сканировании он будет удобно отображаться на масс-сканерах.	DeepL refinement: terminology, proper names and grammatical context still need human review
ent-KsGeyserFresium	Resources\Locale\en-US\_KS14\Localization\Prototypes\_KS14\Entities\Objects\Mining\geyser.ftl	Fresium	Fresium	DeepL refinement: terminology, proper names and grammatical context still need human review
ent-KsGeyserKlovnide	Resources\Locale\en-US\_KS14\Localization\Prototypes\_KS14\Entities\Objects\Mining\geyser.ftl	undiscovered geyser	необнаруженный гейзер	DeepL refinement: terminology, proper names and grammatical context still need human review
ent-KsGeyserKlovnide	Resources\Locale\en-US\_KS14\Localization\Prototypes\_KS14\Entities\Objects\Mining\geyser.ftl	It's a geyser. When scanned, it will conveniently show up on mass scanners.	Это гейзер. При сканировании он будет удобно отображаться на масс-сканерах.	DeepL refinement: terminology, proper names and grammatical context still need human review
ent-KsGeyserKlovnide	Resources\Locale\en-US\_KS14\Localization\Prototypes\_KS14\Entities\Objects\Mining\geyser.ftl	Klovnide	Klovnide	DeepL refinement: terminology, proper names and grammatical context still need human review
ent-KsGeyserNitrogen	Resources\Locale\en-US\_KS14\Localization\Prototypes\_KS14\Entities\Objects\Mining\geyser.ftl	undiscovered geyser	необнаруженный гейзер	DeepL refinement: terminology, proper names and grammatical context still need human review
ent-KsGeyserNitrogen	Resources\Locale\en-US\_KS14\Localization\Prototypes\_KS14\Entities\Objects\Mining\geyser.ftl	It's a geyser. When scanned, it will conveniently show up on mass scanners.	Это гейзер. При сканировании он будет удобно отображаться на масс-сканерах.	DeepL refinement: terminology, proper names and grammatical context still need human review
ent-KsGeyserNitrogen	Resources\Locale\en-US\_KS14\Localization\Prototypes\_KS14\Entities\Objects\Mining\geyser.ftl	Nitrogen	Азот	DeepL refinement: terminology, proper names and grammatical context still need human review
ent-KsGeyserPlasma	Resources\Locale\en-US\_KS14\Localization\Prototypes\_KS14\Entities\Objects\Mining\geyser.ftl	undiscovered geyser	необнаруженный гейзер	DeepL refinement: terminology, proper names and grammatical context still need human review
ent-KsGeyserPlasma	Resources\Locale\en-US\_KS14\Localization\Prototypes\_KS14\Entities\Objects\Mining\geyser.ftl	It's a geyser. When scanned, it will conveniently show up on mass scanners.	Это гейзер. При сканировании он будет удобно отображаться на масс-сканерах.	DeepL refinement: terminology, proper names and grammatical context still need human review
ent-KsGeyserPlasma	Resources\Locale\en-US\_KS14\Localization\Prototypes\_KS14\Entities\Objects\Mining\geyser.ftl	Plasma	Плазма	DeepL refinement: terminology, proper names and grammatical context still need human review
ent-KsGeyserWittel	Resources\Locale\en-US\_KS14\Localization\Prototypes\_KS14\Entities\Objects\Mining\geyser.ftl	undiscovered geyser	необнаруженный гейзер	DeepL refinement: terminology, proper names and grammatical context still need human review
ent-KsGeyserWittel	Resources\Locale\en-US\_KS14\Localization\Prototypes\_KS14\Entities\Objects\Mining\geyser.ftl	It's a geyser. When scanned, it will conveniently show up on mass scanners.	Это гейзер. При сканировании он будет удобно отображаться на масс-сканерах.	DeepL refinement: terminology, proper names and grammatical context still need human review
ent-KsGeyserWittel	Resources\Locale\en-US\_KS14\Localization\Prototypes\_KS14\Entities\Objects\Mining\geyser.ftl	Wittel	Wittel	DeepL refinement: terminology, proper names and grammatical context still need human review
ent-KsGeyserZipium	Resources\Locale\en-US\_KS14\Localization\Prototypes\_KS14\Entities\Objects\Mining\geyser.ftl	undiscovered geyser	необнаруженный гейзер	DeepL refinement: terminology, proper names and grammatical context still need human review
ent-KsGeyserZipium	Resources\Locale\en-US\_KS14\Localization\Prototypes\_KS14\Entities\Objects\Mining\geyser.ftl	It's a geyser. When scanned, it will conveniently show up on mass scanners.	Это гейзер. При сканировании он будет удобно отображаться на масс-сканерах.	DeepL refinement: terminology, proper names and grammatical context still need human review
ent-KsGeyserZipium	Resources\Locale\en-US\_KS14\Localization\Prototypes\_KS14\Entities\Objects\Mining\geyser.ftl	Zipium	Zipium	DeepL refinement: terminology, proper names and grammatical context still need human review
ent-KsGrenadeChemical	Resources\Locale\en-US\_KS14\Localization\Prototypes\_KS14\Entities\Objects\Weapons\Guns\Ammunition\chemsplosives.ftl	chemical grenade round	химическая граната	DeepL refinement: terminology, proper names and grammatical context still need human review
ent-KsGrenadeChemical	Resources\Locale\en-US\_KS14\Localization\Prototypes\_KS14\Entities\Objects\Weapons\Guns\Ammunition\chemsplosives.ftl	A grenade round with a chemical payload fitted on the tip.	Граната с химическим зарядом, установленным на конце.	DeepL refinement: terminology, proper names and grammatical context still need human review
ent-KsGrenadeChemicalPresetCryogenic	Resources\Locale\en-US\_KS14\Localization\Prototypes\_KS14\Entities\Objects\Weapons\Guns\Ammunition\chemsplosives.ftl	chemical grenade round	химическая граната	DeepL refinement: terminology, proper names and grammatical context still need human review
ent-KsGrenadeChemicalPresetCryogenic	Resources\Locale\en-US\_KS14\Localization\Prototypes\_KS14\Entities\Objects\Weapons\Guns\Ammunition\chemsplosives.ftl	A grenade round that releases chemicals on impact. A deep blue stripe on the tip denotes a cryogenic payload.	Гранатовый патрон, выделяющий химические вещества при ударе. Тёмно-синяя полоса на конце обозначает криогенный заряд.	DeepL refinement: terminology, proper names and grammatical context still need human review
ent-KsGrenadeChemicalPresetCryogenic	Resources\Locale\en-US\_KS14\Localization\Prototypes\_KS14\Entities\Objects\Weapons\Guns\Ammunition\chemsplosives.ftl	Preset, Cryogenic	Пресет, «Криогенный»	DeepL refinement: terminology, proper names and grammatical context still need human review
ent-KsGrenadeChemicalPresetCryogenicBeakerA	Resources\Locale\en-US\_KS14\Localization\Prototypes\_KS14\Entities\Objects\Weapons\Guns\Ammunition\chemsplosives.ftl	beaker	стакан	DeepL refinement: terminology, proper names and grammatical context still need human review
ent-KsGrenadeChemicalPresetCryogenicBeakerA	Resources\Locale\en-US\_KS14\Localization\Prototypes\_KS14\Entities\Objects\Weapons\Guns\Ammunition\chemsplosives.ftl	Used to contain a moderate amount of chemicals and solutions.	Ранее в нём хранилось умеренное количество химикатов и растворов.	DeepL refinement: terminology, proper names and grammatical context still need human review
ent-KsGrenadeChemicalPresetCryogenicBeakerB	Resources\Locale\en-US\_KS14\Localization\Prototypes\_KS14\Entities\Objects\Weapons\Guns\Ammunition\chemsplosives.ftl	beaker	стакан	DeepL refinement: terminology, proper names and grammatical context still need human review
ent-KsGrenadeChemicalPresetCryogenicBeakerB	Resources\Locale\en-US\_KS14\Localization\Prototypes\_KS14\Entities\Objects\Weapons\Guns\Ammunition\chemsplosives.ftl	Used to contain a moderate amount of chemicals and solutions.	Ранее в нём хранилось умеренное количество химикатов и растворов.	DeepL refinement: terminology, proper names and grammatical context still need human review
ent-KsGrenadeChemicalPresetIncendiary	Resources\Locale\en-US\_KS14\Localization\Prototypes\_KS14\Entities\Objects\Weapons\Guns\Ammunition\chemsplosives.ftl	chemical grenade round	химическая граната	DeepL refinement: terminology, proper names and grammatical context still need human review
ent-KsGrenadeChemicalPresetIncendiary	Resources\Locale\en-US\_KS14\Localization\Prototypes\_KS14\Entities\Objects\Weapons\Guns\Ammunition\chemsplosives.ftl	A grenade round that releases chemicals on impact. An orange stripe on the tip denotes an incendiary payload.	Граната, выделяющая химические вещества при ударе. Оранжевая полоса на наконечнике обозначает заряд зажигательного вещества.	DeepL refinement: terminology, proper names and grammatical context still need human review
ent-KsGrenadeChemicalPresetIncendiary	Resources\Locale\en-US\_KS14\Localization\Prototypes\_KS14\Entities\Objects\Weapons\Guns\Ammunition\chemsplosives.ftl	Preset, Incendiary	Пресет, Зажигательный	DeepL refinement: terminology, proper names and grammatical context still need human review
ent-KsGrenadeChemicalPresetIncendiaryBeakerA	Resources\Locale\en-US\_KS14\Localization\Prototypes\_KS14\Entities\Objects\Weapons\Guns\Ammunition\chemsplosives.ftl	beaker	стакан	DeepL refinement: terminology, proper names and grammatical context still need human review
ent-KsGrenadeChemicalPresetIncendiaryBeakerA	Resources\Locale\en-US\_KS14\Localization\Prototypes\_KS14\Entities\Objects\Weapons\Guns\Ammunition\chemsplosives.ftl	Used to contain a moderate amount of chemicals and solutions.	Ранее в нём хранилось умеренное количество химикатов и растворов.	DeepL refinement: terminology, proper names and grammatical context still need human review
ent-KsGrenadeChemicalPresetIncendiaryBeakerB	Resources\Locale\en-US\_KS14\Localization\Prototypes\_KS14\Entities\Objects\Weapons\Guns\Ammunition\chemsplosives.ftl	beaker	стакан	DeepL refinement: terminology, proper names and grammatical context still need human review
ent-KsGrenadeChemicalPresetIncendiaryBeakerB	Resources\Locale\en-US\_KS14\Localization\Prototypes\_KS14\Entities\Objects\Weapons\Guns\Ammunition\chemsplosives.ftl	Used to contain a moderate amount of chemicals and solutions.	Ранее в нём хранилось умеренное количество химикатов и растворов.	DeepL refinement: terminology, proper names and grammatical context still need human review
ent-KsGrenadeChemicalPresetToxic	Resources\Locale\en-US\_KS14\Localization\Prototypes\_KS14\Entities\Objects\Weapons\Guns\Ammunition\chemsplosives.ftl	chemical grenade round	химическая граната	DeepL refinement: terminology, proper names and grammatical context still need human review
ent-KsGrenadeChemicalPresetToxic	Resources\Locale\en-US\_KS14\Localization\Prototypes\_KS14\Entities\Objects\Weapons\Guns\Ammunition\chemsplosives.ftl	A grenade round that releases chemicals on impact. A pink stripe on the tip denotes a toxic payload.	Граната, выделяющая химические вещества при ударе. Розовая полоска на конце указывает на наличие токсичного заряда.	DeepL refinement: terminology, proper names and grammatical context still need human review
ent-KsGrenadeChemicalPresetToxic	Resources\Locale\en-US\_KS14\Localization\Prototypes\_KS14\Entities\Objects\Weapons\Guns\Ammunition\chemsplosives.ftl	Preset, Toxic	Пресет «Токсичный»	DeepL refinement: terminology, proper names and grammatical context still need human review
ent-KsGrenadeChemicalPresetToxicBeakerA	Resources\Locale\en-US\_KS14\Localization\Prototypes\_KS14\Entities\Objects\Weapons\Guns\Ammunition\chemsplosives.ftl	beaker	стакан	DeepL refinement: terminology, proper names and grammatical context still need human review
ent-KsGrenadeChemicalPresetToxicBeakerA	Resources\Locale\en-US\_KS14\Localization\Prototypes\_KS14\Entities\Objects\Weapons\Guns\Ammunition\chemsplosives.ftl	Used to contain a moderate amount of chemicals and solutions.	Ранее в нём хранилось умеренное количество химикатов и растворов.	DeepL refinement: terminology, proper names and grammatical context still need human review
ent-KsGrenadeChemicalPresetToxicBeakerB	Resources\Locale\en-US\_KS14\Localization\Prototypes\_KS14\Entities\Objects\Weapons\Guns\Ammunition\chemsplosives.ftl	beaker	стакан	DeepL refinement: terminology, proper names and grammatical context still need human review
ent-KsGrenadeChemicalPresetToxicBeakerB	Resources\Locale\en-US\_KS14\Localization\Prototypes\_KS14\Entities\Objects\Weapons\Guns\Ammunition\chemsplosives.ftl	Used to contain a moderate amount of chemicals and solutions.	Ранее в нём хранилось умеренное количество химикатов и растворов.	DeepL refinement: terminology, proper names and grammatical context still need human review
ent-KsGridSpawnerMarkerGeneric	Resources\Locale\en-US\_KS14\Localization\Prototypes\_KS14\Scenarios\structures.ftl	grid-spawner marker	маркер появления на сетке	DeepL refinement: terminology, proper names and grammatical context still need human review
ent-KsGridSpawnerMarkerGeneric	Resources\Locale\en-US\_KS14\Localization\Prototypes\_KS14\Scenarios\structures.ftl	This is for marking where grid spawners are. Add a KsGridSpawner component to this and set the path, and the grid will load here on mapinit.	Это нужно для обозначения мест, где находятся спаунеры сетки. Добавьте к этому компонент KsGridSpawner и задайте путь, и сетка загрузится здесь при вызове mapinit.	DeepL refinement: terminology, proper names and grammatical context still need human review
ent-KsGridSpawnerMarkerGeneric	Resources\Locale\en-US\_KS14\Localization\Prototypes\_KS14\Scenarios\structures.ftl	VV me	VV me	DeepL refinement: terminology, proper names and grammatical context still need human review
ent-KsLightBulbHazardYellow	Resources\Locale\en-US\_KS14\Localization\Prototypes\_KS14\Entities\Structures\Lighting\hazard_lighting.ftl	yellow hazard light bulb	желтая лампочка, сигнализирующая об опасности	DeepL refinement: terminology, proper names and grammatical context still need human review
ent-KsLobbyViewMarker	Resources\Locale\en-US\_KS14\Localization\Prototypes\_KS14\Entities\Markers\lobbyview.ftl	lobby view marker	маркер вида в лобби	DeepL refinement: terminology, proper names and grammatical context still need human review
ent-KsLobbyViewMarker	Resources\Locale\en-US\_KS14\Localization\Prototypes\_KS14\Entities\Markers\lobbyview.ftl	NoFOV, Only If You Know What You're Doing	NoFOV — только если знаешь, что делаешь	DeepL refinement: terminology, proper names and grammatical context still need human review
ent-KsLobbyViewMarkerFov	Resources\Locale\en-US\_KS14\Localization\Prototypes\_KS14\Entities\Markers\lobbyview.ftl	lobby view marker	маркер вида в лобби	DeepL refinement: terminology, proper names and grammatical context still need human review
ent-KsLobbyViewMarkerFov	Resources\Locale\en-US\_KS14\Localization\Prototypes\_KS14\Entities\Markers\lobbyview.ftl	W/FOV, Only If You Know What You're Doing	С полем обзора (FOV), только если знаете, что делаете	DeepL refinement: terminology, proper names and grammatical context still need human review
ent-KsMachineDatalinkPublicBeacon	Resources\Locale\en-US\_KS14\Localization\Prototypes\_KS14\Entities\Structures\Machines\datalink.ftl	public datalink beacon	общедоступный маяк передачи данных	DeepL refinement: terminology, proper names and grammatical context still need human review
ent-KsMachineDatalinkPublicBeacon	Resources\Locale\en-US\_KS14\Localization\Prototypes\_KS14\Entities\Structures\Machines\datalink.ftl	A public navigation beacon. It announces this grid's position on every datalink channel across the whole sector, so anyone listening can see it. Meant for stations and public landmarks.	Общественный навигационный маяк. Он передает координаты этой сетки по всем каналам передачи данных в пределах всего сектора, так что любой, кто находится на приёме, может их увидеть. Предназначен для станций и общественных ориентиров.	DeepL refinement: terminology, proper names and grammatical context still need human review
ent-KsMachineDatalinkPublicBeacon	Resources\Locale\en-US\_KS14\Localization\Prototypes\_KS14\Entities\Structures\Machines\datalink.ftl	public, powered, destroyable	общедоступные, с питанием, подверженные разрушению	DeepL refinement: terminology, proper names and grammatical context still need human review
ent-KsMachineDatalinkPublicBeaconPermanent	Resources\Locale\en-US\_KS14\Localization\Prototypes\_KS14\Entities\Structures\Machines\datalink.ftl	public datalink beacon	общедоступный маяк передачи данных	DeepL refinement: terminology, proper names and grammatical context still need human review
ent-KsMachineDatalinkPublicBeaconPermanent	Resources\Locale\en-US\_KS14\Localization\Prototypes\_KS14\Entities\Structures\Machines\datalink.ftl	A permanently-running public navigation beacon. It announces this grid's position on every datalink channel across the whole sector, so anyone listening can see it - and nothing short of deleting the grid will silence it.	Постоянно работающий общедоступный навигационный маяк. Он передает координаты этой сетки по всем каналам передачи данных во всем секторе, так что любой, кто настраивается на эти каналы, может их увидеть — и заставить его замолчать можно только удалив саму сетку.	DeepL refinement: terminology, proper names and grammatical context still need human review
ent-KsMachineDatalinkPublicBeaconPermanent	Resources\Locale\en-US\_KS14\Localization\Prototypes\_KS14\Entities\Structures\Machines\datalink.ftl	public, indestructible, unpowered	общедоступная, неуничтожимая, без источника питания	DeepL refinement: terminology, proper names and grammatical context still need human review
ent-KsMachineDatalinkReceiver	Resources\Locale\en-US\_KS14\Localization\Prototypes\_KS14\Entities\Structures\Machines\datalink.ftl	datalink receiver	приемник данных	DeepL refinement: terminology, proper names and grammatical context still need human review
ent-KsMachineDatalinkReceiver	Resources\Locale\en-US\_KS14\Localization\Prototypes\_KS14\Entities\Structures\Machines\datalink.ftl	Listens on a tunable frequency and folds whatever it hears into this grid's sensor picture - an easy way to borrow another grid's eyes, if you can guess their channel.	Приемник настраивается на нужную частоту и отображает всё услышанное на сенсорной карте этой сетки — это простой способ «заимствовать» глаза другой сетки, если удастся угадать её канал.	DeepL refinement: terminology, proper names and grammatical context still need human review
ent-KsMachineDatalinkReceiverCircuitboard	Resources\Locale\en-US\_KS14\Localization\Prototypes\_KS14\Entities\Structures\Machines\datalink.ftl	datalink receiver machine board	плата приемника канала передачи данных	DeepL refinement: terminology, proper names and grammatical context still need human review
ent-KsMachineDatalinkReceiverCircuitboard	Resources\Locale\en-US\_KS14\Localization\Prototypes\_KS14\Entities\Structures\Machines\datalink.ftl	An electronics board used in datalink receivers.	Электронная плата, используемая в приемниках каналов передачи данных.	DeepL refinement: terminology, proper names and grammatical context still need human review
ent-KsMachineDatalinkTransmitter	Resources\Locale\en-US\_KS14\Localization\Prototypes\_KS14\Entities\Structures\Machines\datalink.ftl	datalink transmitter	передатчик данных	DeepL refinement: terminology, proper names and grammatical context still need human review
ent-KsMachineDatalinkTransmitter	Resources\Locale\en-US\_KS14\Localization\Prototypes\_KS14\Entities\Structures\Machines\datalink.ftl	Broadcasts everything this grid's sensors know on a tunable frequency. Anyone listening on the same channel hears it - allies and enemies alike.	Передает всю информацию, полученную датчиками этой сетки, на настраиваемой частоте. Любой, кто слушает на том же канале, слышит её — как союзники, так и враги.	DeepL refinement: terminology, proper names and grammatical context still need human review
ent-KsMachineDatalinkTransmitterCircuitboard	Resources\Locale\en-US\_KS14\Localization\Prototypes\_KS14\Entities\Structures\Machines\datalink.ftl	datalink transmitter machine board	плата передатчика канала передачи данных	DeepL refinement: terminology, proper names and grammatical context still need human review
ent-KsMachineDatalinkTransmitterCircuitboard	Resources\Locale\en-US\_KS14\Localization\Prototypes\_KS14\Entities\Structures\Machines\datalink.ftl	An electronics board used in datalink transmitters.	Электронная плата, используемая в передатчиках канала передачи данных.	DeepL refinement: terminology, proper names and grammatical context still need human review
ent-KsMachineElint	Resources\Locale\en-US\_KS14\Localization\Prototypes\_KS14\Entities\Structures\Machines\sensors.ftl	ELINT array	Антенная решетка ELINT	DeepL refinement: terminology, proper names and grammatical context still need human review
ent-KsMachineElint	Resources\Locale\en-US\_KS14\Localization\Prototypes\_KS14\Entities\Structures\Machines\sensors.ftl	An electronic-intelligence mast. It emits nothing; it only listens for active radars and jammers and reads back the direction their emissions come from. Cross its bearings with a datalinked ally's to fix an emitter. It runs deaf while your own ship is emitting.	Мачта радиотехнической разведки. Она ничего не излучает; она только улавливает сигналы активных радаров и глушителей и определяет направление их излучения. Скрестите полученные данные с данными союзника, подключенного по каналу передачи данных, чтобы определить местонахождение источника излучения. Мачта не работает, пока ваш собственный корабль излучает сигнал.	DeepL refinement: terminology, proper names and grammatical context still need human review
ent-KsMachineElintCircuitboard	Resources\Locale\en-US\_KS14\Localization\Prototypes\_KS14\Entities\Structures\Machines\sensors.ftl	ELINT array machine board	Плата антенной решетки ELINT	DeepL refinement: terminology, proper names and grammatical context still need human review
ent-KsMachineElintCircuitboard	Resources\Locale\en-US\_KS14\Localization\Prototypes\_KS14\Entities\Structures\Machines\sensors.ftl	An electronics board used in ELINT arrays.	Электронная плата, используемая в антенных решетках ELINT.	DeepL refinement: terminology, proper names and grammatical context still need human review
ent-KsMachineIrst	Resources\Locale\en-US\_KS14\Localization\Prototypes\_KS14\Entities\Structures\Machines\sensors.ftl	IRST array	Массив IRST	DeepL refinement: terminology, proper names and grammatical context still need human review
ent-KsMachineIrst	Resources\Locale\en-US\_KS14\Localization\Prototypes\_KS14\Entities\Structures\Machines\sensors.ftl	An infrared search and track mast. It hunts ships by the heat bleeding off their hull, seeing far past the naked eye, though a cold or well-shielded target slips right past it.	Мачта инфракрасного поиска и слежения. Она выявляет корабли по тепловому излучению их корпусов, позволяя видеть гораздо дальше, чем видит невооруженный глаз, хотя холодная или хорошо экранированная цель может остаться незамеченной.	DeepL refinement: terminology, proper names and grammatical context still need human review
ent-KsMachineIrstCircuitboard	Resources\Locale\en-US\_KS14\Localization\Prototypes\_KS14\Entities\Structures\Machines\sensors.ftl	IRST array machine board	Плата антенной решетки IRST	DeepL refinement: terminology, proper names and grammatical context still need human review
ent-KsMachineIrstCircuitboard	Resources\Locale\en-US\_KS14\Localization\Prototypes\_KS14\Entities\Structures\Machines\sensors.ftl	An electronics board used in IRST arrays.	Электронная плата, используемая в массивах ИК-систем обнаружения целей (IRST).	DeepL refinement: terminology, proper names and grammatical context still need human review
ent-KsMachineJammer	Resources\Locale\en-US\_KS14\Localization\Prototypes\_KS14\Entities\Structures\Machines\sensors.ftl	jammer array	комплекс радиопомех	DeepL refinement: terminology, proper names and grammatical context still need human review
ent-KsMachineJammer	Resources\Locale\en-US\_KS14\Localization\Prototypes\_KS14\Entities\Structures\Machines\sensors.ftl	A radar jammer. It floods a wedge ahead of the mount with noise, blinding every radar-emitting ship caught in it, friend or foe, until they close to burn-through range. It emits nothing a sensor reads as a contact, but ELINT hears it plainly as a jammer.	Устройство подавления радиолокационных сигналов. Оно заполняет пространство перед точкой установки шумом, ослепляя все корабли, излучающие радиолокационные сигналы, попавшие в зону действия — как дружественные, так и вражеские — до тех пор, пока они не приблизятся на расстояние, позволяющее пробить помехи. Оно не излучает ничего, что датчики могли бы интерпретировать как контакт, но система радиотехнической разведки (ELINT) четко распознает его как устройство подавления сигналов.	DeepL refinement: terminology, proper names and grammatical context still need human review
ent-KsMachineJammerCircuitboard	Resources\Locale\en-US\_KS14\Localization\Prototypes\_KS14\Entities\Structures\Machines\sensors.ftl	jammer array machine board	панель управления системой радиопомех	DeepL refinement: terminology, proper names and grammatical context still need human review
ent-KsMachineJammerCircuitboard	Resources\Locale\en-US\_KS14\Localization\Prototypes\_KS14\Entities\Structures\Machines\sensors.ftl	An electronics board used in jammer arrays.	Электронная плата, используемая в системах радиопомех.	DeepL refinement: terminology, proper names and grammatical context still need human review
ent-KsMachineRadar	Resources\Locale\en-US\_KS14\Localization\Prototypes\_KS14\Entities\Structures\Machines\sensors.ftl	radar array	радиолокационная антенна	DeepL refinement: terminology, proper names and grammatical context still need human review
ent-KsMachineRadar	Resources\Locale\en-US\_KS14\Localization\Prototypes\_KS14\Entities\Structures\Machines\sensors.ftl	An active radar mast. It floods the black with pulses and reads the echoes, seeing far and clearly even through cold and dark, but every sweep is a beacon that enemy ELINT can home in on from twice as far as the radar can resolve.	Рабочая радиолокационная мачта. Она наполняет космос импульсами и улавливает эхо-сигналы, позволяя видеть далеко и четко даже в холоде и темноте, но каждый обзор служит маяком, по которому вражеская радиоразведка может навестись с расстояния, вдвое превышающего дальность обнаружения радара.	DeepL refinement: terminology, proper names and grammatical context still need human review
ent-KsMachineRadarCircuitboard	Resources\Locale\en-US\_KS14\Localization\Prototypes\_KS14\Entities\Structures\Machines\sensors.ftl	radar array machine board	панель управления радиолокационной антенной	DeepL refinement: terminology, proper names and grammatical context still need human review
ent-KsMachineRadarCircuitboard	Resources\Locale\en-US\_KS14\Localization\Prototypes\_KS14\Entities\Structures\Machines\sensors.ftl	An electronics board used in radar arrays.	Электронная плата, используемая в радиолокационных антенных решетках.	DeepL refinement: terminology, proper names and grammatical context still need human review
ent-KsMachineRwr	Resources\Locale\en-US\_KS14\Localization\Prototypes\_KS14\Entities\Structures\Machines\sensors.ftl	radar warning receiver	приемник радиолокационных сигналов	DeepL refinement: terminology, proper names and grammatical context still need human review
ent-KsMachineRwr	Resources\Locale\en-US\_KS14\Localization\Prototypes\_KS14\Entities\Structures\Machines\sensors.ftl	A cheap warning antenna. It hears only emissions that actually illuminate the ship - a radar beam painting the hull, a jam wedge washing over it - and reads back the direction they come from. Unlike an ELINT mast it keeps warning even while your own ship is emitting.	Недорогая предупреждающая антенна. Она улавливает только излучения, которые непосредственно освещают корабль — радиолокационный луч, охватывающий корпус, или волну радиопомех, обрушивающуюся на него — и определяет направление их поступления. В отличие от мачты ELINT, она продолжает подавать предупреждения даже тогда, когда ваш собственный корабль излучает.	DeepL refinement: terminology, proper names and grammatical context still need human review
ent-KsMachineRwrCircuitboard	Resources\Locale\en-US\_KS14\Localization\Prototypes\_KS14\Entities\Structures\Machines\sensors.ftl	radar warning receiver machine board	плата приемника радиолокационного предупреждения	DeepL refinement: terminology, proper names and grammatical context still need human review
ent-KsMachineRwrCircuitboard	Resources\Locale\en-US\_KS14\Localization\Prototypes\_KS14\Entities\Structures\Machines\sensors.ftl	An electronics board used in radar warning receivers.	Электронная плата, используемая в радиолокационных предупреждающих приемниках.	DeepL refinement: terminology, proper names and grammatical context still need human review
ent-KsMachineVisualSearch	Resources\Locale\en-US\_KS14\Localization\Prototypes\_KS14\Entities\Structures\Machines\sensors.ftl	optical search array	оптическая система поиска	DeepL refinement: terminology, proper names and grammatical context still need human review
ent-KsMachineVisualSearch	Resources\Locale\en-US\_KS14\Localization\Prototypes\_KS14\Entities\Structures\Machines\sensors.ftl	A gimballed optics mast that picks out ships against the black by eye alone. Short-ranged but reliable.	Мачта с карданной оптикой, которая визуально выявляет корабли на фоне космоса. Дальность действия небольшая, но надежность высокая.	DeepL refinement: terminology, proper names and grammatical context still need human review
ent-KsMachineVisualSearchCircuitboard	Resources\Locale\en-US\_KS14\Localization\Prototypes\_KS14\Entities\Structures\Machines\sensors.ftl	optical search array machine board	плата оптической поисковой системы	DeepL refinement: terminology, proper names and grammatical context still need human review
ent-KsMachineVisualSearchCircuitboard	Resources\Locale\en-US\_KS14\Localization\Prototypes\_KS14\Entities\Structures\Machines\sensors.ftl	An electronics board used in optical search arrays.	Электронная плата, используемая в оптических поисковых массивах.	DeepL refinement: terminology, proper names and grammatical context still need human review
ent-KsMarkerNpcCamping	Resources\Locale\en-US\_KS14\Localization\Prototypes\_KS14\Entities\Markers\npc.ftl	camping marker	маркер места для кемпинга	DeepL refinement: terminology, proper names and grammatical context still need human review
ent-KsMarkerNpcCamping	Resources\Locale\en-US\_KS14\Localization\Prototypes\_KS14\Entities\Markers\npc.ftl	KS14, NPC Camping Spot Marker	KS14, маркер места для кемпинга NPC	DeepL refinement: terminology, proper names and grammatical context still need human review
ent-KsMassRejuvenateAll2	Resources\Locale\en-US\_KS14\Localization\Prototypes\_KS14\Entities\Markers\mass_rejuvenate.ftl	mass rejuvenate marker	маркер массового омоложения	DeepL refinement: terminology, proper names and grammatical context still need human review
ent-KsMassRejuvenateAll2	Resources\Locale\en-US\_KS14\Localization\Prototypes\_KS14\Entities\Markers\mass_rejuvenate.ftl	Fully heals everything around it when the map loads, then disappears.	Полностью восстанавливает здоровье всего, что находится вокруг, при загрузке карты, а затем исчезает.	DeepL refinement: terminology, proper names and grammatical context still need human review
ent-KsMassRejuvenateAll2	Resources\Locale\en-US\_KS14\Localization\Prototypes\_KS14\Entities\Markers\mass_rejuvenate.ftl	All entities, 2 tiles	Все объекты, 2 тайла	DeepL refinement: terminology, proper names and grammatical context still need human review
ent-KsMassRejuvenateAll4	Resources\Locale\en-US\_KS14\Localization\Prototypes\_KS14\Entities\Markers\mass_rejuvenate.ftl	mass rejuvenate marker	маркер массового омоложения	DeepL refinement: terminology, proper names and grammatical context still need human review
ent-KsMassRejuvenateAll4	Resources\Locale\en-US\_KS14\Localization\Prototypes\_KS14\Entities\Markers\mass_rejuvenate.ftl	Fully heals everything around it when the map loads, then disappears.	Полностью восстанавливает здоровье всего, что находится вокруг, при загрузке карты, а затем исчезает.	DeepL refinement: terminology, proper names and grammatical context still need human review
ent-KsMassRejuvenateAll4	Resources\Locale\en-US\_KS14\Localization\Prototypes\_KS14\Entities\Markers\mass_rejuvenate.ftl	All entities, 4 tiles	Все объекты, 4 плитки	DeepL refinement: terminology, proper names and grammatical context still need human review
ent-KsMassRejuvenateMarkerBase	Resources\Locale\en-US\_KS14\Localization\Prototypes\_KS14\Entities\Markers\mass_rejuvenate.ftl	mass rejuvenate marker	маркер массового омоложения	DeepL refinement: terminology, proper names and grammatical context still need human review
ent-KsMassRejuvenateMarkerBase	Resources\Locale\en-US\_KS14\Localization\Prototypes\_KS14\Entities\Markers\mass_rejuvenate.ftl	Fully heals everything around it when the map loads, then disappears.	Полностью восстанавливает здоровье всего, что находится вокруг, при загрузке карты, а затем исчезает.	DeepL refinement: terminology, proper names and grammatical context still need human review
ent-KsMassRejuvenatePlayers2	Resources\Locale\en-US\_KS14\Localization\Prototypes\_KS14\Entities\Markers\mass_rejuvenate.ftl	mass rejuvenate marker	маркер массового омоложения	DeepL refinement: terminology, proper names and grammatical context still need human review
ent-KsMassRejuvenatePlayers2	Resources\Locale\en-US\_KS14\Localization\Prototypes\_KS14\Entities\Markers\mass_rejuvenate.ftl	Fully heals everything around it when the map loads, then disappears.	Полностью восстанавливает здоровье всего, что находится вокруг, при загрузке карты, а затем исчезает.	DeepL refinement: terminology, proper names and grammatical context still need human review
ent-KsMassRejuvenatePlayers2	Resources\Locale\en-US\_KS14\Localization\Prototypes\_KS14\Entities\Markers\mass_rejuvenate.ftl	Players, 2 tiles	Игроки: 2 плитки	DeepL refinement: terminology, proper names and grammatical context still need human review
ent-KsMassRejuvenatePlayers4	Resources\Locale\en-US\_KS14\Localization\Prototypes\_KS14\Entities\Markers\mass_rejuvenate.ftl	mass rejuvenate marker	маркер массового омоложения	DeepL refinement: terminology, proper names and grammatical context still need human review
ent-KsMassRejuvenatePlayers4	Resources\Locale\en-US\_KS14\Localization\Prototypes\_KS14\Entities\Markers\mass_rejuvenate.ftl	Fully heals everything around it when the map loads, then disappears.	Полностью восстанавливает здоровье всего, что находится вокруг, при загрузке карты, а затем исчезает.	DeepL refinement: terminology, proper names and grammatical context still need human review
ent-KsMassRejuvenatePlayers4	Resources\Locale\en-US\_KS14\Localization\Prototypes\_KS14\Entities\Markers\mass_rejuvenate.ftl	Players, 4 tiles	Игроки: 4 плитки	DeepL refinement: terminology, proper names and grammatical context still need human review
ent-KsMeleeDebugDismember	Resources\Locale\en-US\_KS14\Localization\Prototypes\_KS14\Entities\Debugging\debug_sweps.ftl	bang stick dismemberer	«Банг-стик» — устройство для расчленения	DeepL refinement: terminology, proper names and grammatical context still need human review
ent-KsMeleeDebugDismember	Resources\Locale\en-US\_KS14\Localization\Prototypes\_KS14\Entities\Debugging\debug_sweps.ftl	DEBUG	DEBUG	DeepL refinement: terminology, proper names and grammatical context still need human review
ent-KsMobCasimera	Resources\Locale\en-US\_KS14\Localization\Prototypes\_KsModule\Entities\Mobs\Hallucination\casimera.ftl	casimera	casimera	DeepL refinement: terminology, proper names and grammatical context still need human review
ent-KsMobCasimera	Resources\Locale\en-US\_KS14\Localization\Prototypes\_KsModule\Entities\Mobs\Hallucination\casimera.ftl	It is a middle-aged ???.\nIt is not hold1ng' anyth1ng.\n\nThere ar r r r -. so . b seen.\nAll body-parts are visibly missing.	Это человек средних лет ???.\nОн ничего не держит.\n\nТам р р р р —. так что... видно.\nВидно, что отсутствуют все части тела.	DeepL refinement: terminology, proper names and grammatical context still need human review
ent-KsMobCasimeraCorpse	Resources\Locale\en-US\_KS14\Localization\Prototypes\_KsModule\Entities\Mobs\Hallucination\casimera.ftl	faceless corpse	труп без лица	DeepL refinement: terminology, proper names and grammatical context still need human review
ent-KsMobCasimeraCorpse	Resources\Locale\en-US\_KS14\Localization\Prototypes\_KsModule\Entities\Mobs\Hallucination\casimera.ftl	Look inside..	Загляните внутрь...	DeepL refinement: terminology, proper names and grammatical context still need human review
ent-KsMobCasimeraMirage	Resources\Locale\en-US\_KS14\Localization\Prototypes\_KsModule\Entities\Mobs\Hallucination\casimera.ftl	you?	А вы?	DeepL refinement: terminology, proper names and grammatical context still need human review
ent-KsMobCasimeraMirage	Resources\Locale\en-US\_KS14\Localization\Prototypes\_KsModule\Entities\Mobs\Hallucination\casimera.ftl	It is a middle-aged ???.\nIt is not hold1ng' anyth1ng.\n\nThere ar r r r -. so . b seen.\nAll body-parts are visibly missing.	Это человек средних лет ???.\nОн ничего не держит.\n\nТам р р р р —. так что... видно.\nВидно, что отсутствуют все части тела.	DeepL refinement: terminology, proper names and grammatical context still need human review
ent-KsMobCasimeraMirage	Resources\Locale\en-US\_KS14\Localization\Prototypes\_KsModule\Entities\Mobs\Hallucination\casimera.ftl	Casimera, Mirage	Casimera, Mirage	DeepL refinement: terminology, proper names and grammatical context still need human review
ent-KsMobDodgenn	Resources\Locale\en-US\_KS14\Localization\Prototypes\_KS14\Entities\Mobs\Boss\dodgenn.ftl	Albert Wesker	Альберт Вескер	DeepL refinement: terminology, proper names and grammatical context still need human review
ent-KsMobDodgenn	Resources\Locale\en-US\_KS14\Localization\Prototypes\_KS14\Entities\Mobs\Boss\dodgenn.ftl	7 minutes. 7 minutes is all I have to play with you.	7 минут. У меня есть всего 7 минут, чтобы поиграть с тобой.	DeepL refinement: terminology, proper names and grammatical context still need human review
ent-KsMobHumanNugget	Resources\Locale\en-US\_KS14\Localization\Prototypes\_KS14\Body\Species\nugget.ftl	Urist McNugget	Урист Макнаггет	DeepL refinement: terminology, proper names and grammatical context still need human review
ent-KsMobNightmare	Resources\Locale\en-US\_KS14\Localization\Prototypes\_KsModule\Entities\Mobs\Hallucination\nightmare.ftl	██-X04's Project ████	Проект ██-X04 ████	DeepL refinement: terminology, proper names and grammatical context still need human review
ent-KsMobNightmare	Resources\Locale\en-US\_KS14\Localization\Prototypes\_KsModule\Entities\Mobs\Hallucination\nightmare.ftl	It is you.\nIt is holding what you are holding.\n\nIt has been standing there for a while.\nIt is not breathing. Neither are you, now that you notice.	Это ты.\nЭто то, что ты держишь в руках.\n\nОно стоит там уже некоторое время.\nОно не дышит. Как и ты, если внимательно присмотреться.	DeepL refinement: terminology, proper names and grammatical context still need human review
ent-KsMobNightmare	Resources\Locale\en-US\_KS14\Localization\Prototypes\_KsModule\Entities\Mobs\Hallucination\nightmare.ftl	Nightmare, Boss	Кошмар, Босс	DeepL refinement: terminology, proper names and grammatical context still need human review
ent-KsModActionCasimeraBoo	Resources\Locale\en-US\_KS14\Localization\Prototypes\_KsModule\Entities\Mobs\Hallucination\casimera.ftl	boo	бу	DeepL refinement: terminology, proper names and grammatical context still need human review
ent-KsModActionCasimeraDash	Resources\Locale\en-US\_KS14\Localization\Prototypes\_KsModule\Entities\Mobs\Hallucination\casimera.ftl	dash	dash	DeepL refinement: terminology, proper names and grammatical context still need human review
ent-KsModActionCasimeraEat	Resources\Locale\en-US\_KS14\Localization\Prototypes\_KsModule\Entities\Mobs\Hallucination\casimera.ftl	eat	есть	DeepL refinement: terminology, proper names and grammatical context still need human review
ent-KsModActionNightmareFear	Resources\Locale\en-US\_KS14\Localization\Prototypes\_KsModule\Entities\Mobs\Hallucination\nightmare.ftl	strike fear	вселяет страх	DeepL refinement: terminology, proper names and grammatical context still need human review
ent-KsModActionNightmareFlash	Resources\Locale\en-US\_KS14\Localization\Prototypes\_KsModule\Entities\Mobs\Hallucination\nightmare.ftl	flash	Flash	DeepL refinement: terminology, proper names and grammatical context still need human review
ent-KsModActionNightmareResentment	Resources\Locale\en-US\_KS14\Localization\Prototypes\_KsModule\Entities\Mobs\Hallucination\nightmare.ftl	resentment	недовольство	DeepL refinement: terminology, proper names and grammatical context still need human review
ent-KsModStatusEffectNightmareFear	Resources\Locale\en-US\_KS14\Localization\Prototypes\_KsModule\Entities\Mobs\Hallucination\nightmare.ftl	nightmarish dread	кошмарный ужас	DeepL refinement: terminology, proper names and grammatical context still need human review
ent-KsModStatusEffectNightmareFlash	Resources\Locale\en-US\_KS14\Localization\Prototypes\_KsModule\Entities\Mobs\Hallucination\nightmare.ftl	nightmarish flash	кошмарный флеш	DeepL refinement: terminology, proper names and grammatical context still need human review
ent-KsModStatusEffectNightmareResentment	Resources\Locale\en-US\_KS14\Localization\Prototypes\_KsModule\Entities\Mobs\Hallucination\nightmare.ftl	total resentment	полное недовольство	DeepL refinement: terminology, proper names and grammatical context still need human review
ent-KsOperativeNtVoluntaryMicroBombImplant	Resources\Locale\en-US\_KS14\Localization\Prototypes\_KsModule\Entities\Mobs\Operative\pointman_nt.ftl	suspended tritium-trioxygen ignition implant	имплантат с подвешенным тритий-триоксигенным зажиганием	DeepL refinement: terminology, proper names and grammatical context still need human review
ent-KsOperativeNtVoluntaryMicroBombImplant	Resources\Locale\en-US\_KS14\Localization\Prototypes\_KsModule\Entities\Mobs\Operative\pointman_nt.ftl	A microscopic chip that's injected under the skin.	Микроскопический чип, который вводится под кожу.	DeepL refinement: terminology, proper names and grammatical context still need human review
ent-KsOperativeRadioJammer	Resources\Locale\en-US\_KS14\Localization\Prototypes\_KS14\Entities\Structures\Machines\jammer.ftl	high-power radio jammer	мощный радиопомехник	DeepL refinement: terminology, proper names and grammatical context still need human review
ent-KsOperativeRadioJammer	Resources\Locale\en-US\_KS14\Localization\Prototypes\_KS14\Entities\Structures\Machines\jammer.ftl	A high-powered radio jammer used by the Syndicate to disrupt communications. It emits a strong signal that garbles received messages within a 50-tile radius, making it difficult for anyone nearby to communicate effectively.	Мощный радиоглушитель, используемый Синдикатом для нарушения связи. Он излучает сильный сигнал, который искажает принимаемые сообщения в радиусе 50 клеток, затрудняя эффективную связь для всех, кто находится поблизости.	DeepL refinement: terminology, proper names and grammatical context still need human review
ent-KsOperativeRadioJammer	Resources\Locale\en-US\_KS14\Localization\Prototypes\_KS14\Entities\Structures\Machines\jammer.ftl	KS14, 50 tiles, Enabled	KS14, 50 тайлов, включено	DeepL refinement: terminology, proper names and grammatical context still need human review
ent-KsOreSmelter	Resources\Locale\en-US\_KS14\Localization\Prototypes\_KS14\Entities\Structures\Machines\mining.ftl	automatic ore smelter	автоматическая плавильня руды	DeepL refinement: terminology, proper names and grammatical context still need human review
ent-KsOreSmelterFlatpack	Resources\Locale\en-US\_KS14\Localization\Prototypes\_KS14\Entities\Structures\Machines\mining.ftl	automatic ore smelter flatpack	комплект для сборки автоматической плавильной печи	DeepL refinement: terminology, proper names and grammatical context still need human review
ent-KsOreSmelterFlatpack	Resources\Locale\en-US\_KS14\Localization\Prototypes\_KS14\Entities\Structures\Machines\mining.ftl	A flatpack used for constructing an automatic ore smelter.	Набор деталей, используемый для сборки автоматической плавильной печи.	DeepL refinement: terminology, proper names and grammatical context still need human review
ent-KsOreVentBase	Resources\Locale\en-US\_KS14\Localization\Prototypes\_KS14\Entities\Objects\Mining\orevent.ftl	ore vent	шахта	DeepL refinement: terminology, proper names and grammatical context still need human review
ent-KsOreVentBase	Resources\Locale\en-US\_KS14\Localization\Prototypes\_KS14\Entities\Objects\Mining\orevent.ftl	An ore vent, brimming with underground ore. Once discovered, it can be scanned again for ore extraction to be started.	Рудный жил, изобилующий подземной рудой. После обнаружения его можно повторно сканировать, чтобы начать добычу руды.	DeepL refinement: terminology, proper names and grammatical context still need human review
ent-KsOreVentBaseDiscoverable	Resources\Locale\en-US\_KS14\Localization\Prototypes\_KS14\Entities\Objects\Mining\orevent.ftl	ore vent	шахта	DeepL refinement: terminology, proper names and grammatical context still need human review
ent-KsOreVentBaseDiscoverable	Resources\Locale\en-US\_KS14\Localization\Prototypes\_KS14\Entities\Objects\Mining\orevent.ftl	An ore vent, brimming with underground ore. Once discovered, it can be scanned again for ore extraction to be started.	Рудный жил, изобилующий подземной рудой. После обнаружения его можно повторно сканировать, чтобы начать добычу руды.	DeepL refinement: terminology, proper names and grammatical context still need human review
ent-KsOreVentBaseDiscoverableBasic	Resources\Locale\en-US\_KS14\Localization\Prototypes\_KS14\Entities\Objects\Mining\orevent.ftl	ore vent	шахта	DeepL refinement: terminology, proper names and grammatical context still need human review
ent-KsOreVentBaseDiscoverableBasic	Resources\Locale\en-US\_KS14\Localization\Prototypes\_KS14\Entities\Objects\Mining\orevent.ftl	An ore vent, brimming with underground ore. Once discovered, it can be scanned again for ore extraction to be started.	Рудный жил, изобилующий подземной рудой. После обнаружения его можно повторно сканировать, чтобы начать добычу руды.	DeepL refinement: terminology, proper names and grammatical context still need human review
ent-KsOreVentBaseDiscoverableRare	Resources\Locale\en-US\_KS14\Localization\Prototypes\_KS14\Entities\Objects\Mining\orevent.ftl	ore vent	шахта	DeepL refinement: terminology, proper names and grammatical context still need human review
ent-KsOreVentBaseDiscoverableRare	Resources\Locale\en-US\_KS14\Localization\Prototypes\_KS14\Entities\Objects\Mining\orevent.ftl	An ore vent, brimming with underground ore. Once discovered, it can be scanned again for ore extraction to be started.	Рудный жил, изобилующий подземной рудой. После обнаружения его можно повторно сканировать, чтобы начать добычу руды.	DeepL refinement: terminology, proper names and grammatical context still need human review
ent-KsOreVentDebug	Resources\Locale\en-US\_KS14\Localization\Prototypes\_KS14\Entities\Objects\Mining\orevent.ftl	ore vent	шахта	DeepL refinement: terminology, proper names and grammatical context still need human review
ent-KsOreVentDebug	Resources\Locale\en-US\_KS14\Localization\Prototypes\_KS14\Entities\Objects\Mining\orevent.ftl	An ore vent, brimming with underground ore. Once discovered, it can be scanned again for ore extraction to be started.	Рудный жил, изобилующий подземной рудой. После обнаружения его можно повторно сканировать, чтобы начать добычу руды.	DeepL refinement: terminology, proper names and grammatical context still need human review
ent-KsOreVentDebug	Resources\Locale\en-US\_KS14\Localization\Prototypes\_KS14\Entities\Objects\Mining\orevent.ftl	Debug, Discoverable	Отладочная версия, доступна для обнаружения	DeepL refinement: terminology, proper names and grammatical context still need human review
ent-KsOreVentDebugTapped	Resources\Locale\en-US\_KS14\Localization\Prototypes\_KS14\Entities\Objects\Mining\orevent.ftl	ore vent	шахта	DeepL refinement: terminology, proper names and grammatical context still need human review
ent-KsOreVentDebugTapped	Resources\Locale\en-US\_KS14\Localization\Prototypes\_KS14\Entities\Objects\Mining\orevent.ftl	An ore vent, brimming with underground ore. Once discovered, it can be scanned again for ore extraction to be started.	Рудный жил, изобилующий подземной рудой. После обнаружения его можно повторно сканировать, чтобы начать добычу руды.	DeepL refinement: terminology, proper names and grammatical context still need human review
ent-KsOreVentDebugTapped	Resources\Locale\en-US\_KS14\Localization\Prototypes\_KS14\Entities\Objects\Mining\orevent.ftl	Debug, Discoverable, Tapped	Отладочный режим, обнаруживаемость, подключение	DeepL refinement: terminology, proper names and grammatical context still need human review
ent-KsOreVentDebugTappedRare	Resources\Locale\en-US\_KS14\Localization\Prototypes\_KS14\Entities\Objects\Mining\orevent.ftl	ore vent	шахта	DeepL refinement: terminology, proper names and grammatical context still need human review
ent-KsOreVentDebugTappedRare	Resources\Locale\en-US\_KS14\Localization\Prototypes\_KS14\Entities\Objects\Mining\orevent.ftl	An ore vent, brimming with underground ore. Once discovered, it can be scanned again for ore extraction to be started.	Рудный жил, изобилующий подземной рудой. После обнаружения его можно повторно сканировать, чтобы начать добычу руды.	DeepL refinement: terminology, proper names and grammatical context still need human review
ent-KsOreVentDebugTappedRare	Resources\Locale\en-US\_KS14\Localization\Prototypes\_KS14\Entities\Objects\Mining\orevent.ftl	Debug, Discoverable, Tapped, Rare	Отладочная версия, обнаруживаемая, добываемая, редкая	DeepL refinement: terminology, proper names and grammatical context still need human review
ent-KsOreVentDrone	Resources\Locale\en-US\_KS14\Localization\Prototypes\_KS14\Entities\Objects\Mining\orevent_drone.ftl	NODE drone	Дрон NODE	DeepL refinement: terminology, proper names and grammatical context still need human review
ent-KsOreVentDrone	Resources\Locale\en-US\_KS14\Localization\Prototypes\_KS14\Entities\Objects\Mining\orevent_drone.ftl	Standard in-atmosphere drone, used by Nanotrasen to operate and excavate valuable ore vents.	Стандартный дрон для работы в атмосфере, используемый компанией «Нанотразен» для эксплуатации и добычи ценных рудных жил.	DeepL refinement: terminology, proper names and grammatical context still need human review
ent-KsOreVentDroneOffsetSprite	Resources\Locale\en-US\_KS14\Localization\Prototypes\_KS14\Entities\Objects\Mining\orevent_drone.ftl	NODE drone	Дрон NODE	DeepL refinement: terminology, proper names and grammatical context still need human review
ent-KsOreVentDroneOffsetSprite	Resources\Locale\en-US\_KS14\Localization\Prototypes\_KS14\Entities\Objects\Mining\orevent_drone.ftl	Standard in-atmosphere drone, used by Nanotrasen to operate and excavate valuable ore vents.	Стандартный дрон для работы в атмосфере, используемый компанией «Нанотразен» для эксплуатации и добычи ценных рудных жил.	DeepL refinement: terminology, proper names and grammatical context still need human review
ent-KsOreVentIceBase	Resources\Locale\en-US\_KS14\Localization\Prototypes\_KS14\Entities\Objects\Mining\orevent.ftl	ore vent	шахта	DeepL refinement: terminology, proper names and grammatical context still need human review
ent-KsOreVentIceBase	Resources\Locale\en-US\_KS14\Localization\Prototypes\_KS14\Entities\Objects\Mining\orevent.ftl	An ore vent, brimming with underground ore. Once discovered, it can be scanned again for ore extraction to be started.	Рудный жил, изобилующий подземной рудой. После обнаружения его можно повторно сканировать, чтобы начать добычу руды.	DeepL refinement: terminology, proper names and grammatical context still need human review
ent-KsOreVentIceBase	Resources\Locale\en-US\_KS14\Localization\Prototypes\_KS14\Entities\Objects\Mining\orevent.ftl	Ice, Undiscoverable	«Лед», «Неоткрываемое»	DeepL refinement: terminology, proper names and grammatical context still need human review
ent-KsOreVentIceBasic	Resources\Locale\en-US\_KS14\Localization\Prototypes\_KS14\Entities\Objects\Mining\orevent.ftl	ore vent	шахта	DeepL refinement: terminology, proper names and grammatical context still need human review
ent-KsOreVentIceBasic	Resources\Locale\en-US\_KS14\Localization\Prototypes\_KS14\Entities\Objects\Mining\orevent.ftl	An ore vent, brimming with underground ore. Once discovered, it can be scanned again for ore extraction to be started.	Рудный жил, изобилующий подземной рудой. После обнаружения его можно повторно сканировать, чтобы начать добычу руды.	DeepL refinement: terminology, proper names and grammatical context still need human review
ent-KsOreVentIceBasic	Resources\Locale\en-US\_KS14\Localization\Prototypes\_KS14\Entities\Objects\Mining\orevent.ftl	Ice, Discoverable, Basic	Лед, Исследуемый, Базовый	DeepL refinement: terminology, proper names and grammatical context still need human review
ent-KsOreVentIceRare	Resources\Locale\en-US\_KS14\Localization\Prototypes\_KS14\Entities\Objects\Mining\orevent.ftl	ore vent	шахта	DeepL refinement: terminology, proper names and grammatical context still need human review
ent-KsOreVentIceRare	Resources\Locale\en-US\_KS14\Localization\Prototypes\_KS14\Entities\Objects\Mining\orevent.ftl	An ore vent, brimming with underground ore. Once discovered, it can be scanned again for ore extraction to be started.	Рудный жил, изобилующий подземной рудой. После обнаружения его можно повторно сканировать, чтобы начать добычу руды.	DeepL refinement: terminology, proper names and grammatical context still need human review
ent-KsOreVentIceRare	Resources\Locale\en-US\_KS14\Localization\Prototypes\_KS14\Entities\Objects\Mining\orevent.ftl	Ice, Discoverable, Rare	Лед, Находится, Редкое	DeepL refinement: terminology, proper names and grammatical context still need human review
ent-KsOreVentIceTappedRoundstart	Resources\Locale\en-US\_KS14\Localization\Prototypes\_KS14\Entities\Objects\Mining\orevent.ftl	ore vent	шахта	DeepL refinement: terminology, proper names and grammatical context still need human review
ent-KsOreVentIceTappedRoundstart	Resources\Locale\en-US\_KS14\Localization\Prototypes\_KS14\Entities\Objects\Mining\orevent.ftl	An ore vent, brimming with underground ore. It's already tapped, for your convenience.	Шахта, переполненная подземной рудой. Для вашего удобства она уже вскрыта.	DeepL refinement: terminology, proper names and grammatical context still need human review
ent-KsOreVentIceTappedRoundstart	Resources\Locale\en-US\_KS14\Localization\Prototypes\_KS14\Entities\Objects\Mining\orevent.ftl	Ice, Tapped, Roundstart, Undiscoverable	«Ice», «Tapped», «Roundstart», «Undiscoverable»	DeepL refinement: terminology, proper names and grammatical context still need human review
ent-KsOreVentLavaBase	Resources\Locale\en-US\_KS14\Localization\Prototypes\_KS14\Entities\Objects\Mining\orevent.ftl	ore vent	шахта	DeepL refinement: terminology, proper names and grammatical context still need human review
ent-KsOreVentLavaBase	Resources\Locale\en-US\_KS14\Localization\Prototypes\_KS14\Entities\Objects\Mining\orevent.ftl	An ore vent, brimming with underground ore. Once discovered, it can be scanned again for ore extraction to be started.	Рудный жил, изобилующий подземной рудой. После обнаружения его можно повторно сканировать, чтобы начать добычу руды.	DeepL refinement: terminology, proper names and grammatical context still need human review
ent-KsOreVentLavaBase	Resources\Locale\en-US\_KS14\Localization\Prototypes\_KS14\Entities\Objects\Mining\orevent.ftl	Lava, Undiscoverable	Lava, Undiscoverable	DeepL refinement: terminology, proper names and grammatical context still need human review
ent-KsOreVentLavaBasic	Resources\Locale\en-US\_KS14\Localization\Prototypes\_KS14\Entities\Objects\Mining\orevent.ftl	ore vent	шахта	DeepL refinement: terminology, proper names and grammatical context still need human review
ent-KsOreVentLavaBasic	Resources\Locale\en-US\_KS14\Localization\Prototypes\_KS14\Entities\Objects\Mining\orevent.ftl	An ore vent, brimming with underground ore. Once discovered, it can be scanned again for ore extraction to be started.	Рудный жил, изобилующий подземной рудой. После обнаружения его можно повторно сканировать, чтобы начать добычу руды.	DeepL refinement: terminology, proper names and grammatical context still need human review
ent-KsOreVentLavaBasic	Resources\Locale\en-US\_KS14\Localization\Prototypes\_KS14\Entities\Objects\Mining\orevent.ftl	Lava, Discoverable, Basic	Lava, Discoverable, Basic	DeepL refinement: terminology, proper names and grammatical context still need human review
ent-KsOreVentLavaRare	Resources\Locale\en-US\_KS14\Localization\Prototypes\_KS14\Entities\Objects\Mining\orevent.ftl	ore vent	шахта	DeepL refinement: terminology, proper names and grammatical context still need human review
ent-KsOreVentLavaRare	Resources\Locale\en-US\_KS14\Localization\Prototypes\_KS14\Entities\Objects\Mining\orevent.ftl	An ore vent, brimming with underground ore. Once discovered, it can be scanned again for ore extraction to be started.	Рудный жил, изобилующий подземной рудой. После обнаружения его можно повторно сканировать, чтобы начать добычу руды.	DeepL refinement: terminology, proper names and grammatical context still need human review
ent-KsOreVentLavaRare	Resources\Locale\en-US\_KS14\Localization\Prototypes\_KS14\Entities\Objects\Mining\orevent.ftl	Lava, Discoverable, Rare	Лава, обнаруживаемый, редкий	DeepL refinement: terminology, proper names and grammatical context still need human review
ent-KsOreVentLavaTappedRoundstart	Resources\Locale\en-US\_KS14\Localization\Prototypes\_KS14\Entities\Objects\Mining\orevent.ftl	ore vent	шахта	DeepL refinement: terminology, proper names and grammatical context still need human review
ent-KsOreVentLavaTappedRoundstart	Resources\Locale\en-US\_KS14\Localization\Prototypes\_KS14\Entities\Objects\Mining\orevent.ftl	An ore vent, brimming with underground ore. It's already tapped, for your convenience.	Шахта, переполненная подземной рудой. Для вашего удобства она уже вскрыта.	DeepL refinement: terminology, proper names and grammatical context still need human review
ent-KsOreVentLavaTappedRoundstart	Resources\Locale\en-US\_KS14\Localization\Prototypes\_KS14\Entities\Objects\Mining\orevent.ftl	Lava, Tapped, Roundstart, Undiscoverable	Lava, Tapped, Roundstart, Undiscoverable	DeepL refinement: terminology, proper names and grammatical context still need human review
ent-KsOreVentMobSpawnerBase	Resources\Locale\en-US\_KS14\Localization\Prototypes\_KS14\Entities\Objects\Mining\orevent_spawners.ftl	ore-vent mob spawner	Генератор мобов «ore-vent»	DeepL refinement: terminology, proper names and grammatical context still need human review
ent-KsOreVentMobSpawnerBase	Resources\Locale\en-US\_KS14\Localization\Prototypes\_KS14\Entities\Objects\Mining\orevent_spawners.ftl	You shouldn't see this!	Вы не должны это видеть!	DeepL refinement: terminology, proper names and grammatical context still need human review
ent-KsOreVentMobSpawnerIce	Resources\Locale\en-US\_KS14\Localization\Prototypes\_KS14\Entities\Objects\Mining\orevent_spawners.ftl	ore-vent mob spawner	Генератор мобов «ore-vent»	DeepL refinement: terminology, proper names and grammatical context still need human review
ent-KsOreVentMobSpawnerIce	Resources\Locale\en-US\_KS14\Localization\Prototypes\_KS14\Entities\Objects\Mining\orevent_spawners.ftl	You shouldn't see this!	Вы не должны это видеть!	DeepL refinement: terminology, proper names and grammatical context still need human review
ent-KsOreVentMobSpawnerLava	Resources\Locale\en-US\_KS14\Localization\Prototypes\_KS14\Entities\Objects\Mining\orevent_spawners.ftl	ore-vent mob spawner	Генератор мобов «ore-vent»	DeepL refinement: terminology, proper names and grammatical context still need human review
ent-KsOreVentMobSpawnerLava	Resources\Locale\en-US\_KS14\Localization\Prototypes\_KS14\Entities\Objects\Mining\orevent_spawners.ftl	You shouldn't see this!	Вы не должны это видеть!	DeepL refinement: terminology, proper names and grammatical context still need human review
ent-KsOrganOperativeNtHead	Resources\Locale\en-US\_KS14\Localization\Prototypes\_KsModule\Entities\Mobs\Operative\pointman_nt.ftl	faceless head	безликая голова	DeepL refinement: terminology, proper names and grammatical context still need human review
ent-KsOrganOperativeNtHead	Resources\Locale\en-US\_KS14\Localization\Prototypes\_KsModule\Entities\Mobs\Operative\pointman_nt.ftl	Holy shit, what the fuck?! The surface of the face is unusually smooth, except for two small depressions where the eyes would be.	Черт возьми, что за хрень?! Поверхность лица необычно гладкая, за исключением двух небольших углублений там, где должны быть глаза.	DeepL refinement: terminology, proper names and grammatical context still need human review
ent-KsPalletWooden1	Resources\Locale\en-US\_KS14\Localization\Prototypes\_KS14\Entities\Objects\Decoration\Other\pallets.ftl	wooden pallet	деревянный поддон	DeepL refinement: terminology, proper names and grammatical context still need human review
ent-KsPalletWooden1	Resources\Locale\en-US\_KS14\Localization\Prototypes\_KS14\Entities\Objects\Decoration\Other\pallets.ftl	A flat, portable platform used to stack, store, and transport heavy goods. The space on it is occupied.	Плоская переносная платформа, используемая для укладки, хранения и транспортировки тяжелых грузов. Место на ней занято.	DeepL refinement: terminology, proper names and grammatical context still need human review
ent-KsPalletWooden2	Resources\Locale\en-US\_KS14\Localization\Prototypes\_KS14\Entities\Objects\Decoration\Other\pallets.ftl	wooden pallet	деревянный поддон	DeepL refinement: terminology, proper names and grammatical context still need human review
ent-KsPalletWooden2	Resources\Locale\en-US\_KS14\Localization\Prototypes\_KS14\Entities\Objects\Decoration\Other\pallets.ftl	A flat, portable platform used to stack, store, and transport heavy goods. The space on it is occupied.	Плоская переносная платформа, используемая для укладки, хранения и транспортировки тяжелых грузов. Место на ней занято.	DeepL refinement: terminology, proper names and grammatical context still need human review
ent-KsPalletWoodenHigh1	Resources\Locale\en-US\_KS14\Localization\Prototypes\_KS14\Entities\Objects\Decoration\Other\pallets.ftl	wooden pallet	деревянный поддон	DeepL refinement: terminology, proper names and grammatical context still need human review
ent-KsPalletWoodenHigh1	Resources\Locale\en-US\_KS14\Localization\Prototypes\_KS14\Entities\Objects\Decoration\Other\pallets.ftl	A flat, portable platform used to stack, store, and transport heavy goods. The space on it is occupied.	Плоская переносная платформа, используемая для укладки, хранения и транспортировки тяжелых грузов. Место на ней занято.	DeepL refinement: terminology, proper names and grammatical context still need human review
ent-KsPalletWoodenHigh2	Resources\Locale\en-US\_KS14\Localization\Prototypes\_KS14\Entities\Objects\Decoration\Other\pallets.ftl	wooden pallet	деревянный поддон	DeepL refinement: terminology, proper names and grammatical context still need human review
ent-KsPalletWoodenHigh2	Resources\Locale\en-US\_KS14\Localization\Prototypes\_KS14\Entities\Objects\Decoration\Other\pallets.ftl	A flat, portable platform used to stack, store, and transport heavy goods. The space on it is occupied.	Плоская переносная платформа, используемая для укладки, хранения и транспортировки тяжелых грузов. Место на ней занято.	DeepL refinement: terminology, proper names and grammatical context still need human review
ent-KsPalletWoodenHigh3	Resources\Locale\en-US\_KS14\Localization\Prototypes\_KS14\Entities\Objects\Decoration\Other\pallets.ftl	wooden pallet	деревянный поддон	DeepL refinement: terminology, proper names and grammatical context still need human review
ent-KsPalletWoodenHigh3	Resources\Locale\en-US\_KS14\Localization\Prototypes\_KS14\Entities\Objects\Decoration\Other\pallets.ftl	A flat, portable platform used to stack, store, and transport heavy goods. The space on it is occupied.	Плоская переносная платформа, используемая для укладки, хранения и транспортировки тяжелых грузов. Место на ней занято.	DeepL refinement: terminology, proper names and grammatical context still need human review
ent-KsPalletWoodenLow1	Resources\Locale\en-US\_KS14\Localization\Prototypes\_KS14\Entities\Objects\Decoration\Other\pallets.ftl	wooden pallet	деревянный поддон	DeepL refinement: terminology, proper names and grammatical context still need human review
ent-KsPalletWoodenLow1	Resources\Locale\en-US\_KS14\Localization\Prototypes\_KS14\Entities\Objects\Decoration\Other\pallets.ftl	A flat, portable platform used to stack, store, and transport heavy goods. It's practically empty, so it can probably be climbed.	Плоская переносная платформа, используемая для штабелирования, хранения и транспортировки тяжелых грузов. Она практически пустая, поэтому, вероятно, на неё можно залезть.	DeepL refinement: terminology, proper names and grammatical context still need human review
ent-KsPalletWoodenLow2	Resources\Locale\en-US\_KS14\Localization\Prototypes\_KS14\Entities\Objects\Decoration\Other\pallets.ftl	wooden pallet	деревянный поддон	DeepL refinement: terminology, proper names and grammatical context still need human review
ent-KsPalletWoodenLow2	Resources\Locale\en-US\_KS14\Localization\Prototypes\_KS14\Entities\Objects\Decoration\Other\pallets.ftl	A flat, portable platform used to stack, store, and transport heavy goods. It's practically empty, so it can probably be climbed.	Плоская переносная платформа, используемая для штабелирования, хранения и транспортировки тяжелых грузов. Она практически пустая, поэтому, вероятно, на неё можно залезть.	DeepL refinement: terminology, proper names and grammatical context still need human review
ent-KsPalletWoodenLow3	Resources\Locale\en-US\_KS14\Localization\Prototypes\_KS14\Entities\Objects\Decoration\Other\pallets.ftl	wooden pallet	деревянный поддон	DeepL refinement: terminology, proper names and grammatical context still need human review
ent-KsPalletWoodenLow3	Resources\Locale\en-US\_KS14\Localization\Prototypes\_KS14\Entities\Objects\Decoration\Other\pallets.ftl	A flat, portable platform used to stack, store, and transport heavy goods. It's practically empty, so it can probably be climbed.	Плоская переносная платформа, используемая для штабелирования, хранения и транспортировки тяжелых грузов. Она практически пустая, поэтому, вероятно, на неё можно залезть.	DeepL refinement: terminology, proper names and grammatical context still need human review
ent-KsPalletWoodenLowGround	Resources\Locale\en-US\_KS14\Localization\Prototypes\_KS14\Entities\Objects\Decoration\Other\pallets.ftl	wooden pallet	деревянный поддон	DeepL refinement: terminology, proper names and grammatical context still need human review
ent-KsPalletWoodenLowGround	Resources\Locale\en-US\_KS14\Localization\Prototypes\_KS14\Entities\Objects\Decoration\Other\pallets.ftl	A flat, portable platform used to stack, store, and transport heavy goods. It's practically empty, so it can probably be climbed.	Плоская переносная платформа, используемая для штабелирования, хранения и транспортировки тяжелых грузов. Она практически пустая, поэтому, вероятно, на неё можно залезть.	DeepL refinement: terminology, proper names and grammatical context still need human review
ent-KsPalletWoodenLowRotated	Resources\Locale\en-US\_KS14\Localization\Prototypes\_KS14\Entities\Objects\Decoration\Other\pallets.ftl	wooden pallet	деревянный поддон	DeepL refinement: terminology, proper names and grammatical context still need human review
ent-KsPalletWoodenLowRotated	Resources\Locale\en-US\_KS14\Localization\Prototypes\_KS14\Entities\Objects\Decoration\Other\pallets.ftl	A flat, portable platform used to stack, store, and transport heavy goods. It's on its side.	Плоская переносная платформа, используемая для укладки, хранения и транспортировки тяжелых грузов. Она лежит на боку.	DeepL refinement: terminology, proper names and grammatical context still need human review
ent-KsPalletWoodenLowRotated	Resources\Locale\en-US\_KS14\Localization\Prototypes\_KS14\Entities\Objects\Decoration\Other\pallets.ftl	Rotated on side	Повернуто на бок	DeepL refinement: terminology, proper names and grammatical context still need human review
ent-KsPersonnelShield	Resources\Locale\en-US\_KS14\Localization\Prototypes\_KsModule\Entities\Structures\Machines\personnel_shield_gen.ftl	personnel shield	защитный щит персонала	DeepL refinement: terminology, proper names and grammatical context still need human review
ent-KsPersonnelShield	Resources\Locale\en-US\_KS14\Localization\Prototypes\_KsModule\Entities\Structures\Machines\personnel_shield_gen.ftl	Shields you from.. something.	Защищает вас от... чего-то.	DeepL refinement: terminology, proper names and grammatical context still need human review
ent-KsPersonnelShieldGen	Resources\Locale\en-US\_KS14\Localization\Prototypes\_KsModule\Entities\Structures\Machines\personnel_shield_gen.ftl	personnel forcefield generator	генератор силового поля для персонала	DeepL refinement: terminology, proper names and grammatical context still need human review
ent-KsPersonnelShieldGen	Resources\Locale\en-US\_KS14\Localization\Prototypes\_KsModule\Entities\Structures\Machines\personnel_shield_gen.ftl	Produces an forcefield in a line between itself and another generator with both facing the other, while active. Powered by LV. Field must not be obstructed by walls. Will turn on after gaining power if turned off due to power loss.	В активном состоянии создает силовое поле по линии между собой и другим генератором, когда оба устройства обращены друг к другу. Питание от LV. Поле не должно заслоняться стенами. Включается после восстановления питания, если было выключено из-за потери питания.	DeepL refinement: terminology, proper names and grammatical context still need human review
ent-KsPersonnelShieldGenEnabled	Resources\Locale\en-US\_KS14\Localization\Prototypes\_KsModule\Entities\Structures\Machines\personnel_shield_gen.ftl	personnel forcefield generator	генератор силового поля для персонала	DeepL refinement: terminology, proper names and grammatical context still need human review
ent-KsPersonnelShieldGenEnabled	Resources\Locale\en-US\_KS14\Localization\Prototypes\_KsModule\Entities\Structures\Machines\personnel_shield_gen.ftl	Produces an forcefield in a line between itself and another generator with both facing the other, while active. Powered by LV. Field must not be obstructed by walls. Will turn on after gaining power if turned off due to power loss.	В активном состоянии создает силовое поле по линии между собой и другим генератором, когда оба устройства обращены друг к другу. Питание от LV. Поле не должно заслоняться стенами. Включается после восстановления питания, если было выключено из-за потери питания.	DeepL refinement: terminology, proper names and grammatical context still need human review
ent-KsPersonnelShieldGenEnabled	Resources\Locale\en-US\_KS14\Localization\Prototypes\_KsModule\Entities\Structures\Machines\personnel_shield_gen.ftl	Starts Enabled	Начало игры разрешено	DeepL refinement: terminology, proper names and grammatical context still need human review
ent-KsPlumbingIvPump	Resources\Locale\en-US\_KS14\Localization\Prototypes\_KS14\Entities\Structures\Piping\Plumbing\ivpump.ftl	plumbing intravenous pump	сантехника, инфузионный насос	DeepL refinement: terminology, proper names and grammatical context still need human review
ent-KsPlumbingIvPump	Resources\Locale\en-US\_KS14\Localization\Prototypes\_KS14\Entities\Structures\Piping\Plumbing\ivpump.ftl	Used for streamlining the process of medicine.	Используется для оптимизации процессов в медицине.	DeepL refinement: terminology, proper names and grammatical context still need human review
ent-KsPlumbingIvPumpIndustrial	Resources\Locale\en-US\_KS14\Localization\Prototypes\_KS14\Entities\Structures\Piping\Plumbing\ivpump.ftl	industrial intravenous pump	промышленный инфузионный насос	DeepL refinement: terminology, proper names and grammatical context still need human review
ent-KsPlumbingIvPumpIndustrial	Resources\Locale\en-US\_KS14\Localization\Prototypes\_KS14\Entities\Structures\Piping\Plumbing\ivpump.ftl	An industrial-grade.. IV pump? What the fuck?	Промышленный... инфузионный насос? Что за хрень?	DeepL refinement: terminology, proper names and grammatical context still need human review
ent-KsPlumbingIvPumpIndustrial	Resources\Locale\en-US\_KS14\Localization\Prototypes\_KS14\Entities\Structures\Piping\Plumbing\ivpump.ftl	Industrial	Промышленность	DeepL refinement: terminology, proper names and grammatical context still need human review
ent-KsPlumbingTeleporterBeacon	Resources\Locale\en-US\_KS14\Localization\Prototypes\_KS14\Entities\Structures\Piping\Plumbing\teleporters.ftl	chemical beacon	химический маяк	DeepL refinement: terminology, proper names and grammatical context still need human review
ent-KsPlumbingTeleporterBeacon	Resources\Locale\en-US\_KS14\Localization\Prototypes\_KS14\Entities\Structures\Piping\Plumbing\teleporters.ftl	A self-powering bluespace anchor for reagents. Must be linked to a chemical recipient to work.	Автономный якор «Блюспейс» для реагентов. Для работы должен быть подключен к емкости для химических веществ.	DeepL refinement: terminology, proper names and grammatical context still need human review
ent-KsPlumbingTeleporterRecipient	Resources\Locale\en-US\_KS14\Localization\Prototypes\_KS14\Entities\Structures\Piping\Plumbing\teleporters.ftl	chemical recipient	емкость для химикатов	DeepL refinement: terminology, proper names and grammatical context still need human review
ent-KsPlumbingTeleporterRecipient	Resources\Locale\en-US\_KS14\Localization\Prototypes\_KS14\Entities\Structures\Piping\Plumbing\teleporters.ftl	Receives chemicals from one or more chemical beacons, which must be added to this recipients device list.	Получает химические вещества от одного или нескольких химических маяков, которые необходимо добавить в список устройств-получателей.	DeepL refinement: terminology, proper names and grammatical context still need human review
ent-KsPlumbingTeleporterRecipientCircuitboard	Resources\Locale\en-US\_KS14\Localization\Prototypes\_KS14\Entities\Structures\Piping\Plumbing\teleporters.ftl	chemical recipient machine board	панель управления химическим приемным устройством	DeepL refinement: terminology, proper names and grammatical context still need human review
ent-KsPlumbingTeleporterRecipientCircuitboard	Resources\Locale\en-US\_KS14\Localization\Prototypes\_KS14\Entities\Structures\Piping\Plumbing\teleporters.ftl	A machine printed circuit board for a chemical recipient.	Печатная плата для емкости для химических веществ.	DeepL refinement: terminology, proper names and grammatical context still need human review
ent-KsProcessedOreBox	Resources\Locale\en-US\_KS14\Localization\Prototypes\_KS14\Entities\Structures\Machines\mining.ftl	processed material collector	устройство для сбора переработанных материалов	DeepL refinement: terminology, proper names and grammatical context still need human review
ent-KsProcessedOreBox	Resources\Locale\en-US\_KS14\Localization\Prototypes\_KS14\Entities\Structures\Machines\mining.ftl	A large storage container for holding the byproducts of ore processing; sheets, ingots, and the like. It has built-in self-powering magnets to pick up ore. It won't budge.	Большой контейнер для хранения побочных продуктов переработки руды: листов, слитков и т. п. Он оснащён встроенными магнитами с автономным питанием для захвата руды. Он не сдвинется с места.	DeepL refinement: terminology, proper names and grammatical context still need human review
ent-KsProcessedOreBox	Resources\Locale\en-US\_KS14\Localization\Prototypes\_KS14\Entities\Structures\Machines\mining.ftl	Enabled	Включено	DeepL refinement: terminology, proper names and grammatical context still need human review
ent-KsProcessedOreBoxFlatpack	Resources\Locale\en-US\_KS14\Localization\Prototypes\_KS14\Entities\Structures\Machines\mining.ftl	processed material collector flatpack	Набор деталей для сборки коллектора переработанных материалов	DeepL refinement: terminology, proper names and grammatical context still need human review
ent-KsProcessedOreBoxFlatpack	Resources\Locale\en-US\_KS14\Localization\Prototypes\_KS14\Entities\Structures\Machines\mining.ftl	A flatpack used for constructing a processed material collector.	Набор деталей для сборки устройства сбора переработанных материалов.	DeepL refinement: terminology, proper names and grammatical context still need human review
ent-KsRandomHumanoidSpawnerOperativeNtArmedMinigun	Resources\Locale\en-US\_KS14\Localization\Prototypes\_KsModule\Entities\Mobs\Operative\pointman_nt.ftl	nanotrasen paramilitary	«Нанотрасен» — военизированная организация	DeepL refinement: terminology, proper names and grammatical context still need human review
ent-KsRandomHumanoidSpawnerOperativeNtArmedMinigun	Resources\Locale\en-US\_KS14\Localization\Prototypes\_KsModule\Entities\Mobs\Operative\pointman_nt.ftl	KS, Armed, NT-Elite, Minigun	KS, Вооруженный, NT-Elite, Миниган	DeepL refinement: terminology, proper names and grammatical context still need human review
ent-KsRandomHumanoidSpawnerOperativeNtArmedPistol	Resources\Locale\en-US\_KS14\Localization\Prototypes\_KsModule\Entities\Mobs\Operative\pointman_nt.ftl	nanotrasen paramilitary	«Нанотрасен» — военизированная организация	DeepL refinement: terminology, proper names and grammatical context still need human review
ent-KsRandomHumanoidSpawnerOperativeNtArmedPistol	Resources\Locale\en-US\_KS14\Localization\Prototypes\_KsModule\Entities\Mobs\Operative\pointman_nt.ftl	KS, Armed, NT, Pistol	KS, Вооруженный, NT, Пистолет	DeepL refinement: terminology, proper names and grammatical context still need human review
ent-KsRandomHumanoidSpawnerOperativeNtArmedXL8	Resources\Locale\en-US\_KS14\Localization\Prototypes\_KsModule\Entities\Mobs\Operative\pointman_nt.ftl	nanotrasen paramilitary	«Нанотрасен» — военизированная организация	DeepL refinement: terminology, proper names and grammatical context still need human review
ent-KsRandomHumanoidSpawnerOperativeNtArmedXL8	Resources\Locale\en-US\_KS14\Localization\Prototypes\_KsModule\Entities\Mobs\Operative\pointman_nt.ftl	KS, Armed, NT-Elite, XL8	KS, Armed, NT-Elite, XL8	DeepL refinement: terminology, proper names and grammatical context still need human review
ent-KsRandomHumanoidSpawnerOperativeSynArmedBulldog	Resources\Locale\en-US\_KS14\Localization\Prototypes\_KsModule\Entities\Mobs\Operative\pointman.ftl	unknown combatant	неизвестный боец	DeepL refinement: terminology, proper names and grammatical context still need human review
ent-KsRandomHumanoidSpawnerOperativeSynArmedBulldog	Resources\Locale\en-US\_KS14\Localization\Prototypes\_KsModule\Entities\Mobs\Operative\pointman.ftl	KS, Armed, Synd-Elite, Bulldog	KS, Armed, Synd-Elite, Bulldog	DeepL refinement: terminology, proper names and grammatical context still need human review
ent-KsRandomHumanoidSpawnerOperativeSynArmedEstoc	Resources\Locale\en-US\_KS14\Localization\Prototypes\_KsModule\Entities\Mobs\Operative\pointman.ftl	unknown combatant	неизвестный боец	DeepL refinement: terminology, proper names and grammatical context still need human review
ent-KsRandomHumanoidSpawnerOperativeSynArmedEstoc	Resources\Locale\en-US\_KS14\Localization\Prototypes\_KsModule\Entities\Mobs\Operative\pointman.ftl	KS, Armed, Synd-Elite, Estoc	KS, Armed, Synd-Elite, Estoc	DeepL refinement: terminology, proper names and grammatical context still need human review
ent-KsRandomHumanoidSpawnerOperativeSynArmedPistol	Resources\Locale\en-US\_KS14\Localization\Prototypes\_KsModule\Entities\Mobs\Operative\pointman.ftl	unknown combatant	неизвестный боец	DeepL refinement: terminology, proper names and grammatical context still need human review
ent-KsRandomHumanoidSpawnerOperativeSynArmedPistol	Resources\Locale\en-US\_KS14\Localization\Prototypes\_KsModule\Entities\Mobs\Operative\pointman.ftl	KS, Armed, Synd, Pistol	KS, Вооруженный, Синдикат, Пистолет	DeepL refinement: terminology, proper names and grammatical context still need human review
ent-KsReebeAmbienceTagMarker	Resources\Locale\en-US\_KS14\Localization\Prototypes\_KS14\Entities\Markers\ambience_tag.ftl	reebe ambience	Атмосфера от reebe	DeepL refinement: terminology, proper names and grammatical context still need human review
ent-KsReebeAmbienceTagMarker	Resources\Locale\en-US\_KS14\Localization\Prototypes\_KS14\Entities\Markers\ambience_tag.ftl	Reebe Ambience, 8 tiles	Reebe Ambience, 8 тайлов	DeepL refinement: terminology, proper names and grammatical context still need human review
ent-KsScenarioNanoplantSeismicChargeShort	Resources\Locale\en-US\_KS14\Localization\Prototypes\_KS14\Scenarios\Nanoplant\objects.ftl	unstable seismic charge	нестабильный сейсмический заряд	DeepL refinement: terminology, proper names and grammatical context still need human review
ent-KsScenarioNanoplantSeismicChargeShort	Resources\Locale\en-US\_KS14\Localization\Prototypes\_KS14\Scenarios\Nanoplant\objects.ftl	Concussion based explosive designed to kill. It has a very short timer.	Взрывное устройство, вызывающее сотрясение мозга и предназначенное для уничтожения противника. У него очень короткий таймер.	DeepL refinement: terminology, proper names and grammatical context still need human review
ent-KsScenarioObjectiveCaptured	Resources\Locale\en-US\_KS14\Localization\Prototypes\_KS14\Scenarios\structures.ftl	captured objective	захваченная цель	DeepL refinement: terminology, proper names and grammatical context still need human review
ent-KsScenarioObjectiveCaptured	Resources\Locale\en-US\_KS14\Localization\Prototypes\_KS14\Scenarios\structures.ftl	It's inactive now.	Сейчас игра неактивна.	DeepL refinement: terminology, proper names and grammatical context still need human review
ent-KsScenarioObjectiveNanotrasen	Resources\Locale\en-US\_KS14\Localization\Prototypes\_KS14\Scenarios\structures.ftl	nanotrasen objective	Цель «Нанотрасен»	DeepL refinement: terminology, proper names and grammatical context still need human review
ent-KsScenarioObjectiveNanotrasen	Resources\Locale\en-US\_KS14\Localization\Prototypes\_KS14\Scenarios\structures.ftl	This is a server that is of paramount importance to Nanotrasen. Would be a shame if someone broke it!	Этот сервер имеет первостепенное значение для Nanotrasen. Было бы очень жаль, если бы кто-то его сломал!	DeepL refinement: terminology, proper names and grammatical context still need human review
ent-KsScenarioObjectiveNanotrasenSpawner	Resources\Locale\en-US\_KS14\Localization\Prototypes\_KS14\Scenarios\structures.ftl	nanotrasen objective spawner	Генератор целей «Нанотрасен»	DeepL refinement: terminology, proper names and grammatical context still need human review
ent-KsScenarioObjectiveNanotrasenSpawner	Resources\Locale\en-US\_KS14\Localization\Prototypes\_KS14\Scenarios\structures.ftl	Scenario	Сценарий	DeepL refinement: terminology, proper names and grammatical context still need human review
ent-KsScenarioObjectiveSyndicateSpawner	Resources\Locale\en-US\_KS14\Localization\Prototypes\_KS14\Scenarios\structures.ftl	syndicate objective spawner	генератор целей синдиката	DeepL refinement: terminology, proper names and grammatical context still need human review
ent-KsScenarioObjectiveSyndicateSpawner	Resources\Locale\en-US\_KS14\Localization\Prototypes\_KS14\Scenarios\structures.ftl	Scenario	Сценарий	DeepL refinement: terminology, proper names and grammatical context still need human review
ent-KsScenarioObjectiveSyndie	Resources\Locale\en-US\_KS14\Localization\Prototypes\_KS14\Scenarios\structures.ftl	syndicate objective	Цель синдиката	DeepL refinement: terminology, proper names and grammatical context still need human review
ent-KsScenarioObjectiveSyndie	Resources\Locale\en-US\_KS14\Localization\Prototypes\_KS14\Scenarios\structures.ftl	This is a server that is of paramount importance to the syndicate. Would be a shame if someone broke it!	Этот сервер имеет первостепенное значение для синдиката. Было бы очень жаль, если бы кто-то его сломал!	DeepL refinement: terminology, proper names and grammatical context still need human review
ent-KsShuttleConsoleCircuitboard	Resources\Locale\en-US\_KS14\Localization\Prototypes\_KS14\Entities\Objects\Devices\Circuitboards\computer_shuttle.ftl	shuttle console board	панель управления шаттлом	DeepL refinement: terminology, proper names and grammatical context still need human review
ent-KsShuttleConsoleCircuitboard	Resources\Locale\en-US\_KS14\Localization\Prototypes\_KS14\Entities\Objects\Devices\Circuitboards\computer_shuttle.ftl	A computer printed circuit board for a shuttle console with a sensor suite.	Компьютерная печатная плата для консоли шаттла с комплексом датчиков.	DeepL refinement: terminology, proper names and grammatical context still need human review
ent-KsShuttleConsoleIdLockedCircuitboard	Resources\Locale\en-US\_KS14\Localization\Prototypes\_KS14\Entities\Objects\Devices\Circuitboards\computer_shuttle.ftl	id-locked shuttle console board	Панель управления шаттлом с идентификационной блокировкой	DeepL refinement: terminology, proper names and grammatical context still need human review
ent-KsShuttleConsoleIdLockedCircuitboard	Resources\Locale\en-US\_KS14\Localization\Prototypes\_KS14\Entities\Objects\Devices\Circuitboards\computer_shuttle.ftl	A computer printed circuit board for an id-locked shuttle console.	Компьютерная печатная плата для консоли шаттла с идентификационной блокировкой.	DeepL refinement: terminology, proper names and grammatical context still need human review
ent-KsSolutionPlumbingBuffer200	Resources\Locale\en-US\_KS14\Localization\Prototypes\_KS14\Entities\Objects\base_solution.ftl	solution	решение	DeepL refinement: terminology, proper names and grammatical context still need human review
ent-KsSolutionPlumbingBuffer500	Resources\Locale\en-US\_KS14\Localization\Prototypes\_KS14\Entities\Objects\base_solution.ftl	solution	решение	DeepL refinement: terminology, proper names and grammatical context still need human review
ent-KsSpawnMobOperativeArmedPistol	Resources\Locale\en-US\_KS14\Localization\Prototypes\_KsModule\Entities\Markers\Spawners\Mobs\operatives.ftl	AI Operative Spawner	Генератор появления агентов ИИ	DeepL refinement: terminology, proper names and grammatical context still need human review
ent-KsSpawnMobOperativeArmedPistol	Resources\Locale\en-US\_KS14\Localization\Prototypes\_KsModule\Entities\Markers\Spawners\Mobs\operatives.ftl	KS, Armed, Pistol	KS, Вооружённый, Пистолет	DeepL refinement: terminology, proper names and grammatical context still need human review
ent-KsSupplyPodGlowBlue	Resources\Locale\en-US\_KS14\Localization\Prototypes\_KS14\Entities\Effects\podglow.ftl	engine glow	свечение двигателя	DeepL refinement: terminology, proper names and grammatical context still need human review
ent-KsSupplyPodGlowBlue	Resources\Locale\en-US\_KS14\Localization\Prototypes\_KS14\Entities\Effects\podglow.ftl	The burning wash of something coming in far too fast.	Ослепительный свет чего-то, приближающегося со слишком большой скоростью.	DeepL refinement: terminology, proper names and grammatical context still need human review
ent-KsSupplyPodGlowBlue	Resources\Locale\en-US\_KS14\Localization\Prototypes\_KS14\Entities\Effects\podglow.ftl	Blue	Синий	DeepL refinement: terminology, proper names and grammatical context still need human review
ent-KsSupplyPodGlowGreen	Resources\Locale\en-US\_KS14\Localization\Prototypes\_KS14\Entities\Effects\podglow.ftl	engine glow	свечение двигателя	DeepL refinement: terminology, proper names and grammatical context still need human review
ent-KsSupplyPodGlowGreen	Resources\Locale\en-US\_KS14\Localization\Prototypes\_KS14\Entities\Effects\podglow.ftl	The burning wash of something coming in far too fast.	Ослепительный свет чего-то, приближающегося со слишком большой скоростью.	DeepL refinement: terminology, proper names and grammatical context still need human review
ent-KsSupplyPodGlowGreen	Resources\Locale\en-US\_KS14\Localization\Prototypes\_KS14\Entities\Effects\podglow.ftl	Green	Зелёный	DeepL refinement: terminology, proper names and grammatical context still need human review
ent-KsSupplyPodGlowRed	Resources\Locale\en-US\_KS14\Localization\Prototypes\_KS14\Entities\Effects\podglow.ftl	engine glow	свечение двигателя	DeepL refinement: terminology, proper names and grammatical context still need human review
ent-KsSupplyPodGlowRed	Resources\Locale\en-US\_KS14\Localization\Prototypes\_KS14\Entities\Effects\podglow.ftl	The burning wash of something coming in far too fast.	Ослепительный свет чего-то, приближающегося со слишком большой скоростью.	DeepL refinement: terminology, proper names and grammatical context still need human review
ent-KsSupplyPodGlowRed	Resources\Locale\en-US\_KS14\Localization\Prototypes\_KS14\Entities\Effects\podglow.ftl	Red	Красный	DeepL refinement: terminology, proper names and grammatical context still need human review
ent-KsSupplyPodGlowYellow	Resources\Locale\en-US\_KS14\Localization\Prototypes\_KS14\Entities\Effects\podglow.ftl	engine glow	свечение двигателя	DeepL refinement: terminology, proper names and grammatical context still need human review
ent-KsSupplyPodGlowYellow	Resources\Locale\en-US\_KS14\Localization\Prototypes\_KS14\Entities\Effects\podglow.ftl	The burning wash of something coming in far too fast.	Ослепительный свет чего-то, приближающегося со слишком большой скоростью.	DeepL refinement: terminology, proper names and grammatical context still need human review
ent-KsSupplyPodGlowYellow	Resources\Locale\en-US\_KS14\Localization\Prototypes\_KS14\Entities\Effects\podglow.ftl	Yellow	Жёлтый	DeepL refinement: terminology, proper names and grammatical context still need human review
ent-KsSupplyPodTrail	Resources\Locale\en-US\_KS14\Localization\Prototypes\_KS14\Entities\Effects\trail.ftl	smoke trail	дымовой след	DeepL refinement: terminology, proper names and grammatical context still need human review
ent-KsSupplyPodTrail	Resources\Locale\en-US\_KS14\Localization\Prototypes\_KS14\Entities\Effects\trail.ftl	The scar a pod leaves in the air behind it.	След, который оставляет капсула в воздухе за собой.	DeepL refinement: terminology, proper names and grammatical context still need human review
ent-KsSupplyPodTrailSlow	Resources\Locale\en-US\_KS14\Localization\Prototypes\_KS14\Entities\Effects\trail.ftl	smoke trail	дымовой след	DeepL refinement: terminology, proper names and grammatical context still need human review
ent-KsSupplyPodTrailSlow	Resources\Locale\en-US\_KS14\Localization\Prototypes\_KS14\Entities\Effects\trail.ftl	The scar a pod leaves in the air behind it.	След, который оставляет капсула в воздухе за собой.	DeepL refinement: terminology, proper names and grammatical context still need human review
ent-KsSyndicateLanguageImplant	Resources\Locale\en-US\_KS14\Localization\Prototypes\_KS14\Language\syndicate_implant.ftl	cant implant	невозможно имплантировать	DeepL refinement: terminology, proper names and grammatical context still need human review
ent-KsSyndicateLanguageImplant	Resources\Locale\en-US\_KS14\Localization\Prototypes\_KS14\Language\syndicate_implant.ftl	A cortical language chip teaching the recipient the syndicate field cant.	Корковый языковой чип, обучающий получателя жаргону синдиката.	DeepL refinement: terminology, proper names and grammatical context still need human review
ent-KsSyndicateLanguageImplanter	Resources\Locale\en-US\_KS14\Localization\Prototypes\_KS14\Language\syndicate_implant.ftl	cant implanter	Не удаётся установить имплантат	DeepL refinement: terminology, proper names and grammatical context still need human review
ent-KsSyndicateLanguageImplanter	Resources\Locale\en-US\_KS14\Localization\Prototypes\_KS14\Language\syndicate_implant.ftl	A compact disposable syringe exclusively designed for the injection of subdermal implants. Make sure to scrub it with soap to remove residual DNA after use!	Компактный одноразовый шприц, специально разработанный для введения подкожных имплантатов. Обязательно промойте его мылом после использования, чтобы удалить остатки ДНК!	DeepL refinement: terminology, proper names and grammatical context still need human review
ent-KsSyndicateShuttleConsoleCircuitboard	Resources\Locale\en-US\_KS14\Localization\Prototypes\_KS14\Entities\Objects\Devices\Circuitboards\computer_shuttle.ftl	syndicate shuttle console board	Панель управления шаттлом «Синдикат»	DeepL refinement: terminology, proper names and grammatical context still need human review
ent-KsSyndicateShuttleConsoleCircuitboard	Resources\Locale\en-US\_KS14\Localization\Prototypes\_KS14\Entities\Objects\Devices\Circuitboards\computer_shuttle.ftl	A computer printed circuit board for a syndicate shuttle console with a sensor suite.	Компьютерная печатная плата для консоли шаттла синдиката с комплексом датчиков.	DeepL refinement: terminology, proper names and grammatical context still need human review
ent-KsTimedSpawnerCorpse	Resources\Locale\en-US\_KS14\Localization\Prototypes\_KsModule\Entities\Markers\Spawners\corpse.ftl	timed corpse spawner	генератор трупов с таймером	DeepL refinement: terminology, proper names and grammatical context still need human review
ent-KsTimedSpawnerCorpse	Resources\Locale\en-US\_KS14\Localization\Prototypes\_KsModule\Entities\Markers\Spawners\corpse.ftl	1/5sec	1/5 сек.	DeepL refinement: terminology, proper names and grammatical context still need human review
ent-KsWallIconsmoother	Resources\Locale\en-US\_KS14\Localization\Prototypes\_KS14\SpeczoneSpecific\nanoplant_underground.ftl	iconsmooth marker	iconsmooth marker	DeepL refinement: terminology, proper names and grammatical context still need human review
ent-KsWallIconsmoother	Resources\Locale\en-US\_KS14\Localization\Prototypes\_KS14\SpeczoneSpecific\nanoplant_underground.ftl	KS14, Iconsmooth Marker, Walls	KS14, Iconsmooth Marker, Walls	DeepL refinement: terminology, proper names and grammatical context still need human review
ent-KsWallSolidBunker	Resources\Locale\en-US\_KS14\Localization\Prototypes\_KS14\Entities\Structures\Walls\stalker.ftl	bunker wall	стена бункера	DeepL refinement: terminology, proper names and grammatical context still need human review
ent-KsWallSolidBunker	Resources\Locale\en-US\_KS14\Localization\Prototypes\_KS14\Entities\Structures\Walls\stalker.ftl	Keeps the air in and the greytide out.	Сохраняет воздух внутри и не пропускает «серый прилив».	DeepL refinement: terminology, proper names and grammatical context still need human review
ent-KsWallSolidConcrete	Resources\Locale\en-US\_KS14\Localization\Prototypes\_KS14\Entities\Structures\Walls\stalker.ftl	warm concrete wall	теплая бетонная стена	DeepL refinement: terminology, proper names and grammatical context still need human review
ent-KsWallSolidConcrete	Resources\Locale\en-US\_KS14\Localization\Prototypes\_KS14\Entities\Structures\Walls\stalker.ftl	Keeps the air in and the greytide out.	Сохраняет воздух внутри и не пропускает «серый прилив».	DeepL refinement: terminology, proper names and grammatical context still need human review
ent-KsWallSolidConcreteGrey	Resources\Locale\en-US\_KS14\Localization\Prototypes\_KS14\Entities\Structures\Walls\stalker.ftl	greyish concrete wall	сероватая бетонная стена	DeepL refinement: terminology, proper names and grammatical context still need human review
ent-KsWallSolidConcreteGrey	Resources\Locale\en-US\_KS14\Localization\Prototypes\_KS14\Entities\Structures\Walls\stalker.ftl	Keeps the air in and the greytide out.	Сохраняет воздух внутри и не пропускает «серый прилив».	DeepL refinement: terminology, proper names and grammatical context still need human review
ent-KsWallSolidDungeon	Resources\Locale\en-US\_KS14\Localization\Prototypes\_KS14\Entities\Structures\Walls\stalker.ftl	dungeon wall	стена подземелья	DeepL refinement: terminology, proper names and grammatical context still need human review
ent-KsWallSolidDungeon	Resources\Locale\en-US\_KS14\Localization\Prototypes\_KS14\Entities\Structures\Walls\stalker.ftl	Keeps the air in and the greytide out.	Сохраняет воздух внутри и не пропускает «серый прилив».	DeepL refinement: terminology, proper names and grammatical context still need human review
ent-KsWallSolidPrison	Resources\Locale\en-US\_KS14\Localization\Prototypes\_KS14\Entities\Structures\Walls\stalker.ftl	prison wall	тюремная стена	DeepL refinement: terminology, proper names and grammatical context still need human review
ent-KsWallSolidPrison	Resources\Locale\en-US\_KS14\Localization\Prototypes\_KS14\Entities\Structures\Walls\stalker.ftl	Keeps the air in and the greytide out.	Сохраняет воздух внутри и не пропускает «серый прилив».	DeepL refinement: terminology, proper names and grammatical context still need human review
ent-KsWallSolidVault	Resources\Locale\en-US\_KS14\Localization\Prototypes\_KS14\Entities\Structures\Walls\stalker.ftl	vault wall	стена хранилища	DeepL refinement: terminology, proper names and grammatical context still need human review
ent-KsWallSolidVault	Resources\Locale\en-US\_KS14\Localization\Prototypes\_KS14\Entities\Structures\Walls\stalker.ftl	Keeps the air in and the greytide out.	Сохраняет воздух внутри и не пропускает «серый прилив».	DeepL refinement: terminology, proper names and grammatical context still need human review
ent-KsWeaponLauncherRocketAt4	Resources\Locale\en-US\_KS14\Localization\Prototypes\_KS14\Entities\Objects\Weapons\Guns\Launchers\launchers.ftl	AT-4	AT-4	DeepL refinement: terminology, proper names and grammatical context still need human review
ent-KsWeaponLauncherRocketAt4	Resources\Locale\en-US\_KS14\Localization\Prototypes\_KS14\Entities\Objects\Weapons\Guns\Launchers\launchers.ftl	A single-used anti-tank rocket launcher.	Одноразовый противотанковый ракетный гранатомет.	DeepL refinement: terminology, proper names and grammatical context still need human review
ent-KsWeaponMinigunEliteOperative	Resources\Locale\en-US\_KS14\Localization\Prototypes\_KsModule\Entities\Mobs\Operative\pointman_nt.ftl	bluespace-tethered minigun	Миниган, привязанный к «BlueSpace»	DeepL refinement: terminology, proper names and grammatical context still need human review
ent-KsWeaponMinigunEliteOperative	Resources\Locale\en-US\_KS14\Localization\Prototypes\_KsModule\Entities\Mobs\Operative\pointman_nt.ftl	Vzzzzzt! Rahrahrahrah! Vrrrrr! Uses .10 rifle ammo.	Вззззз! Ра-ра-ра-ра! Вррррр! Использует патроны калибра .10 для винтовки.	DeepL refinement: terminology, proper names and grammatical context still need human review
ent-KsWeaponMinigunEliteOperative	Resources\Locale\en-US\_KS14\Localization\Prototypes\_KsModule\Entities\Mobs\Operative\pointman_nt.ftl	KS14, NPC, Unremoveable	KS14, NPC, не удаляется	DeepL refinement: terminology, proper names and grammatical context still need human review
ent-KsWeaponRifleEstocEliteOperative	Resources\Locale\en-US\_KS14\Localization\Prototypes\_KsModule\Entities\Mobs\Operative\pointman.ftl	modified Estoc DMR	Модифицированный Estoc DMR	DeepL refinement: terminology, proper names and grammatical context still need human review
ent-KsWeaponRifleEstocEliteOperative	Resources\Locale\en-US\_KS14\Localization\Prototypes\_KsModule\Entities\Mobs\Operative\pointman.ftl	A variant of the 'Estoc' DMR with several non-standard modifications present, heavily improving accuracy at the cost of making it bulkier.	Вариант снайперской винтовки «Estoc» с несколькими нестандартными модификациями, значительно повышающими точность за счёт увеличения габаритов.	DeepL refinement: terminology, proper names and grammatical context still need human review
ent-KsWeaponRifleEstocEliteOperative	Resources\Locale\en-US\_KS14\Localization\Prototypes\_KsModule\Entities\Mobs\Operative\pointman.ftl	KS14, NPC	KS14, NPC	DeepL refinement: terminology, proper names and grammatical context still need human review
ent-KsWeaponRifleLecterXL8EliteOperative	Resources\Locale\en-US\_KS14\Localization\Prototypes\_KsModule\Entities\Mobs\Operative\pointman_nt.ftl	modified XL8	модифицированная версия XL8	DeepL refinement: terminology, proper names and grammatical context still need human review
ent-KsWeaponRifleLecterXL8EliteOperative	Resources\Locale\en-US\_KS14\Localization\Prototypes\_KsModule\Entities\Mobs\Operative\pointman_nt.ftl	A variant of the Experimental Lecter 8 with several non-standard modifications present, heavily improving accuracy at the cost of making it bulkier.	Вариант экспериментального «Лектера 8» с несколькими нестандартными модификациями, значительно повышающими точность за счёт увеличения габаритов.	DeepL refinement: terminology, proper names and grammatical context still need human review
ent-KsWeaponRifleLecterXL8EliteOperative	Resources\Locale\en-US\_KS14\Localization\Prototypes\_KsModule\Entities\Mobs\Operative\pointman_nt.ftl	KS14, NPC	KS14, NPC	DeepL refinement: terminology, proper names and grammatical context still need human review
ent-KsWeaponTurretNanoTrasenDisposable	Resources\Locale\en-US\_KS14\Localization\Prototypes\_KS14\Entities\Objects\Weapons\Guns\Turrets\turrets_ballistic.ftl	disposable ballistic turret	одноразовая баллистическая турель	DeepL refinement: terminology, proper names and grammatical context still need human review
ent-KsWeaponTurretNanoTrasenDisposable	Resources\Locale\en-US\_KS14\Localization\Prototypes\_KS14\Entities\Objects\Weapons\Guns\Turrets\turrets_ballistic.ftl	A ballistic machine gun auto-turret.	Автоматическая турель с баллистическим пулемётом.	DeepL refinement: terminology, proper names and grammatical context still need human review
ent-KsWeaponTurretNanoTrasenDisposable	Resources\Locale\en-US\_KS14\Localization\Prototypes\_KS14\Entities\Objects\Weapons\Guns\Turrets\turrets_ballistic.ftl	NanoTrasen, Disposable	NanoTrasen, одноразовый	DeepL refinement: terminology, proper names and grammatical context still need human review
ent-KsWindowIconsmoother	Resources\Locale\en-US\_KS14\Localization\Prototypes\_KS14\SpeczoneSpecific\nanoplant_underground.ftl	iconsmooth marker	iconsmooth marker	DeepL refinement: terminology, proper names and grammatical context still need human review
ent-KsWindowIconsmoother	Resources\Locale\en-US\_KS14\Localization\Prototypes\_KS14\SpeczoneSpecific\nanoplant_underground.ftl	KS14, Iconsmooth Marker, Windows	KS14, Iconsmooth Marker, Windows	DeepL refinement: terminology, proper names and grammatical context still need human review
ent-KsWireEnd	Resources\Locale\en-US\_KS14\Localization\Prototypes\_KS14\Entities\Objects\Misc\chain.ftl	wire end	конец провода	DeepL refinement: terminology, proper names and grammatical context still need human review
ent-KsWireEnd	Resources\Locale\en-US\_KS14\Localization\Prototypes\_KS14\Entities\Objects\Misc\chain.ftl	Needs to be connected with a wire to work, obviously.	Для работы, очевидно, требуется подключение с помощью провода.	DeepL refinement: terminology, proper names and grammatical context still need human review
ent-KsWireEndBreachingCharge	Resources\Locale\en-US\_KS14\Localization\Prototypes\_KS14\Entities\Objects\Misc\chain.ftl	wired composition X-4 breaching charge	Проводная композиция X-4 — взрывной заряд	DeepL refinement: terminology, proper names and grammatical context still need human review
ent-KsWireEndBreachingCharge	Resources\Locale\en-US\_KS14\Localization\Prototypes\_KS14\Entities\Objects\Misc\chain.ftl	Needs to be connected with a wire to work, obviously. This one breaches the door. It has glue on the back.	Для работы, очевидно, необходимо подключить его с помощью провода. Этот пробивает дверь. На обратной стороне у него есть клей.	DeepL refinement: terminology, proper names and grammatical context still need human review
ent-KsWireSegment	Resources\Locale\en-US\_KS14\Localization\Prototypes\_KS14\Entities\Objects\Misc\chain.ftl	wire segment	отрезок провода	DeepL refinement: terminology, proper names and grammatical context still need human review
ent-KsWireSegmentIv	Resources\Locale\en-US\_KS14\Localization\Prototypes\_KS14\Entities\Objects\Misc\chain.ftl	iv tube	iv tube	DeepL refinement: terminology, proper names and grammatical context still need human review
ent-KsWireStart	Resources\Locale\en-US\_KS14\Localization\Prototypes\_KS14\Entities\Objects\Misc\chain.ftl	wire activator	проводной активатор	DeepL refinement: terminology, proper names and grammatical context still need human review
ent-KsWireStart	Resources\Locale\en-US\_KS14\Localization\Prototypes\_KS14\Entities\Objects\Misc\chain.ftl	There are instructions on the side of it:\n'1. CONNECT TO WIRE END'\n'2. PRESS BUTTON'	Сбоку на нём есть инструкции:\n«1. ПОДКЛЮЧИТЕ К КОНЦУ ПРОВОДА»\n«2. НАЖМИТЕ КНОПКУ»	DeepL refinement: terminology, proper names and grammatical context still need human review
ent-KsZLevelLeakedLight	Resources\Locale\en-US\_KS14\Localization\Prototypes\_KS14\Entities\ZLevel\leaked_light.ftl	leaked light	просачивающийся свет	DeepL refinement: terminology, proper names and grammatical context still need human review
ent-KsZLevelLeakedLight	Resources\Locale\en-US\_KS14\Localization\Prototypes\_KS14\Entities\ZLevel\leaked_light.ftl	A light from somewhere above. You should not be able to see this.	Свет, исходящий откуда-то сверху. Вы не должны были этого видеть.	DeepL refinement: terminology, proper names and grammatical context still need human review
ent-LoneERTSpawn	Resources\Locale\en-US\_KS14\Localization\Prototypes\_KS14\GameRules\lone_ert_rule.ftl	LoneERTSpawn	LoneERTSpawn	DeepL refinement: terminology, proper names and grammatical context still need human review
ent-LootSpawnerSyndicateAllies	Resources\Locale\en-US\_KS14\Localization\Prototypes\_KS14\Entities\Objects\syndicate_spawners.ftl	syndicate allies spawner	Генератор союзников синдиката	DeepL refinement: terminology, proper names and grammatical context still need human review
ent-LootSpawnerSyndicateAllies	Resources\Locale\en-US\_KS14\Localization\Prototypes\_KS14\Entities\Objects\syndicate_spawners.ftl	Syndicate, Allies	«Синдикат», «Союзники»	DeepL refinement: terminology, proper names and grammatical context still need human review
ent-LootSpawnerSyndicateAmmo	Resources\Locale\en-US\_KS14\Localization\Prototypes\_KS14\Entities\Objects\syndicate_spawners.ftl	syndicate ammo spawner	Генератор патронов «Синдикат»	DeepL refinement: terminology, proper names and grammatical context still need human review
ent-LootSpawnerSyndicateAmmo	Resources\Locale\en-US\_KS14\Localization\Prototypes\_KS14\Entities\Objects\syndicate_spawners.ftl	Syndicate, Ammo	Syndicate, Ammo	DeepL refinement: terminology, proper names and grammatical context still need human review
ent-LootSpawnerSyndicateBase	Resources\Locale\en-US\_KS14\Localization\Prototypes\_KS14\Entities\Objects\syndicate_spawners.ftl	syndicate loot spawner	генератор добычи в «Синдикате»	DeepL refinement: terminology, proper names and grammatical context still need human review
ent-LootSpawnerSyndicateChemicals	Resources\Locale\en-US\_KS14\Localization\Prototypes\_KS14\Entities\Objects\syndicate_spawners.ftl	syndicate chemicals spawner	Генератор химикатов «Синдикат»	DeepL refinement: terminology, proper names and grammatical context still need human review
ent-LootSpawnerSyndicateChemicals	Resources\Locale\en-US\_KS14\Localization\Prototypes\_KS14\Entities\Objects\syndicate_spawners.ftl	Syndicate, Chemicals	«Синдикат», «Химикаты»	DeepL refinement: terminology, proper names and grammatical context still need human review
ent-LootSpawnerSyndicateDeception	Resources\Locale\en-US\_KS14\Localization\Prototypes\_KS14\Entities\Objects\syndicate_spawners.ftl	syndicate deception spawner	генератор обмана в «Синдикате»	DeepL refinement: terminology, proper names and grammatical context still need human review
ent-LootSpawnerSyndicateDeception	Resources\Locale\en-US\_KS14\Localization\Prototypes\_KS14\Entities\Objects\syndicate_spawners.ftl	Syndicate, Deception	«Синдикат», «Обман»	DeepL refinement: terminology, proper names and grammatical context still need human review
ent-LootSpawnerSyndicateDisruption	Resources\Locale\en-US\_KS14\Localization\Prototypes\_KS14\Entities\Objects\syndicate_spawners.ftl	syndicate disruption spawner	генератор сбоев в синдикате	DeepL refinement: terminology, proper names and grammatical context still need human review
ent-LootSpawnerSyndicateDisruption	Resources\Locale\en-US\_KS14\Localization\Prototypes\_KS14\Entities\Objects\syndicate_spawners.ftl	Syndicate, Disruption	Syndicate, Disruption	DeepL refinement: terminology, proper names and grammatical context still need human review
ent-LootSpawnerSyndicateExplosives	Resources\Locale\en-US\_KS14\Localization\Prototypes\_KS14\Entities\Objects\syndicate_spawners.ftl	syndicate explosives spawner	Генератор взрывчатки «Синдикат»	DeepL refinement: terminology, proper names and grammatical context still need human review
ent-LootSpawnerSyndicateExplosives	Resources\Locale\en-US\_KS14\Localization\Prototypes\_KS14\Entities\Objects\syndicate_spawners.ftl	Syndicate, Explosives	«Синдикат», «Взрывчатка»	DeepL refinement: terminology, proper names and grammatical context still need human review
ent-LootSpawnerSyndicateImplants	Resources\Locale\en-US\_KS14\Localization\Prototypes\_KS14\Entities\Objects\syndicate_spawners.ftl	syndicate implants spawner	генератор имплантатов синдиката	DeepL refinement: terminology, proper names and grammatical context still need human review
ent-LootSpawnerSyndicateImplants	Resources\Locale\en-US\_KS14\Localization\Prototypes\_KS14\Entities\Objects\syndicate_spawners.ftl	Syndicate, Implants	«Синдикат», «Имплантаты»	DeepL refinement: terminology, proper names and grammatical context still need human review
ent-LootSpawnerSyndicatePointless	Resources\Locale\en-US\_KS14\Localization\Prototypes\_KS14\Entities\Objects\syndicate_spawners.ftl	syndicate pointless spawner	бессмысленный спаунер синдиката	DeepL refinement: terminology, proper names and grammatical context still need human review
ent-LootSpawnerSyndicatePointless	Resources\Locale\en-US\_KS14\Localization\Prototypes\_KS14\Entities\Objects\syndicate_spawners.ftl	Syndicate, Pointless	Syndicate, Pointless	DeepL refinement: terminology, proper names and grammatical context still need human review
ent-LootSpawnerSyndicateWeaponry	Resources\Locale\en-US\_KS14\Localization\Prototypes\_KS14\Entities\Objects\syndicate_spawners.ftl	syndicate weaponry spawner	генератор оружия синдиката	DeepL refinement: terminology, proper names and grammatical context still need human review
ent-LootSpawnerSyndicateWeaponry	Resources\Locale\en-US\_KS14\Localization\Prototypes\_KS14\Entities\Objects\syndicate_spawners.ftl	Syndicate, Weaponry	Синдикат, Оружие	DeepL refinement: terminology, proper names and grammatical context still need human review
ent-LootSpawnerSyndicateWearables	Resources\Locale\en-US\_KS14\Localization\Prototypes\_KS14\Entities\Objects\syndicate_spawners.ftl	syndicate wearables spawner	Генератор предметов экипировки «Синдикат»	DeepL refinement: terminology, proper names and grammatical context still need human review
ent-LootSpawnerSyndicateWearables	Resources\Locale\en-US\_KS14\Localization\Prototypes\_KS14\Entities\Objects\syndicate_spawners.ftl	Syndicate, Wearables	Syndicate, носимые устройства	DeepL refinement: terminology, proper names and grammatical context still need human review
ent-MachinePowerTransmissionLaser	Resources\Locale\en-US\_KS14\Localization\Prototypes\_KS14\Entities\Structures\Machines\power_laser.ftl	power transmission laser	лазерная система передачи энергии	DeepL refinement: terminology, proper names and grammatical context still need human review
ent-MachinePowerTransmissionLaser	Resources\Locale\en-US\_KS14\Localization\Prototypes\_KS14\Entities\Structures\Machines\power_laser.ftl	Sends power over a giant laser beam to an NT power processing facility. Simply plug it in and come back tomorrow for a big stack of cash (that is if you have power running). Also don't step in front of the firing line please.	Посылает энергию через гигантский лазерный луч на энергетический комплекс NT. Просто подключите его и вернитесь завтра за кучей денег (если, конечно, у вас есть питание). И, пожалуйста, не вставайте на пути лазерного луча.	DeepL refinement: terminology, proper names and grammatical context still need human review
ent-MachinePowerTransmissionLaserCrate	Resources\Locale\en-US\_KS14\Localization\Prototypes\_KS14\Catalog\Fills\Crates\engineering.ftl	power transmission laser crate	ящик с лазерным устройством передачи энергии	DeepL refinement: terminology, proper names and grammatical context still need human review
ent-MachinePowerTransmissionLaserCrate	Resources\Locale\en-US\_KS14\Localization\Prototypes\_KS14\Catalog\Fills\Crates\engineering.ftl	A large container for items.	Большой контейнер для предметов.	DeepL refinement: terminology, proper names and grammatical context still need human review
ent-MachinePowerTransmissionLaserFlatpack	Resources\Locale\en-US\_KS14\Localization\Prototypes\_KS14\Entities\Objects\Devices\flatpack.ftl	power transmision laser flatpack	Лазерная система передачи энергии в плоской упаковке	DeepL refinement: terminology, proper names and grammatical context still need human review
ent-MachinePowerTransmissionLaserFlatpack	Resources\Locale\en-US\_KS14\Localization\Prototypes\_KS14\Entities\Objects\Devices\flatpack.ftl	A flatpack used for constructing a power transmission laser	Набор деталей для сборки лазера для передачи энергии	DeepL refinement: terminology, proper names and grammatical context still need human review
ent-MachinePowerTransmissionLaserHitscan	Resources\Locale\en-US\_KS14\Localization\Prototypes\_KS14\Entities\Structures\Machines\power_laser.ftl	power transmission laser ray	лазерный луч для передачи энергии	DeepL refinement: terminology, proper names and grammatical context still need human review
ent-MaintenanceAmmoSpawner	Resources\Locale\en-US\_KS14\Localization\Prototypes\_KS14\Entities\Markers\Spawners\Random\maintence.ftl	Maint Loot Spawner	Генератор добычи «MainLoot»	DeepL refinement: terminology, proper names and grammatical context still need human review
ent-MaintenanceAmmoSpawner	Resources\Locale\en-US\_KS14\Localization\Prototypes\_KS14\Entities\Markers\Spawners\Random\maintence.ftl	Ammo	Боеприпасы	DeepL refinement: terminology, proper names and grammatical context still need human review
ent-MassDriver	Resources\Locale\en-US\_KS14\Localization\Prototypes\_KS14\Entities\Structures\Machines\mass_driver.ftl	mass driver	массовый катапульт	DeepL refinement: terminology, proper names and grammatical context still need human review
ent-MassDriver	Resources\Locale\en-US\_KS14\Localization\Prototypes\_KS14\Entities\Structures\Machines\mass_driver.ftl	The finest in spring-loaded piston toy technology, now on a space station near you.	Лучшие достижения в области игрушечной технологии с пружинными поршнями — теперь на космической станции рядом с вами.	DeepL refinement: terminology, proper names and grammatical context still need human review
ent-McqDialogue	Resources\Locale\en-US\_KS14\Localization\Prototypes\_KS14\mcq.ftl	you should not see this	Вы не должны видеть это	DeepL refinement: terminology, proper names and grammatical context still need human review
ent-MechLaser	Resources\Locale\en-US\_KS14\Localization\Prototypes\_KS14\Entities\Objects\Specific\Mech\Weapons\Gun\Projectiles\hitscan.ftl	mounted laser ray	установленный лазерный луч	DeepL refinement: terminology, proper names and grammatical context still need human review
ent-MechU43	Resources\Locale\en-US\_KS14\Localization\Prototypes\_KS14\Entities\Objects\Specific\Mech\mechs.ftl	U-43 combat walker	Боевой ходунок U-43	DeepL refinement: terminology, proper names and grammatical context still need human review
ent-MechU43	Resources\Locale\en-US\_KS14\Localization\Prototypes\_KS14\Entities\Objects\Specific\Mech\mechs.ftl	A paradroppable, jet-insertable Syndicate combat walker.	Боевой ходунок «Синдикат», который можно сбрасывать с воздуха и доставлять на реактивных двигателях.	DeepL refinement: terminology, proper names and grammatical context still need human review
ent-MechU43Battery	Resources\Locale\en-US\_KS14\Localization\Prototypes\_KS14\Entities\Objects\Specific\Mech\mechs.ftl	U-43 combat walker	Боевой ходунок U-43	DeepL refinement: terminology, proper names and grammatical context still need human review
ent-MechU43Battery	Resources\Locale\en-US\_KS14\Localization\Prototypes\_KS14\Entities\Objects\Specific\Mech\mechs.ftl	A paradroppable, jet-insertable Syndicate combat walker.	Боевой ходунок «Синдикат», который можно сбрасывать с воздуха и доставлять на реактивных двигателях.	DeepL refinement: terminology, proper names and grammatical context still need human review
ent-MechU43Battery	Resources\Locale\en-US\_KS14\Localization\Prototypes\_KS14\Entities\Objects\Specific\Mech\mechs.ftl	Battery	Батарея	DeepL refinement: terminology, proper names and grammatical context still need human review
ent-MindRoleAnchorless	Resources\Locale\en-US\_KS14\Localization\Prototypes\_KS14\Roles\anchorless.ftl	Anchorless Role	Роль безъякорного	Manually reviewed: consistent Russian terminology
ent-MindRoleAnchorless	Resources\Locale\en-US\_KS14\Localization\Prototypes\_KS14\Roles\anchorless.ftl	Mind Role entity	Роль безъякорного	Manually reviewed: consistent Russian terminology
ent-MobColossus	Resources\Locale\en-US\_KS14\Localization\Prototypes\_KS14\Entities\Mobs\Boss\colossus.ftl	colossus	colossus	DeepL refinement: terminology, proper names and grammatical context still need human review
ent-MobColossus	Resources\Locale\en-US\_KS14\Localization\Prototypes\_KS14\Entities\Mobs\Boss\colossus.ftl	A monstrous creature protected by heavy shielding.	Чудовищное существо, защищённое мощным щитом.	DeepL refinement: terminology, proper names and grammatical context still need human review
ent-MobFillBot	Resources\Locale\en-US\_KS14\Localization\Prototypes\_EinsteinEngines\Entities\Mobs\NPCs\fillbot.ftl	fillbot	fillbot	DeepL refinement: terminology, proper names and grammatical context still need human review
ent-MobFillBot	Resources\Locale\en-US\_KS14\Localization\Prototypes\_EinsteinEngines\Entities\Mobs\NPCs\fillbot.ftl	It picks up things and puts them somewhere else.	Она подбирает предметы и перемещает их в другое место.	DeepL refinement: terminology, proper names and grammatical context still need human review
ent-MobHallucination	Resources\Locale\en-US\_KS14\Localization\Prototypes\_KsModule\Entities\Mobs\Hallucination\hallucination.ftl	OH GOD WHAT THE FUCK IS THAT	О БОЖЕ, ЧТО ЭТО ЗА ХЕРНЯ?	DeepL refinement: terminology, proper names and grammatical context still need human review
ent-MobHallucination	Resources\Locale\en-US\_KS14\Localization\Prototypes\_KsModule\Entities\Mobs\Hallucination\hallucination.ftl	AI, Deletes Itself	ИИ, самоуничтожение	DeepL refinement: terminology, proper names and grammatical context still need human review
ent-MobHallucinationSpeczone	Resources\Locale\en-US\_KS14\Localization\Prototypes\_KsModule\Entities\Mobs\Hallucination\hallucination.ftl	OH GOD WHAT THE FUCK IS THAT	О БОЖЕ, ЧТО ЭТО ЗА ХЕРНЯ?	DeepL refinement: terminology, proper names and grammatical context still need human review
ent-MobHallucinationSpeczone	Resources\Locale\en-US\_KS14\Localization\Prototypes\_KsModule\Entities\Mobs\Hallucination\hallucination.ftl	AI, Puts You Into a Speczone, Deletes Itself	ИИ, помещает вас в специальную зону, а затем самоуничтожается	DeepL refinement: terminology, proper names and grammatical context still need human review
ent-MobHallucinationSpeczoneNonDeleting	Resources\Locale\en-US\_KS14\Localization\Prototypes\_KsModule\Entities\Mobs\Hallucination\hallucination.ftl	OH GOD WHAT THE FUCK IS THAT	О БОЖЕ, ЧТО ЭТО ЗА ХЕРНЯ?	DeepL refinement: terminology, proper names and grammatical context still need human review
ent-MobHallucinationSpeczoneNonDeleting	Resources\Locale\en-US\_KS14\Localization\Prototypes\_KsModule\Entities\Mobs\Hallucination\hallucination.ftl	AI, Puts You Into a Speczone, Doesn't Delete Itself	ИИ помещает вас в специальную зону, но не удаляет себя	DeepL refinement: terminology, proper names and grammatical context still need human review
ent-MobHallucinationSpeczoneNonDeletingBluelab	Resources\Locale\en-US\_KS14\Localization\Prototypes\_KsModule\Entities\Mobs\Hallucination\hallucination.ftl	OH GOD WHAT THE FUCK IS THAT	О БОЖЕ, ЧТО ЭТО ЗА ХЕРНЯ?	DeepL refinement: terminology, proper names and grammatical context still need human review
ent-MobHallucinationSpeczoneNonDeletingBluelab	Resources\Locale\en-US\_KS14\Localization\Prototypes\_KsModule\Entities\Mobs\Hallucination\hallucination.ftl	AI, Puts You Into Bluelab, Doesn't Delete Itself	ИИ, помещает вас в «Bluelab», не удаляет себя	DeepL refinement: terminology, proper names and grammatical context still need human review
ent-MobHallucinationSpeczoneNonDeletingPoyezd	Resources\Locale\en-US\_KS14\Localization\Prototypes\_KsModule\Entities\Mobs\Hallucination\hallucination.ftl	OH GOD WHAT THE FUCK IS THAT	О БОЖЕ, ЧТО ЭТО ЗА ХЕРНЯ?	DeepL refinement: terminology, proper names and grammatical context still need human review
ent-MobHallucinationSpeczoneNonDeletingPoyezd	Resources\Locale\en-US\_KS14\Localization\Prototypes\_KsModule\Entities\Mobs\Hallucination\hallucination.ftl	AI, Puts You Into Poyezd, Doesn't Delete Itself	ИИ, помещает вас в «Поезд», но не удаляет себя	DeepL refinement: terminology, proper names and grammatical context still need human review
ent-MobHumanLoneERT	Resources\Locale\en-US\_KS14\Localization\Prototypes\_KS14\Entities\Spawners\ert.ftl	Lone ERT Operative	Одиночный оперативник ERT	DeepL refinement: terminology, proper names and grammatical context still need human review
ent-MobMineBot	Resources\Locale\en-US\_KS14\Localization\Prototypes\_EinsteinEngines\Entities\Mobs\NPCs\minebot.ftl	minebot	minebot	DeepL refinement: terminology, proper names and grammatical context still need human review
ent-MobMineBot	Resources\Locale\en-US\_KS14\Localization\Prototypes\_EinsteinEngines\Entities\Mobs\NPCs\minebot.ftl	A miner's best friend!	Лучший друг шахтера!	DeepL refinement: terminology, proper names and grammatical context still need human review
ent-MobPlantbot	Resources\Locale\en-US\_KS14\Localization\Prototypes\_EinsteinEngines\Entities\Mobs\NPCs\plantbot.ftl	plantbot	plantbot	DeepL refinement: terminology, proper names and grammatical context still need human review
ent-MobPlantbot	Resources\Locale\en-US\_KS14\Localization\Prototypes\_EinsteinEngines\Entities\Mobs\NPCs\plantbot.ftl	A botanist's best friend!	Лучший друг ботаника!	DeepL refinement: terminology, proper names and grammatical context still need human review
ent-MobWeldbot	Resources\Locale\en-US\_KS14\Localization\Prototypes\_EinsteinEngines\Entities\Mobs\NPCs\weldbot.ftl	weldbot	weldbot	DeepL refinement: terminology, proper names and grammatical context still need human review
ent-MobWeldbot	Resources\Locale\en-US\_KS14\Localization\Prototypes\_EinsteinEngines\Entities\Mobs\NPCs\weldbot.ftl	No substitute for an engineer, but better than nothing.	Не заменит инженера, но лучше, чем ничего.	DeepL refinement: terminology, proper names and grammatical context still need human review
ent-MolarMixer	Resources\Locale\en-US\_KS14\Localization\Prototypes\_KS14\Entities\Structures\Piping\Atmospherics\trinary.ftl	molar mixer	молярный смеситель	DeepL refinement: terminology, proper names and grammatical context still need human review
ent-MolarMixer	Resources\Locale\en-US\_KS14\Localization\Prototypes\_KS14\Entities\Structures\Piping\Atmospherics\trinary.ftl	A modified gas mixer that always mixes a precise amount of moles.	Модифицированный газосмеситель, который всегда смешивает точное количество молей.	DeepL refinement: terminology, proper names and grammatical context still need human review
ent-MolarMixerFlipped	Resources\Locale\en-US\_KS14\Localization\Prototypes\_KS14\Entities\Structures\Piping\Atmospherics\trinary.ftl	molar mixer	молярный смеситель	DeepL refinement: terminology, proper names and grammatical context still need human review
ent-MolarMixerFlipped	Resources\Locale\en-US\_KS14\Localization\Prototypes\_KS14\Entities\Structures\Piping\Atmospherics\trinary.ftl	A modified gas mixer that always mixes a precise amount of moles.	Модифицированный газосмеситель, который всегда смешивает точное количество молей.	DeepL refinement: terminology, proper names and grammatical context still need human review
ent-MolarMixerFlipped	Resources\Locale\en-US\_KS14\Localization\Prototypes\_KS14\Entities\Structures\Piping\Atmospherics\trinary.ftl	Flipped	Перевернуто	DeepL refinement: terminology, proper names and grammatical context still need human review
ent-NanoplantNtIdCard	Resources\Locale\en-US\_KS14\Localization\Prototypes\_KS14\Scenarios\Nanoplant\objects.ftl	nanoplant id card	Идентификационная карточка «Нанопланта»	DeepL refinement: terminology, proper names and grammatical context still need human review
ent-NanoplantNtIdCard	Resources\Locale\en-US\_KS14\Localization\Prototypes\_KS14\Scenarios\Nanoplant\objects.ftl	A card necessary to access various areas aboard the station.	Карта, необходимая для доступа к различным зонам на борту станции.	DeepL refinement: terminology, proper names and grammatical context still need human review
ent-NanoplantNtIdCard	Resources\Locale\en-US\_KS14\Localization\Prototypes\_KS14\Scenarios\Nanoplant\objects.ftl	Scenario, Nanotrasen	Сценарий, Nanotrasen	DeepL refinement: terminology, proper names and grammatical context still need human review
ent-NanoplantNtPDA	Resources\Locale\en-US\_KS14\Localization\Prototypes\_KS14\Scenarios\Nanoplant\objects.ftl	nanoplant pda	KПК «Нанопланта»	DeepL refinement: terminology, proper names and grammatical context still need human review
ent-NanoplantNtPDA	Resources\Locale\en-US\_KS14\Localization\Prototypes\_KS14\Scenarios\Nanoplant\objects.ftl	Red for firepower.	Красный цвет обозначает огневую мощь.	DeepL refinement: terminology, proper names and grammatical context still need human review
ent-NanoplantNtPDA	Resources\Locale\en-US\_KS14\Localization\Prototypes\_KS14\Scenarios\Nanoplant\objects.ftl	Scenario, Nanotrasen	Сценарий, Nanotrasen	DeepL refinement: terminology, proper names and grammatical context still need human review
ent-NuclearDebrisChunk	Resources\Locale\en-US\_KS14\Localization\Prototypes\_FarHorizons\Entities\Structures\Power\Generation\FissionGenerator\nuclear_reactor.ftl	metal chunk	кусок металла	DeepL refinement: terminology, proper names and grammatical context still need human review
ent-NuclearDebrisChunk	Resources\Locale\en-US\_KS14\Localization\Prototypes\_FarHorizons\Entities\Structures\Power\Generation\FissionGenerator\nuclear_reactor.ftl	You did not see graphite on the roof. You're in shock. Report to medical.	Вы не заметили графита на крыше. Вы в шоке. Обратитесь в медицинский пункт.	DeepL refinement: terminology, proper names and grammatical context still need human review
ent-NuclearReactorAlignment	Resources\Locale\en-US\_KS14\Localization\Prototypes\_FarHorizons\Entities\Structures\Power\Generation\FissionGenerator\nuclear_reactor.ftl	nuclear reactor	ядерный реактор	DeepL refinement: terminology, proper names and grammatical context still need human review
ent-NuclearReactorAlignment	Resources\Locale\en-US\_KS14\Localization\Prototypes\_FarHorizons\Entities\Structures\Power\Generation\FissionGenerator\nuclear_reactor.ftl	Should you really be standing this close to that?	А тебе действительно стоит стоять так близко к этому?	DeepL refinement: terminology, proper names and grammatical context still need human review
ent-NuclearReactorAlignment	Resources\Locale\en-US\_KS14\Localization\Prototypes\_FarHorizons\Entities\Structures\Power\Generation\FissionGenerator\nuclear_reactor.ftl	Debug, Alignment	Отладка, настройка	DeepL refinement: terminology, proper names and grammatical context still need human review
ent-NuclearReactorDebug	Resources\Locale\en-US\_KS14\Localization\Prototypes\_FarHorizons\Entities\Structures\Power\Generation\FissionGenerator\nuclear_reactor.ftl	nuclear reactor	ядерный реактор	DeepL refinement: terminology, proper names and grammatical context still need human review
ent-NuclearReactorDebug	Resources\Locale\en-US\_KS14\Localization\Prototypes\_FarHorizons\Entities\Structures\Power\Generation\FissionGenerator\nuclear_reactor.ftl	Should you really be standing this close to that?	А тебе действительно стоит стоять так близко к этому?	DeepL refinement: terminology, proper names and grammatical context still need human review
ent-NuclearReactorDebug	Resources\Locale\en-US\_KS14\Localization\Prototypes\_FarHorizons\Entities\Structures\Power\Generation\FissionGenerator\nuclear_reactor.ftl	Debug	Отладка	DeepL refinement: terminology, proper names and grammatical context still need human review
ent-NuclearReactorDestroyed	Resources\Locale\en-US\_KS14\Localization\Prototypes\_FarHorizons\Entities\Structures\Power\Generation\FissionGenerator\nuclear_reactor.ftl	destroyed nuclear reactor	разрушенный ядерный реактор	DeepL refinement: terminology, proper names and grammatical context still need human review
ent-NuclearReactorDestroyed	Resources\Locale\en-US\_KS14\Localization\Prototypes\_FarHorizons\Entities\Structures\Power\Generation\FissionGenerator\nuclear_reactor.ftl	What a crisis. You should really get away from this.	Какой кризис. Тебе действительно стоит уйти отсюда.	DeepL refinement: terminology, proper names and grammatical context still need human review
ent-NuclearReactorDestroyed	Resources\Locale\en-US\_KS14\Localization\Prototypes\_FarHorizons\Entities\Structures\Power\Generation\FissionGenerator\nuclear_reactor.ftl	Mapping	Составление карт	DeepL refinement: terminology, proper names and grammatical context still need human review
ent-NuclearReactorMeltdown	Resources\Locale\en-US\_KS14\Localization\Prototypes\_FarHorizons\Entities\Structures\Power\Generation\FissionGenerator\nuclear_reactor.ftl	nuclear reactor	ядерный реактор	DeepL refinement: terminology, proper names and grammatical context still need human review
ent-NuclearReactorMeltdown	Resources\Locale\en-US\_KS14\Localization\Prototypes\_FarHorizons\Entities\Structures\Power\Generation\FissionGenerator\nuclear_reactor.ftl	Should you really be standing this close to that?	А тебе действительно стоит стоять так близко к этому?	DeepL refinement: terminology, proper names and grammatical context still need human review
ent-NuclearReactorMeltdown	Resources\Locale\en-US\_KS14\Localization\Prototypes\_FarHorizons\Entities\Structures\Power\Generation\FissionGenerator\nuclear_reactor.ftl	Debug, Meltdown	Отладка, Мелтдаун	DeepL refinement: terminology, proper names and grammatical context still need human review
ent-OreRetrievalMatrix	Resources\Locale\en-US\_KS14\Localization\Prototypes\_KS14\Entities\Structures\Machines\mining.ftl	ore retrieval matrix	матрица добычи руды	DeepL refinement: terminology, proper names and grammatical context still need human review
ent-OreRetrievalMatrix	Resources\Locale\en-US\_KS14\Localization\Prototypes\_KS14\Entities\Structures\Machines\mining.ftl	Expensive equipment used to automagically teleports ores from ore wells; tapped ore vents. Well, if you press the power button first that is.	Дорогостоящее оборудование, используемое для автоматической телепортации руды из рудных скважин; открытые рудные жилы. Ну, если сначала нажать кнопку включения, конечно.	DeepL refinement: terminology, proper names and grammatical context still need human review
ent-OreRetrievalMatrixEnabled	Resources\Locale\en-US\_KS14\Localization\Prototypes\_KS14\Entities\Structures\Machines\mining.ftl	ore retrieval matrix	матрица добычи руды	DeepL refinement: terminology, proper names and grammatical context still need human review
ent-OreRetrievalMatrixEnabled	Resources\Locale\en-US\_KS14\Localization\Prototypes\_KS14\Entities\Structures\Machines\mining.ftl	Expensive equipment used to automagically teleports ores from ore wells; tapped ore vents. Well, if you press the power button first that is.	Дорогостоящее оборудование, используемое для автоматической телепортации руды из рудных скважин; открытые рудные жилы. Ну, если сначала нажать кнопку включения, конечно.	DeepL refinement: terminology, proper names and grammatical context still need human review
ent-OreRetrievalMatrixEnabled	Resources\Locale\en-US\_KS14\Localization\Prototypes\_KS14\Entities\Structures\Machines\mining.ftl	Enabled	Включено	DeepL refinement: terminology, proper names and grammatical context still need human review
ent-OreRetrievalMatrixFlatpack	Resources\Locale\en-US\_KS14\Localization\Prototypes\_KS14\Entities\Structures\Machines\mining.ftl	ore retrieval matrix flatpack	Матрица добычи руды (плоская упаковка)	DeepL refinement: terminology, proper names and grammatical context still need human review
ent-OreRetrievalMatrixFlatpack	Resources\Locale\en-US\_KS14\Localization\Prototypes\_KS14\Entities\Structures\Machines\mining.ftl	A flatpack used for constructing an ore retrieval matrix.	Набор деталей, используемый для сборки матрицы добычи руды.	DeepL refinement: terminology, proper names and grammatical context still need human review
ent-PacketNetworkConfigurator	Resources\Locale\en-US\_KS14\Localization\Prototypes\_KS14\Entities\Objects\Tools\tools.ftl	packet network configurator	конфигуратор пакетной сети	DeepL refinement: terminology, proper names and grammatical context still need human review
ent-PacketNetworkConfigurator	Resources\Locale\en-US\_KS14\Localization\Prototypes\_KS14\Entities\Objects\Tools\tools.ftl	A tool for managing packet networks. Swipe it on paper with frequency number to start working.	Инструмент для управления пакетными сетями. Проведите им по бумаге с указанным номером частоты, чтобы начать работу.	DeepL refinement: terminology, proper names and grammatical context still need human review
ent-PelletShotgunMech	Resources\Locale\en-US\_KS14\Localization\Prototypes\_KS14\Entities\Objects\Specific\Mech\Weapons\Gun\Projectiles\ballistic.ftl	pellet (.775)	пуля (.775)	DeepL refinement: terminology, proper names and grammatical context still need human review
ent-PelletShotgunMech	Resources\Locale\en-US\_KS14\Localization\Prototypes\_KS14\Entities\Objects\Specific\Mech\Weapons\Gun\Projectiles\ballistic.ftl	If you can see this you're probably dead!	Если вы это видите, то, скорее всего, вы уже мертвы!	DeepL refinement: terminology, proper names and grammatical context still need human review
ent-PelletShotgunMechSpread	Resources\Locale\en-US\_KS14\Localization\Prototypes\_KS14\Entities\Objects\Specific\Mech\Weapons\Gun\Projectiles\ballistic.ftl	pellet (.775)	пуля (.775)	DeepL refinement: terminology, proper names and grammatical context still need human review
ent-PelletShotgunMechSpread	Resources\Locale\en-US\_KS14\Localization\Prototypes\_KS14\Entities\Objects\Specific\Mech\Weapons\Gun\Projectiles\ballistic.ftl	If you can see this you're probably dead!	Если вы это видите, то, скорее всего, вы уже мертвы!	DeepL refinement: terminology, proper names and grammatical context still need human review
ent-PinpointerScenarioNanotrasen	Resources\Locale\en-US\_KS14\Localization\Prototypes\_KS14\Scenarios\objects.ftl	pinpointer	пинпойнтер	DeepL refinement: terminology, proper names and grammatical context still need human review
ent-PinpointerScenarioNanotrasen	Resources\Locale\en-US\_KS14\Localization\Prototypes\_KS14\Scenarios\objects.ftl	A handheld tracking device. While typically far more capable, this one has been configured to lock onto certain signals. Keep upright to retain accuracy.	Портативное устройство слежения. Хотя обычно оно обладает гораздо большими возможностями, данное устройство настроено на захват определённых сигналов. Держите его в вертикальном положении для обеспечения точности.	DeepL refinement: terminology, proper names and grammatical context still need human review
ent-PinpointerScenarioNanotrasen	Resources\Locale\en-US\_KS14\Localization\Prototypes\_KS14\Scenarios\objects.ftl	Scenario, Nanotrasen	Сценарий, Nanotrasen	DeepL refinement: terminology, proper names and grammatical context still need human review
ent-PinpointerScenarioObjective	Resources\Locale\en-US\_KS14\Localization\Prototypes\_KS14\Scenarios\objects.ftl	pinpointer	пинпойнтер	DeepL refinement: terminology, proper names and grammatical context still need human review
ent-PinpointerScenarioObjective	Resources\Locale\en-US\_KS14\Localization\Prototypes\_KS14\Scenarios\objects.ftl	A handheld tracking device. While typically far more capable, this one has been configured to lock onto certain signals. Keep upright to retain accuracy.	Портативное устройство слежения. Хотя обычно оно обладает гораздо большими возможностями, данное устройство настроено на захват определённых сигналов. Держите его в вертикальном положении для обеспечения точности.	DeepL refinement: terminology, proper names and grammatical context still need human review
ent-PinpointerScenarioObjective	Resources\Locale\en-US\_KS14\Localization\Prototypes\_KS14\Scenarios\objects.ftl	Scenario, Objective	Сценарий, цель	DeepL refinement: terminology, proper names and grammatical context still need human review
ent-PistolBarrel	Resources\Locale\en-US\_KS14\Localization\Prototypes\_KS14\Entities\Objects\Misc\improvised_gun_parts.ftl	pistol barrel	ствол пистолета	DeepL refinement: terminology, proper names and grammatical context still need human review
ent-PistolBarrel	Resources\Locale\en-US\_KS14\Localization\Prototypes\_KS14\Entities\Objects\Misc\improvised_gun_parts.ftl	Without this, you're basically just popping firecrackers next to rocks.	Без этого вы, по сути, просто взрываете петарды рядом со скалами.	DeepL refinement: terminology, proper names and grammatical context still need human review
ent-PlumbingDrain	Resources\Locale\en-US\_KS14\Localization\Prototypes\_StarLight\Entities\Structures\Piping\Plumbing\plumbing_machines.ftl	plumbing drain	сливная труба	DeepL refinement: terminology, proper names and grammatical context still need human review
ent-PlumbingDrain	Resources\Locale\en-US\_KS14\Localization\Prototypes\_StarLight\Entities\Structures\Piping\Plumbing\plumbing_machines.ftl	A floor drain that absorbs puddles and routes them into the plumbing network instead of disposing them.	Сливной люк в полу, который впитывает лужи и направляет их в канализационную сеть, а не сбрасывает.	DeepL refinement: terminology, proper names and grammatical context still need human review
ent-PlumbingDuctBase	Resources\Locale\en-US\_KS14\Localization\Prototypes\_StarLight\Entities\Structures\Piping\Plumbing\ducts.ftl	fluid duct	трубопровод для жидкости	DeepL refinement: terminology, proper names and grammatical context still need human review
ent-PlumbingDuctBase	Resources\Locale\en-US\_KS14\Localization\Prototypes\_StarLight\Entities\Structures\Piping\Plumbing\ducts.ftl	A duct for transporting reagents through the plumbing network.	Трубопровод для транспортировки реагентов по системе трубопроводов.	DeepL refinement: terminology, proper names and grammatical context still need human review
ent-PlumbingDuctBend	Resources\Locale\en-US\_KS14\Localization\Prototypes\_StarLight\Entities\Structures\Piping\Plumbing\ducts.ftl	fluid duct	трубопровод для жидкости	DeepL refinement: terminology, proper names and grammatical context still need human review
ent-PlumbingDuctBend	Resources\Locale\en-US\_KS14\Localization\Prototypes\_StarLight\Entities\Structures\Piping\Plumbing\ducts.ftl	A duct for transporting reagents through the plumbing network.	Трубопровод для транспортировки реагентов по системе трубопроводов.	DeepL refinement: terminology, proper names and grammatical context still need human review
ent-PlumbingDuctBend	Resources\Locale\en-US\_KS14\Localization\Prototypes\_StarLight\Entities\Structures\Piping\Plumbing\ducts.ftl	Bend	Бенд	DeepL refinement: terminology, proper names and grammatical context still need human review
ent-PlumbingDuctFourway	Resources\Locale\en-US\_KS14\Localization\Prototypes\_StarLight\Entities\Structures\Piping\Plumbing\ducts.ftl	fluid duct	трубопровод для жидкости	DeepL refinement: terminology, proper names and grammatical context still need human review
ent-PlumbingDuctFourway	Resources\Locale\en-US\_KS14\Localization\Prototypes\_StarLight\Entities\Structures\Piping\Plumbing\ducts.ftl	A duct for transporting reagents through the plumbing network.	Трубопровод для транспортировки реагентов по системе трубопроводов.	DeepL refinement: terminology, proper names and grammatical context still need human review
ent-PlumbingDuctFourway	Resources\Locale\en-US\_KS14\Localization\Prototypes\_StarLight\Entities\Structures\Piping\Plumbing\ducts.ftl	Fourway	Fourway	DeepL refinement: terminology, proper names and grammatical context still need human review
ent-PlumbingDuctStraight	Resources\Locale\en-US\_KS14\Localization\Prototypes\_StarLight\Entities\Structures\Piping\Plumbing\ducts.ftl	fluid duct	трубопровод для жидкости	DeepL refinement: terminology, proper names and grammatical context still need human review
ent-PlumbingDuctStraight	Resources\Locale\en-US\_KS14\Localization\Prototypes\_StarLight\Entities\Structures\Piping\Plumbing\ducts.ftl	A duct for transporting reagents through the plumbing network.	Трубопровод для транспортировки реагентов по системе трубопроводов.	DeepL refinement: terminology, proper names and grammatical context still need human review
ent-PlumbingDuctStraight	Resources\Locale\en-US\_KS14\Localization\Prototypes\_StarLight\Entities\Structures\Piping\Plumbing\ducts.ftl	Straight	Прямой	DeepL refinement: terminology, proper names and grammatical context still need human review
ent-PlumbingDuctTJunction	Resources\Locale\en-US\_KS14\Localization\Prototypes\_StarLight\Entities\Structures\Piping\Plumbing\ducts.ftl	fluid duct	трубопровод для жидкости	DeepL refinement: terminology, proper names and grammatical context still need human review
ent-PlumbingDuctTJunction	Resources\Locale\en-US\_KS14\Localization\Prototypes\_StarLight\Entities\Structures\Piping\Plumbing\ducts.ftl	A duct for transporting reagents through the plumbing network.	Трубопровод для транспортировки реагентов по системе трубопроводов.	DeepL refinement: terminology, proper names and grammatical context still need human review
ent-PlumbingDuctTJunction	Resources\Locale\en-US\_KS14\Localization\Prototypes\_StarLight\Entities\Structures\Piping\Plumbing\ducts.ftl	T-Junction	T-Junction	DeepL refinement: terminology, proper names and grammatical context still need human review
ent-PlumbingFilter	Resources\Locale\en-US\_KS14\Localization\Prototypes\_StarLight\Entities\Structures\Piping\Plumbing\plumbing_machines.ftl	plumbing filter	фильтр водопровода	DeepL refinement: terminology, proper names and grammatical context still need human review
ent-PlumbingFilter	Resources\Locale\en-US\_KS14\Localization\Prototypes\_StarLight\Entities\Structures\Piping\Plumbing\plumbing_machines.ftl	Filters specific reagents. Pulls from inlet (north). Filtered reagents at west output, non-filtered at south output.	Фильтрует определенные реагенты. Забирает реагенты с входа (север). Отфильтрованные реагенты выходят на западном выходе, нефильтрованные — на южном выходе.	DeepL refinement: terminology, proper names and grammatical context still need human review
ent-PlumbingFilterFlipped	Resources\Locale\en-US\_KS14\Localization\Prototypes\_StarLight\Entities\Structures\Piping\Plumbing\plumbing_machines.ftl	plumbing filter	фильтр водопровода	DeepL refinement: terminology, proper names and grammatical context still need human review
ent-PlumbingFilterFlipped	Resources\Locale\en-US\_KS14\Localization\Prototypes\_StarLight\Entities\Structures\Piping\Plumbing\plumbing_machines.ftl	Filters specific reagents. Pulls from inlet (south). Filtered reagents at west output, non-filtered at north output.	Фильтрует определённые реагенты. Забор из входного отверстия (юг). Отфильтрованные реагенты выходят через западный выход, нефильтрованные — через северный.	DeepL refinement: terminology, proper names and grammatical context still need human review
ent-PlumbingFilterFlipped	Resources\Locale\en-US\_KS14\Localization\Prototypes\_StarLight\Entities\Structures\Piping\Plumbing\plumbing_machines.ftl	Flipped	Перевернуто	DeepL refinement: terminology, proper names and grammatical context still need human review
ent-PlumbingInput	Resources\Locale\en-US\_KS14\Localization\Prototypes\_StarLight\Entities\Structures\Piping\Plumbing\plumbing_machines.ftl	plumbing input	ввод данных по сантехнике	DeepL refinement: terminology, proper names and grammatical context still need human review
ent-PlumbingInput	Resources\Locale\en-US\_KS14\Localization\Prototypes\_StarLight\Entities\Structures\Piping\Plumbing\plumbing_machines.ftl	A small tank you pour reagents into. Other machines pull from this. Connects in all directions.	Небольшой резервуар, в который заливаются реагенты. Другие устройства забирают из него реагенты. Подключается во всех направлениях.	DeepL refinement: terminology, proper names and grammatical context still need human review
ent-PlumbingOutput	Resources\Locale\en-US\_KS14\Localization\Prototypes\_StarLight\Entities\Structures\Piping\Plumbing\plumbing_machines.ftl	plumbing output	выход из системы водоснабжения	DeepL refinement: terminology, proper names and grammatical context still need human review
ent-PlumbingOutput	Resources\Locale\en-US\_KS14\Localization\Prototypes\_StarLight\Entities\Structures\Piping\Plumbing\plumbing_machines.ftl	A small tank that pulls reagents from the network. Draw from it with a container. Connects in all directions.	Небольшой резервуар, из которого через сеть подаются реагенты. Забирайте из него реагенты с помощью контейнера. Подключается во всех направлениях.	DeepL refinement: terminology, proper names and grammatical context still need human review
ent-PlumbingPillPress	Resources\Locale\en-US\_KS14\Localization\Prototypes\_StarLight\Entities\Structures\Piping\Plumbing\plumbing_machines.ftl	plumbing pill press	сантехника, таблеточный пресс	DeepL refinement: terminology, proper names and grammatical context still need human review
ent-PlumbingPillPress	Resources\Locale\en-US\_KS14\Localization\Prototypes\_StarLight\Entities\Structures\Piping\Plumbing\plumbing_machines.ftl	Pulls reagents from the network and automatically presses them into pills or patches at a configurable dosage. Has optional mixing inlets (E/W) for ratio-controlled mixing.	Извлекает реагенты из сети и автоматически прессовывает их в таблетки или пластыри с настраиваемой дозировкой. Имеет дополнительные впускные отверстия для смешивания (E/W) с регулируемым соотношением компонентов.	DeepL refinement: terminology, proper names and grammatical context still need human review
ent-PlumbingReactor	Resources\Locale\en-US\_KS14\Localization\Prototypes\_StarLight\Entities\Structures\Piping\Plumbing\plumbing_machines.ftl	plumbing reactor	реактор водоснабжения	DeepL refinement: terminology, proper names and grammatical context still need human review
ent-PlumbingReactor	Resources\Locale\en-US\_KS14\Localization\Prototypes\_StarLight\Entities\Structures\Piping\Plumbing\plumbing_machines.ftl	Pulls target reagents from inlet (north) and triggers reactions when targets are met. Products available at outlet (south).	Из входного отверстия (север) забираются целевые реагенты, и при достижении заданных параметров запускаются реакции. Продукты доступны на выходе (юг).	DeepL refinement: terminology, proper names and grammatical context still need human review
ent-PlumbingSink	Resources\Locale\en-US\_KS14\Localization\Prototypes\_StarLight\Entities\Structures\Piping\Plumbing\plumbing_machines.ftl	plumbing sink	раковина	DeepL refinement: terminology, proper names and grammatical context still need human review
ent-PlumbingSink	Resources\Locale\en-US\_KS14\Localization\Prototypes\_StarLight\Entities\Structures\Piping\Plumbing\plumbing_machines.ftl	A sink connected to the plumbing network. Draw reagents from it with a container, or dump reagents into it to send them down the drain. Connects in all directions.	Раковина, подключенная к водопроводной сети. Из неё можно набирать реагенты в ёмкость или сбрасывать их в неё, чтобы они ушли в канализацию. Подключается во всех направлениях.	DeepL refinement: terminology, proper names and grammatical context still need human review
ent-PlumbingSmartFridge	Resources\Locale\en-US\_KS14\Localization\Prototypes\_StarLight\Entities\Structures\Piping\Plumbing\plumbing_machines.ftl	plumbing smart fridge	сантехника, «умный» холодильник	DeepL refinement: terminology, proper names and grammatical context still need human review
ent-PlumbingSmartFridge	Resources\Locale\en-US\_KS14\Localization\Prototypes\_StarLight\Entities\Structures\Piping\Plumbing\plumbing_machines.ftl	A plumbing-connected smart fridge. Pulls all reagents from the network and stores up to 200u of each. Insert a labeled jug to fill it with the matching reagent.	«Умный» холодильник, подключенный к водопроводу. Загружает все реагенты из сети и хранит до 200 единиц каждого. Вставьте маркированную бутылку, чтобы наполнить её соответствующим реагентом.	DeepL refinement: terminology, proper names and grammatical context still need human review
ent-PlumbingSynthesizer	Resources\Locale\en-US\_KS14\Localization\Prototypes\_StarLight\Entities\Structures\Piping\Plumbing\plumbing_machines.ftl	plumbing synthesizer	синтезатор «Плюмбинг»	DeepL refinement: terminology, proper names and grammatical context still need human review
ent-PlumbingSynthesizer	Resources\Locale\en-US\_KS14\Localization\Prototypes\_StarLight\Entities\Structures\Piping\Plumbing\plumbing_machines.ftl	Generates reagents using power. Select a reagent and it fills its buffer for other machines to pull from. Output at south.	Производство реагентов с использованием энергии. Выберите реагент, и он пополнит буфер, из которого его смогут забирать другие машины. Выход — на юге.	DeepL refinement: terminology, proper names and grammatical context still need human review
ent-PlumbingSynthesizerWater	Resources\Locale\en-US\_KS14\Localization\Prototypes\_StarLight\Entities\Structures\Piping\Plumbing\plumbing_machines.ftl	Plumbing Synthesizer	Синтезатор «Плюмбинг»	DeepL refinement: terminology, proper names and grammatical context still need human review
ent-PlumbingSynthesizerWater	Resources\Locale\en-US\_KS14\Localization\Prototypes\_StarLight\Entities\Structures\Piping\Plumbing\plumbing_machines.ftl	Generates basic reagents using power from an internal battery.	Производит основные реагенты, используя энергию от внутренней батареи.	DeepL refinement: terminology, proper names and grammatical context still need human review
ent-PlumbingSynthesizerWater	Resources\Locale\en-US\_KS14\Localization\Prototypes\_StarLight\Entities\Structures\Piping\Plumbing\plumbing_machines.ftl	Water	Вода	DeepL refinement: terminology, proper names and grammatical context still need human review
ent-PlumbingTank	Resources\Locale\en-US\_KS14\Localization\Prototypes\_StarLight\Entities\Structures\Piping\Plumbing\plumbing_machines.ftl	plumbing tank	водонапорный резервуар	DeepL refinement: terminology, proper names and grammatical context still need human review
ent-PlumbingTank	Resources\Locale\en-US\_KS14\Localization\Prototypes\_StarLight\Entities\Structures\Piping\Plumbing\plumbing_machines.ftl	A tank that pulls reagents from its inlet (north) and stores up to 800u. Other machines can pull from its outlets (south, east, west).	Резервуар, который забирает реагенты через вход (север) и хранит до 800 единиц. Другие машины могут забирать реагенты через его выходы (юг, восток, запад).	DeepL refinement: terminology, proper names and grammatical context still need human review
ent-PlutoniumReactorFuelRod	Resources\Locale\en-US\_KS14\Localization\Prototypes\_FarHorizons\Entities\Structures\Power\Generation\FissionGenerator\reactor_components.ftl	plutonium fuel rod	топливный стержень из плутония	DeepL refinement: terminology, proper names and grammatical context still need human review
ent-PlutoniumReactorFuelRod	Resources\Locale\en-US\_KS14\Localization\Prototypes\_FarHorizons\Entities\Structures\Power\Generation\FissionGenerator\reactor_components.ftl	A fuel rod for a nuclear reactor.	Топливный стержень для ядерного реактора.	DeepL refinement: terminology, proper names and grammatical context still need human review
ent-PneumaticHammer	Resources\Locale\en-US\_KS14\Localization\Prototypes\_KS14\Entities\Structures\Machines\pneumhammer.ftl	pneumatic hammer	пневматический молоток	DeepL refinement: terminology, proper names and grammatical context still need human review
ent-PneumaticHammer	Resources\Locale\en-US\_KS14\Localization\Prototypes\_KS14\Entities\Structures\Machines\pneumhammer.ftl	A machine of dubious usefulness that extends a piston when sufficient pressure is present inside it, and retracts it in the opposite case. Standing in the path of the piston is not advised.	Устройство сомнительной полезности, которое выдвигает поршень при достаточном давлении внутри него и втягивает его в обратном случае. Не рекомендуется находиться на пути поршня.	DeepL refinement: terminology, proper names and grammatical context still need human review
ent-PneumaticHammerCircuitboard	Resources\Locale\en-US\_KS14\Localization\Prototypes\_KS14\Entities\Structures\Machines\pneumhammer.ftl	pneumatic hammer machine board	игровое поле «Пневматический молот»	DeepL refinement: terminology, proper names and grammatical context still need human review
ent-PneumaticHammerCircuitboard	Resources\Locale\en-US\_KS14\Localization\Prototypes\_KS14\Entities\Structures\Machines\pneumhammer.ftl	An electronics board used in the making of the pneumatic hammer.	Электронная плата, используемая при изготовлении пневматического молотка.	DeepL refinement: terminology, proper names and grammatical context still need human review
ent-PosterContrabandKlovnEgg	Resources\Locale\en-US\_KS14\Localization\Prototypes\_KS14\Entities\Structures\Wallmounts\Signs\posters.ftl	Egg Poster	Плакат с яйцом	DeepL refinement: terminology, proper names and grammatical context still need human review
ent-PosterContrabandKlovnEgg	Resources\Locale\en-US\_KS14\Localization\Prototypes\_KS14\Entities\Structures\Wallmounts\Signs\posters.ftl	The poster seems to be against noticing eggs. You have no idea what this means.	Похоже, автор плаката против того, чтобы замечать яйца. Вы даже не представляете, что это значит.	DeepL refinement: terminology, proper names and grammatical context still need human review
ent-PosterContrabandKlovnRedFOSS	Resources\Locale\en-US\_KS14\Localization\Prototypes\_KS14\Entities\Structures\Wallmounts\Signs\posters.ftl	Red Tux Poster	Плакат «Red Tux»	DeepL refinement: terminology, proper names and grammatical context still need human review
ent-PosterContrabandKlovnRedFOSS	Resources\Locale\en-US\_KS14\Localization\Prototypes\_KS14\Entities\Structures\Wallmounts\Signs\posters.ftl	A poster calling free open source software communism, you are unsure if the poster author is for or against this.	Плакат, в котором свободное программное обеспечение с открытым исходным кодом называется коммунизмом; вы не уверены, поддерживает ли автор плаката эту идею или выступает против неё.	DeepL refinement: terminology, proper names and grammatical context still need human review
ent-PosterLegitKlovnXFixit	Resources\Locale\en-US\_KS14\Localization\Prototypes\_KS14\Entities\Structures\Wallmounts\Signs\posters.ftl	'X will fix it' poster	Плакат «X все исправит»	DeepL refinement: terminology, proper names and grammatical context still need human review
ent-PosterLegitKlovnXFixit	Resources\Locale\en-US\_KS14\Localization\Prototypes\_KS14\Entities\Structures\Wallmounts\Signs\posters.ftl	Ah, that mysterious X that will fix everything wrong with our precious space station.	Ах, эта загадочная буква «X», которая исправит все проблемы нашей драгоценной космической станции.	DeepL refinement: terminology, proper names and grammatical context still need human review
ent-PoweredLightHazard	Resources\Locale\en-US\_KS14\Localization\Prototypes\_KS14\Entities\Structures\Lighting\hazard_lighting.ftl	hazard light	сигнализационная лампа	DeepL refinement: terminology, proper names and grammatical context still need human review
ent-PoweredLightHazard	Resources\Locale\en-US\_KS14\Localization\Prototypes\_KS14\Entities\Structures\Lighting\hazard_lighting.ftl	A light fixture. Draws power and produces light when equipped with a light bulb.	Светильник. Потребляет энергию и излучает свет, если в него установлена лампочка.	DeepL refinement: terminology, proper names and grammatical context still need human review
ent-PoweredLightHazard	Resources\Locale\en-US\_KS14\Localization\Prototypes\_KS14\Entities\Structures\Lighting\hazard_lighting.ftl	Empty, Disabled	Пусто, Отключено	DeepL refinement: terminology, proper names and grammatical context still need human review
ent-PoweredLightHazardYellow	Resources\Locale\en-US\_KS14\Localization\Prototypes\_KS14\Entities\Structures\Lighting\hazard_lighting.ftl	hazard light	сигнализационная лампа	DeepL refinement: terminology, proper names and grammatical context still need human review
ent-PoweredLightHazardYellow	Resources\Locale\en-US\_KS14\Localization\Prototypes\_KS14\Entities\Structures\Lighting\hazard_lighting.ftl	A light fixture. Draws power and produces light when equipped with a light bulb.	Светильник. Потребляет энергию и излучает свет, если в него установлена лампочка.	DeepL refinement: terminology, proper names and grammatical context still need human review
ent-PoweredLightHazardYellow	Resources\Locale\en-US\_KS14\Localization\Prototypes\_KS14\Entities\Structures\Lighting\hazard_lighting.ftl	Yellow, Disabled	Жёлтый, Отключено	DeepL refinement: terminology, proper names and grammatical context still need human review
ent-PoweredLightHazardYellowEnabled	Resources\Locale\en-US\_KS14\Localization\Prototypes\_KS14\Entities\Structures\Lighting\hazard_lighting.ftl	hazard light	сигнализационная лампа	DeepL refinement: terminology, proper names and grammatical context still need human review
ent-PoweredLightHazardYellowEnabled	Resources\Locale\en-US\_KS14\Localization\Prototypes\_KS14\Entities\Structures\Lighting\hazard_lighting.ftl	A light fixture. Draws power and produces light when equipped with a light bulb.	Светильник. Потребляет энергию и излучает свет, если в него установлена лампочка.	DeepL refinement: terminology, proper names and grammatical context still need human review
ent-PoweredLightHazardYellowEnabled	Resources\Locale\en-US\_KS14\Localization\Prototypes\_KS14\Entities\Structures\Lighting\hazard_lighting.ftl	Yellow, Enabled	Жёлтый, Включено	DeepL refinement: terminology, proper names and grammatical context still need human review
ent-PresentGibstick	Resources\Locale\en-US\_KS14\Localization\Prototypes\_KS14\Entities\Objects\Decoration\present.ftl	present	представить	DeepL refinement: terminology, proper names and grammatical context still need human review
ent-PresentGibstick	Resources\Locale\en-US\_KS14\Localization\Prototypes\_KS14\Entities\Objects\Decoration\present.ftl	A little box with incredible surprises inside.	Небольшая коробка с невероятными сюрпризами внутри.	DeepL refinement: terminology, proper names and grammatical context still need human review
ent-PresentGibstick	Resources\Locale\en-US\_KS14\Localization\Prototypes\_KS14\Entities\Objects\Decoration\present.ftl	Filled God Fearing	Наполненный благочестием	DeepL refinement: terminology, proper names and grammatical context still need human review
ent-ProceduralSpawnDeathmatch	Resources\Locale\en-US\_KS14\Localization\Prototypes\_Manifest\Entities\Misc\deathmatch.ftl	deathmatch spawnpoint	Точка появления в режиме «deathmatch»	DeepL refinement: terminology, proper names and grammatical context still need human review
ent-RPD	Resources\Locale\en-US\_KS14\Localization\Prototypes\_StarLight\Entities\Objects\Tools\tools.ftl	RPD	RPD	DeepL refinement: terminology, proper names and grammatical context still need human review
ent-RPD	Resources\Locale\en-US\_KS14\Localization\Prototypes\_StarLight\Entities\Objects\Tools\tools.ftl	A device used to rapidly pipe things.	Устройство, используемое для быстрой транспортировки предметов.	DeepL refinement: terminology, proper names and grammatical context still need human review
ent-RPDEmpty	Resources\Locale\en-US\_KS14\Localization\Prototypes\_StarLight\Entities\Objects\Tools\tools.ftl	RPD	RPD	DeepL refinement: terminology, proper names and grammatical context still need human review
ent-RPDEmpty	Resources\Locale\en-US\_KS14\Localization\Prototypes\_StarLight\Entities\Objects\Tools\tools.ftl	A device used to rapidly pipe things.	Устройство, используемое для быстрой транспортировки предметов.	DeepL refinement: terminology, proper names and grammatical context still need human review
ent-RPDEmpty	Resources\Locale\en-US\_KS14\Localization\Prototypes\_StarLight\Entities\Objects\Tools\tools.ftl	Empty	Пусто	DeepL refinement: terminology, proper names and grammatical context still need human review
ent-RPDExperimental	Resources\Locale\en-US\_KS14\Localization\Prototypes\_StarLight\Entities\Objects\Tools\tools.ftl	experimental RPD	экспериментальный RPD	DeepL refinement: terminology, proper names and grammatical context still need human review
ent-RPDExperimental	Resources\Locale\en-US\_KS14\Localization\Prototypes\_StarLight\Entities\Objects\Tools\tools.ftl	A bluespace-enhanced rapid piping device that passively generates its own compressed matter.	Усовершенствованное устройство для быстрого прокладки трубопроводов с технологией «блюспейс», которое пассивно генерирует собственное сжатое вещество.	DeepL refinement: terminology, proper names and grammatical context still need human review
ent-RPDExperimental	Resources\Locale\en-US\_KS14\Localization\Prototypes\_StarLight\Entities\Objects\Tools\tools.ftl	Admeme	Admeme	DeepL refinement: terminology, proper names and grammatical context still need human review
ent-RPDRecharging	Resources\Locale\en-US\_KS14\Localization\Prototypes\_StarLight\Entities\Objects\Tools\tools.ftl	experimental RPD	экспериментальный RPD	DeepL refinement: terminology, proper names and grammatical context still need human review
ent-RPDRecharging	Resources\Locale\en-US\_KS14\Localization\Prototypes\_StarLight\Entities\Objects\Tools\tools.ftl	Cyborg-mounted Rapid Piping Device which creates compressed matter on the fly using an internal fabricator.	Установленное на киборге устройство быстрого трубопровода, которое создает спрессованную материю на лету с помощью встроенного фабрикатора.	DeepL refinement: terminology, proper names and grammatical context still need human review
ent-RPDRecharging	Resources\Locale\en-US\_KS14\Localization\Prototypes\_StarLight\Entities\Objects\Tools\tools.ftl	AutoRecharge	Автоматическая подзарядка	DeepL refinement: terminology, proper names and grammatical context still need human review
ent-RPLD	Resources\Locale\en-US\_KS14\Localization\Prototypes\_StarLight\Entities\Objects\Tools\tools.ftl	RPLD	RPLD	DeepL refinement: terminology, proper names and grammatical context still need human review
ent-RPLD	Resources\Locale\en-US\_KS14\Localization\Prototypes\_StarLight\Entities\Objects\Tools\tools.ftl	A device used to rapidly deploy plumbing ducts and machines.	Устройство, используемое для быстрого развертывания трубопроводов и механизмов.	DeepL refinement: terminology, proper names and grammatical context still need human review
ent-RPLDEmpty	Resources\Locale\en-US\_KS14\Localization\Prototypes\_StarLight\Entities\Objects\Tools\tools.ftl	RPLD	RPLD	DeepL refinement: terminology, proper names and grammatical context still need human review
ent-RPLDEmpty	Resources\Locale\en-US\_KS14\Localization\Prototypes\_StarLight\Entities\Objects\Tools\tools.ftl	A device used to rapidly deploy plumbing ducts and machines.	Устройство, используемое для быстрого развертывания трубопроводов и механизмов.	DeepL refinement: terminology, proper names and grammatical context still need human review
ent-RPLDEmpty	Resources\Locale\en-US\_KS14\Localization\Prototypes\_StarLight\Entities\Objects\Tools\tools.ftl	Empty	Пусто	DeepL refinement: terminology, proper names and grammatical context still need human review
ent-RPLDExperimental	Resources\Locale\en-US\_KS14\Localization\Prototypes\_StarLight\Entities\Objects\Tools\tools.ftl	experimental RPLD	экспериментальный RPLD	DeepL refinement: terminology, proper names and grammatical context still need human review
ent-RPLDExperimental	Resources\Locale\en-US\_KS14\Localization\Prototypes\_StarLight\Entities\Objects\Tools\tools.ftl	A bluespace-enhanced rapid plumbing device that passively generates its own compressed matter.	Усовершенствованное компанией «Bluespace» устройство для быстрого прокладки трубопроводов, пассивно генерирующее собственное сжатое вещество.	DeepL refinement: terminology, proper names and grammatical context still need human review
ent-RPLDExperimental	Resources\Locale\en-US\_KS14\Localization\Prototypes\_StarLight\Entities\Objects\Tools\tools.ftl	Admeme	Admeme	DeepL refinement: terminology, proper names and grammatical context still need human review
ent-RPLDRecharging	Resources\Locale\en-US\_KS14\Localization\Prototypes\_StarLight\Entities\Objects\Tools\tools.ftl	experimental RPLD	экспериментальный RPLD	DeepL refinement: terminology, proper names and grammatical context still need human review
ent-RPLDRecharging	Resources\Locale\en-US\_KS14\Localization\Prototypes\_StarLight\Entities\Objects\Tools\tools.ftl	Cyborg-mounted Rapid Plumbing Device which creates compressed matter on the fly using an internal fabricator.	Установленное на киборге устройство «Rapid Plumbing», которое создает спрессованную материю на лету с помощью встроенного фабрикатора.	DeepL refinement: terminology, proper names and grammatical context still need human review
ent-RPLDRecharging	Resources\Locale\en-US\_KS14\Localization\Prototypes\_StarLight\Entities\Objects\Tools\tools.ftl	AutoRecharge	Автоматическая подзарядка	DeepL refinement: terminology, proper names and grammatical context still need human review
ent-RangedAllDirections	Resources\Locale\en-US\_KS14\Localization\Prototypes\_KS14\NPCs\Bosses\Attacks\Ranged\base.ftl	all directions attack	атака со всех сторон	DeepL refinement: terminology, proper names and grammatical context still need human review
ent-RangedCardinalDirections	Resources\Locale\en-US\_KS14\Localization\Prototypes\_KS14\NPCs\Bosses\Attacks\Ranged\base.ftl	cardinal direction attack	атака по сторонам света	DeepL refinement: terminology, proper names and grammatical context still need human review
ent-RangedDiagonalDirections	Resources\Locale\en-US\_KS14\Localization\Prototypes\_KS14\NPCs\Bosses\Attacks\Ranged\base.ftl	diagonal direction attack	атака по диагонали	DeepL refinement: terminology, proper names and grammatical context still need human review
ent-RangedDoubleSpiral	Resources\Locale\en-US\_KS14\Localization\Prototypes\_KS14\NPCs\Bosses\Attacks\Ranged\base.ftl	double spiral attack	Атака «двойная спираль»	DeepL refinement: terminology, proper names and grammatical context still need human review
ent-RangedRandomAoe	Resources\Locale\en-US\_KS14\Localization\Prototypes\_KS14\NPCs\Bosses\Attacks\Ranged\base.ftl	random AOE attack	случайная атака по области	DeepL refinement: terminology, proper names and grammatical context still need human review
ent-RangedShotgun	Resources\Locale\en-US\_KS14\Localization\Prototypes\_KS14\NPCs\Bosses\Attacks\Ranged\base.ftl	shotgun blast	выстрел из дробовика	DeepL refinement: terminology, proper names and grammatical context still need human review
ent-RangedSpiral	Resources\Locale\en-US\_KS14\Localization\Prototypes\_KS14\NPCs\Bosses\Attacks\Ranged\base.ftl	spiral attack	спиральная атака	DeepL refinement: terminology, proper names and grammatical context still need human review
ent-ReactorComponent	Resources\Locale\en-US\_KS14\Localization\Prototypes\_FarHorizons\Entities\Structures\Power\Generation\FissionGenerator\nuclear_reactor.ftl	reactor component	компонент реактора	DeepL refinement: terminology, proper names and grammatical context still need human review
ent-RecyclerLabsMobile	Resources\Locale\en-US\_KS14\Localization\Prototypes\_KsModule\SpeczoneSpecific\bluelab.ftl	mobile recycler	мобильный перерабатыватель	DeepL refinement: terminology, proper names and grammatical context still need human review
ent-RecyclerLabsMobile	Resources\Locale\en-US\_KS14\Localization\Prototypes\_KsModule\SpeczoneSpecific\bluelab.ftl	What use could this possibly serve?	Какую пользу это может принести?	DeepL refinement: terminology, proper names and grammatical context still need human review
ent-RecyclerLabsMobile	Resources\Locale\en-US\_KS14\Localization\Prototypes\_KsModule\SpeczoneSpecific\bluelab.ftl	Labs, Always Awake, Emagged, Powered	Лаборатории, «Always Awake», «Emagged», «Powered»	DeepL refinement: terminology, proper names and grammatical context still need human review
ent-RecyclerLabsMobileLongSpinning	Resources\Locale\en-US\_KS14\Localization\Prototypes\_KsModule\SpeczoneSpecific\bluelab.ftl	long mobile recycler	длинный мобильный рециклатор	DeepL refinement: terminology, proper names and grammatical context still need human review
ent-RecyclerLabsMobileLongSpinning	Resources\Locale\en-US\_KS14\Localization\Prototypes\_KsModule\SpeczoneSpecific\bluelab.ftl	Holy shit!!!	Чёрт возьми!!!	DeepL refinement: terminology, proper names and grammatical context still need human review
ent-ReinforcedPlasmaWindowBluelabsAtmosSetpiece	Resources\Locale\en-US\_KS14\Localization\Prototypes\_KsModule\SpeczoneSpecific\bluelab.ftl	reinforced plasma window	усиленное плазменное окно	DeepL refinement: terminology, proper names and grammatical context still need human review
ent-ReinforcedPlasmaWindowBluelabsAtmosSetpiece	Resources\Locale\en-US\_KS14\Localization\Prototypes\_KsModule\SpeczoneSpecific\bluelab.ftl	Don't smudge up the glass down there.	Не запачкайте стекло там, внизу.	DeepL refinement: terminology, proper names and grammatical context still need human review
ent-ReinforcedPlasmaWindowBluelabsAtmosSetpiece	Resources\Locale\en-US\_KS14\Localization\Prototypes\_KsModule\SpeczoneSpecific\bluelab.ftl	Labs, Setpiece, Dont Map	Лаборатории, ключевые локации, карта «Dont»	DeepL refinement: terminology, proper names and grammatical context still need human review
ent-RemoteDroneFpv	Resources\Locale\en-US\_KS14\Localization\Prototypes\_KS14\Entities\Objects\Misc\remote_drone.ftl	fpv drone	Дрон с видом от первого лица (FPV)	DeepL refinement: terminology, proper names and grammatical context still need human review
ent-RemoteDroneFpv	Resources\Locale\en-US\_KS14\Localization\Prototypes\_KS14\Entities\Objects\Misc\remote_drone.ftl	A relic of a historic war. Must be linked to a drone controller to work. Uses about 8 joules of energy per second when active.	Реликвия исторической войны. Для работы необходимо подключение к контроллеру дрона. В активном состоянии потребляет около 8 джоулей энергии в секунду.	DeepL refinement: terminology, proper names and grammatical context still need human review
ent-RemoteDroneLaptop	Resources\Locale\en-US\_KS14\Localization\Prototypes\_KS14\Entities\Objects\Misc\remote_drone.ftl	drone control laptop	ноутбук для управления дронами	DeepL refinement: terminology, proper names and grammatical context still need human review
ent-RemoteDroneLaptop	Resources\Locale\en-US\_KS14\Localization\Prototypes\_KS14\Entities\Objects\Misc\remote_drone.ftl	Controls drones. Must be linked to a drone to work.	Управление дронами. Для работы необходимо подключиться к дрону.	DeepL refinement: terminology, proper names and grammatical context still need human review
ent-RockWallInvincible	Resources\Locale\en-US\_KS14\Localization\Prototypes\_KS14\Scenarios\structures.ftl	invincible rock wall	непробиваемая каменная стена	DeepL refinement: terminology, proper names and grammatical context still need human review
ent-ScenarioNightVisionGogglesBasic	Resources\Locale\en-US\_KS14\Localization\Prototypes\_KS14\Scenarios\objects.ftl	night vision goggles	очки ночного видения	DeepL refinement: terminology, proper names and grammatical context still need human review
ent-ScenarioNightVisionGogglesBasic	Resources\Locale\en-US\_KS14\Localization\Prototypes\_KS14\Scenarios\objects.ftl	Я не вижу нихуя. A generic, cheap image intensifier.	Я ничего не вижу. Обычный, дешёвый усилитель изображения.	DeepL refinement: terminology, proper names and grammatical context still need human review
ent-ScenarioNightVisionGogglesBasicWhite	Resources\Locale\en-US\_KS14\Localization\Prototypes\_KS14\Scenarios\objects.ftl	night vision goggles	очки ночного видения	DeepL refinement: terminology, proper names and grammatical context still need human review
ent-ScenarioNightVisionGogglesBasicWhite	Resources\Locale\en-US\_KS14\Localization\Prototypes\_KS14\Scenarios\objects.ftl	Я не вижу нихуя. A generic, cheap image intensifier. White phosphorus is installed instead of green phosphorus, providing better visual clarity.	Я ничего не вижу. Обычный, дешёвый усилитель изображения. Вместо зелёного фосфора установлен белый, что обеспечивает лучшую видимость.	DeepL refinement: terminology, proper names and grammatical context still need human review
ent-ScenarioNightVisionGogglesBasicWhite	Resources\Locale\en-US\_KS14\Localization\Prototypes\_KS14\Scenarios\objects.ftl	White	Белый	DeepL refinement: terminology, proper names and grammatical context still need human review
ent-ScenarioVendorBundleNanoplantNtBase	Resources\Locale\en-US\_KS14\Localization\Prototypes\_KS14\Scenarios\Nanoplant\vendprotos.ftl	base clothes	базовая одежда	DeepL refinement: terminology, proper names and grammatical context still need human review
ent-ScenarioVendorBundleNanoplantNtBase	Resources\Locale\en-US\_KS14\Localization\Prototypes\_KS14\Scenarios\Nanoplant\vendprotos.ftl	VIVA NANOTRASEN!	VIVA NANOTRASEN!	DeepL refinement: terminology, proper names and grammatical context still need human review
ent-ScenarioVendorBundleNanoplantNtCounterAssault	Resources\Locale\en-US\_KS14\Localization\Prototypes\_KS14\Scenarios\Nanoplant\vendprotos.ftl	shock trooper	штурмовик	DeepL refinement: terminology, proper names and grammatical context still need human review
ent-ScenarioVendorBundleNanoplantNtCounterAssault	Resources\Locale\en-US\_KS14\Localization\Prototypes\_KS14\Scenarios\Nanoplant\vendprotos.ftl	Nobody ever defended anything successfully, there is only attack and attack and attack some more.	Никто никогда ничего успешно не защищал — есть только атака, атака и ещё раз атака.	DeepL refinement: terminology, proper names and grammatical context still need human review
ent-ScenarioVendorBundleNanoplantNtDroneOperator	Resources\Locale\en-US\_KS14\Localization\Prototypes\_KS14\Scenarios\Nanoplant\vendprotos.ftl	drone operator	оператор дрона	DeepL refinement: terminology, proper names and grammatical context still need human review
ent-ScenarioVendorBundleNanoplantNtDroneOperator	Resources\Locale\en-US\_KS14\Localization\Prototypes\_KS14\Scenarios\Nanoplant\vendprotos.ftl	Remote fragging work.	Работа по удаленному уничтожению противников.	DeepL refinement: terminology, proper names and grammatical context still need human review
ent-ScenarioVendorBundleNanoplantNtEngineer	Resources\Locale\en-US\_KS14\Localization\Prototypes\_KS14\Scenarios\Nanoplant\vendprotos.ftl	engineer	инженер	DeepL refinement: terminology, proper names and grammatical context still need human review
ent-ScenarioVendorBundleNanoplantNtEngineer	Resources\Locale\en-US\_KS14\Localization\Prototypes\_KS14\Scenarios\Nanoplant\vendprotos.ftl	Stand your ground and fortify the base, or take the offensive route by laying traps for unsuspecting attackers (and teammates). Comes with a CE belt, materials, 2 short-fuse seismic charges, a turret flatpack, and multitool.	Защищайте свою позицию и укрепляйте базу или переходите в наступление, расставляя ловушки для ничего не подозревающих нападающих (и союзников). В комплект входят ремень CE, материалы, 2 сейсмических заряда с коротким фитилем, плоская коробка с турелью и мультитул.	DeepL refinement: terminology, proper names and grammatical context still need human review
ent-ScenarioVendorBundleNanoplantNtMarksman	Resources\Locale\en-US\_KS14\Localization\Prototypes\_KS14\Scenarios\Nanoplant\vendprotos.ftl	marksman	снайпер	DeepL refinement: terminology, proper names and grammatical context still need human review
ent-ScenarioVendorBundleNanoplantNtMarksman	Resources\Locale\en-US\_KS14\Localization\Prototypes\_KS14\Scenarios\Nanoplant\vendprotos.ftl	Armed with a scope-equipped XL8 rifle, you can swiftly take out enemies from a distance. Comes with an XL8, 4 magazines, 2 smoke grenades.	Вооружившись винтовкой XL8 с оптическим прицелом, вы сможете быстро уничтожать врагов на расстоянии. В комплект входят винтовка XL8, 4 магазина и 2 дымовые гранаты.	DeepL refinement: terminology, proper names and grammatical context still need human review
ent-ScenarioVendorBundleNanoplantNtMedic	Resources\Locale\en-US\_KS14\Localization\Prototypes\_KS14\Scenarios\Nanoplant\vendprotos.ftl	medic	медик	DeepL refinement: terminology, proper names and grammatical context still need human review
ent-ScenarioVendorBundleNanoplantNtMedic	Resources\Locale\en-US\_KS14\Localization\Prototypes\_KS14\Scenarios\Nanoplant\vendprotos.ftl	CLEAR!	ГОТОВО!	DeepL refinement: terminology, proper names and grammatical context still need human review
ent-ScenarioVendorBundleNanoplantNtRifleman	Resources\Locale\en-US\_KS14\Localization\Prototypes\_KS14\Scenarios\Nanoplant\vendprotos.ftl	rifleman	стрелок	DeepL refinement: terminology, proper names and grammatical context still need human review
ent-ScenarioVendorBundleNanoplantNtRifleman	Resources\Locale\en-US\_KS14\Localization\Prototypes\_KS14\Scenarios\Nanoplant\vendprotos.ftl	Time-tested loadout. Can't go wrong.. until it does. Comes with a lecter, 4 magazines, 2 stingers.	Проверенный временем комплект снаряжения. Не может подвести... пока не подведёт. В комплект входят лектор, 4 магазина и 2 «Стингера».	DeepL refinement: terminology, proper names and grammatical context still need human review
ent-ScenarioVendorBundleNanoplantSyndieBase	Resources\Locale\en-US\_KS14\Localization\Prototypes\_KS14\Scenarios\Nanoplant\vendprotos.ftl	base clothes	базовая одежда	DeepL refinement: terminology, proper names and grammatical context still need human review
ent-ScenarioVendorBundleNanoplantSyndieBase	Resources\Locale\en-US\_KS14\Localization\Prototypes\_KS14\Scenarios\Nanoplant\vendprotos.ftl	Welcome aboard listening post Mike-458, operative.	Добро пожаловать на борт наблюдательного поста «Майк-458», агент.	DeepL refinement: terminology, proper names and grammatical context still need human review
ent-ScenarioVendorBundleNanoplantSyndieDemolitionist	Resources\Locale\en-US\_KS14\Localization\Prototypes\_KS14\Scenarios\Nanoplant\vendprotos.ftl	demolitionist	демонтажник	DeepL refinement: terminology, proper names and grammatical context still need human review
ent-ScenarioVendorBundleNanoplantSyndieDemolitionist	Resources\Locale\en-US\_KS14\Localization\Prototypes\_KS14\Scenarios\Nanoplant\vendprotos.ftl	Don't blow yourself up.	Не взорвите себя.	DeepL refinement: terminology, proper names and grammatical context still need human review
ent-ScenarioVendorBundleNanoplantSyndieDroneOperator	Resources\Locale\en-US\_KS14\Localization\Prototypes\_KS14\Scenarios\Nanoplant\vendprotos.ftl	drone operator	оператор дрона	DeepL refinement: terminology, proper names and grammatical context still need human review
ent-ScenarioVendorBundleNanoplantSyndieDroneOperator	Resources\Locale\en-US\_KS14\Localization\Prototypes\_KS14\Scenarios\Nanoplant\vendprotos.ftl	Remote fragging work.	Работа по удаленному уничтожению противников.	DeepL refinement: terminology, proper names and grammatical context still need human review
ent-ScenarioVendorBundleNanoplantSyndieEngineer	Resources\Locale\en-US\_KS14\Localization\Prototypes\_KS14\Scenarios\Nanoplant\vendprotos.ftl	combat technician	боевой техник	DeepL refinement: terminology, proper names and grammatical context still need human review
ent-ScenarioVendorBundleNanoplantSyndieEngineer	Resources\Locale\en-US\_KS14\Localization\Prototypes\_KS14\Scenarios\Nanoplant\vendprotos.ftl	Area lockdown initiated.	Начата изоляция зоны.	DeepL refinement: terminology, proper names and grammatical context still need human review
ent-ScenarioVendorBundleNanoplantSyndieInfiltrator	Resources\Locale\en-US\_KS14\Localization\Prototypes\_KS14\Scenarios\Nanoplant\vendprotos.ftl	infiltrator	infiltrator	DeepL refinement: terminology, proper names and grammatical context still need human review
ent-ScenarioVendorBundleNanoplantSyndieInfiltrator	Resources\Locale\en-US\_KS14\Localization\Prototypes\_KS14\Scenarios\Nanoplant\vendprotos.ftl	Pretend to be with them. Until you aren't.	Представь, что ты с ними. Пока это не станет реальностью.	DeepL refinement: terminology, proper names and grammatical context still need human review
ent-ScenarioVendorBundleNanoplantSyndieMedic	Resources\Locale\en-US\_KS14\Localization\Prototypes\_KS14\Scenarios\Nanoplant\vendprotos.ftl	medic	медик	DeepL refinement: terminology, proper names and grammatical context still need human review
ent-ScenarioVendorBundleNanoplantSyndieMedic	Resources\Locale\en-US\_KS14\Localization\Prototypes\_KS14\Scenarios\Nanoplant\vendprotos.ftl	CLEAR!	ГОТОВО!	DeepL refinement: terminology, proper names and grammatical context still need human review
ent-ScenarioVendorBundleNanoplantSyndieMelee	Resources\Locale\en-US\_KS14\Localization\Prototypes\_KS14\Scenarios\Nanoplant\vendprotos.ftl	liquidator	ликвидатор	DeepL refinement: terminology, proper names and grammatical context still need human review
ent-ScenarioVendorBundleNanoplantSyndieMelee	Resources\Locale\en-US\_KS14\Localization\Prototypes\_KS14\Scenarios\Nanoplant\vendprotos.ftl	Commander Roland smiles upon you.	Командир Роланд улыбается вам.	DeepL refinement: terminology, proper names and grammatical context still need human review
ent-ScenarioVendorBundleNanoplantSyndieSniper	Resources\Locale\en-US\_KS14\Localization\Prototypes\_KS14\Scenarios\Nanoplant\vendprotos.ftl	sniper	снайпер	DeepL refinement: terminology, proper names and grammatical context still need human review
ent-ScenarioVendorBundleNanoplantSyndieSniper	Resources\Locale\en-US\_KS14\Localization\Prototypes\_KS14\Scenarios\Nanoplant\vendprotos.ftl	360 swagscope these fools.	Посмотрите на этих дураков в режиме 360 swagscope.	DeepL refinement: terminology, proper names and grammatical context still need human review
ent-ScenarioVendorBundleNanoplantSyndieSoldierC20r	Resources\Locale\en-US\_KS14\Localization\Prototypes\_KS14\Scenarios\Nanoplant\vendprotos.ftl	combat operative (c-20r)	боевой оперативник (c-20r)	DeepL refinement: terminology, proper names and grammatical context still need human review
ent-ScenarioVendorBundleNanoplantSyndieSoldierC20r	Resources\Locale\en-US\_KS14\Localization\Prototypes\_KS14\Scenarios\Nanoplant\vendprotos.ftl	Third-rate gear. Will have to do. Comes with a C-20r and two mags.	Оборудование третьесортное. Придётся обходиться этим. В комплекте — C-20r и два магазина.	DeepL refinement: terminology, proper names and grammatical context still need human review
ent-ScenarioVendorBundleNanoplantSyndieSoldierHushpup	Resources\Locale\en-US\_KS14\Localization\Prototypes\_KS14\Scenarios\Nanoplant\vendprotos.ftl	combat operative (hushpup)	боевой оперативник (hushpup)	DeepL refinement: terminology, proper names and grammatical context still need human review
ent-ScenarioVendorBundleNanoplantSyndieSoldierHushpup	Resources\Locale\en-US\_KS14\Localization\Prototypes\_KS14\Scenarios\Nanoplant\vendprotos.ftl	Third-rate gear. Will have to do. Comes with a hushpup and a box of buckshot.	Оборудование третьесортное. Придётся довольствоваться этим. В комплекте — пистолет «Хашпап» и коробка дроби.	DeepL refinement: terminology, proper names and grammatical context still need human review
ent-ScenarioVendorBundleTiderfallNtBartender	Resources\Locale\en-US\_KS14\Localization\Prototypes\_KS14\Scenarios\Tiderfall\vendprotos.ftl	bartender	бармен	DeepL refinement: terminology, proper names and grammatical context still need human review
ent-ScenarioVendorBundleTiderfallNtBartender	Resources\Locale\en-US\_KS14\Localization\Prototypes\_KS14\Scenarios\Tiderfall\vendprotos.ftl	We're serving double-aught proof.	Мы предоставляем доказательства уровня «двойное ноль».	DeepL refinement: terminology, proper names and grammatical context still need human review
ent-ScenarioVendorBundleTiderfallNtBase	Resources\Locale\en-US\_KS14\Localization\Prototypes\_KS14\Scenarios\Tiderfall\vendprotos.ftl	base clothes	базовая одежда	DeepL refinement: terminology, proper names and grammatical context still need human review
ent-ScenarioVendorBundleTiderfallNtBase	Resources\Locale\en-US\_KS14\Localization\Prototypes\_KS14\Scenarios\Tiderfall\vendprotos.ftl	They kept the gray man down long enough.	Им удалось удержать «серого человека» в немилости достаточно долго.	DeepL refinement: terminology, proper names and grammatical context still need human review
ent-ScenarioVendorBundleTiderfallNtClown	Resources\Locale\en-US\_KS14\Localization\Prototypes\_KS14\Scenarios\Tiderfall\vendprotos.ftl	klovn	klovn	DeepL refinement: terminology, proper names and grammatical context still need human review
ent-ScenarioVendorBundleTiderfallNtClown	Resources\Locale\en-US\_KS14\Localization\Prototypes\_KS14\Scenarios\Tiderfall\vendprotos.ftl	A different kind of clown.	Клоун другого рода.	DeepL refinement: terminology, proper names and grammatical context still need human review
ent-ScenarioVendorBundleTiderfallNtConscript	Resources\Locale\en-US\_KS14\Localization\Prototypes\_KS14\Scenarios\Tiderfall\vendprotos.ftl	conscript	призывник	DeepL refinement: terminology, proper names and grammatical context still need human review
ent-ScenarioVendorBundleTiderfallNtConscript	Resources\Locale\en-US\_KS14\Localization\Prototypes\_KS14\Scenarios\Tiderfall\vendprotos.ftl	Our elephant.	Наш слон.	DeepL refinement: terminology, proper names and grammatical context still need human review
ent-ScenarioVendorBundleTiderfallNtDroneOperator	Resources\Locale\en-US\_KS14\Localization\Prototypes\_KS14\Scenarios\Tiderfall\vendprotos.ftl	drone operator	оператор дрона	DeepL refinement: terminology, proper names and grammatical context still need human review
ent-ScenarioVendorBundleTiderfallNtDroneOperator	Resources\Locale\en-US\_KS14\Localization\Prototypes\_KS14\Scenarios\Tiderfall\vendprotos.ftl	Remote fragging work.	Работа по удаленному уничтожению противников.	DeepL refinement: terminology, proper names and grammatical context still need human review
ent-ScenarioVendorBundleTiderfallNtMedic	Resources\Locale\en-US\_KS14\Localization\Prototypes\_KS14\Scenarios\Tiderfall\vendprotos.ftl	greymed	greymed	DeepL refinement: terminology, proper names and grammatical context still need human review
ent-ScenarioVendorBundleTiderfallNtMedic	Resources\Locale\en-US\_KS14\Localization\Prototypes\_KS14\Scenarios\Tiderfall\vendprotos.ftl	Stitch your fellow man together.	Сшейте своего товарища по команде.	DeepL refinement: terminology, proper names and grammatical context still need human review
ent-ScenarioVendorBundleTiderfallNtMiner	Resources\Locale\en-US\_KS14\Localization\Prototypes\_KS14\Scenarios\Tiderfall\vendprotos.ftl	miner	шахтер	DeepL refinement: terminology, proper names and grammatical context still need human review
ent-ScenarioVendorBundleTiderfallNtMiner	Resources\Locale\en-US\_KS14\Localization\Prototypes\_KS14\Scenarios\Tiderfall\vendprotos.ftl	This is what you were supposed to be doing after you arrived. Oh well.	Вот чем вам следовало заняться после прибытия. Ну что ж.	DeepL refinement: terminology, proper names and grammatical context still need human review
ent-ScenarioVendorBundleTiderfallNtSecurity	Resources\Locale\en-US\_KS14\Localization\Prototypes\_KS14\Scenarios\Tiderfall\vendprotos.ftl	greysec	greysec	DeepL refinement: terminology, proper names and grammatical context still need human review
ent-ScenarioVendorBundleTiderfallNtSecurity	Resources\Locale\en-US\_KS14\Localization\Prototypes\_KS14\Scenarios\Tiderfall\vendprotos.ftl	"Kindly ""provided"" by the dead security detachment."	«Предоставлено» погибшим отрядом охраны.	DeepL refinement: terminology, proper names and grammatical context still need human review
ent-ScenarioVendorBundleTiderfallNtTider	Resources\Locale\en-US\_KS14\Localization\Prototypes\_KS14\Scenarios\Tiderfall\vendprotos.ftl	greytider	greytider	DeepL refinement: terminology, proper names and grammatical context still need human review
ent-ScenarioVendorBundleTiderfallNtTider	Resources\Locale\en-US\_KS14\Localization\Prototypes\_KS14\Scenarios\Tiderfall\vendprotos.ftl	All you need to terrorise your local maintenance tunnel.	Всё, что нужно, чтобы навести ужас в вашем местном техническом туннеле.	DeepL refinement: terminology, proper names and grammatical context still need human review
ent-ScenarioVendorBundleTiderfallSyndieBase	Resources\Locale\en-US\_KS14\Localization\Prototypes\_KS14\Scenarios\Tiderfall\vendprotos.ftl	base clothes	базовая одежда	DeepL refinement: terminology, proper names and grammatical context still need human review
ent-ScenarioVendorBundleTiderfallSyndieBase	Resources\Locale\en-US\_KS14\Localization\Prototypes\_KS14\Scenarios\Tiderfall\vendprotos.ftl	Welcome aboard listening post Mike-458, operative.	Добро пожаловать на борт наблюдательного поста «Майк-458», агент.	DeepL refinement: terminology, proper names and grammatical context still need human review
ent-ScenarioVendorBundleTiderfallSyndieDemolitionist	Resources\Locale\en-US\_KS14\Localization\Prototypes\_KS14\Scenarios\Tiderfall\vendprotos.ftl	demolitionist	демонтажник	DeepL refinement: terminology, proper names and grammatical context still need human review
ent-ScenarioVendorBundleTiderfallSyndieDemolitionist	Resources\Locale\en-US\_KS14\Localization\Prototypes\_KS14\Scenarios\Tiderfall\vendprotos.ftl	Don't blow yourself up.	Не взорвите себя.	DeepL refinement: terminology, proper names and grammatical context still need human review
ent-ScenarioVendorBundleTiderfallSyndieDroneOperator	Resources\Locale\en-US\_KS14\Localization\Prototypes\_KS14\Scenarios\Tiderfall\vendprotos.ftl	drone operator	оператор дрона	DeepL refinement: terminology, proper names and grammatical context still need human review
ent-ScenarioVendorBundleTiderfallSyndieDroneOperator	Resources\Locale\en-US\_KS14\Localization\Prototypes\_KS14\Scenarios\Tiderfall\vendprotos.ftl	Remote fragging work.	Работа по удаленному уничтожению противников.	DeepL refinement: terminology, proper names and grammatical context still need human review
ent-ScenarioVendorBundleTiderfallSyndieEngineer	Resources\Locale\en-US\_KS14\Localization\Prototypes\_KS14\Scenarios\Tiderfall\vendprotos.ftl	combat technician	боевой техник	DeepL refinement: terminology, proper names and grammatical context still need human review
ent-ScenarioVendorBundleTiderfallSyndieEngineer	Resources\Locale\en-US\_KS14\Localization\Prototypes\_KS14\Scenarios\Tiderfall\vendprotos.ftl	Area lockdown initiated.	Начата изоляция зоны.	DeepL refinement: terminology, proper names and grammatical context still need human review
ent-ScenarioVendorBundleTiderfallSyndieInfiltrator	Resources\Locale\en-US\_KS14\Localization\Prototypes\_KS14\Scenarios\Tiderfall\vendprotos.ftl	infiltrator	infiltrator	DeepL refinement: terminology, proper names and grammatical context still need human review
ent-ScenarioVendorBundleTiderfallSyndieInfiltrator	Resources\Locale\en-US\_KS14\Localization\Prototypes\_KS14\Scenarios\Tiderfall\vendprotos.ftl	Pretend to be with them. Until you aren't.	Представь, что ты с ними. Пока это не станет реальностью.	DeepL refinement: terminology, proper names and grammatical context still need human review
ent-ScenarioVendorBundleTiderfallSyndieMedic	Resources\Locale\en-US\_KS14\Localization\Prototypes\_KS14\Scenarios\Tiderfall\vendprotos.ftl	medic	медик	DeepL refinement: terminology, proper names and grammatical context still need human review
ent-ScenarioVendorBundleTiderfallSyndieMedic	Resources\Locale\en-US\_KS14\Localization\Prototypes\_KS14\Scenarios\Tiderfall\vendprotos.ftl	CLEAR!	ГОТОВО!	DeepL refinement: terminology, proper names and grammatical context still need human review
ent-ScenarioVendorBundleTiderfallSyndieMelee	Resources\Locale\en-US\_KS14\Localization\Prototypes\_KS14\Scenarios\Tiderfall\vendprotos.ftl	liquidator	ликвидатор	DeepL refinement: terminology, proper names and grammatical context still need human review
ent-ScenarioVendorBundleTiderfallSyndieMelee	Resources\Locale\en-US\_KS14\Localization\Prototypes\_KS14\Scenarios\Tiderfall\vendprotos.ftl	Commander Roland smiles upon you.	Командир Роланд улыбается вам.	DeepL refinement: terminology, proper names and grammatical context still need human review
ent-ScenarioVendorBundleTiderfallSyndieSniper	Resources\Locale\en-US\_KS14\Localization\Prototypes\_KS14\Scenarios\Tiderfall\vendprotos.ftl	sniper	снайпер	DeepL refinement: terminology, proper names and grammatical context still need human review
ent-ScenarioVendorBundleTiderfallSyndieSniper	Resources\Locale\en-US\_KS14\Localization\Prototypes\_KS14\Scenarios\Tiderfall\vendprotos.ftl	360 swagscope these fools.	Посмотрите на этих дураков в режиме 360 swagscope.	DeepL refinement: terminology, proper names and grammatical context still need human review
ent-ScenarioVendorBundleTiderfallSyndieSoldier	Resources\Locale\en-US\_KS14\Localization\Prototypes\_KS14\Scenarios\Tiderfall\vendprotos.ftl	combat operative	боевой оперативник	DeepL refinement: terminology, proper names and grammatical context still need human review
ent-ScenarioVendorBundleTiderfallSyndieSoldier	Resources\Locale\en-US\_KS14\Localization\Prototypes\_KS14\Scenarios\Tiderfall\vendprotos.ftl	Third-rate gear. Will have to do.	Оборудование третьесортное. Придётся обходиться этим.	DeepL refinement: terminology, proper names and grammatical context still need human review
ent-SerbiaFlag	Resources\Locale\en-US\_KS14\Localization\Prototypes\_KS14\Entities\Structures\Wallmounts\Signs\flags.ftl	Serbian flag	Флаг Сербии	DeepL refinement: terminology, proper names and grammatical context still need human review
ent-SerbiaFlag	Resources\Locale\en-US\_KS14\Localization\Prototypes\_KS14\Entities\Structures\Wallmounts\Signs\flags.ftl	SERBIAAAAAAAAAAAAAAAAAAAAAAA!!!! SERBIAAAAAAAAAAAAAAAAAAAAAAA!!!!	СЕРБИЯААААААААААААААААААААААААААА!!!! СЕРБИЯААААААААААААААААААААААААААА!!!!	DeepL refinement: terminology, proper names and grammatical context still need human review
ent-ShippingContainerBase	Resources\Locale\en-US\_KS14\Localization\Prototypes\_KS14\Entities\Structures\Storage\Containers\shipping_containers.ftl	shipping container	транспортный контейнер	DeepL refinement: terminology, proper names and grammatical context still need human review
ent-ShippingContainerBase	Resources\Locale\en-US\_KS14\Localization\Prototypes\_KS14\Entities\Structures\Storage\Containers\shipping_containers.ftl	A standard-measure shipping container for bulk transport of goods. This one is blank, offering no clue as to its contents.	Грузовой контейнер стандартных размеров для перевозки насыпных грузов. Этот контейнер пуст, и его содержимое невозможно определить.	DeepL refinement: terminology, proper names and grammatical context still need human review
ent-ShippingContainerKahramanAlt	Resources\Locale\en-US\_KS14\Localization\Prototypes\_KS14\Entities\Structures\Storage\Containers\shipping_containers.ftl	Kahraman Heavy Industry shipping container	Транспортный контейнер компании «Kahraman Heavy Industry»	DeepL refinement: terminology, proper names and grammatical context still need human review
ent-ShippingContainerKahramanAlt	Resources\Locale\en-US\_KS14\Localization\Prototypes\_KS14\Entities\Structures\Storage\Containers\shipping_containers.ftl	A standard-measure shipping container for bulk transport of goods. This one is from Kahraman, and is reinforced for carrying ore.	Стандартный транспортный контейнер для перевозки насыпных грузов. Этот контейнер произведен компанией «Кахраман» и имеет усиленную конструкцию для перевозки руды.	DeepL refinement: terminology, proper names and grammatical context still need human review
ent-ShippingContainerKahramanAlt	Resources\Locale\en-US\_KS14\Localization\Prototypes\_KS14\Entities\Structures\Storage\Containers\shipping_containers.ftl	alt	alt	DeepL refinement: terminology, proper names and grammatical context still need human review
ent-ShippingContainerNanotrasenHeavy	Resources\Locale\en-US\_KS14\Localization\Prototypes\_KS14\Entities\Structures\Storage\Containers\shipping_containers.ftl	Nanotrasen Heavy Industries shipping container	Транспортный контейнер компании «Nanotrasen Heavy Industries»	DeepL refinement: terminology, proper names and grammatical context still need human review
ent-ShippingContainerNanotrasenHeavy	Resources\Locale\en-US\_KS14\Localization\Prototypes\_KS14\Entities\Structures\Storage\Containers\shipping_containers.ftl	A standard-measure shipping container for bulk transport of goods. This one is from NTHI: Nanotrasen's mining and refining subdivision.	Грузовой контейнер стандартных размеров для перевозки насыпных грузов. Этот контейнер принадлежит NTHI — подразделению компании Nanotrasen, занимающемуся добычей и переработкой полезных ископаемых.	DeepL refinement: terminology, proper names and grammatical context still need human review
ent-ShippingContainerSpawner	Resources\Locale\en-US\_KS14\Localization\Prototypes\_KS14\Entities\Markers\Spawners\Random\shipping_containers.ftl	Random Shipping Container Spawner	Генератор случайного появления транспортных контейнеров	DeepL refinement: terminology, proper names and grammatical context still need human review
ent-ShippingContainerSpawner	Resources\Locale\en-US\_KS14\Localization\Prototypes\_KS14\Entities\Markers\Spawners\Random\shipping_containers.ftl	NT+Syndie	NT+Syndie	DeepL refinement: terminology, proper names and grammatical context still need human review
ent-ShippingContainerSpawnerNt	Resources\Locale\en-US\_KS14\Localization\Prototypes\_KS14\Entities\Markers\Spawners\Random\shipping_containers.ftl	NanoTrasen Shipping Container Spawner	Генератор транспортных контейнеров NanoTrasen	DeepL refinement: terminology, proper names and grammatical context still need human review
ent-ShippingContainerSpawnerNt	Resources\Locale\en-US\_KS14\Localization\Prototypes\_KS14\Entities\Markers\Spawners\Random\shipping_containers.ftl	NT	NT	DeepL refinement: terminology, proper names and grammatical context still need human review
ent-ShippingContainerSpawnerSyndie	Resources\Locale\en-US\_KS14\Localization\Prototypes\_KS14\Entities\Markers\Spawners\Random\shipping_containers.ftl	Syndicate Shipping Container Spawner	Генератор контейнеров Syndicate	DeepL refinement: terminology, proper names and grammatical context still need human review
ent-ShippingContainerSpawnerSyndie	Resources\Locale\en-US\_KS14\Localization\Prototypes\_KS14\Entities\Markers\Spawners\Random\shipping_containers.ftl	Syndicate	Синдикат	DeepL refinement: terminology, proper names and grammatical context still need human review
ent-SignalSpeaker	Resources\Locale\en-US\_KS14\Localization\Prototypes\_KS14\Entities\Objects\Devices\Electronics\signalspeaker.ftl	signal speaker	сигнальный динамик	DeepL refinement: terminology, proper names and grammatical context still need human review
ent-SignalSpeaker	Resources\Locale\en-US\_KS14\Localization\Prototypes\_KS14\Entities\Objects\Devices\Electronics\signalspeaker.ftl	A small speaker that can be configured to say whatever you want and then triggered via signal.	Небольшой динамик, который можно настроить так, чтобы он произносил любую фразу, а затем активировать с помощью сигнала.	DeepL refinement: terminology, proper names and grammatical context still need human review
ent-SpawnMechU43	Resources\Locale\en-US\_KS14\Localization\Prototypes\_KS14\Entities\Markers\Spawners\mechs.ftl	U-43 spawner	Спаунер U-43	DeepL refinement: terminology, proper names and grammatical context still need human review
ent-SpawnMobCasimera	Resources\Locale\en-US\_KS14\Localization\Prototypes\_KsModule\Entities\Markers\Spawners\hallucination.ftl	casimera spawner	Генератор казимер	DeepL refinement: terminology, proper names and grammatical context still need human review
ent-SpawnMobCasimeraMirage	Resources\Locale\en-US\_KS14\Localization\Prototypes\_KsModule\Entities\Markers\Spawners\hallucination.ftl	casimera spawner	Генератор казимер	DeepL refinement: terminology, proper names and grammatical context still need human review
ent-SpawnMobCasimeraMirage	Resources\Locale\en-US\_KS14\Localization\Prototypes\_KsModule\Entities\Markers\Spawners\hallucination.ftl	Mirage	Mirage	DeepL refinement: terminology, proper names and grammatical context still need human review
ent-SpawnMobHallucination	Resources\Locale\en-US\_KS14\Localization\Prototypes\_KsModule\Entities\Markers\Spawners\hallucination.ftl	hallucination spawner	генератор галлюцинаций	DeepL refinement: terminology, proper names and grammatical context still need human review
ent-SpawnMobPlantbot	Resources\Locale\en-US\_KS14\Localization\Prototypes\_EinsteinEngines\Entities\Markers\Spawners\bots.ftl	plantbot spawner	генератор роботов-растений	DeepL refinement: terminology, proper names and grammatical context still need human review
ent-SpawnPointLoneERT	Resources\Locale\en-US\_KS14\Localization\Prototypes\_KS14\Entities\Spawners\ert.ftl	Lone ERT Operative	Одиночный оперативник ERT	DeepL refinement: terminology, proper names and grammatical context still need human review
ent-SpawnPointLoneERT	Resources\Locale\en-US\_KS14\Localization\Prototypes\_KS14\Entities\Spawners\ert.ftl	ERTRole, Lone	ERTRole, Lone	DeepL refinement: terminology, proper names and grammatical context still need human review
ent-SpawnPointScenarioNt	Resources\Locale\en-US\_KS14\Localization\Prototypes\_KS14\Entities\Markers\Spawners\jobs.ftl	nanotrasen agent	агент «Нанотрасен»	DeepL refinement: terminology, proper names and grammatical context still need human review
ent-SpawnPointScenarioNtLatejoin	Resources\Locale\en-US\_KS14\Localization\Prototypes\_KS14\Entities\Markers\Spawners\jobs.ftl	nanotrasen agent latejoin	агент «Нанотрасен», позднее присоединение	DeepL refinement: terminology, proper names and grammatical context still need human review
ent-SpawnPointScenarioSyndie	Resources\Locale\en-US\_KS14\Localization\Prototypes\_KS14\Entities\Markers\Spawners\jobs.ftl	syndicate agent	агент синдиката	DeepL refinement: terminology, proper names and grammatical context still need human review
ent-SpawnPointScenarioSyndieLatejoin	Resources\Locale\en-US\_KS14\Localization\Prototypes\_KS14\Entities\Markers\Spawners\jobs.ftl	syndicate agent latejoin	агент синдиката, присоединение к игре в любой момент	DeepL refinement: terminology, proper names and grammatical context still need human review
ent-StFenceLatticeBase	Resources\Locale\en-US\_KS14\Localization\Prototypes\_KS14\Entities\Structures\Walls\lattice_fence.ftl	bar fence	забор из брусьев	DeepL refinement: terminology, proper names and grammatical context still need human review
ent-StFenceLatticeBase	Resources\Locale\en-US\_KS14\Localization\Prototypes\_KS14\Entities\Structures\Walls\lattice_fence.ftl	A metal fence made up of bars. Looks like something you'd see in a prison. It seems very robust.	Металлический забор из прутьев. Похож на то, что можно увидеть в тюрьме. Выглядит очень прочно.	DeepL refinement: terminology, proper names and grammatical context still need human review
ent-StFenceLatticeBase	Resources\Locale\en-US\_KS14\Localization\Prototypes\_KS14\Entities\Structures\Walls\lattice_fence.ftl	Invincible	Непобедимый	DeepL refinement: terminology, proper names and grammatical context still need human review
ent-StFenceLatticeStraight	Resources\Locale\en-US\_KS14\Localization\Prototypes\_KS14\Entities\Structures\Walls\lattice_fence.ftl	bar fence	забор из брусьев	DeepL refinement: terminology, proper names and grammatical context still need human review
ent-StFenceLatticeStraight	Resources\Locale\en-US\_KS14\Localization\Prototypes\_KS14\Entities\Structures\Walls\lattice_fence.ftl	A metal fence made up of bars. Looks like something you'd see in a prison. It seems very robust.	Металлический забор из прутьев. Похож на то, что можно увидеть в тюрьме. Выглядит очень прочно.	DeepL refinement: terminology, proper names and grammatical context still need human review
ent-StFenceLatticeStraightDesktop	Resources\Locale\en-US\_KS14\Localization\Prototypes\_KS14\Entities\Structures\Walls\lattice_fence.ftl	desktop bar fence	панель рабочего стола	DeepL refinement: terminology, proper names and grammatical context still need human review
ent-StFenceLatticeStraightDesktop	Resources\Locale\en-US\_KS14\Localization\Prototypes\_KS14\Entities\Structures\Walls\lattice_fence.ftl	A metal fence made up of bars. Looks like something you'd see in a prison. It seems very robust.	Металлический забор из прутьев. Похож на то, что можно увидеть в тюрьме. Выглядит очень прочно.	DeepL refinement: terminology, proper names and grammatical context still need human review
ent-StFenceLatticeStraightDesktop	Resources\Locale\en-US\_KS14\Localization\Prototypes\_KS14\Entities\Structures\Walls\lattice_fence.ftl	Invincible, Desktop	Invincible, настольная игра	DeepL refinement: terminology, proper names and grammatical context still need human review
ent-StFenceLatticeStraightDesktopWindowed	Resources\Locale\en-US\_KS14\Localization\Prototypes\_KS14\Entities\Structures\Walls\lattice_fence.ftl	desktop bar fence	панель рабочего стола	DeepL refinement: terminology, proper names and grammatical context still need human review
ent-StFenceLatticeStraightDesktopWindowed	Resources\Locale\en-US\_KS14\Localization\Prototypes\_KS14\Entities\Structures\Walls\lattice_fence.ftl	A metal fence made up of bars. Looks like something you'd see in a prison. It seems very robust.	Металлический забор из прутьев. Похож на то, что можно увидеть в тюрьме. Выглядит очень прочно.	DeepL refinement: terminology, proper names and grammatical context still need human review
ent-StFenceLatticeStraightDesktopWindowed	Resources\Locale\en-US\_KS14\Localization\Prototypes\_KS14\Entities\Structures\Walls\lattice_fence.ftl	Invincible, Desktop, Windowed	Неуязвимая, настольная, в оконном режиме	DeepL refinement: terminology, proper names and grammatical context still need human review
ent-StFenceLatticeStraightRusty	Resources\Locale\en-US\_KS14\Localization\Prototypes\_KS14\Entities\Structures\Walls\lattice_fence.ftl	bar fence	забор из брусьев	DeepL refinement: terminology, proper names and grammatical context still need human review
ent-StFenceLatticeStraightRusty	Resources\Locale\en-US\_KS14\Localization\Prototypes\_KS14\Entities\Structures\Walls\lattice_fence.ftl	A metal fence made up of bars. Looks like something you'd see in a prison. It seems very robust.	Металлический забор из прутьев. Похож на то, что можно увидеть в тюрьме. Выглядит очень прочно.	DeepL refinement: terminology, proper names and grammatical context still need human review
ent-StFenceLatticeStraightRusty	Resources\Locale\en-US\_KS14\Localization\Prototypes\_KS14\Entities\Structures\Walls\lattice_fence.ftl	Invincible, Rusty	Непобедимый, Расти	DeepL refinement: terminology, proper names and grammatical context still need human review
ent-StatusEffectBarGlitch	Resources\Locale\en-US\_KS14\Localization\Prototypes\_KS14\Entities\StatusEffects\visual.ftl	glitching	глюки	DeepL refinement: terminology, proper names and grammatical context still need human review
ent-StatusEffectColorStatic	Resources\Locale\en-US\_KS14\Localization\Prototypes\_KS14\Entities\StatusEffects\visual.ftl	color static	цветное статическое изображение	DeepL refinement: terminology, proper names and grammatical context still need human review
ent-StatusEffectSafeCritHumanoid	Resources\Locale\en-US\_KS14\Localization\Prototypes\_KS14\Entities\StatusEffects\body.ftl	safe-crit	safe-crit	DeepL refinement: terminology, proper names and grammatical context still need human review
ent-StatusEffectWeightlessnessHumanoid	Resources\Locale\en-US\_KS14\Localization\Prototypes\_KS14\Entities\StatusEffects\body.ftl	weightlessness	невесомость	DeepL refinement: terminology, proper names and grammatical context still need human review
ent-SteelReactorGasChannel	Resources\Locale\en-US\_KS14\Localization\Prototypes\_FarHorizons\Entities\Structures\Power\Generation\FissionGenerator\reactor_components.ftl	steel gas channel rod	стальной стержень газопровода	DeepL refinement: terminology, proper names and grammatical context still need human review
ent-SteelReactorGasChannel	Resources\Locale\en-US\_KS14\Localization\Prototypes\_FarHorizons\Entities\Structures\Power\Generation\FissionGenerator\reactor_components.ftl	A gas channel for a nuclear reactor.	Газопровод для ядерного реактора.	DeepL refinement: terminology, proper names and grammatical context still need human review
ent-SteelReactorHeatExchanger	Resources\Locale\en-US\_KS14\Localization\Prototypes\_FarHorizons\Entities\Structures\Power\Generation\FissionGenerator\reactor_components.ftl	steel heat exchanger rod	стальной стержень теплообменника	DeepL refinement: terminology, proper names and grammatical context still need human review
ent-SteelReactorHeatExchanger	Resources\Locale\en-US\_KS14\Localization\Prototypes\_FarHorizons\Entities\Structures\Power\Generation\FissionGenerator\reactor_components.ftl	A heat exchanger for a nuclear reactor.	Теплообменник для ядерного реактора.	DeepL refinement: terminology, proper names and grammatical context still need human review
ent-SupplyPod	Resources\Locale\en-US\_KS14\Localization\Prototypes\_KS14\Entities\Objects\SupplyPod\supplypod.ftl	supply pod	капсула с припасами	DeepL refinement: terminology, proper names and grammatical context still need human review
ent-SupplyPod	Resources\Locale\en-US\_KS14\Localization\Prototypes\_KS14\Entities\Objects\SupplyPod\supplypod.ftl	Sent from orbit, down to you.	Отправлено с орбиты прямо к вам.	DeepL refinement: terminology, proper names and grammatical context still need human review
ent-SupplyPodCargoBase	Resources\Locale\en-US\_KS14\Localization\Prototypes\_KS14\Entities\Objects\SupplyPod\supplypod.ftl	cargo pod	грузовой модуль	DeepL refinement: terminology, proper names and grammatical context still need human review
ent-SupplyPodCargoBase	Resources\Locale\en-US\_KS14\Localization\Prototypes\_KS14\Entities\Objects\SupplyPod\supplypod.ftl	A pod. From somewhere. There's probably something inside!	Капсула. Неизвестного происхождения. Скорее всего, внутри что-то есть!	DeepL refinement: terminology, proper names and grammatical context still need human review
ent-SupplyPodCargoBaseAdvanced	Resources\Locale\en-US\_KS14\Localization\Prototypes\_KS14\Entities\Objects\SupplyPod\cargopods.ftl	advanced cargo pod	усовершенствованный грузовой модуль	DeepL refinement: terminology, proper names and grammatical context still need human review
ent-SupplyPodCargoBaseAdvanced	Resources\Locale\en-US\_KS14\Localization\Prototypes\_KS14\Entities\Objects\SupplyPod\cargopods.ftl	A pod. From somewhere. There's probably something !COOL! inside!	Капсула. Неизвестного происхождения. Внутри, наверное, что-то !КРУТОЕ!	DeepL refinement: terminology, proper names and grammatical context still need human review
ent-SupplyPodCargoBaseSyndicate	Resources\Locale\en-US\_KS14\Localization\Prototypes\_KS14\Entities\Objects\SupplyPod\cargopods.ftl	syndicate cargo pod	грузовой модуль «Синдикат»	DeepL refinement: terminology, proper names and grammatical context still need human review
ent-SupplyPodCargoBaseSyndicate	Resources\Locale\en-US\_KS14\Localization\Prototypes\_KS14\Entities\Objects\SupplyPod\cargopods.ftl	A pod. From somewhere. There's probably something inside! It has the markings of the Syndicate..	Капсула. Неизвестного происхождения. Внутри, скорее всего, что-то есть! На ней есть знаки Синдиката...	DeepL refinement: terminology, proper names and grammatical context still need human review
ent-SupplyPodCargoSyndicateU43	Resources\Locale\en-US\_KS14\Localization\Prototypes\_KS14\Entities\Objects\SupplyPod\cargopods.ftl	U-43 combat walker cargo pod	Грузовой модуль боевого ходунка U-43	DeepL refinement: terminology, proper names and grammatical context still need human review
ent-SupplyPodCargoSyndicateU43	Resources\Locale\en-US\_KS14\Localization\Prototypes\_KS14\Entities\Objects\SupplyPod\cargopods.ftl	A Syndicate drop pod containing a U-43 combat walker.	Капсула-спусковой модуль «Синдиката», содержащая боевой ходунок U-43.	DeepL refinement: terminology, proper names and grammatical context still need human review
ent-SupplyPodCargoSyndicateU43	Resources\Locale\en-US\_KS14\Localization\Prototypes\_KS14\Entities\Objects\SupplyPod\cargopods.ftl	Scenario	Сценарий	DeepL refinement: terminology, proper names and grammatical context still need human review
ent-SupplyPodMissileNtBase	Resources\Locale\en-US\_KS14\Localization\Prototypes\_KS14\Entities\Objects\SupplyPod\supplypod.ftl	nanotrasen orbital cruise missile	Орбитальная крылатая ракета «Нанотрасен»	DeepL refinement: terminology, proper names and grammatical context still need human review
ent-SupplyPodMissileNtBase	Resources\Locale\en-US\_KS14\Localization\Prototypes\_KS14\Entities\Objects\SupplyPod\supplypod.ftl	Launched from a silo in fuck-off nowhere. This came a long way to ruin the nights of Nanotrasen's enemies.	Запущена из ракетного бункера в чертовой глуши. Она проделала долгий путь, чтобы испортить ночи врагам «Нанотразена».	DeepL refinement: terminology, proper names and grammatical context still need human review
ent-SupplyPodMissileNtExplosive	Resources\Locale\en-US\_KS14\Localization\Prototypes\_KS14\Entities\Objects\SupplyPod\supplypod.ftl	nanotrasen orbital cruise missile	Орбитальная крылатая ракета «Нанотрасен»	DeepL refinement: terminology, proper names and grammatical context still need human review
ent-SupplyPodMissileNtExplosive	Resources\Locale\en-US\_KS14\Localization\Prototypes\_KS14\Entities\Objects\SupplyPod\supplypod.ftl	Launched from a silo in fuck-off nowhere. This came a long way to ruin the nights of Nanotrasen's enemies.	Запущена из ракетного бункера в чертовой глуши. Она проделала долгий путь, чтобы испортить ночи врагам «Нанотразена».	DeepL refinement: terminology, proper names and grammatical context still need human review
ent-SupplyPodMissileNtExplosive	Resources\Locale\en-US\_KS14\Localization\Prototypes\_KS14\Entities\Objects\SupplyPod\supplypod.ftl	Armed	Вооруженный	DeepL refinement: terminology, proper names and grammatical context still need human review
ent-SupplyPodMissileNtInert	Resources\Locale\en-US\_KS14\Localization\Prototypes\_KS14\Entities\Objects\SupplyPod\supplypod.ftl	nanotrasen orbital cruise missile	Орбитальная крылатая ракета «Нанотрасен»	DeepL refinement: terminology, proper names and grammatical context still need human review
ent-SupplyPodMissileNtInert	Resources\Locale\en-US\_KS14\Localization\Prototypes\_KS14\Entities\Objects\SupplyPod\supplypod.ftl	Launched from a silo in fuck-off nowhere. This came a long way to ruin the nights of Nanotrasen's enemies.	Запущена из ракетного бункера в чертовой глуши. Она проделала долгий путь, чтобы испортить ночи врагам «Нанотразена».	DeepL refinement: terminology, proper names and grammatical context still need human review
ent-SupplyPodMissileNtInert	Resources\Locale\en-US\_KS14\Localization\Prototypes\_KS14\Entities\Objects\SupplyPod\supplypod.ftl	Inert	Инертный	DeepL refinement: terminology, proper names and grammatical context still need human review
ent-SupplyPodMissileSyndicateBase	Resources\Locale\en-US\_KS14\Localization\Prototypes\_KS14\Entities\Objects\SupplyPod\supplypod.ftl	syndicate orbital cruise missile	«Синдикат» — орбитальная крылатая ракета	DeepL refinement: terminology, proper names and grammatical context still need human review
ent-SupplyPodMissileSyndicateBase	Resources\Locale\en-US\_KS14\Localization\Prototypes\_KS14\Entities\Objects\SupplyPod\supplypod.ftl	Launched from a silo in fuck-off nowhere. This came a long way to ruin your day.	Запущена из ракетного бункера в чертовой глуши. Она проделала долгий путь, чтобы испортить вам день.	DeepL refinement: terminology, proper names and grammatical context still need human review
ent-SupplyPodMissileSyndicateExplosive	Resources\Locale\en-US\_KS14\Localization\Prototypes\_KS14\Entities\Objects\SupplyPod\supplypod.ftl	syndicate orbital cruise missile	«Синдикат» — орбитальная крылатая ракета	DeepL refinement: terminology, proper names and grammatical context still need human review
ent-SupplyPodMissileSyndicateExplosive	Resources\Locale\en-US\_KS14\Localization\Prototypes\_KS14\Entities\Objects\SupplyPod\supplypod.ftl	Launched from a silo in fuck-off nowhere. This came a long way to ruin your day.	Запущена из ракетного бункера в чертовой глуши. Она проделала долгий путь, чтобы испортить вам день.	DeepL refinement: terminology, proper names and grammatical context still need human review
ent-SupplyPodMissileSyndicateExplosive	Resources\Locale\en-US\_KS14\Localization\Prototypes\_KS14\Entities\Objects\SupplyPod\supplypod.ftl	Armed	Вооруженный	DeepL refinement: terminology, proper names and grammatical context still need human review
ent-SupplyPodMissileSyndicateInert	Resources\Locale\en-US\_KS14\Localization\Prototypes\_KS14\Entities\Objects\SupplyPod\supplypod.ftl	syndicate orbital cruise missile	«Синдикат» — орбитальная крылатая ракета	DeepL refinement: terminology, proper names and grammatical context still need human review
ent-SupplyPodMissileSyndicateInert	Resources\Locale\en-US\_KS14\Localization\Prototypes\_KS14\Entities\Objects\SupplyPod\supplypod.ftl	Launched from a silo in fuck-off nowhere. This came a long way to ruin your day.	Запущена из ракетного бункера в чертовой глуши. Она проделала долгий путь, чтобы испортить вам день.	DeepL refinement: terminology, proper names and grammatical context still need human review
ent-SupplyPodMissileSyndicateInert	Resources\Locale\en-US\_KS14\Localization\Prototypes\_KS14\Entities\Objects\SupplyPod\supplypod.ftl	Inert	Инертный	DeepL refinement: terminology, proper names and grammatical context still need human review
ent-SupplyPodRubble	Resources\Locale\en-US\_KS14\Localization\Prototypes\_KS14\Entities\Objects\SupplyPod\rubble.ftl	rubble	обломки	DeepL refinement: terminology, proper names and grammatical context still need human review
ent-SupplyPodRubble	Resources\Locale\en-US\_KS14\Localization\Prototypes\_KS14\Entities\Objects\SupplyPod\rubble.ftl	ACKK	ACKK	DeepL refinement: terminology, proper names and grammatical context still need human review
ent-SyndicateComputerTabletopComms	Resources\Locale\en-US\_KS14\Localization\Prototypes\_CD\Entities\Structures\Machines\Computers\tabletopcomputer.ftl	syndicate communications computer	компьютер связи синдиката	DeepL refinement: terminology, proper names and grammatical context still need human review
ent-SyndicateComputerTabletopComms	Resources\Locale\en-US\_KS14\Localization\Prototypes\_CD\Entities\Structures\Machines\Computers\tabletopcomputer.ftl	A computer capable of remotely hacking into the station's communications systems. Using this to make an announcement will alert the station to your presence.	Компьютер, способный удаленно взломать системы связи станции. Использование его для передачи объявления привлечет внимание всего персонала станции к вашему присутствию.	DeepL refinement: terminology, proper names and grammatical context still need human review
ent-Telecrystal15	Resources\Locale\en-US\_KS14\Localization\Prototypes\_KS14\Entities\Objects\Specific\syndicate.ftl	telecrystal	telecrystal	DeepL refinement: terminology, proper names and grammatical context still need human review
ent-Telecrystal15	Resources\Locale\en-US\_KS14\Localization\Prototypes\_KS14\Entities\Objects\Specific\syndicate.ftl	It seems to be pulsing with suspiciously enticing energies.	Кажется, она пульсирует подозрительно манящей энергией.	DeepL refinement: terminology, proper names and grammatical context still need human review
ent-Telecrystal15	Resources\Locale\en-US\_KS14\Localization\Prototypes\_KS14\Entities\Objects\Specific\syndicate.ftl	KS14, 15 TC	KS14, 15 TC	DeepL refinement: terminology, proper names and grammatical context still need human review
ent-Telecrystal3	Resources\Locale\en-US\_KS14\Localization\Prototypes\_KS14\Entities\Objects\Specific\syndicate.ftl	telecrystal	telecrystal	DeepL refinement: terminology, proper names and grammatical context still need human review
ent-Telecrystal3	Resources\Locale\en-US\_KS14\Localization\Prototypes\_KS14\Entities\Objects\Specific\syndicate.ftl	It seems to be pulsing with suspiciously enticing energies.	Кажется, она пульсирует подозрительно манящей энергией.	DeepL refinement: terminology, proper names and grammatical context still need human review
ent-Telecrystal3	Resources\Locale\en-US\_KS14\Localization\Prototypes\_KS14\Entities\Objects\Specific\syndicate.ftl	KS14, 3 TC	KS14, 3 TC	DeepL refinement: terminology, proper names and grammatical context still need human review
ent-Telecrystal30	Resources\Locale\en-US\_KS14\Localization\Prototypes\_KS14\Entities\Objects\Specific\syndicate.ftl	telecrystal	telecrystal	DeepL refinement: terminology, proper names and grammatical context still need human review
ent-Telecrystal30	Resources\Locale\en-US\_KS14\Localization\Prototypes\_KS14\Entities\Objects\Specific\syndicate.ftl	It seems to be pulsing with suspiciously enticing energies.	Кажется, она пульсирует подозрительно манящей энергией.	DeepL refinement: terminology, proper names and grammatical context still need human review
ent-Telecrystal30	Resources\Locale\en-US\_KS14\Localization\Prototypes\_KS14\Entities\Objects\Specific\syndicate.ftl	KS14, 30 TC	KS14, 30 TC	DeepL refinement: terminology, proper names and grammatical context still need human review
ent-TeslaGate	Resources\Locale\en-US\_KS14\Localization\Prototypes\_KS14\Entities\Structures\Machines\teslagate.ftl	tesla gate	Тесла-ворота	DeepL refinement: terminology, proper names and grammatical context still need human review
ent-TeslaGate	Resources\Locale\en-US\_KS14\Localization\Prototypes\_KS14\Entities\Structures\Machines\teslagate.ftl	It keeps people like you from walking through	Это не дает таким людям, как вы, пройти сквозь	DeepL refinement: terminology, proper names and grammatical context still need human review
ent-TeslaGate	Resources\Locale\en-US\_KS14\Localization\Prototypes\_KS14\Entities\Structures\Machines\teslagate.ftl	1x1, 3.2 sec	1x1, 3,2 сек	DeepL refinement: terminology, proper names and grammatical context still need human review
ent-TeslaGateCircuitboard	Resources\Locale\en-US\_KS14\Localization\Prototypes\_KS14\Entities\Structures\Machines\teslagate.ftl	tesla gate machine board	плата устройства «Тесла-гейт»	DeepL refinement: terminology, proper names and grammatical context still need human review
ent-TeslaGateCircuitboard	Resources\Locale\en-US\_KS14\Localization\Prototypes\_KS14\Entities\Structures\Machines\teslagate.ftl	An electronics board used in contraband detector.	Электронная плата, используемая в детекторе контрабанды.	DeepL refinement: terminology, proper names and grammatical context still need human review
ent-TeslaGateFlatpack	Resources\Locale\en-US\_KS14\Localization\Prototypes\_KS14\Entities\Structures\Machines\teslagate.ftl	tesla gate flatpack	«Tesla Gate» в плоской упаковке	DeepL refinement: terminology, proper names and grammatical context still need human review
ent-TeslaGateFlatpack	Resources\Locale\en-US\_KS14\Localization\Prototypes\_KS14\Entities\Structures\Machines\teslagate.ftl	A flatpack used for constructing a tesla gate.	Набор деталей для сборки «ворот Теслы».	DeepL refinement: terminology, proper names and grammatical context still need human review
ent-TeslaGateQuick	Resources\Locale\en-US\_KS14\Localization\Prototypes\_KS14\Entities\Structures\Machines\teslagate.ftl	overcharged tesla gate	перегруженные ворота Теслы	DeepL refinement: terminology, proper names and grammatical context still need human review
ent-TeslaGateQuick	Resources\Locale\en-US\_KS14\Localization\Prototypes\_KS14\Entities\Structures\Machines\teslagate.ftl	Oh no. Yeah, you're not getting through that.	Ой, нет. Да, тебе это не пройти.	DeepL refinement: terminology, proper names and grammatical context still need human review
ent-TeslaGateQuick	Resources\Locale\en-US\_KS14\Localization\Prototypes\_KS14\Entities\Structures\Machines\teslagate.ftl	1x1, 1.5 sec	1x1, 1,5 сек	DeepL refinement: terminology, proper names and grammatical context still need human review
ent-ThunderRunClothingOuterSyndiePilotSuit	Resources\Locale\en-US\_KS14\Localization\Prototypes\_KS14\Scenarios\ThunderRun\objects.ftl	syndicate mech pilot suit	костюм пилота меха «Синдикат»	DeepL refinement: terminology, proper names and grammatical context still need human review
ent-ThunderRunClothingOuterSyndiePilotSuit	Resources\Locale\en-US\_KS14\Localization\Prototypes\_KS14\Scenarios\ThunderRun\objects.ftl	A bulky, cumbersome suit that allows you to interface with your combat walker.	Объёмный и громоздкий скафандр, позволяющий взаимодействовать с боевым ходуном.	DeepL refinement: terminology, proper names and grammatical context still need human review
ent-TiderfallNtCard	Resources\Locale\en-US\_KS14\Localization\Prototypes\_KS14\Scenarios\Tiderfall\objects.ftl	tiderfall id card	Идентификационная карточка Tiderfall	DeepL refinement: terminology, proper names and grammatical context still need human review
ent-TiderfallNtCard	Resources\Locale\en-US\_KS14\Localization\Prototypes\_KS14\Scenarios\Tiderfall\objects.ftl	A card necessary to access various areas aboard the station.	Карта, необходимая для доступа к различным зонам на борту станции.	DeepL refinement: terminology, proper names and grammatical context still need human review
ent-TiderfallNtCard	Resources\Locale\en-US\_KS14\Localization\Prototypes\_KS14\Scenarios\Tiderfall\objects.ftl	Nanotrasen	Nanotrasen	DeepL refinement: terminology, proper names and grammatical context still need human review
ent-TiderfallNtPDA	Resources\Locale\en-US\_KS14\Localization\Prototypes\_KS14\Scenarios\Tiderfall\objects.ftl	tiderfall PDA	PDA «Tiderfall»	DeepL refinement: terminology, proper names and grammatical context still need human review
ent-TiderfallNtPDA	Resources\Locale\en-US\_KS14\Localization\Prototypes\_KS14\Scenarios\Tiderfall\objects.ftl	Why isn't it gray?	Почему она не серая?	DeepL refinement: terminology, proper names and grammatical context still need human review
ent-TiderfallNtPDA	Resources\Locale\en-US\_KS14\Localization\Prototypes\_KS14\Scenarios\Tiderfall\objects.ftl	Nanotrasen	Nanotrasen	DeepL refinement: terminology, proper names and grammatical context still need human review
ent-TiderfallSyndieCard	Resources\Locale\en-US\_KS14\Localization\Prototypes\_KS14\Scenarios\Tiderfall\objects.ftl	tiderfall id card	Идентификационная карточка Tiderfall	DeepL refinement: terminology, proper names and grammatical context still need human review
ent-TiderfallSyndieCard	Resources\Locale\en-US\_KS14\Localization\Prototypes\_KS14\Scenarios\Tiderfall\objects.ftl	A card necessary to access various areas aboard the station.	Карта, необходимая для доступа к различным зонам на борту станции.	DeepL refinement: terminology, proper names and grammatical context still need human review
ent-TiderfallSyndieCard	Resources\Locale\en-US\_KS14\Localization\Prototypes\_KS14\Scenarios\Tiderfall\objects.ftl	Syndie	Syndie	DeepL refinement: terminology, proper names and grammatical context still need human review
ent-TiderfallSyndiePDA	Resources\Locale\en-US\_KS14\Localization\Prototypes\_KS14\Scenarios\Tiderfall\objects.ftl	tiderfall PDA	PDA «Tiderfall»	DeepL refinement: terminology, proper names and grammatical context still need human review
ent-TiderfallSyndiePDA	Resources\Locale\en-US\_KS14\Localization\Prototypes\_KS14\Scenarios\Tiderfall\objects.ftl	Why isn't it gray?	Почему она не серая?	DeepL refinement: terminology, proper names and grammatical context still need human review
ent-TiderfallSyndiePDA	Resources\Locale\en-US\_KS14\Localization\Prototypes\_KS14\Scenarios\Tiderfall\objects.ftl	Syndie	Syndie	DeepL refinement: terminology, proper names and grammatical context still need human review
ent-ToolboxSyndicateTurret	Resources\Locale\en-US\_KS14\Localization\Prototypes\_KS14\Scenarios\objects.ftl	deployable syndicate turret	развертываемая турель синдиката	DeepL refinement: terminology, proper names and grammatical context still need human review
ent-ToolboxSyndicateTurret	Resources\Locale\en-US\_KS14\Localization\Prototypes\_KS14\Scenarios\objects.ftl	A sinister looking toolbox filled with elite syndicate tools.	Зловеще выглядящий ящик с инструментами, наполненный элитным снаряжением синдиката.	DeepL refinement: terminology, proper names and grammatical context still need human review
ent-Turbine	Resources\Locale\en-US\_KS14\Localization\Prototypes\_FarHorizons\Entities\Structures\Power\Generation\FissionGenerator\turbine.ftl	gas turbine	газовая турбина	DeepL refinement: terminology, proper names and grammatical context still need human review
ent-Turbine	Resources\Locale\en-US\_KS14\Localization\Prototypes\_FarHorizons\Entities\Structures\Power\Generation\FissionGenerator\turbine.ftl	A large turbine used for generating power using hot gas.	Крупная турбина, используемая для выработки электроэнергии с помощью горячего газа.	DeepL refinement: terminology, proper names and grammatical context still need human review
ent-TurbineBladeShrapnel	Resources\Locale\en-US\_KS14\Localization\Prototypes\_FarHorizons\Entities\Structures\Power\Generation\FissionGenerator\turbineProjectile.ftl	turbine blade	лопасть турбины	DeepL refinement: terminology, proper names and grammatical context still need human review
ent-UraniumReactorFuelRod	Resources\Locale\en-US\_KS14\Localization\Prototypes\_FarHorizons\Entities\Structures\Power\Generation\FissionGenerator\reactor_components.ftl	uranium fuel rod	урановый топливный стержень	DeepL refinement: terminology, proper names and grammatical context still need human review
ent-UraniumReactorFuelRod	Resources\Locale\en-US\_KS14\Localization\Prototypes\_FarHorizons\Entities\Structures\Power\Generation\FissionGenerator\reactor_components.ftl	A fuel rod for a nuclear reactor.	Топливный стержень для ядерного реактора.	DeepL refinement: terminology, proper names and grammatical context still need human review
ent-VehicleTankBody	Resources\Locale\en-US\_KS14\Localization\Prototypes\_KS14\Entities\Vehicles\tank_vehicle.ftl	tank	танк	DeepL refinement: terminology, proper names and grammatical context still need human review
ent-VehicleTankBody	Resources\Locale\en-US\_KS14\Localization\Prototypes\_KS14\Entities\Vehicles\tank_vehicle.ftl	Amazing.	Потрясающе.	DeepL refinement: terminology, proper names and grammatical context still need human review
ent-VehicleTankBodyNpcAllHostile	Resources\Locale\en-US\_KS14\Localization\Prototypes\_KS14\Entities\Vehicles\tank_vehicle.ftl	tank	танк	DeepL refinement: terminology, proper names and grammatical context still need human review
ent-VehicleTankBodyNpcAllHostile	Resources\Locale\en-US\_KS14\Localization\Prototypes\_KS14\Entities\Vehicles\tank_vehicle.ftl	Holy shit! It doesn't seem friendly at all.	Черт возьми! Похоже, здесь совсем не дружелюбно.	DeepL refinement: terminology, proper names and grammatical context still need human review
ent-VehicleTankBodyNpcAllHostile	Resources\Locale\en-US\_KS14\Localization\Prototypes\_KS14\Entities\Vehicles\tank_vehicle.ftl	NPC, All Hostile	НПЦ, все враждебны	DeepL refinement: terminology, proper names and grammatical context still need human review
ent-VehicleTankBodyStatic	Resources\Locale\en-US\_KS14\Localization\Prototypes\_KS14\Entities\Vehicles\tank_vehicle.ftl	tank	танк	DeepL refinement: terminology, proper names and grammatical context still need human review
ent-VehicleTankBodyStatic	Resources\Locale\en-US\_KS14\Localization\Prototypes\_KS14\Entities\Vehicles\tank_vehicle.ftl	It's been here a while.	Она уже давно здесь.	DeepL refinement: terminology, proper names and grammatical context still need human review
ent-VehicleTankBodyStatic	Resources\Locale\en-US\_KS14\Localization\Prototypes\_KS14\Entities\Vehicles\tank_vehicle.ftl	Static, Mapping	Статические изображения, карты	DeepL refinement: terminology, proper names and grammatical context still need human review
ent-VehicleTankTurret	Resources\Locale\en-US\_KS14\Localization\Prototypes\_KS14\Entities\Vehicles\tank_vehicle.ftl	tank turret	башня танка	DeepL refinement: terminology, proper names and grammatical context still need human review
ent-VehicleTankTurret	Resources\Locale\en-US\_KS14\Localization\Prototypes\_KS14\Entities\Vehicles\tank_vehicle.ftl	Look inside to check if it's loaded.	Загляните внутрь, чтобы проверить, загрузилась ли игра.	DeepL refinement: terminology, proper names and grammatical context still need human review
ent-VehicleTankTurretNpcAllHostile	Resources\Locale\en-US\_KS14\Localization\Prototypes\_KS14\Entities\Vehicles\tank_vehicle.ftl	tank turret	башня танка	DeepL refinement: terminology, proper names and grammatical context still need human review
ent-VehicleTankTurretNpcAllHostile	Resources\Locale\en-US\_KS14\Localization\Prototypes\_KS14\Entities\Vehicles\tank_vehicle.ftl	Look inside to check if it's loaded.	Загляните внутрь, чтобы проверить, загрузилась ли игра.	DeepL refinement: terminology, proper names and grammatical context still need human review
ent-VehicleTankTurretNpcAllHostile	Resources\Locale\en-US\_KS14\Localization\Prototypes\_KS14\Entities\Vehicles\tank_vehicle.ftl	NPC, All Hostile	НПЦ, все враждебны	DeepL refinement: terminology, proper names and grammatical context still need human review
ent-VehicleTankTurretStatic	Resources\Locale\en-US\_KS14\Localization\Prototypes\_KS14\Entities\Vehicles\tank_vehicle.ftl	tank turret	башня танка	DeepL refinement: terminology, proper names and grammatical context still need human review
ent-VehicleTankTurretStatic	Resources\Locale\en-US\_KS14\Localization\Prototypes\_KS14\Entities\Vehicles\tank_vehicle.ftl	Look inside, tell me if it's loaded.	Загляните внутрь, сообщите, загрузилось ли.	DeepL refinement: terminology, proper names and grammatical context still need human review
ent-VehicleTankTurretStatic	Resources\Locale\en-US\_KS14\Localization\Prototypes\_KS14\Entities\Vehicles\tank_vehicle.ftl	Static, Mapping	Статические изображения, карты	DeepL refinement: terminology, proper names and grammatical context still need human review
ent-WallHallucination	Resources\Locale\en-US\_KS14\Localization\Prototypes\_Manifest\Entities\Misc\deathmatch.ftl	disrupted wall	проломанная стена	DeepL refinement: terminology, proper names and grammatical context still need human review
ent-WallHallucination	Resources\Locale\en-US\_KS14\Localization\Prototypes\_Manifest\Entities\Misc\deathmatch.ftl	It's staring back at you. Holy shit.	Оно смотрит прямо на тебя. Чёрт возьми.	DeepL refinement: terminology, proper names and grammatical context still need human review
ent-WallStaticDeathmatch	Resources\Locale\en-US\_KS14\Localization\Prototypes\_Manifest\Entities\Misc\deathmatch.ftl	deathmatch static barrier	«Deathmatch» со статическим барьером	DeepL refinement: terminology, proper names and grammatical context still need human review
ent-WeaponAdvancedPlasmaCutter	Resources\Locale\en-US\_KS14\Localization\Prototypes\_KS14\Entities\Objects\Weapons\Guns\Material\plasmacutter.ftl	advanced plasma cutter	усовершенствованный плазменный резак	DeepL refinement: terminology, proper names and grammatical context still need human review
ent-WeaponAdvancedPlasmaCutter	Resources\Locale\en-US\_KS14\Localization\Prototypes\_KS14\Entities\Objects\Weapons\Guns\Material\plasmacutter.ftl	Upgraded version of tool very popular amongst miners.	Улучшенная версия инструмента, пользующегося большой популярностью среди шахтеров.	DeepL refinement: terminology, proper names and grammatical context still need human review
ent-WeaponAntiqueLaserProjectile	Resources\Locale\en-US\_KS14\Localization\Prototypes\_KS14\Entities\Objects\Weapons\Guns\Battery\battery_guns.ftl	antique laser pistol	старинный лазерный пистолет	DeepL refinement: terminology, proper names and grammatical context still need human review
ent-WeaponAntiqueLaserProjectile	Resources\Locale\en-US\_KS14\Localization\Prototypes\_KS14\Entities\Objects\Weapons\Guns\Battery\battery_guns.ftl	This is an antique laser pistol. All craftsmanship is of the highest quality. It is decorated with a mahogany grip and chrome filigree. The object menaces with spikes of energy. On the item is an image of a captain and a clown. The clown is dead. The captain is striking a heroic pose.	Это старинный лазерный пистолет. Качество изготовления — на высшем уровне. Он украшен рукояткой из красного дерева и хромированной филигранью. Предмет излучает энергетические импульсы. На предмете изображены капитан и клоун. Клоун мёртв. Капитан принимает героическую позу.	DeepL refinement: terminology, proper names and grammatical context still need human review
ent-WeaponDisablerBorg	Resources\Locale\en-US\_KS14\Localization\Prototypes\_KS14\Entities\Objects\Weapons\Guns\Battery\battery_guns.ftl	cyborg disabler	устройство для обезвреживания киборгов	DeepL refinement: terminology, proper names and grammatical context still need human review
ent-WeaponDisablerBorg	Resources\Locale\en-US\_KS14\Localization\Prototypes\_KS14\Entities\Objects\Weapons\Guns\Battery\battery_guns.ftl	A self charging integrated disabler for security cyborgs.	Встроенное устройство для вывода из строя охранных киборгов с функцией самозарядки.	DeepL refinement: terminology, proper names and grammatical context still need human review
ent-WeaponLaserCarbineProjectile	Resources\Locale\en-US\_KS14\Localization\Prototypes\_KS14\Entities\Objects\Weapons\Guns\Battery\battery_guns.ftl	laser carbine	лазерный карабин	DeepL refinement: terminology, proper names and grammatical context still need human review
ent-WeaponLaserCarbineProjectile	Resources\Locale\en-US\_KS14\Localization\Prototypes\_KS14\Entities\Objects\Weapons\Guns\Battery\battery_guns.ftl	Favoured by Nanotrasen Security for being cheap and easy to use.	Пользуется популярностью у охранной компании «Нанотрасен» благодаря своей недороговизне и простоте в использовании.	DeepL refinement: terminology, proper names and grammatical context still need human review
ent-WeaponLaserCarbineProjectilePractice	Resources\Locale\en-US\_KS14\Localization\Prototypes\_KS14\Entities\Objects\Weapons\Guns\Battery\battery_guns.ftl	practice laser carbine	тренировка с лазерным карабином	DeepL refinement: terminology, proper names and grammatical context still need human review
ent-WeaponLaserCarbineProjectilePractice	Resources\Locale\en-US\_KS14\Localization\Prototypes\_KS14\Entities\Objects\Weapons\Guns\Battery\battery_guns.ftl	Practice version of a carbine that's been favoured by Nanotrasen Security for being cheap and easy to use.	Тренировочная версия карабина, который пользуется популярностью у службы безопасности «Нанотрасен» благодаря своей низкой стоимости и простоте в использовании.	DeepL refinement: terminology, proper names and grammatical context still need human review
ent-WeaponMechCombatGrenadeLauncher	Resources\Locale\en-US\_KS14\Localization\Prototypes\_KS14\Entities\Objects\Specific\Mech\Weapons\Gun\combat.ftl	Bardiche	Бардиш	DeepL refinement: terminology, proper names and grammatical context still need human review
ent-WeaponMechCombatGrenadeLauncher	Resources\Locale\en-US\_KS14\Localization\Prototypes\_KS14\Entities\Objects\Specific\Mech\Weapons\Gun\combat.ftl	A grenade launcher derived from the China Lake series.	Гранатомет, созданный на основе серии «China Lake».	DeepL refinement: terminology, proper names and grammatical context still need human review
ent-WeaponMechCombatGrenadeLauncher	Resources\Locale\en-US\_KS14\Localization\Prototypes\_KS14\Entities\Objects\Specific\Mech\Weapons\Gun\combat.ftl	Mech Weapon, Gun, Combat, Grenade launcher	Механическое оружие, пистолет, бой, гранатомет	DeepL refinement: terminology, proper names and grammatical context still need human review
ent-WeaponMechCombatLaser	Resources\Locale\en-US\_KS14\Localization\Prototypes\_KS14\Entities\Objects\Specific\Mech\Weapons\Gun\combat.ftl	Lance	Лэнс	DeepL refinement: terminology, proper names and grammatical context still need human review
ent-WeaponMechCombatLaser	Resources\Locale\en-US\_KS14\Localization\Prototypes\_KS14\Entities\Objects\Specific\Mech\Weapons\Gun\combat.ftl	Semi-automatic heavy pulsed laser. Preferred by Cybersun.	Полуавтоматический тяжёлый импульсный лазер. Предпочитается «Cybersun».	DeepL refinement: terminology, proper names and grammatical context still need human review
ent-WeaponMechCombatLaser	Resources\Locale\en-US\_KS14\Localization\Prototypes\_KS14\Entities\Objects\Specific\Mech\Weapons\Gun\combat.ftl	Mech Weapon, Gun, Combat, Laser	Механическое оружие, пушки, боевые действия, лазеры	DeepL refinement: terminology, proper names and grammatical context still need human review
ent-WeaponMechCombatMachineGun	Resources\Locale\en-US\_KS14\Localization\Prototypes\_KS14\Entities\Objects\Specific\Mech\Weapons\Gun\combat.ftl	Broadsword	Broadsword	DeepL refinement: terminology, proper names and grammatical context still need human review
ent-WeaponMechCombatMachineGun	Resources\Locale\en-US\_KS14\Localization\Prototypes\_KS14\Entities\Objects\Specific\Mech\Weapons\Gun\combat.ftl	Major Monterey finally found something that spits lead faster and longer than the L6.	Майор Монтерей наконец-то нашёл что-то, что стреляет свинцом быстрее и дольше, чем L6.	DeepL refinement: terminology, proper names and grammatical context still need human review
ent-WeaponMechCombatMachineGun	Resources\Locale\en-US\_KS14\Localization\Prototypes\_KS14\Entities\Objects\Specific\Mech\Weapons\Gun\combat.ftl	Mech Weapon, Gun, Combat, Machine gun	Механическое оружие, пистолет, бой, пулемёт	DeepL refinement: terminology, proper names and grammatical context still need human review
ent-WeaponMechCombatShotgun	Resources\Locale\en-US\_KS14\Localization\Prototypes\_KS14\Entities\Objects\Specific\Mech\Weapons\Gun\combat.ftl	Morningstar	Морнингстар	DeepL refinement: terminology, proper names and grammatical context still need human review
ent-WeaponMechCombatShotgun	Resources\Locale\en-US\_KS14\Localization\Prototypes\_KS14\Entities\Objects\Specific\Mech\Weapons\Gun\combat.ftl	A fully automatic 10-gauge shotgun that makes the hair on the back of your neck stand up.	Полностью автоматический дробовик 10-го калибра, от которого мурашки по коже.	DeepL refinement: terminology, proper names and grammatical context still need human review
ent-WeaponMechCombatShotgun	Resources\Locale\en-US\_KS14\Localization\Prototypes\_KS14\Entities\Objects\Specific\Mech\Weapons\Gun\combat.ftl	Mech Weapon, Gun, Combat, Shotgun	Механическое оружие, пистолет, бой, дробовик	DeepL refinement: terminology, proper names and grammatical context still need human review
ent-WeaponPistolMk1	Resources\Locale\en-US\_KS14\Localization\Prototypes\_KS14\Entities\Objects\Weapons\Guns\Pistols\mk1.ftl	mk 1	mk 1	DeepL refinement: terminology, proper names and grammatical context still need human review
ent-WeaponPistolMk1	Resources\Locale\en-US\_KS14\Localization\Prototypes\_KS14\Entities\Objects\Weapons\Guns\Pistols\mk1.ftl	The first prototype of the Mk58, the Mk1 is a rather outdated semi-automatic pistol with a simple recoil-operated action, lacking the major improvements in both accuracy and firing speed made by the later models. Its simple design makes it a favorite among more illicit manufacturers. Feeds from .35 pistol magazines.	Mk1 — первый прототип Mk58 — представляет собой довольно устаревший полуавтоматический пистолет с простым механизмом отдачи, лишенный основных усовершенствований, касающихся как точности, так и скорострельности, которые были внедрены в более поздних моделях. Благодаря своей простой конструкции он пользуется популярностью среди производителей нелегального оружия. Питание осуществляется из пистолетных магазинов калибра .35.	DeepL refinement: terminology, proper names and grammatical context still need human review
ent-WeaponPistolMk1Empty	Resources\Locale\en-US\_KS14\Localization\Prototypes\_KS14\Entities\Objects\Weapons\Guns\Pistols\mk1.ftl	mk 1	mk 1	DeepL refinement: terminology, proper names and grammatical context still need human review
ent-WeaponPistolMk1Empty	Resources\Locale\en-US\_KS14\Localization\Prototypes\_KS14\Entities\Objects\Weapons\Guns\Pistols\mk1.ftl	The first prototype of the Mk58, the Mk1 is a rather outdated semi-automatic pistol with a simple recoil-operated action, lacking the major improvements in both accuracy and firing speed made by the later models. Its simple design makes it a favorite among more illicit manufacturers. Feeds from .35 pistol magazines.	Mk1 — первый прототип Mk58 — представляет собой довольно устаревший полуавтоматический пистолет с простым механизмом отдачи, лишенный основных усовершенствований, касающихся как точности, так и скорострельности, которые были внедрены в более поздних моделях. Благодаря своей простой конструкции он пользуется популярностью среди производителей нелегального оружия. Питание осуществляется из пистолетных магазинов калибра .35.	DeepL refinement: terminology, proper names and grammatical context still need human review
ent-WeaponPistolMk1Empty	Resources\Locale\en-US\_KS14\Localization\Prototypes\_KS14\Entities\Objects\Weapons\Guns\Pistols\mk1.ftl	Empty	Пусто	DeepL refinement: terminology, proper names and grammatical context still need human review
ent-WeaponPlasmaCutter	Resources\Locale\en-US\_KS14\Localization\Prototypes\_KS14\Entities\Objects\Weapons\Guns\Material\plasmacutter.ftl	plasma cutter	плазменный резак	DeepL refinement: terminology, proper names and grammatical context still need human review
ent-WeaponPlasmaCutter	Resources\Locale\en-US\_KS14\Localization\Prototypes\_KS14\Entities\Objects\Weapons\Guns\Material\plasmacutter.ftl	A proficient mining tool.	Эффективный инструмент для добычи полезных ископаемых.	DeepL refinement: terminology, proper names and grammatical context still need human review
ent-WeaponRussianRevolver	Resources\Locale\en-US\_KS14\Localization\Prototypes\_KS14\Entities\Objects\Weapons\Guns\Revolvers\revolvers.ftl	Russian Revolver	Русский револьвер	DeepL refinement: terminology, proper names and grammatical context still need human review
ent-WeaponRussianRevolver	Resources\Locale\en-US\_KS14\Localization\Prototypes\_KS14\Entities\Objects\Weapons\Guns\Revolvers\revolvers.ftl	The latest in Nanotrasen’s recreational department, a normal revolver but with built guards around the cylinder to prevent seeing what slot bullets are in, has special sensors preventing it from shooting anyone who isn't cuffed or isn't the user, fun for the whole family!.	Новинка от отдела развлечений компании «Нанотразен» — обычный револьвер, но с встроенными защитными ограждениями вокруг барабана, которые не позволяют увидеть, в каких пазах находятся патроны. Он оснащён специальными датчиками, не позволяющими стрелять в тех, кто не надет наручники или не является владельцем оружия — развлечение для всей семьи!	DeepL refinement: terminology, proper names and grammatical context still need human review
ent-WeaponSyringeShotgun	Resources\Locale\en-US\_KS14\Localization\Prototypes\_KS14\Entities\Objects\Weapons\Guns\syringe.ftl	syringe shotgun	шприцевой дробовик	DeepL refinement: terminology, proper names and grammatical context still need human review
ent-WeaponSyringeShotgun	Resources\Locale\en-US\_KS14\Localization\Prototypes\_KS14\Entities\Objects\Weapons\Guns\syringe.ftl	Made from a syringe gun, this unwieldy crime against humanity lets you shoot up to 5 syringes at a time. Takes mini-syringes.	Это громоздкое орудие преступления против человечества, изготовленное из шприцевого пистолета, позволяет стрелять до 5 шприцев за раз. Работает с мини-шприцами.	DeepL refinement: terminology, proper names and grammatical context still need human review
ent-WeaponTurretSyndicateLaser	Resources\Locale\en-US\_KS14\Localization\Prototypes\_KS14\Entities\Objects\Weapons\Guns\Turrets\turrets_laser.ftl	laser turret	лазерная турель	DeepL refinement: terminology, proper names and grammatical context still need human review
ent-WeaponTurretSyndicateLaser	Resources\Locale\en-US\_KS14\Localization\Prototypes\_KS14\Entities\Objects\Weapons\Guns\Turrets\turrets_laser.ftl	A self-charging laser turret. Set it and forget it.	Лазерная турель с автозарядкой. Установил — и больше не нужно об этом думать.	DeepL refinement: terminology, proper names and grammatical context still need human review
ent-WeaponTurretSyndicateLaser	Resources\Locale\en-US\_KS14\Localization\Prototypes\_KS14\Entities\Objects\Weapons\Guns\Turrets\turrets_laser.ftl	Syndicate, Laser	Syndicate, Laser	DeepL refinement: terminology, proper names and grammatical context still need human review
ent-ZipionCanister	Resources\Locale\en-US\_KS14\Localization\Prototypes\_KS14\Entities\Structures\Storage\Canisters\gas_canisters.ftl	zipion canister	контейнер «zipion»	DeepL refinement: terminology, proper names and grammatical context still need human review
ent-ZipionCanister	Resources\Locale\en-US\_KS14\Localization\Prototypes\_KS14\Entities\Structures\Storage\Canisters\gas_canisters.ftl	A canister that can contain any type of gas. This one is supposed to contain zipion. It can be attached to connector ports using a wrench.	Канистра, в которую можно наполнить любой вид газа. В данном случае она предназначена для хранения зипиона. Её можно присоединить к разъёмам с помощью гаечного ключа.	DeepL refinement: terminology, proper names and grammatical context still need human review
ent-ZipionCanisterBroken	Resources\Locale\en-US\_KS14\Localization\Prototypes\_KS14\Entities\Structures\Storage\Canisters\gas_canisters.ftl	broken gas canister	сломанный газовый баллон	DeepL refinement: terminology, proper names and grammatical context still need human review
ent-ZipionCanisterBroken	Resources\Locale\en-US\_KS14\Localization\Prototypes\_KS14\Entities\Structures\Storage\Canisters\gas_canisters.ftl	A broken gas canister. Not useless yet, as it can be salvaged for high quality materials.	Сломанный газовый баллон. Пока ещё не бесполезен, так как из него можно добыть высококачественные материалы.	DeepL refinement: terminology, proper names and grammatical context still need human review
ent-mk1unfinishedhandle	Resources\Locale\en-US\_KS14\Localization\Prototypes\_KS14\Entities\Objects\Weapons\Guns\Pistols\mk1.ftl	partially finished mk 1	частично завершённая версия mk 1	DeepL refinement: terminology, proper names and grammatical context still need human review
ent-mk1unfinishedhandle	Resources\Locale\en-US\_KS14\Localization\Prototypes\_KS14\Entities\Objects\Weapons\Guns\Pistols\mk1.ftl	An almost-finished mk 1.	Почти готовая версия mk 1.	DeepL refinement: terminology, proper names and grammatical context still need human review
ent-mk1unfinishednohandle	Resources\Locale\en-US\_KS14\Localization\Prototypes\_KS14\Entities\Objects\Weapons\Guns\Pistols\mk1.ftl	unfinished mk 1	незавершённая версия mk 1	DeepL refinement: terminology, proper names and grammatical context still need human review
ent-mk1unfinishednohandle	Resources\Locale\en-US\_KS14\Localization\Prototypes\_KS14\Entities\Objects\Weapons\Guns\Pistols\mk1.ftl	An mk 1 that's still being constructed. The start of something beautiful.	Mk 1, который ещё находится в стадии строительства. Начало чего-то прекрасного.	DeepL refinement: terminology, proper names and grammatical context still need human review
entity-category-desc-ks-trail	Resources\Locale\en-US\_KS14\entity-categories.ftl	Visual trails left behind by something moving through them. Spawned by whatever is drawing them, never placed directly.	Визуальные следы, оставляемые объектами, движущимися по ним. Появляются под действием того, что их рисует, никогда не размещаются напрямую.	DeepL refinement: terminology, proper names and grammatical context still need human review
entity-category-name-chemical-fire	Resources\Locale\en-US\_KS14\entity-categories.ftl	Chemical Fires	Пожары, вызванные химическими веществами	DeepL refinement: terminology, proper names and grammatical context still need human review
entity-category-name-ks-trail	Resources\Locale\en-US\_KS14\entity-categories.ftl	Trails	Тропы	DeepL refinement: terminology, proper names and grammatical context still need human review
entity-category-name-npc-attack-pattern	Resources\Locale\en-US\_KS14\entity-categories.ftl	NPC attack pattern	Схемы атак NPC	DeepL refinement: terminology, proper names and grammatical context still need human review
entity-effect-guidebook-gib	Resources\Locale\en-US\_KS14\guidebook\chemistry\effects.ftl	Gibs	Gibs	DeepL refinement: terminology, proper names and grammatical context still need human review
entity-effect-guidebook-gib	Resources\Locale\en-US\_KS14\guidebook\chemistry\effects.ftl	gib	gib	DeepL refinement: terminology, proper names and grammatical context still need human review
entity-effect-guidebook-gib	Resources\Locale\en-US\_KS14\guidebook\chemistry\effects.ftl	 the mob	 толпа	DeepL refinement: terminology, proper names and grammatical context still need human review
entity-effect-guidebook-regenerateorgans-nomax	Resources\Locale\en-US\_KS14\guidebook\chemistry\effects.ftl	Regenerates all missing organs in the body at once	Мгновенно восстанавливает все утраченные органы в организме	DeepL refinement: terminology, proper names and grammatical context still need human review
entity-effect-guidebook-regenerateorgans-withmax	Resources\Locale\en-US\_KS14\guidebook\chemistry\effects.ftl	Regenerates up to 	Восстанавливается до 	DeepL refinement: terminology, proper names and grammatical context still need human review
entity-effect-guidebook-regenerateorgans-withmax	Resources\Locale\en-US\_KS14\guidebook\chemistry\effects.ftl	 missing 	 отсутствует 	DeepL refinement: terminology, proper names and grammatical context still need human review
entity-effect-guidebook-regenerateorgans-withmax	Resources\Locale\en-US\_KS14\guidebook\chemistry\effects.ftl	organ	орган	DeepL refinement: terminology, proper names and grammatical context still need human review
entity-effect-guidebook-regenerateorgans-withmax	Resources\Locale\en-US\_KS14\guidebook\chemistry\effects.ftl	organs	органы	DeepL refinement: terminology, proper names and grammatical context still need human review
entity-effect-guidebook-regenerateorgans-withmax	Resources\Locale\en-US\_KS14\guidebook\chemistry\effects.ftl	 in the body at once	 в тексте сразу	DeepL refinement: terminology, proper names and grammatical context still need human review
entity-effect-guidebook-stain-clean	Resources\Locale\en-US\_KS14\guidebook\chemistry\effects.ftl	Cleans touched entities of stains.	Удаляет пятна с очищаемых объектов.	DeepL refinement: terminology, proper names and grammatical context still need human review
execution-popup-gun-complete-external	Resources\Locale\en-US\_KS14\execution\execution.ftl	 blasts 	 взрывы 	DeepL refinement: terminology, proper names and grammatical context still need human review
execution-popup-gun-complete-external	Resources\Locale\en-US\_KS14\execution\execution.ftl	 in the head!	 в голову!	DeepL refinement: terminology, proper names and grammatical context still need human review
execution-popup-gun-complete-internal	Resources\Locale\en-US\_KS14\execution\execution.ftl	You blast 	Вы стреляете 	DeepL refinement: terminology, proper names and grammatical context still need human review
execution-popup-gun-complete-internal	Resources\Locale\en-US\_KS14\execution\execution.ftl	 in the head!	 в голову!	DeepL refinement: terminology, proper names and grammatical context still need human review
execution-popup-gun-empty	Resources\Locale\en-US\_KS14\execution\execution.ftl	 clicks.	 кликов.	DeepL refinement: terminology, proper names and grammatical context still need human review
execution-popup-gun-initial-external	Resources\Locale\en-US\_KS14\execution\execution.ftl	 readies the muzzle of 	 наводит ствол 	DeepL refinement: terminology, proper names and grammatical context still need human review
execution-popup-gun-initial-external	Resources\Locale\en-US\_KS14\execution\execution.ftl	 against 	 против 	DeepL refinement: terminology, proper names and grammatical context still need human review
execution-popup-gun-initial-external	Resources\Locale\en-US\_KS14\execution\execution.ftl	's head.	голова.	DeepL refinement: terminology, proper names and grammatical context still need human review
execution-popup-gun-initial-internal	Resources\Locale\en-US\_KS14\execution\execution.ftl	You ready the muzzle of 	Вы готовите ствол 	DeepL refinement: terminology, proper names and grammatical context still need human review
execution-popup-gun-initial-internal	Resources\Locale\en-US\_KS14\execution\execution.ftl	 against 	 против 	DeepL refinement: terminology, proper names and grammatical context still need human review
execution-popup-gun-initial-internal	Resources\Locale\en-US\_KS14\execution\execution.ftl	's head.	голова.	DeepL refinement: terminology, proper names and grammatical context still need human review
execution-popup-gun-weak-ammo	Resources\Locale\en-US\_KS14\execution\execution.ftl	You can't execute with this ammunition!	С этими патронами стрелять нельзя!	DeepL refinement: terminology, proper names and grammatical context still need human review
executor-menu-data	Resources\Locale\en-US\_KS14\packets\executor.ftl	Executor active.\n\nMax statement:\n- 	«Исполнитель» активен.\n\nЗаявление Макса:\n- 	DeepL refinement: terminology, proper names and grammatical context still need human review
executor-menu-data	Resources\Locale\en-US\_KS14\packets\executor.ftl	 per execution.\n\nMemory capacity:\n- 	 за каждый запуск.\n\nОбъём памяти:\n- 	DeepL refinement: terminology, proper names and grammatical context still need human review
executor-menu-data	Resources\Locale\en-US\_KS14\packets\executor.ftl	 bytes.	 байт.	DeepL refinement: terminology, proper names and grammatical context still need human review
executor-menu-title	Resources\Locale\en-US\_KS14\packets\executor.ftl	Packet Executor	Packet Executor	DeepL refinement: terminology, proper names and grammatical context still need human review
fentanyl-effect-breathingrazors	Resources\Locale\en-US\_Goobstation\reagents\fentanyl.ftl	You feel a sharp pain in your lungs	Вы чувствуете острую боль в лёгких	DeepL refinement: terminology, proper names and grammatical context still need human review
fentanyl-effect-fakepresence	Resources\Locale\en-US\_Goobstation\reagents\fentanyl.ftl	You feel someone looking over your shoulder	Вы чувствуете, что кто-то смотрит вам через плечо	DeepL refinement: terminology, proper names and grammatical context still need human review
fentanyl-effect-giddy	Resources\Locale\en-US\_Goobstation\reagents\fentanyl.ftl	You almost start laughing	Чуть ли не рассмеешься	DeepL refinement: terminology, proper names and grammatical context still need human review
fentanyl-effect-lostsomething	Resources\Locale\en-US\_Goobstation\reagents\fentanyl.ftl	Where is it?	Где это?	DeepL refinement: terminology, proper names and grammatical context still need human review
fentanyl-effect-lungstight	Resources\Locale\en-US\_Goobstation\reagents\fentanyl.ftl	Your lungs refuse to inhale	Ваши легкие отказываются вдыхать воздух	DeepL refinement: terminology, proper names and grammatical context still need human review
fentanyl-effect-observed	Resources\Locale\en-US\_Goobstation\reagents\fentanyl.ftl	They're all staring right at you	Они все пристально смотрят прямо на тебя	DeepL refinement: terminology, proper names and grammatical context still need human review
fentanyl-effect-rushing	Resources\Locale\en-US\_Goobstation\reagents\fentanyl.ftl	Everything is moving so fast...	Всё происходит так быстро...	DeepL refinement: terminology, proper names and grammatical context still need human review
fentanyl-effect-skincrawl	Resources\Locale\en-US\_Goobstation\reagents\fentanyl.ftl	Your skin feels like it's crawling	По коже бегут мурашки	DeepL refinement: terminology, proper names and grammatical context still need human review
fentanyl-effect-skinworms	Resources\Locale\en-US\_Goobstation\reagents\fentanyl.ftl	They're under my skin, they're crawling through my bones!	Они проникли под кожу, они ползут по моим костям!	DeepL refinement: terminology, proper names and grammatical context still need human review
flavor-complex-fentanyl	Resources\Locale\en-US\_Goobstation\flavors\flavor-profiles.ftl	burning tar	горящий деготь	DeepL refinement: terminology, proper names and grammatical context still need human review
fpv-drone-payload-dropped	Resources\Locale\en-US\_KS14\fpv-drone\fpv-drone.ftl	The 	Игра 	DeepL refinement: terminology, proper names and grammatical context still need human review
fpv-drone-payload-dropped	Resources\Locale\en-US\_KS14\fpv-drone\fpv-drone.ftl	 drops something out of its storage!	 выбрасывает что-то из своего хранилища!	DeepL refinement: terminology, proper names and grammatical context still need human review
gas-canister-shielding-popup-emag-malfunction	Resources\Locale\en-US\_KS14\gas-canister\gas-canister-shielding.ftl	The shielding makes a horrifying screeching noise..	Щит издаёт ужасающий визг...	DeepL refinement: terminology, proper names and grammatical context still need human review
gas-canister-shielding-popup-fail	Resources\Locale\en-US\_KS14\gas-canister\gas-canister-shielding.ftl	The shielding buckles and gives way!	Защитный щит сгибается и прорывается!	DeepL refinement: terminology, proper names and grammatical context still need human review
gas-canister-shielding-popup-falter	Resources\Locale\en-US\_KS14\gas-canister\gas-canister-shielding.ftl	The shielding falters under load…	Защитное поле не выдерживает нагрузки…	DeepL refinement: terminology, proper names and grammatical context still need human review
gas-canister-shielding-ui-header	Resources\Locale\en-US\_KS14\gas-canister\gas-canister-shielding.ftl	Shielding	Защита	DeepL refinement: terminology, proper names and grammatical context still need human review
gas-canister-shielding-ui-wattage	Resources\Locale\en-US\_KS14\gas-canister\gas-canister-shielding.ftl	LOAD: 	ЗАГРУЗИТЬ: 	DeepL refinement: terminology, proper names and grammatical context still need human review
gas-canister-shielding-ui-wattage	Resources\Locale\en-US\_KS14\gas-canister\gas-canister-shielding.ftl	W	W	DeepL refinement: terminology, proper names and grammatical context still need human review
gas-encalite-abbreviation	Resources\Locale\en-US\_KS14\atmos\gases.ftl	Ec	Ec	DeepL refinement: terminology, proper names and grammatical context still need human review
gas-evaporin-abbreviation	Resources\Locale\en-US\_KS14\atmos\evaporin.ftl	Ev	Ev	DeepL refinement: terminology, proper names and grammatical context still need human review
gas-grenade-compressor-window-grenade-inserted-text	Resources\Locale\en-US\_KS14\atmos\gas-grenade-compressor.ftl	Inserted	Вставлено	DeepL refinement: terminology, proper names and grammatical context still need human review
gas-grenade-compressor-window-grenade-pressure-label	Resources\Locale\en-US\_KS14\atmos\gas-grenade-compressor.ftl	Pressure:	Давление:	DeepL refinement: terminology, proper names and grammatical context still need human review
gas-grenade-compressor-window-grenade-status-label	Resources\Locale\en-US\_KS14\atmos\gas-grenade-compressor.ftl	Grenade:	Гранаты:	DeepL refinement: terminology, proper names and grammatical context still need human review
gas-grenade-compressor-window-no-grenade-text	Resources\Locale\en-US\_KS14\atmos\gas-grenade-compressor.ftl	None	Нет	DeepL refinement: terminology, proper names and grammatical context still need human review
gas-grenade-compressor-window-rearm-button	Resources\Locale\en-US\_KS14\atmos\gas-grenade-compressor.ftl	Re-arm (1000cm³ Steel)	Перевооружение (1000 см³ стали)	DeepL refinement: terminology, proper names and grammatical context still need human review
gas-grenade-compressor-window-status-label	Resources\Locale\en-US\_KS14\atmos\gas-grenade-compressor.ftl	Status:	Статус:	DeepL refinement: terminology, proper names and grammatical context still need human review
gas-grenade-compressor-window-steel-label	Resources\Locale\en-US\_KS14\atmos\gas-grenade-compressor.ftl	Steel (cm³): 	Сталь (см³): 	DeepL refinement: terminology, proper names and grammatical context still need human review
gas-grenade-compressor-window-target-pressure-label	Resources\Locale\en-US\_KS14\atmos\gas-grenade-compressor.ftl	Target Pressure (kPa):	Целевое давление (кПа):	DeepL refinement: terminology, proper names and grammatical context still need human review
gas-grenade-compressor-window-title	Resources\Locale\en-US\_KS14\atmos\gas-grenade-compressor.ftl	Air Grenade Compressor	Компрессор воздушных гранат	DeepL refinement: terminology, proper names and grammatical context still need human review
gas-grenade-compressor-window-toggle-button-off	Resources\Locale\en-US\_KS14\atmos\gas-grenade-compressor.ftl	Off	Выключено	DeepL refinement: terminology, proper names and grammatical context still need human review
gas-grenade-compressor-window-toggle-button-on	Resources\Locale\en-US\_KS14\atmos\gas-grenade-compressor.ftl	On	На	DeepL refinement: terminology, proper names and grammatical context still need human review
gas-piston-popup-obstructed	Resources\Locale\en-US\_KS14\gas-piston\gas-piston.ftl	The piston creaks loudly as it tries to extend!	Поршень громко скрипит, пытаясь выдвинуться!	DeepL refinement: terminology, proper names and grammatical context still need human review
gas-piston-popup-retractfirst	Resources\Locale\en-US\_KS14\gas-piston\gas-piston.ftl	The piston must be retracted first!	Сначала необходимо втянуть поршень!	DeepL refinement: terminology, proper names and grammatical context still need human review
gas-zipion-abbreviation	Resources\Locale\en-US\_KS14\atmos\gases.ftl	Zi	Zi	DeepL refinement: terminology, proper names and grammatical context still need human review
gases-encalite	Resources\Locale\en-US\_KS14\gases\gases.ftl	Encalite	Энкалит	DeepL refinement: terminology, proper names and grammatical context still need human review
gases-evaporin	Resources\Locale\en-US\_KS14\atmos\evaporin.ftl	Evaporin	Evaporin	DeepL refinement: terminology, proper names and grammatical context still need human review
gases-zipion	Resources\Locale\en-US\_KS14\gases\gases.ftl	Zipion	Zipion	DeepL refinement: terminology, proper names and grammatical context still need human review
ghost-gui-respawn-button-disabled	Resources\Locale\en-US\_KS14\ghost\ghost-gui.ftl	Respawn	Возрождение	DeepL refinement: terminology, proper names and grammatical context still need human review
ghost-gui-respawn-button-now	Resources\Locale\en-US\_KS14\ghost\ghost-gui.ftl	Respawn now	Возрождение сейчас	DeepL refinement: terminology, proper names and grammatical context still need human review
ghost-gui-respawn-button-wait	Resources\Locale\en-US\_KS14\ghost\ghost-gui.ftl	Respawn (	Возрождение (	DeepL refinement: terminology, proper names and grammatical context still need human review
ghost-gui-respawn-button-wait	Resources\Locale\en-US\_KS14\ghost\ghost-gui.ftl	s)	s)	DeepL refinement: terminology, proper names and grammatical context still need human review
ghost-role-information-lone-ert-description	Resources\Locale\en-US\_KS14\ghost\roles\ghost-role-component.ftl	A highly-trained operative sent by Central Command to assist the station in a time of crisis.	Высококвалифицированный оперативник, направленный Центральным командованием для оказания помощи станции в кризисной ситуации.	DeepL refinement: terminology, proper names and grammatical context still need human review
ghost-role-information-lone-ert-name	Resources\Locale\en-US\_KS14\ghost\roles\ghost-role-component.ftl	Lone ERT Operative	Одиночный оперативник ERT	DeepL refinement: terminology, proper names and grammatical context still need human review
ghost-role-information-lone-ert-rules	Resources\Locale\en-US\_KS14\ghost\roles\ghost-role-component.ftl	- You are allied with the station and NanoTrasen. Your goal is to assist the crew.\n- Follow the Chain of Command. You are a specialist, but you are not in charge unless the situation dictates.\n- Protect station assets and personnel.	- Вы являетесь союзником станции и компании NanoTrasen. Ваша цель — помогать экипажу.\n- Соблюдайте субординацию. Вы — специалист, но не являетесь руководителем, если только этого не требует ситуация.\n- Защищайте имущество и персонал станции.	DeepL refinement: terminology, proper names and grammatical context still need human review
ghost-role-information-minebot-description	Resources\Locale\en-US\_EinsteinEngines\ghost\roles\ghost-role-component.ftl	Assist the miners with their work.	Помогайте шахтерам в их работе.	DeepL refinement: terminology, proper names and grammatical context still need human review
ghost-role-information-minebot-name	Resources\Locale\en-US\_EinsteinEngines\ghost\roles\ghost-role-component.ftl	Minebot	Minebot	DeepL refinement: terminology, proper names and grammatical context still need human review
guide-entry-anchorless	Resources\Locale\en-US\_KS14\guidebook\guides.ftl	Anchorless	Безъякорные	Manually reviewed: consistent Russian terminology
guide-entry-arcflash	Resources\Locale\en-US\_KS14\guidebook\guides.ftl	Arc Flash	Электрическая дуга	DeepL refinement: terminology, proper names and grammatical context still need human review
guide-entry-datalink	Resources\Locale\en-US\_KS14\guidebook\guides.ftl	Datalink	Datalink	DeepL refinement: terminology, proper names and grammatical context still need human review
guide-entry-nuclear-reactor	Resources\Locale\en-US\_FarHorizons\guidebook\guides.ftl	Nuclear Reactor	Ядерный реактор	DeepL refinement: terminology, proper names and grammatical context still need human review
guide-entry-plumbing	Resources\Locale\en-US\_Starlight\guidebook\guides.ftl	Plumbing	Сантехника	DeepL refinement: terminology, proper names and grammatical context still need human review
guide-entry-plumbingflow	Resources\Locale\en-US\_Starlight\guidebook\guides.ftl	Reagent Flow	Поток реагентов	DeepL refinement: terminology, proper names and grammatical context still need human review
guide-entry-plumbingmachines	Resources\Locale\en-US\_Starlight\guidebook\guides.ftl	Plumbing Machines	Сантехнические машины	DeepL refinement: terminology, proper names and grammatical context still need human review
guide-entry-sensor-arrays	Resources\Locale\en-US\_KS14\guidebook\guides.ftl	Sensor Arrays	Массивы датчиков	DeepL refinement: terminology, proper names and grammatical context still need human review
guide-entry-sensors	Resources\Locale\en-US\_KS14\guidebook\guides.ftl	Sensors	Датчики	DeepL refinement: terminology, proper names and grammatical context still need human review
guide-entry-shuttle-console	Resources\Locale\en-US\_KS14\guidebook\guides.ftl	Shuttle Console	Консоль шаттла	DeepL refinement: terminology, proper names and grammatical context still need human review
guide-entry-surgery	Resources\Locale\en-US\_KS14\guidebook\guides.ftl	Surgery	Хирургия	DeepL refinement: terminology, proper names and grammatical context still need human review
gun-dodger-dodge-popup	Resources\Locale\en-US\_KS14\gundodger\gundodger.ftl	 dodges!	 Уклонения!	DeepL refinement: terminology, proper names and grammatical context still need human review
gun-fired-empty-entity	Resources\Locale\en-US\_Manifest\weapons\ranged\gun.ftl	*click* *click*	*щелчок* *щелчок*	DeepL refinement: terminology, proper names and grammatical context still need human review
humanoid-profile-editor-tts-voice-label	Resources\Locale\en-US\_KS14\lobby\tts-voice.ftl	Voice:	Озвучка:	DeepL refinement: terminology, proper names and grammatical context still need human review
humanoid-profile-editor-tts-voice-preview-available	Resources\Locale\en-US\_KS14\lobby\tts-voice.ftl	Hear this voice say a sample line.	Послушайте, как этот голос произносит примерную фразу.	DeepL refinement: terminology, proper names and grammatical context still need human review
humanoid-profile-editor-tts-voice-preview-baking	Resources\Locale\en-US\_KS14\lobby\tts-voice.ftl	The server is still preparing voice previews.	Сервер пока готовит голосовые анонсы.	DeepL refinement: terminology, proper names and grammatical context still need human review
humanoid-profile-editor-tts-voice-preview-broken	Resources\Locale\en-US\_KS14\lobby\tts-voice.ftl	This voice's preview couldn't be loaded.	Не удалось загрузить фрагмент озвучки.	DeepL refinement: terminology, proper names and grammatical context still need human review
humanoid-profile-editor-tts-voice-preview-button	Resources\Locale\en-US\_KS14\lobby\tts-voice.ftl	Preview	Предварительный просмотр	DeepL refinement: terminology, proper names and grammatical context still need human review
humanoid-profile-editor-tts-voice-preview-decoding	Resources\Locale\en-US\_KS14\lobby\tts-voice.ftl	Loading this preview...	Загрузка этого превью...	DeepL refinement: terminology, proper names and grammatical context still need human review
humanoid-profile-editor-tts-voice-preview-failed	Resources\Locale\en-US\_KS14\lobby\tts-voice.ftl	The server couldn't reach its text-to-speech service. It will try again shortly.	Сервер не смог подключиться к службе преобразования текста в речь. Попытка будет повторена в ближайшее время.	DeepL refinement: terminology, proper names and grammatical context still need human review
humanoid-profile-editor-tts-voice-preview-missing	Resources\Locale\en-US\_KS14\lobby\tts-voice.ftl	This voice has no preview.	Для этого голоса нет предварительного прослушивания.	DeepL refinement: terminology, proper names and grammatical context still need human review
humanoid-profile-editor-tts-voice-preview-no-voice	Resources\Locale\en-US\_KS14\lobby\tts-voice.ftl	Pick a voice to hear it. With Random, your character gets a different voice each round.	Выберите голос, чтобы его услышать. В режиме «Случайный» ваш персонаж получает новый голос в каждом раунде.	DeepL refinement: terminology, proper names and grammatical context still need human review
humanoid-profile-editor-tts-voice-preview-tts-disabled	Resources\Locale\en-US\_KS14\lobby\tts-voice.ftl	Text-to-speech is off on this server, so voices aren't heard in game.	На этом сервере функция преобразования текста в речь отключена, поэтому голоса в игре не слышны.	DeepL refinement: terminology, proper names and grammatical context still need human review
humanoid-profile-editor-tts-voice-random	Resources\Locale\en-US\_KS14\lobby\tts-voice.ftl	Random	Случайный	DeepL refinement: terminology, proper names and grammatical context still need human review
id-card-access-level-bluelab	Resources\Locale\en-US\_KS14\speczone-specific\bluelab.ftl	Unknown laboratory	Неизвестная лаборатория	DeepL refinement: terminology, proper names and grammatical context still need human review
ingestion-verb-chug	Resources\Locale\en-US\_KS14\nutrition\components\ingestion-system.ftl	Chug	Chug	DeepL refinement: terminology, proper names and grammatical context still need human review
iv-drip-window-amount	Resources\Locale\en-US\_KS14\Medical\iv_drip.ftl	Amount: 	Количество: 	DeepL refinement: terminology, proper names and grammatical context still need human review
iv-drip-window-amount	Resources\Locale\en-US\_KS14\Medical\iv_drip.ftl	 u	 u	DeepL refinement: terminology, proper names and grammatical context still need human review
iv-drip-window-contents	Resources\Locale\en-US\_KS14\Medical\iv_drip.ftl	Contents: 	Содержание: 	DeepL refinement: terminology, proper names and grammatical context still need human review
iv-drip-window-contents	Resources\Locale\en-US\_KS14\Medical\iv_drip.ftl	 u	 u	DeepL refinement: terminology, proper names and grammatical context still need human review
iv-drip-window-enabled-label	Resources\Locale\en-US\_KS14\Medical\iv_drip.ftl	Enabled	Включено	DeepL refinement: terminology, proper names and grammatical context still need human review
iv-drip-window-injection-label	Resources\Locale\en-US\_KS14\Medical\iv_drip.ftl	Injection	Ввод	DeepL refinement: terminology, proper names and grammatical context still need human review
iv-drip-window-rate	Resources\Locale\en-US\_KS14\Medical\iv_drip.ftl	Rate: 	Оценка: 	DeepL refinement: terminology, proper names and grammatical context still need human review
iv-drip-window-rate	Resources\Locale\en-US\_KS14\Medical\iv_drip.ftl	 s	 s	DeepL refinement: terminology, proper names and grammatical context still need human review
iv-drip-window-title	Resources\Locale\en-US\_KS14\Medical\iv_drip.ftl	IV drip	Капельница	DeepL refinement: terminology, proper names and grammatical context still need human review
job-description-scenario-nt	Resources\Locale\en-US\_KS14\job\job-description.ftl	Fight the Syndicate, come what may.	Сражайтесь с Синдикатом, что бы ни случилось.	DeepL refinement: terminology, proper names and grammatical context still need human review
job-description-scenario-scav	Resources\Locale\en-US\_KS14\job\job-description.ftl	Loot and kill, the only thing you're looking for is some way to profit out of this.	Грабьте и убивайте — единственное, что вас интересует, — это как извлечь из этого выгоду.	DeepL refinement: terminology, proper names and grammatical context still need human review
job-description-scenario-syndie	Resources\Locale\en-US\_KS14\job\job-description.ftl	Fight Nanotrasen, come what may.	Сражайтесь с «Нанотразеном», что бы ни случилось.	DeepL refinement: terminology, proper names and grammatical context still need human review
job-name-bluelab	Resources\Locale\en-US\_KS14\speczone-specific\bluelab.ftl	SS-X04 Researcher	SS-X04 Исследователь	DeepL refinement: terminology, proper names and grammatical context still need human review
job-name-scenario-nt	Resources\Locale\en-US\_KS14\job\job-names.ftl	Nanotrasen Agent	Агент «Нанотразен»	DeepL refinement: terminology, proper names and grammatical context still need human review
job-name-scenario-scav	Resources\Locale\en-US\_KS14\job\job-names.ftl	Scavenger	Скавенджер	DeepL refinement: terminology, proper names and grammatical context still need human review
job-name-scenario-syndie	Resources\Locale\en-US\_KS14\job\job-names.ftl	Syndicate Agent	Агент синдиката	DeepL refinement: terminology, proper names and grammatical context still need human review
ks-anomaly-scanner-atmosphere-none	Resources\Locale\en-US\_KS14\anomaly\anomaly.ftl	Current State: [color=gray]No significant atmospheric influence[/color]	Текущее состояние: [color=gray]. Значительного влияния атмосферы нет.[/color]	DeepL refinement: terminology, proper names and grammatical context still need human review
ks-anomaly-scanner-atmosphere-primary	Resources\Locale\en-US\_KS14\anomaly\anomaly.ftl	Primary Catalyst: [color=white]	Основной катализатор: [color=white]	DeepL refinement: terminology, proper names and grammatical context still need human review
ks-anomaly-scanner-atmosphere-primary	Resources\Locale\en-US\_KS14\anomaly\anomaly.ftl	[/color] [color=gray](	[/color] [color=gray](	DeepL refinement: terminology, proper names and grammatical context still need human review
ks-anomaly-scanner-atmosphere-primary	Resources\Locale\en-US\_KS14\anomaly\anomaly.ftl	%)[/color]	%)[/color]	DeepL refinement: terminology, proper names and grammatical context still need human review
ks-anomaly-scanner-atmosphere-secondary	Resources\Locale\en-US\_KS14\anomaly\anomaly.ftl	Secondary Catalyst: [color=white]	Secondary Catalyst: [color=white]	DeepL refinement: terminology, proper names and grammatical context still need human review
ks-anomaly-scanner-atmosphere-secondary	Resources\Locale\en-US\_KS14\anomaly\anomaly.ftl	[/color] [color=gray](	[/color] [color=gray](	DeepL refinement: terminology, proper names and grammatical context still need human review
ks-anomaly-scanner-atmosphere-secondary	Resources\Locale\en-US\_KS14\anomaly\anomaly.ftl	%)[/color]	%)[/color]	DeepL refinement: terminology, proper names and grammatical context still need human review
ks-anomaly-scanner-atmosphere-title	Resources\Locale\en-US\_KS14\anomaly\anomaly.ftl	Atmospheric Influence Analysis:	Анализ влияния атмосферы:	DeepL refinement: terminology, proper names and grammatical context still need human review
ks-anomaly-scanner-health	Resources\Locale\en-US\_KS14\anomaly\anomaly.ftl	Current health: [color=gray]	Текущее состояние: [color=gray]	DeepL refinement: terminology, proper names and grammatical context still need human review
ks-anomaly-scanner-health	Resources\Locale\en-US\_KS14\anomaly\anomaly.ftl	%[/color]	%[/color]	DeepL refinement: terminology, proper names and grammatical context still need human review
ks-body-component-dismembered	Resources\Locale\en-US\_KS14\body\dismemberment.ftl	[color=#EB4034]	[color=#EB4034]	DeepL refinement: terminology, proper names and grammatical context still need human review
ks-body-component-dismembered	Resources\Locale\en-US\_KS14\body\dismemberment.ftl	 missing![/color]	 Отсутствует![/color]	DeepL refinement: terminology, proper names and grammatical context still need human review
ks-body-component-dismemberedcategory-ArmLeft	Resources\Locale\en-US\_KS14\body\dismemberment.ftl	left arm is	левая рука — это	DeepL refinement: terminology, proper names and grammatical context still need human review
ks-body-component-dismemberedcategory-ArmRight	Resources\Locale\en-US\_KS14\body\dismemberment.ftl	right arm is	правая рука — это	DeepL refinement: terminology, proper names and grammatical context still need human review
ks-body-component-dismemberedcategory-Ears	Resources\Locale\en-US\_KS14\body\dismemberment.ftl	ears are	уши — это	DeepL refinement: terminology, proper names and grammatical context still need human review
ks-body-component-dismemberedcategory-Eyes	Resources\Locale\en-US\_KS14\body\dismemberment.ftl	eyes are	глаза — это	DeepL refinement: terminology, proper names and grammatical context still need human review
ks-body-component-dismemberedcategory-FootLeft	Resources\Locale\en-US\_KS14\body\dismemberment.ftl	left foot is	левая нога — это	DeepL refinement: terminology, proper names and grammatical context still need human review
ks-body-component-dismemberedcategory-FootRight	Resources\Locale\en-US\_KS14\body\dismemberment.ftl	right foot is	правая нога — это	DeepL refinement: terminology, proper names and grammatical context still need human review
ks-body-component-dismemberedcategory-HandLeft	Resources\Locale\en-US\_KS14\body\dismemberment.ftl	left hand is	левая рука — это	DeepL refinement: terminology, proper names and grammatical context still need human review
ks-body-component-dismemberedcategory-HandRight	Resources\Locale\en-US\_KS14\body\dismemberment.ftl	right hand is	правая рука — это	DeepL refinement: terminology, proper names and grammatical context still need human review
ks-body-component-dismemberedcategory-Head	Resources\Locale\en-US\_KS14\body\dismemberment.ftl	head is	глава — это	DeepL refinement: terminology, proper names and grammatical context still need human review
ks-body-component-dismemberedcategory-LegLeft	Resources\Locale\en-US\_KS14\body\dismemberment.ftl	left leg is	левая нога — это	DeepL refinement: terminology, proper names and grammatical context still need human review
ks-body-component-dismemberedcategory-LegRight	Resources\Locale\en-US\_KS14\body\dismemberment.ftl	right leg is	правая нога — это	DeepL refinement: terminology, proper names and grammatical context still need human review
ks-body-component-dismemberedcategory-Torso	Resources\Locale\en-US\_KS14\body\dismemberment.ftl	torso is somehow	туловище как-то	DeepL refinement: terminology, proper names and grammatical context still need human review
ks-body-component-limbs-fine	Resources\Locale\en-US\_KS14\body\dismemberment.ftl	No body-parts are visibly missing.	Никаких видимых отсутствующих частей тела.	DeepL refinement: terminology, proper names and grammatical context still need human review
ks-canister-maxpressure-popup-1	Resources\Locale\en-US\_KS14\max-pressure\canister.ftl	 makes a hissing sound!	 Издаёт шипящий звук!	DeepL refinement: terminology, proper names and grammatical context still need human review
ks-canister-maxpressure-popup-2	Resources\Locale\en-US\_KS14\max-pressure\canister.ftl	 hisses loudly!	 Громко шипит!	DeepL refinement: terminology, proper names and grammatical context still need human review
ks-canister-maxpressure-popup-3	Resources\Locale\en-US\_KS14\max-pressure\canister.ftl	 bulges!	 выпуклости!	DeepL refinement: terminology, proper names and grammatical context still need human review
ks-canister-maxpressure-popup-4	Resources\Locale\en-US\_KS14\max-pressure\canister.ftl	 cracks! You should consider getting away!	 Внимание! Лучше убираться отсюда!	DeepL refinement: terminology, proper names and grammatical context still need human review
ks-comms-console-announcement-title-field-commander	Resources\Locale\en-US\_KS14\communications\field-commander.ftl	Syndicate Field Commander	Полевой командир «Синдиката»	DeepL refinement: terminology, proper names and grammatical context still need human review
ks-datalink-examine-frequency	Resources\Locale\en-US\_KS14\sensors.ftl	It's tuned to frequency 	Она настроена на частоту 	DeepL refinement: terminology, proper names and grammatical context still need human review
ks-datalink-receiver-ui-title	Resources\Locale\en-US\_KS14\sensors.ftl	Datalink Receiver	Приемник данных	DeepL refinement: terminology, proper names and grammatical context still need human review
ks-datalink-transmitter-ui-title	Resources\Locale\en-US\_KS14\sensors.ftl	Datalink Transmitter	Передатчик Datalink	DeepL refinement: terminology, proper names and grammatical context still need human review
ks-datalink-ui-frequency-all	Resources\Locale\en-US\_KS14\sensors.ftl	ALL CHANNELS	ВСЕ КАНАЛЫ	DeepL refinement: terminology, proper names and grammatical context still need human review
ks-datalink-ui-frequency-label	Resources\Locale\en-US\_KS14\sensors.ftl	Frequency	Частота	DeepL refinement: terminology, proper names and grammatical context still need human review
ks-datalink-ui-heard-label	Resources\Locale\en-US\_KS14\sensors.ftl	Links heard	Ссылки, о которых говорилось	DeepL refinement: terminology, proper names and grammatical context still need human review
ks-datalink-ui-power-label	Resources\Locale\en-US\_KS14\sensors.ftl	Transmit power	Мощность передачи	DeepL refinement: terminology, proper names and grammatical context still need human review
ks-datalink-ui-range-label	Resources\Locale\en-US\_KS14\sensors.ftl	Effective range	Эффективная дальность	DeepL refinement: terminology, proper names and grammatical context still need human review
ks-datalink-ui-range-unlimited	Resources\Locale\en-US\_KS14\sensors.ftl	SECTOR-WIDE	В МЕСТАХ СЕКТОРА	DeepL refinement: terminology, proper names and grammatical context still need human review
ks-datalink-ui-range-value	Resources\Locale\en-US\_KS14\sensors.ftl	 m	 m	DeepL refinement: terminology, proper names and grammatical context still need human review
ks-datalink-ui-status-label	Resources\Locale\en-US\_KS14\sensors.ftl	Status	Статус	DeepL refinement: terminology, proper names and grammatical context still need human review
ks-datalink-ui-status-listening	Resources\Locale\en-US\_KS14\sensors.ftl	LISTENING	АУДИО	DeepL refinement: terminology, proper names and grammatical context still need human review
ks-datalink-ui-status-off	Resources\Locale\en-US\_KS14\sensors.ftl	OFF	ВЫКЛ.	DeepL refinement: terminology, proper names and grammatical context still need human review
ks-datalink-ui-status-silent	Resources\Locale\en-US\_KS14\sensors.ftl	SILENT (0%)	SILENT (0%)	DeepL refinement: terminology, proper names and grammatical context still need human review
ks-datalink-ui-status-transmitting	Resources\Locale\en-US\_KS14\sensors.ftl	TRANSMITTING	ПЕРЕДАЧА	DeepL refinement: terminology, proper names and grammatical context still need human review
ks-datalink-ui-status-unpowered	Resources\Locale\en-US\_KS14\sensors.ftl	NO POWER	ОТСУТСТВИЕ ПИТАНИЯ	DeepL refinement: terminology, proper names and grammatical context still need human review
ks-datalink-ui-toggle-button	Resources\Locale\en-US\_KS14\sensors.ftl	Toggle	Переключить	DeepL refinement: terminology, proper names and grammatical context still need human review
ks-dock-panel-plot	Resources\Locale\en-US\_KS14\sensors.ftl	DOCKING VIEW	ВИД С СТЫКОВКИ	DeepL refinement: terminology, proper names and grammatical context still need human review
ks-dock-panel-ports	Resources\Locale\en-US\_KS14\sensors.ftl	DOCKING PORTS	СТЫКОВОЧНЫЕ ПОРТЫ	DeepL refinement: terminology, proper names and grammatical context still need human review
ks-dock-ports-empty	Resources\Locale\en-US\_KS14\sensors.ftl	NO DOCKING PORTS	НЕТ СТЫКОВОЧНЫХ ПОРТОВ	DeepL refinement: terminology, proper names and grammatical context still need human review
ks-elint-class-jammer	Resources\Locale\en-US\_KS14\sensors.ftl	JAMMER	ПЕРЕХВАТЧИК	DeepL refinement: terminology, proper names and grammatical context still need human review
ks-elint-class-radar	Resources\Locale\en-US\_KS14\sensors.ftl	RADAR	РАДАР	DeepL refinement: terminology, proper names and grammatical context still need human review
ks-elint-class-unknown	Resources\Locale\en-US\_KS14\sensors.ftl	EMITTER	ЭМИТТЕР	DeepL refinement: terminology, proper names and grammatical context still need human review
ks-elint-clear-focus-button	Resources\Locale\en-US\_KS14\sensors.ftl	CEASE	ПРЕКРАТИТЬ	DeepL refinement: terminology, proper names and grammatical context still need human review
ks-elint-field-analysis	Resources\Locale\en-US\_KS14\sensors.ftl	ANALYSIS	АНАЛИЗ	DeepL refinement: terminology, proper names and grammatical context still need human review
ks-elint-field-band	Resources\Locale\en-US\_KS14\sensors.ftl	BAND	BAND	DeepL refinement: terminology, proper names and grammatical context still need human review
ks-elint-field-classification	Resources\Locale\en-US\_KS14\sensors.ftl	CLASS	КЛАСС	DeepL refinement: terminology, proper names and grammatical context still need human review
ks-elint-field-designation	Resources\Locale\en-US\_KS14\sensors.ftl	DESIG	ДИЗАЙН	DeepL refinement: terminology, proper names and grammatical context still need human review
ks-elint-field-last-seen	Resources\Locale\en-US\_KS14\sensors.ftl	LAST	ПОСЛЕДНЕЕ	DeepL refinement: terminology, proper names and grammatical context still need human review
ks-elint-field-last-seen-now	Resources\Locale\en-US\_KS14\sensors.ftl	NOW	СЕЙЧАС	DeepL refinement: terminology, proper names and grammatical context still need human review
ks-elint-field-last-seen-value	Resources\Locale\en-US\_KS14\sensors.ftl	s AGO	с. назад	DeepL refinement: terminology, proper names and grammatical context still need human review
ks-elint-field-pattern	Resources\Locale\en-US\_KS14\sensors.ftl	PATTERN	ШАБЛОН	DeepL refinement: terminology, proper names and grammatical context still need human review
ks-elint-field-signal	Resources\Locale\en-US\_KS14\sensors.ftl	SIGNAL	SIGNAL	DeepL refinement: terminology, proper names and grammatical context still need human review
ks-elint-field-stability	Resources\Locale\en-US\_KS14\sensors.ftl	BEARING	BEARING	DeepL refinement: terminology, proper names and grammatical context still need human review
ks-elint-focus-button	Resources\Locale\en-US\_KS14\sensors.ftl	FOCUS	В ФОКУСЕ	DeepL refinement: terminology, proper names and grammatical context still need human review
ks-elint-roster-empty	Resources\Locale\en-US\_KS14\sensors.ftl	NO EMISSIONS	БЕЗ ВЫБРОСОВ	DeepL refinement: terminology, proper names and grammatical context still need human review
ks-elint-roster-live	Resources\Locale\en-US\_KS14\sensors.ftl	LIVE	LIVE	DeepL refinement: terminology, proper names and grammatical context still need human review
ks-elint-roster-memory	Resources\Locale\en-US\_KS14\sensors.ftl	MEM	MEM	DeepL refinement: terminology, proper names and grammatical context still need human review
ks-elint-selected-none	Resources\Locale\en-US\_KS14\sensors.ftl	NO EMITTER SELECTED	ЭМИТЕР НЕ ВЫБРАН	DeepL refinement: terminology, proper names and grammatical context still need human review
ks-emission-log-emitter-new	Resources\Locale\en-US\_KS14\sensors.ftl	 ACQUIRED	 ПРИОБРЕТЕНО	DeepL refinement: terminology, proper names and grammatical context still need human review
ks-emission-log-emitter-silent	Resources\Locale\en-US\_KS14\sensors.ftl	 SILENT	 SILENT	DeepL refinement: terminology, proper names and grammatical context still need human review
ks-emission-log-empty	Resources\Locale\en-US\_KS14\sensors.ftl	NO LOG ENTRIES	НЕТ ЗАПИСЕЙ В ЖУРНАЛЕ	DeepL refinement: terminology, proper names and grammatical context still need human review
ks-emission-log-jam-end	Resources\Locale\en-US\_KS14\sensors.ftl	OWN RADAR CLEAR	СВОЙ РАДАР ЧИСТ	DeepL refinement: terminology, proper names and grammatical context still need human review
ks-emission-log-jam-start	Resources\Locale\en-US\_KS14\sensors.ftl	! OWN RADAR JAMMED	! ВАШ РАДАР ЗАГЛУШЕН	DeepL refinement: terminology, proper names and grammatical context still need human review
ks-emission-log-unknown-emitter	Resources\Locale\en-US\_KS14\sensors.ftl	EMITTER	ЭМИТТЕР	DeepL refinement: terminology, proper names and grammatical context still need human review
ks-emitter-band-high	Resources\Locale\en-US\_KS14\sensors.ftl	HIGH BAND	ВЫСОКИЙ ДИАПАЗОН	DeepL refinement: terminology, proper names and grammatical context still need human review
ks-emitter-band-low	Resources\Locale\en-US\_KS14\sensors.ftl	LOW BAND	Низкочастотный диапазон	DeepL refinement: terminology, proper names and grammatical context still need human review
ks-emitter-band-mid	Resources\Locale\en-US\_KS14\sensors.ftl	MID BAND	Средний диапазон	DeepL refinement: terminology, proper names and grammatical context still need human review
ks-emitter-pattern-continuous	Resources\Locale\en-US\_KS14\sensors.ftl	CONTINUOUS	ПРОДОЛЖЕНИЕ	DeepL refinement: terminology, proper names and grammatical context still need human review
ks-esm-chip-elint-deaf	Resources\Locale\en-US\_KS14\sensors.ftl	ELINT DEAF - OWN EMISSIONS	ELINT DEAF — СОБСТВЕННЫЕ ИЗЛУЧЕНИЯ	DeepL refinement: terminology, proper names and grammatical context still need human review
ks-esm-chip-no-elint	Resources\Locale\en-US\_KS14\sensors.ftl	NO ELINT ARRAY	НЕТ АНТЕННОЙ СИСТЕМЫ РЭКОН	DeepL refinement: terminology, proper names and grammatical context still need human review
ks-esm-chip-no-rwr	Resources\Locale\en-US\_KS14\sensors.ftl	NO RADAR WARNING RECEIVER	ОТСУТСТВУЕТ РАДАРНЫЙ ПРИЕМНИК ПРЕДУПРЕЖДЕНИЙ	DeepL refinement: terminology, proper names and grammatical context still need human review
ks-esm-panel-log	Resources\Locale\en-US\_KS14\sensors.ftl	EMISSION LOG	ЖУРНАЛ ИЗЛУЧЕНИЙ	DeepL refinement: terminology, proper names and grammatical context still need human review
ks-esm-panel-plot	Resources\Locale\en-US\_KS14\sensors.ftl	BEARING PLOT	СЮЖЕТ	DeepL refinement: terminology, proper names and grammatical context still need human review
ks-esm-panel-roster	Resources\Locale\en-US\_KS14\sensors.ftl	EMITTERS	ИЗЛУЧАТЕЛИ	DeepL refinement: terminology, proper names and grammatical context still need human review
ks-esm-panel-selected	Resources\Locale\en-US\_KS14\sensors.ftl	SIGNAL ANALYSIS	АНАЛИЗ СИГНАЛОВ	DeepL refinement: terminology, proper names and grammatical context still need human review
ks-esm-panel-threat	Resources\Locale\en-US\_KS14\sensors.ftl	WARNING RECEIVER	ПРИЕМНИК ПРЕДУПРЕЖДЕНИЙ	DeepL refinement: terminology, proper names and grammatical context still need human review
ks-esm-roster-offline	Resources\Locale\en-US\_KS14\sensors.ftl	NO ESM RECEIVERS	БЕЗ ПРИЕМНИКОВ ESM	DeepL refinement: terminology, proper names and grammatical context still need human review
ks-field-generator-disabled	Resources\Locale\en-US\_KS14\field-generator\ks-field-generator.ftl	You turn the generator off.	Вы выключаете генератор.	DeepL refinement: terminology, proper names and grammatical context still need human review
ks-field-generator-enabled	Resources\Locale\en-US\_KS14\field-generator\ks-field-generator.ftl	You turn the generator on.	Вы включаете генератор.	DeepL refinement: terminology, proper names and grammatical context still need human review
ks-field-generator-examined	Resources\Locale\en-US\_KS14\field-generator\ks-field-generator.ftl	The generator is 	Генератор — это 	DeepL refinement: terminology, proper names and grammatical context still need human review
ks-field-generator-examined	Resources\Locale\en-US\_KS14\field-generator\ks-field-generator.ftl	[color=green]enabled[/color]	[color=green][/color] включен	DeepL refinement: terminology, proper names and grammatical context still need human review
ks-field-generator-examined	Resources\Locale\en-US\_KS14\field-generator\ks-field-generator.ftl	[color=red]disabled[/color]	[color=red][/color] отключен	DeepL refinement: terminology, proper names and grammatical context still need human review
ks-fieldcommand-restrictedradius-action-popup	Resources\Locale\en-US\_KsModule_Public\actions\actions\fieldcommand.ftl	You can't place an enemy 30 tiles or less from an objective!	Нельзя размещать врага на расстоянии 30 клеток или менее от цели!	DeepL refinement: terminology, proper names and grammatical context still need human review
ks-ghost-respawn-popup-ghostingblocked	Resources\Locale\en-US\_KS14\ghost-respawn\ghost-respawn.ftl	Some otherworldly force is stopping your reincarnation...	Какая-то потусторонная сила препятствует вашему перерождению...	DeepL refinement: terminology, proper names and grammatical context still need human review
ks-instrument-status-contacts	Resources\Locale\en-US\_KS14\sensors.ftl	CON 	CON 	DeepL refinement: terminology, proper names and grammatical context still need human review
ks-instrument-status-emitters	Resources\Locale\en-US\_KS14\sensors.ftl	EMT 	EMT 	DeepL refinement: terminology, proper names and grammatical context still need human review
ks-instrument-status-jammed	Resources\Locale\en-US\_KS14\sensors.ftl	! JAMMED !	! ЗАВИСЛО !	DeepL refinement: terminology, proper names and grammatical context still need human review
ks-instrument-status-jammer-none	Resources\Locale\en-US\_KS14\sensors.ftl	JAM ---	JAM ---	DeepL refinement: terminology, proper names and grammatical context still need human review
ks-instrument-status-jammer-off	Resources\Locale\en-US\_KS14\sensors.ftl	JAM OFF	JAM OFF	DeepL refinement: terminology, proper names and grammatical context still need human review
ks-instrument-status-jammer-on	Resources\Locale\en-US\_KS14\sensors.ftl	JAM ON	JAM ON	DeepL refinement: terminology, proper names and grammatical context still need human review
ks-instrument-status-radar-none	Resources\Locale\en-US\_KS14\sensors.ftl	RDR ---	RDR ---	DeepL refinement: terminology, proper names and grammatical context still need human review
ks-instrument-status-radar-off	Resources\Locale\en-US\_KS14\sensors.ftl	RDR OFF	RDR OFF	DeepL refinement: terminology, proper names and grammatical context still need human review
ks-instrument-status-radar-on	Resources\Locale\en-US\_KS14\sensors.ftl	RDR ON	RDR ON	DeepL refinement: terminology, proper names and grammatical context still need human review
ks-instrument-tab-dock	Resources\Locale\en-US\_KS14\sensors.ftl	DOCK	DOCK	DeepL refinement: terminology, proper names and grammatical context still need human review
ks-instrument-tab-esm	Resources\Locale\en-US\_KS14\sensors.ftl	ESM	ESM	DeepL refinement: terminology, proper names and grammatical context still need human review
ks-instrument-tab-map	Resources\Locale\en-US\_KS14\sensors.ftl	MAP	КАРТА	DeepL refinement: terminology, proper names and grammatical context still need human review
ks-instrument-tab-radar	Resources\Locale\en-US\_KS14\sensors.ftl	RADAR	РАДАР	DeepL refinement: terminology, proper names and grammatical context still need human review
ks-instrument-window-close	Resources\Locale\en-US\_KS14\sensors.ftl	X	X	DeepL refinement: terminology, proper names and grammatical context still need human review
ks-instrument-window-pop	Resources\Locale\en-US\_KS14\sensors.ftl	POP	POP	DeepL refinement: terminology, proper names and grammatical context still need human review
ks-instrument-window-pop-hint	Resources\Locale\en-US\_KS14\sensors.ftl	MOVE THE SUITE TO ITS OWN WINDOW - CLOSING IT BRINGS THE SUITE BACK	ПЕРЕМЕСТИТЕ ПАКЕТ В ОТДЕЛЬНОЕ ОКНО — ПРИ ЕГО ЗАКРЫТИИ ПАКЕТ ВЕРНЁТСЯ НА МЕСТО	DeepL refinement: terminology, proper names and grammatical context still need human review
ks-instrument-window-title	Resources\Locale\en-US\_KS14\sensors.ftl	SENSOR SUITE	КОМПЛЕКС ДАТЧИКОВ	DeepL refinement: terminology, proper names and grammatical context still need human review
ks-inventory-component-reason-dismembered	Resources\Locale\en-US\_KS14\inventory\inventory.ftl	There are no body parts to put this item on.	Нет частей тела, на которые можно было бы надеть этот предмет.	DeepL refinement: terminology, proper names and grammatical context still need human review
ks-klovnmed-organ-regen-popup	Resources\Locale\en-US\_KS14\klovnmed\organregen.ftl	Your body regenerates a 	Ваше тело регенерирует 	DeepL refinement: terminology, proper names and grammatical context still need human review
ks-language-KsLangCommon-description	Resources\Locale\en-US\_KS14\language\language.ftl	The interstellar lingua franca. Everyone speaks it, few remember learning it.	Межзвездный лингва франка. Все на нем говорят, но мало кто помнит, как его выучил.	DeepL refinement: terminology, proper names and grammatical context still need human review
ks-language-KsLangCommon-name	Resources\Locale\en-US\_KS14\language\language.ftl	Galactic Common	Галактический общий язык	DeepL refinement: terminology, proper names and grammatical context still need human review
ks-language-KsLangDwarvish-description	Resources\Locale\en-US\_KS14\language\language.ftl	A rumbling mountain tongue that sounds like an argument even when it is a lullaby.	Грохочущий горный диалект, который звучит как ссора даже тогда, когда это колыбельная.	DeepL refinement: terminology, proper names and grammatical context still need human review
ks-language-KsLangDwarvish-name	Resources\Locale\en-US\_KS14\language\language.ftl	Dwarvish	Дварфский	DeepL refinement: terminology, proper names and grammatical context still need human review
ks-language-KsLangKlovnish-description	Resources\Locale\en-US\_KS14\language\language.ftl	"The ancient performing tongue of the honkfolk. Linguists maintain it has sixteen distinct honks for ""trust me"". Mimes famously understand every word and have never once replied."	Древний язык гудков народа хонкфолк. Лингвисты утверждают, что в нём шестнадцать различных гудков, означающих «поверь мне». Мимы, как известно, понимают каждое слово, но ни разу не ответили.	DeepL refinement: terminology, proper names and grammatical context still need human review
ks-language-KsLangKlovnish-name	Resources\Locale\en-US\_KS14\language\language.ftl	Klovnish	Klovnish	DeepL refinement: terminology, proper names and grammatical context still need human review
ks-language-KsLangSyndicate-description	Resources\Locale\en-US\_KS14\language\language.ftl	A clipped operational cipher-tongue drilled into field agents. Terse, deniable, and not taught anywhere legally.	Сокращённый оперативный шифр-жаргон, заученный полевыми агентами. Лаконичный, не поддающийся подтверждению и нигде не преподающийся легально.	DeepL refinement: terminology, proper names and grammatical context still need human review
ks-language-KsLangSyndicate-name	Resources\Locale\en-US\_KS14\language\language.ftl	Syndicate Cant	Syndicate Cant	DeepL refinement: terminology, proper names and grammatical context still need human review
ks-language-KsLangVox-description	Resources\Locale\en-US\_KS14\language\language.ftl	The shrieking, clicking tongue of the Vox. Mostly delivered at a volume the Vox insist is a whisper.	Пронзительный, щелкающий голос Vox. В основном он звучит на такой громкости, которую Vox упорно называет шепотом.	DeepL refinement: terminology, proper names and grammatical context still need human review
ks-language-KsLangVox-name	Resources\Locale\en-US\_KS14\language\language.ftl	Vox-pirin	Vox-pirin	DeepL refinement: terminology, proper names and grammatical context still need human review
ks-language-chat-tag	Resources\Locale\en-US\_KS14\language\language.ftl	[bold](	[bold](	DeepL refinement: terminology, proper names and grammatical context still need human review
ks-language-chat-tag	Resources\Locale\en-US\_KS14\language\language.ftl	)[/bold]	)[/bold]	DeepL refinement: terminology, proper names and grammatical context still need human review
ks-language-menu-choose	Resources\Locale\en-US\_KS14\language\language.ftl	Speak	Говорить	DeepL refinement: terminology, proper names and grammatical context still need human review
ks-language-menu-current	Resources\Locale\en-US\_KS14\language\language.ftl	Speaking	Речь	DeepL refinement: terminology, proper names and grammatical context still need human review
ks-language-menu-default-only	Resources\Locale\en-US\_KS14\language\language.ftl	You speak Galactic Common.	Вы говорите на галактическом общем языке.	DeepL refinement: terminology, proper names and grammatical context still need human review
ks-language-menu-title	Resources\Locale\en-US\_KS14\language\language.ftl	Languages	Языки	DeepL refinement: terminology, proper names and grammatical context still need human review
ks-language-menu-understood-header	Resources\Locale\en-US\_KS14\language\language.ftl	Understood only	Понятно только	DeepL refinement: terminology, proper names and grammatical context still need human review
ks-language-obfuscation-incomprehensible	Resources\Locale\en-US\_KS14\language\language.ftl	(something incomprehensible)	(что-то непонятное)	DeepL refinement: terminology, proper names and grammatical context still need human review
ks-language-voice-trigger-language	Resources\Locale\en-US\_KS14\language\language.ftl	The recorded phrase sounds like 	Записанная фраза звучит как 	DeepL refinement: terminology, proper names and grammatical context still need human review
ks-language-voice-trigger-understood	Resources\Locale\en-US\_KS14\language\language.ftl	"You understand it as: """	Вы понимаете это как: «	DeepL refinement: terminology, proper names and grammatical context still need human review
ks-llm-admin-tool-used	Resources\Locale\en-US\_KS14\llm\llm.ftl	LLM Central Command used 	Использовано LLM Central Command 	DeepL refinement: terminology, proper names and grammatical context still need human review
ks-llm-announcement-sender	Resources\Locale\en-US\_KS14\llm\llm.ftl	Central Command Automated Response	Автоматический ответ Центрального командования	DeepL refinement: terminology, proper names and grammatical context still need human review
ks-llm-fax-reply-title	Resources\Locale\en-US\_KS14\llm\llm.ftl	Central Command Response	Реакция Центрального командования	DeepL refinement: terminology, proper names and grammatical context still need human review
ks-llm-funds-announcement-deposit	Resources\Locale\en-US\_KS14\llm\llm.ftl	Central Command has deposited 	Центральное командование передало 	DeepL refinement: terminology, proper names and grammatical context still need human review
ks-llm-funds-announcement-deposit	Resources\Locale\en-US\_KS14\llm\llm.ftl	 credits into the 	 кредиты в 	DeepL refinement: terminology, proper names and grammatical context still need human review
ks-llm-funds-announcement-withdraw	Resources\Locale\en-US\_KS14\llm\llm.ftl	Central Command has withdrawn 	Центральное командование отошло 	DeepL refinement: terminology, proper names and grammatical context still need human review
ks-llm-funds-announcement-withdraw	Resources\Locale\en-US\_KS14\llm\llm.ftl	 credits from the 	 Спасибо за 	DeepL refinement: terminology, proper names and grammatical context still need human review
ks-map-panel-chart	Resources\Locale\en-US\_KS14\sensors.ftl	SECTOR CHART	КАРТА СЕКТОРА	DeepL refinement: terminology, proper names and grammatical context still need human review
ks-map-panel-ftl	Resources\Locale\en-US\_KS14\sensors.ftl	FTL	FTL	DeepL refinement: terminology, proper names and grammatical context still need human review
ks-map-panel-objects	Resources\Locale\en-US\_KS14\sensors.ftl	OBJECTS	ОБЪЕКТЫ	DeepL refinement: terminology, proper names and grammatical context still need human review
ks-map-panel-settings	Resources\Locale\en-US\_KS14\sensors.ftl	SETTINGS	НАСТРОЙКИ	DeepL refinement: terminology, proper names and grammatical context still need human review
ks-map-sensors-button	Resources\Locale\en-US\_KS14\sensors.ftl	SENSORS	ДАТЧИКИ	DeepL refinement: terminology, proper names and grammatical context still need human review
ks-map-sensors-hint	Resources\Locale\en-US\_KS14\sensors.ftl	OVERLAY THE DATALINK NETWORK'S COVERAGE CONES AND LIVE CONTACTS. ALLIES STAY CHARTED EITHER WAY	НАЛОЖИТЕ КОНУСЫ ПОКРЫТИЯ СЕТИ DATALINK И АКТУАЛЬНЫЕ КОНТАКТЫ. СОЮЗНИКИ В ЛЮБОМ СЛУЧАЕ ОСТАЮТСЯ НА КАРТЕ	DeepL refinement: terminology, proper names and grammatical context still need human review
ks-mcqdialogue-surgery	Resources\Locale\en-US\_KS14\mcqdialogue\surgery.ftl	Choose surgery target	Выберите объект для операции	DeepL refinement: terminology, proper names and grammatical context still need human review
ks-operative-line-advancing-1	Resources\Locale\en-US\_KS14\npc\operative.ftl	Pushing forward.	Двигаемся вперёд.	DeepL refinement: terminology, proper names and grammatical context still need human review
ks-operative-line-advancing-2	Resources\Locale\en-US\_KS14\npc\operative.ftl	Pushing.	Толчок.	DeepL refinement: terminology, proper names and grammatical context still need human review
ks-operative-line-advancing-3	Resources\Locale\en-US\_KS14\npc\operative.ftl	Advancing forward.	Двигаемся вперёд.	DeepL refinement: terminology, proper names and grammatical context still need human review
ks-operative-line-advancing-4	Resources\Locale\en-US\_KS14\npc\operative.ftl	Advancing.	Прохождение игры.	DeepL refinement: terminology, proper names and grammatical context still need human review
ks-operative-line-alert-grenade-1	Resources\Locale\en-US\_KS14\npc\operative.ftl	Explosive!	Взрывоопасно!	DeepL refinement: terminology, proper names and grammatical context still need human review
ks-operative-line-alert-grenade-2	Resources\Locale\en-US\_KS14\npc\operative.ftl	Bomb!	Бомба!	DeepL refinement: terminology, proper names and grammatical context still need human review
ks-operative-line-alert-grenade-3	Resources\Locale\en-US\_KS14\npc\operative.ftl	Take cover!	Укрывайтесь!	DeepL refinement: terminology, proper names and grammatical context still need human review
ks-operative-line-contact-1	Resources\Locale\en-US\_KS14\npc\operative.ftl	Enemy in view!	Враг в поле зрения!	DeepL refinement: terminology, proper names and grammatical context still need human review
ks-operative-line-contact-2	Resources\Locale\en-US\_KS14\npc\operative.ftl	Target sighted!	Цель обнаружена!	DeepL refinement: terminology, proper names and grammatical context still need human review
ks-operative-line-contact-3	Resources\Locale\en-US\_KS14\npc\operative.ftl	Target spotted!	Цель обнаружена!	DeepL refinement: terminology, proper names and grammatical context still need human review
ks-operative-line-contact-4	Resources\Locale\en-US\_KS14\npc\operative.ftl	Hostile!	Враг!	DeepL refinement: terminology, proper names and grammatical context still need human review
ks-operative-line-contact-5	Resources\Locale\en-US\_KS14\npc\operative.ftl	Tango sighted!	Танго обнаружен!	DeepL refinement: terminology, proper names and grammatical context still need human review
ks-operative-line-contact-6	Resources\Locale\en-US\_KS14\npc\operative.ftl	CONTACT!!!	КОНТАКТЫ!!!	DeepL refinement: terminology, proper names and grammatical context still need human review
ks-operative-line-disturbance-1	Resources\Locale\en-US\_KS14\npc\operative.ftl	It begins.	Начинается.	DeepL refinement: terminology, proper names and grammatical context still need human review
ks-operative-line-disturbance-2	Resources\Locale\en-US\_KS14\npc\operative.ftl	Activity nearby.	Активность поблизости.	DeepL refinement: terminology, proper names and grammatical context still need human review
ks-operative-line-disturbancecombat-1	Resources\Locale\en-US\_KS14\npc\operative.ftl	Repositioning.	Перемещение.	DeepL refinement: terminology, proper names and grammatical context still need human review
ks-operative-line-disturbancecombat-2	Resources\Locale\en-US\_KS14\npc\operative.ftl	Relocating.	Переезд.	DeepL refinement: terminology, proper names and grammatical context still need human review
ks-operative-line-disturbancecombat-3	Resources\Locale\en-US\_KS14\npc\operative.ftl	Moving to combat.	Переход к бою.	DeepL refinement: terminology, proper names and grammatical context still need human review
ks-operative-line-getaway-1	Resources\Locale\en-US\_KS14\npc\operative.ftl	Get away! This is your first and last warning!	Убирайтесь отсюда! Это ваше первое и последнее предупреждение!	DeepL refinement: terminology, proper names and grammatical context still need human review
ks-operative-line-getaway-2	Resources\Locale\en-US\_KS14\npc\operative.ftl	Move back now! This is your only warning!	Отступите немедленно! Это единственное предупреждение!	DeepL refinement: terminology, proper names and grammatical context still need human review
ks-operative-line-getaway-3	Resources\Locale\en-US\_KS14\npc\operative.ftl	Move back now or face immediate termination!	Отступите немедленно или вас ждет немедленная гибель!	DeepL refinement: terminology, proper names and grammatical context still need human review
ks-operative-line-healing-1	Resources\Locale\en-US\_KS14\npc\operative.ftl	Healing, cover me!	Лечи, прикрой меня!	DeepL refinement: terminology, proper names and grammatical context still need human review
ks-operative-line-holdingposition-1	Resources\Locale\en-US\_KS14\npc\operative.ftl	Holding position.	Удерживаем позицию.	DeepL refinement: terminology, proper names and grammatical context still need human review
ks-operative-line-holdingposition-2	Resources\Locale\en-US\_KS14\npc\operative.ftl	Watching area.	Зона наблюдения.	DeepL refinement: terminology, proper names and grammatical context still need human review
ks-operative-line-outofammo-1	Resources\Locale\en-US\_KS14\npc\operative.ftl	Out of ammo!	Патроны закончились!	DeepL refinement: terminology, proper names and grammatical context still need human review
ks-operative-line-outofammo-2	Resources\Locale\en-US\_KS14\npc\operative.ftl	I'm out!	Я ухожу!	DeepL refinement: terminology, proper names and grammatical context still need human review
ks-operative-line-outofammo-3	Resources\Locale\en-US\_KS14\npc\operative.ftl	Black on ammo!	Закончились патроны!	DeepL refinement: terminology, proper names and grammatical context still need human review
ks-operative-line-outofammo-4	Resources\Locale\en-US\_KS14\npc\operative.ftl	All out!	Все на старт!	DeepL refinement: terminology, proper names and grammatical context still need human review
ks-operative-line-reloading-1	Resources\Locale\en-US\_KS14\npc\operative.ftl	Reloading!	Перезагрузка!	DeepL refinement: terminology, proper names and grammatical context still need human review
ks-operative-line-reloading-2	Resources\Locale\en-US\_KS14\npc\operative.ftl	Cover me, reloading!	Прикрой меня, я перезаряжаюсь!	DeepL refinement: terminology, proper names and grammatical context still need human review
ks-operative-line-reloading-3	Resources\Locale\en-US\_KS14\npc\operative.ftl	Swapping mags!	Смена магазинов!	DeepL refinement: terminology, proper names and grammatical context still need human review
ks-operative-line-reloading-4	Resources\Locale\en-US\_KS14\npc\operative.ftl	Switching mags!	Смена магазинов!	DeepL refinement: terminology, proper names and grammatical context still need human review
ks-operative-line-reloading-5	Resources\Locale\en-US\_KS14\npc\operative.ftl	Dry!	Сухо!	DeepL refinement: terminology, proper names and grammatical context still need human review
ks-operative-line-retreating-1	Resources\Locale\en-US\_KS14\npc\operative.ftl	Falling back!	Отступаем!	DeepL refinement: terminology, proper names and grammatical context still need human review
ks-operative-line-retreating-2	Resources\Locale\en-US\_KS14\npc\operative.ftl	Getting back!	Вернусь!	DeepL refinement: terminology, proper names and grammatical context still need human review
ks-operative-line-retreating-3	Resources\Locale\en-US\_KS14\npc\operative.ftl	Retreating!	Отступаем!	DeepL refinement: terminology, proper names and grammatical context still need human review
ks-operative-line-standdown-1	Resources\Locale\en-US\_KS14\npc\operative.ftl	Area's clear. Stand down.	Зона очищена. Отбой.	DeepL refinement: terminology, proper names and grammatical context still need human review
ks-operative-line-standdown-2	Resources\Locale\en-US\_KS14\npc\operative.ftl	Nothing more here. Ease off.	Больше здесь ничего нет. Оставьте меня в покое.	DeepL refinement: terminology, proper names and grammatical context still need human review
ks-operative-line-standdown-3	Resources\Locale\en-US\_KS14\npc\operative.ftl	All quiet. Stand down.	Всё спокойно. Отбой.	DeepL refinement: terminology, proper names and grammatical context still need human review
ks-operative-line-standdown-4	Resources\Locale\en-US\_KS14\npc\operative.ftl	We're clear. Relax.	Всё чисто. Расслабьтесь.	DeepL refinement: terminology, proper names and grammatical context still need human review
ks-operative-line-standdownack-1	Resources\Locale\en-US\_KS14\npc\operative.ftl	Copy.	Копия.	DeepL refinement: terminology, proper names and grammatical context still need human review
ks-operative-line-standdownack-2	Resources\Locale\en-US\_KS14\npc\operative.ftl	Copy that, standing down.	Понял, отбой.	DeepL refinement: terminology, proper names and grammatical context still need human review
ks-operative-line-standdownack-3	Resources\Locale\en-US\_KS14\npc\operative.ftl	Understood.	Понятно.	DeepL refinement: terminology, proper names and grammatical context still need human review
ks-operative-line-standdownack-4	Resources\Locale\en-US\_KS14\npc\operative.ftl	Roger.	Понял.	DeepL refinement: terminology, proper names and grammatical context still need human review
ks-operative-nt-line-sacrifice-1	Resources\Locale\en-US\_KS14\npc\operative-nt.ftl	Glory to Nanotrasen's 1st Separate Infantry Brigade!	Слава 1-й отдельной пехотной бригаде «Нанотрасен»!	DeepL refinement: terminology, proper names and grammatical context still need human review
ks-operative-nt-line-sacrifice-2	Resources\Locale\en-US\_KS14\npc\operative-nt.ftl	Got a live one!	Попался живой!	DeepL refinement: terminology, proper names and grammatical context still need human review
ks-operative-nt-line-sacrifice-3	Resources\Locale\en-US\_KS14\npc\operative-nt.ftl	This endless samsara marches forward.	Эта бесконечная самсара продолжает свой путь.	DeepL refinement: terminology, proper names and grammatical context still need human review
ks-operative-nt-line-sacrifice-4	Resources\Locale\en-US\_KS14\npc\operative-nt.ftl	Make it count.	Сделайте это значимым.	DeepL refinement: terminology, proper names and grammatical context still need human review
ks-operative-nt-line-sacrifice-5	Resources\Locale\en-US\_KS14\npc\operative-nt.ftl	AAHAHAHHHAHAAHHH!!	ААХАХАХАХААААААААААААААААААААААААААААААААААААААААААААААААААААААААААААА	DeepL refinement: terminology, proper names and grammatical context still need human review
ks-operative-nt-line-sacrifice-6	Resources\Locale\en-US\_KS14\npc\operative-nt.ftl	Foxtrot. Lima. Uniform. X-ray.	Фокстрот. Лима. Униформа. Рентген.	DeepL refinement: terminology, proper names and grammatical context still need human review
ks-operative-nt-line-sacrifice-7	Resources\Locale\en-US\_KS14\npc\operative-nt.ftl	Sierra. Sierra... X-ray. Zero. Three. This is your la-AGH!!!	Sierra. Sierra... X-ray. Zero. Three. Это ваш ла-АГХ!!!	DeepL refinement: terminology, proper names and grammatical context still need human review
ks-operative-nt-line-sacrifice-8	Resources\Locale\en-US\_KS14\npc\operative-nt.ftl	Sierra. Sierra... X-ray. Zero. Three. Tango s-FUCK!!	«Сиерра». «Сиерра»... «Икс-рей». «Ноль». «Три». «Танго»... БЛЯДЬ!!	DeepL refinement: terminology, proper names and grammatical context still need human review
ks-operative-nt-line-sacrifice-9	Resources\Locale\en-US\_KS14\npc\operative-nt.ftl	Sierra. Sierra.. X-ra- where's that voice coming from?	Sierra. Sierra... X-ra... откуда доносится этот голос?	DeepL refinement: terminology, proper names and grammatical context still need human review
ks-organ-attachment-operation-inserted	Resources\Locale\en-US\_KS14\klovnmed\organattachmentoperation.ftl	You insert 	Вы вставляете 	DeepL refinement: terminology, proper names and grammatical context still need human review
ks-organ-attachment-operation-inserted	Resources\Locale\en-US\_KS14\klovnmed\organattachmentoperation.ftl	 into 	 в 	DeepL refinement: terminology, proper names and grammatical context still need human review
ks-organ-attachment-operation-wontfit	Resources\Locale\en-US\_KS14\klovnmed\organattachmentoperation.ftl	The organ can't fit inside.	Орган не помещается внутри.	DeepL refinement: terminology, proper names and grammatical context still need human review
ks-phosphor-nightvision-popup-flash	Resources\Locale\en-US\_KS14\phosphor-nightvision\popups.ftl	The bright flash overwhelms your vision!	Яркая вспышка ослепляет вас!	DeepL refinement: terminology, proper names and grammatical context still need human review
ks-plumbing-ivpump-examined	Resources\Locale\en-US\_KS14\plumbing\ivpump.ftl	The pump is 	Насос — это 	DeepL refinement: terminology, proper names and grammatical context still need human review
ks-plumbing-ivpump-examined	Resources\Locale\en-US\_KS14\plumbing\ivpump.ftl	[color=#00CBFF]injecting[/color]	[color=#00CBFF]вставка[/color]	DeepL refinement: terminology, proper names and grammatical context still need human review
ks-plumbing-ivpump-examined	Resources\Locale\en-US\_KS14\plumbing\ivpump.ftl	[color=#FFF907]drawing[/color]	[color=#FFF907]рисунок[/color]	DeepL refinement: terminology, proper names and grammatical context still need human review
ks-plumbing-ivpump-examined	Resources\Locale\en-US\_KS14\plumbing\ivpump.ftl	doing something, but you don't know what.	что-то делаешь, но не знаешь, что именно.	DeepL refinement: terminology, proper names and grammatical context still need human review
ks-plumbing-ivpump-setto-drawing	Resources\Locale\en-US\_KS14\plumbing\ivpump.ftl	You set the pump to start drawing.	Вы настраиваете насос на начало откачки.	DeepL refinement: terminology, proper names and grammatical context still need human review
ks-plumbing-ivpump-setto-injecting	Resources\Locale\en-US\_KS14\plumbing\ivpump.ftl	You set the pump to start injecting.	Вы настраиваете насос на начало впрыска.	DeepL refinement: terminology, proper names and grammatical context still need human review
ks-popup-idlock-id-inherited-access	Resources\Locale\en-US\_KS14\id-lock\id.ftl	You inherit 	Вы унаследуете 	DeepL refinement: terminology, proper names and grammatical context still need human review
ks-popup-idlock-id-inherited-access	Resources\Locale\en-US\_KS14\id-lock\id.ftl	access.	доступ.	DeepL refinement: terminology, proper names and grammatical context still need human review
ks-popup-idlock-id-inherited-access	Resources\Locale\en-US\_KS14\id-lock\id.ftl	accesses.	доступы.	DeepL refinement: terminology, proper names and grammatical context still need human review
ks-popup-shuttle-idlock-claimed	Resources\Locale\en-US\_KS14\id-lock\shuttle.ftl	You are now the owner of this shuttle console.	Теперь вы являетесь владельцем этой консоли шаттла.	DeepL refinement: terminology, proper names and grammatical context still need human review
ks-popup-shuttle-idlock-denied-toggle	Resources\Locale\en-US\_KS14\id-lock\shuttle.ftl	You don't have access to this console!	У вас нет доступа к этой консоли!	DeepL refinement: terminology, proper names and grammatical context still need human review
ks-posture-calm	Resources\Locale\en-US\_KS14\sensors.ftl	CALM	CALM	DeepL refinement: terminology, proper names and grammatical context still need human review
ks-posture-caution	Resources\Locale\en-US\_KS14\sensors.ftl	CAUTION	ВНИМАНИЕ	DeepL refinement: terminology, proper names and grammatical context still need human review
ks-posture-danger	Resources\Locale\en-US\_KS14\sensors.ftl	DANGER	ОПАСНОСТЬ	DeepL refinement: terminology, proper names and grammatical context still need human review
ks-radar-field-angular-velocity	Resources\Locale\en-US\_KS14\sensors.ftl	TURN RATE	СКОРОСТЬ РАЗВОРОТА	DeepL refinement: terminology, proper names and grammatical context still need human review
ks-radar-field-contacts	Resources\Locale\en-US\_KS14\sensors.ftl	CONTACTS	КОНТАКТЫ	DeepL refinement: terminology, proper names and grammatical context still need human review
ks-radar-field-emitters	Resources\Locale\en-US\_KS14\sensors.ftl	EMITTERS	ИЗЛУЧАТЕЛИ	DeepL refinement: terminology, proper names and grammatical context still need human review
ks-radar-field-linear-velocity	Resources\Locale\en-US\_KS14\sensors.ftl	VELOCITY	VELOCITY	DeepL refinement: terminology, proper names and grammatical context still need human review
ks-radar-field-orientation	Resources\Locale\en-US\_KS14\sensors.ftl	HEADING	ЗАГОЛОВОК	DeepL refinement: terminology, proper names and grammatical context still need human review
ks-radar-field-position	Resources\Locale\en-US\_KS14\sensors.ftl	POSITION	ДОЛЖНОСТЬ	DeepL refinement: terminology, proper names and grammatical context still need human review
ks-radar-field-posture	Resources\Locale\en-US\_KS14\sensors.ftl	POSTURE	ПОЛОЖЕНИЕ	DeepL refinement: terminology, proper names and grammatical context still need human review
ks-radar-field-threats	Resources\Locale\en-US\_KS14\sensors.ftl	THREATS	УГРОЗЫ	DeepL refinement: terminology, proper names and grammatical context still need human review
ks-radar-panel-display	Resources\Locale\en-US\_KS14\sensors.ftl	DISPLAY	ОТОБРАЖЕНИЕ	DeepL refinement: terminology, proper names and grammatical context still need human review
ks-radar-panel-emissions	Resources\Locale\en-US\_KS14\sensors.ftl	EMISSIONS	ВЫБРОСЫ	DeepL refinement: terminology, proper names and grammatical context still need human review
ks-radar-panel-plot	Resources\Locale\en-US\_KS14\sensors.ftl	RADAR PLOT	РАДАРНАЯ КАРТА	DeepL refinement: terminology, proper names and grammatical context still need human review
ks-radar-panel-ship	Resources\Locale\en-US\_KS14\sensors.ftl	SHIP	КОРАБЛЬ	DeepL refinement: terminology, proper names and grammatical context still need human review
ks-radar-panel-status	Resources\Locale\en-US\_KS14\sensors.ftl	STATUS	СТАТУС	DeepL refinement: terminology, proper names and grammatical context still need human review
ks-round-end-system-shuttle-noreason	Resources\Locale\en-US\_KS14\round-end\round-end-system.ftl	No reason given.	Причина не указана.	DeepL refinement: terminology, proper names and grammatical context still need human review
ks-rwr-field-posture	Resources\Locale\en-US\_KS14\sensors.ftl	POSTURE	ПОЛОЖЕНИЕ	DeepL refinement: terminology, proper names and grammatical context still need human review
ks-rwr-field-priority	Resources\Locale\en-US\_KS14\sensors.ftl	PRIORITY	ПРИОРИТЕТ	DeepL refinement: terminology, proper names and grammatical context still need human review
ks-rwr-threats-empty	Resources\Locale\en-US\_KS14\sensors.ftl	NO ILLUMINATION	ОСВЕЩЕНИЕ ОТСУТСТВУЕТ	DeepL refinement: terminology, proper names and grammatical context still need human review
ks-scan-discoverable-examined	Resources\Locale\en-US\_KS14\scan-discoverable\scan-discoverable.ftl	[italic]You can probably scan it with something to discover what it really is…[/italic]	[italic]Возможно, вы сможете отсканировать это чем-нибудь, чтобы узнать, что это на самом деле…[/italic]	DeepL refinement: terminology, proper names and grammatical context still need human review
ks-scenario-objective-announcement-captureended	Resources\Locale\en-US\_KS14\scenarios\objective.ftl	The objective is no longer being captured.	Цель больше не заключается в том, чтобы не попасть в плен.	DeepL refinement: terminology, proper names and grammatical context still need human review
ks-scenario-objective-announcement-capturestarted	Resources\Locale\en-US\_KS14\scenarios\objective.ftl	The objective is being captured! It must be defended at all costs.	Цель — станция! Её необходимо защищать любой ценой.	DeepL refinement: terminology, proper names and grammatical context still need human review
ks-scenario-objective-announcement-capturewin	Resources\Locale\en-US\_KS14\scenarios\objective.ftl	The objective has been captured!	Цель захвачена!	DeepL refinement: terminology, proper names and grammatical context still need human review
ks-scenario-objective-popup-cooldown	Resources\Locale\en-US\_KS14\scenarios\objective.ftl	You need to wait 	Вам нужно подождать 	DeepL refinement: terminology, proper names and grammatical context still need human review
ks-scenario-objective-popup-cooldown	Resources\Locale\en-US\_KS14\scenarios\objective.ftl	 seconds before trying to capture this again!	 секунд, прежде чем попытаться запечатлеть это снова!	DeepL refinement: terminology, proper names and grammatical context still need human review
ks-scenario-objective-popup-oneuser	Resources\Locale\en-US\_KS14\scenarios\objective.ftl	Someone is already capturing this!	Кто-то уже снимает это на камеру!	DeepL refinement: terminology, proper names and grammatical context still need human review
ks-scenario_nanoplant-job-name-nanoplant	Resources\Locale\en-US\_KS14\scenario-specific\nanoplant.ftl	On-site Security Personnel	Персонал службы безопасности на станции	DeepL refinement: terminology, proper names and grammatical context still need human review
ks-sensor-contact-bearing	Resources\Locale\en-US\_KS14\sensors.ftl	BRG 	BRG 	DeepL refinement: terminology, proper names and grammatical context still need human review
ks-sensor-contact-hops	Resources\Locale\en-US\_KS14\sensors.ftl	relay x	релей x	DeepL refinement: terminology, proper names and grammatical context still need human review
ks-sensor-contact-last-seen	Resources\Locale\en-US\_KS14\sensors.ftl	last seen 	последнее посещение 	DeepL refinement: terminology, proper names and grammatical context still need human review
ks-sensor-contact-last-seen	Resources\Locale\en-US\_KS14\sensors.ftl	s ago	с назад	DeepL refinement: terminology, proper names and grammatical context still need human review
ks-sensor-contact-live	Resources\Locale\en-US\_KS14\sensors.ftl	TRACKING	ОТСЛЕЖИВАНИЕ	DeepL refinement: terminology, proper names and grammatical context still need human review
ks-sensor-contact-pos-range	Resources\Locale\en-US\_KS14\sensors.ftl	m	m	DeepL refinement: terminology, proper names and grammatical context still need human review
ks-sensor-contact-unknown	Resources\Locale\en-US\_KS14\sensors.ftl	UNKNOWN	НЕИЗВЕСТНО	DeepL refinement: terminology, proper names and grammatical context still need human review
ks-sensor-coverage-irst-toggle	Resources\Locale\en-US\_KS14\sensors.ftl	IRST Cones: 	Конусы IRST: 	DeepL refinement: terminology, proper names and grammatical context still need human review
ks-sensor-coverage-jammer-toggle	Resources\Locale\en-US\_KS14\sensors.ftl	Jammer Cones: 	Конусы-глушители: 	DeepL refinement: terminology, proper names and grammatical context still need human review
ks-sensor-coverage-mode-filled	Resources\Locale\en-US\_KS14\sensors.ftl	FILLED	ЗАПОЛНЕНО	DeepL refinement: terminology, proper names and grammatical context still need human review
ks-sensor-coverage-mode-off	Resources\Locale\en-US\_KS14\sensors.ftl	OFF	ВЫКЛ.	DeepL refinement: terminology, proper names and grammatical context still need human review
ks-sensor-coverage-mode-outline	Resources\Locale\en-US\_KS14\sensors.ftl	OUTLINE	ПЛАН	DeepL refinement: terminology, proper names and grammatical context still need human review
ks-sensor-coverage-radar-toggle	Resources\Locale\en-US\_KS14\sensors.ftl	Radar Cones: 	Радиусы действия радаров: 	DeepL refinement: terminology, proper names and grammatical context still need human review
ks-sensor-coverage-visual-toggle	Resources\Locale\en-US\_KS14\sensors.ftl	Visual Cones: 	Визуальные конусы: 	DeepL refinement: terminology, proper names and grammatical context still need human review
ks-sensor-examine-not-mounted	Resources\Locale\en-US\_KS14\sensors.ftl	[color=yellow]The sensor array has no clear view of space. It must be anchored next to at least one open tile.[/color]	[color=yellow]Массив датчиков не имеет свободного обзора космоса. Его необходимо закрепить рядом как минимум с одной открытой ячейкой.[/color]	DeepL refinement: terminology, proper names and grammatical context still need human review
ks-sensor-examine-off	Resources\Locale\en-US\_KS14\sensors.ftl	[color=gray]The sensor array is switched off.[/color]	[color=gray]Массив датчиков отключен.[/color]	DeepL refinement: terminology, proper names and grammatical context still need human review
ks-sensor-examine-operational	Resources\Locale\en-US\_KS14\sensors.ftl	[color=green]The sensor array is tracking normally.[/color]	[color=green]Массив датчиков работает в штатном режиме.[/color]	DeepL refinement: terminology, proper names and grammatical context still need human review
ks-sensor-examine-unpowered	Resources\Locale\en-US\_KS14\sensors.ftl	[color=red]The sensor array has no power.[/color]	[color=red]Массив датчиков не получает питание.[/color]	DeepL refinement: terminology, proper names and grammatical context still need human review
ks-sensor-info-mode-basic	Resources\Locale\en-US\_KS14\sensors.ftl	BASIC	BASIC	DeepL refinement: terminology, proper names and grammatical context still need human review
ks-sensor-info-mode-full	Resources\Locale\en-US\_KS14\sensors.ftl	FULL	ПОЛНАЯ ВЕРСИЯ	DeepL refinement: terminology, proper names and grammatical context still need human review
ks-sensor-info-mode-off	Resources\Locale\en-US\_KS14\sensors.ftl	OFF	ВЫКЛ.	DeepL refinement: terminology, proper names and grammatical context still need human review
ks-sensor-info-toggle	Resources\Locale\en-US\_KS14\sensors.ftl	Contact Info: 	Контактная информация: 	DeepL refinement: terminology, proper names and grammatical context still need human review
ks-sensor-intel-emitter-range-label	Resources\Locale\en-US\_KS14\sensors.ftl	RADAR RANGE	ДАЛЬНОСТЬ ДЕЙСТВИЯ РАДАРА	DeepL refinement: terminology, proper names and grammatical context still need human review
ks-sensor-intel-emitter-range-value	Resources\Locale\en-US\_KS14\sensors.ftl	m	m	DeepL refinement: terminology, proper names and grammatical context still need human review
ks-sensor-intel-heat-label	Resources\Locale\en-US\_KS14\sensors.ftl	SIGNATURE	ПОДПИСЬ	DeepL refinement: terminology, proper names and grammatical context still need human review
ks-sensor-intel-mass-label	Resources\Locale\en-US\_KS14\sensors.ftl	MASS	MASS	DeepL refinement: terminology, proper names and grammatical context still need human review
ks-sensor-intel-mass-value	Resources\Locale\en-US\_KS14\sensors.ftl	t	t	DeepL refinement: terminology, proper names and grammatical context still need human review
ks-sensor-intel-rcs-label	Resources\Locale\en-US\_KS14\sensors.ftl	RCS	RCS	DeepL refinement: terminology, proper names and grammatical context still need human review
ks-sensor-intel-size-label	Resources\Locale\en-US\_KS14\sensors.ftl	SIZE	РАЗМЕР	DeepL refinement: terminology, proper names and grammatical context still need human review
ks-sensor-intel-size-large	Resources\Locale\en-US\_KS14\sensors.ftl	HEAVY	HEAVY	DeepL refinement: terminology, proper names and grammatical context still need human review
ks-sensor-intel-size-massive	Resources\Locale\en-US\_KS14\sensors.ftl	MASSIVE	MASSIVE	DeepL refinement: terminology, proper names and grammatical context still need human review
ks-sensor-intel-size-medium	Resources\Locale\en-US\_KS14\sensors.ftl	MEDIUM	СРЕДНИЙ	DeepL refinement: terminology, proper names and grammatical context still need human review
ks-sensor-intel-size-small	Resources\Locale\en-US\_KS14\sensors.ftl	LIGHT	СВЕТ	DeepL refinement: terminology, proper names and grammatical context still need human review
ks-sensor-intel-topspeed-label	Resources\Locale\en-US\_KS14\sensors.ftl	TOP SPEED	МАКСИМАЛЬНАЯ СКОРОСТЬ	DeepL refinement: terminology, proper names and grammatical context still need human review
ks-sensor-intel-topspeed-none	Resources\Locale\en-US\_KS14\sensors.ftl	NONE	НЕТ	DeepL refinement: terminology, proper names and grammatical context still need human review
ks-sensor-jammed	Resources\Locale\en-US\_KS14\sensors.ftl	! JAMMED !	! ЗАВИСЛО !	DeepL refinement: terminology, proper names and grammatical context still need human review
ks-sensor-jammer-toggle-off	Resources\Locale\en-US\_KS14\sensors.ftl	JAMMER: OFF	ПОМЕХИ: ВЫКЛ.	DeepL refinement: terminology, proper names and grammatical context still need human review
ks-sensor-jammer-toggle-on	Resources\Locale\en-US\_KS14\sensors.ftl	JAMMER: ON	ПОМЕХИ: ВКЛ.	DeepL refinement: terminology, proper names and grammatical context still need human review
ks-sensor-radar-toggle-off	Resources\Locale\en-US\_KS14\sensors.ftl	RADAR: OFF	РАДАР: ВЫКЛ.	DeepL refinement: terminology, proper names and grammatical context still need human review
ks-sensor-radar-toggle-on	Resources\Locale\en-US\_KS14\sensors.ftl	RADAR: ON	РАДАР: ВКЛ.	DeepL refinement: terminology, proper names and grammatical context still need human review
ks-sensor-stability-drifting	Resources\Locale\en-US\_KS14\sensors.ftl	DRIFTING	ДРИФТИНГ	DeepL refinement: terminology, proper names and grammatical context still need human review
ks-sensor-stability-fix	Resources\Locale\en-US\_KS14\sensors.ftl	FIX	ИСПРАВЛЕНИЕ	DeepL refinement: terminology, proper names and grammatical context still need human review
ks-sensor-stability-stable	Resources\Locale\en-US\_KS14\sensors.ftl	STABLE	СТАБИЛЬНАЯ ВЕРСИЯ	DeepL refinement: terminology, proper names and grammatical context still need human review
ks-specific-geyser-discovered	Resources\Locale\en-US\_KS14\specific\geyser.ftl	It's a 	Это 	DeepL refinement: terminology, proper names and grammatical context still need human review
ks-specific-geyser-discovered	Resources\Locale\en-US\_KS14\specific\geyser.ftl	! How does any of this even work?	! Как всё это вообще работает?	DeepL refinement: terminology, proper names and grammatical context still need human review
ks-specific-geyser-discovered-rare	Resources\Locale\en-US\_KS14\specific\geyser.ftl	It's a rare 	Это редкость 	DeepL refinement: terminology, proper names and grammatical context still need human review
ks-specific-geyser-discovered-rare	Resources\Locale\en-US\_KS14\specific\geyser.ftl	! This could be very powerful in the right hands…	! В умелых руках это может оказаться очень мощным оружием…	DeepL refinement: terminology, proper names and grammatical context still need human review
ks-specific-orebox-itemtoggle-activated	Resources\Locale\en-US\_KS14\specific\orebox.ftl	The magnetic pickup system is activated.	Магнитная система захвата активирована.	DeepL refinement: terminology, proper names and grammatical context still need human review
ks-specific-orebox-itemtoggle-deactivated	Resources\Locale\en-US\_KS14\specific\orebox.ftl	The magnetic pickup system is disabled.	Система магнитного захвата отключена.	DeepL refinement: terminology, proper names and grammatical context still need human review
ks-specific-orevent-alreadytapped	Resources\Locale\en-US\_KS14\orevent\orevent.ftl	This ore vent is already tapped. Nice!	Этот рудный жил уже разрабатывается. Отлично!	DeepL refinement: terminology, proper names and grammatical context still need human review
ks-specific-orevent-discovered	Resources\Locale\en-US\_KS14\orevent\orevent.ftl	The ore vent is scanned and now marked on mass scanners. You may scan it again to start the extraction process.	Месторождение руды просканировано и теперь отображается на сканерах массы. Вы можете просканировать его ещё раз, чтобы начать процесс добычи.	DeepL refinement: terminology, proper names and grammatical context still need human review
ks-specific-orevent-startingextraction-others	Resources\Locale\en-US\_KS14\orevent\orevent.ftl	 prepares to start extracting 	 готовится к началу добычи 	DeepL refinement: terminology, proper names and grammatical context still need human review
ks-specific-orevent-startingextraction-others	Resources\Locale\en-US\_KS14\orevent\orevent.ftl	. You might want to get away.	. Возможно, вам захочется сбежать.	DeepL refinement: terminology, proper names and grammatical context still need human review
ks-specific-orevent-startingextraction-user	Resources\Locale\en-US\_KS14\orevent\orevent.ftl	You prepare to start extracting on 	Вы готовитесь к началу добычи на 	DeepL refinement: terminology, proper names and grammatical context still need human review
ks-specific-orevent-startingextraction-user	Resources\Locale\en-US\_KS14\orevent\orevent.ftl	… Are you sure about this?	… Вы уверены, что хотите это сделать?	DeepL refinement: terminology, proper names and grammatical context still need human review
ks-specific-orevent-tapping-failed-destruction	Resources\Locale\en-US\_KS14\orevent\orevent.ftl	 creaks and groans as the mining attempt fails, and the vent closes back up!	 Слышны скрипы и стоны, когда попытка добычи заканчивается неудачей, и вентиляционное отверстие снова закрывается!	DeepL refinement: terminology, proper names and grammatical context still need human review
ks-specific-orevent-tapping-failed-detachment	Resources\Locale\en-US\_KS14\orevent\orevent.ftl	 detaches from 	 отсоединяется от 	DeepL refinement: terminology, proper names and grammatical context still need human review
ks-specific-orevent-tapping-failed-detachment	Resources\Locale\en-US\_KS14\orevent\orevent.ftl	, and it closes back up!	... и она снова закрывается!	DeepL refinement: terminology, proper names and grammatical context still need human review
ks-specific-orevent-whatareyoudoing	Resources\Locale\en-US\_KS14\orevent\orevent.ftl	The ore vent is in the process of being tapped, go defend it!	В настоящее время ведётся добыча руды — отправляйтесь защищать месторождение!	DeepL refinement: terminology, proper names and grammatical context still need human review
ks-specific-orewell-examined	Resources\Locale\en-US\_KS14\orewell\orewell.ftl	These resources are generated at a rate of 	Эти ресурсы генерируются со скоростью 	DeepL refinement: terminology, proper names and grammatical context still need human review
ks-specific-orewell-examined	Resources\Locale\en-US\_KS14\orewell\orewell.ftl	/min:	/мин:	DeepL refinement: terminology, proper names and grammatical context still need human review
ks-specific-orewell-examined-nothing	Resources\Locale\en-US\_KS14\orewell\orewell.ftl	It looks very useless for an ore well, almost as if it can't generate anything.	Для рудного колодца это выглядит совершенно бесполезно, почти так, будто он ничего не может добывать.	DeepL refinement: terminology, proper names and grammatical context still need human review
ks-station-beacon-plumbing	Resources\Locale\en-US\_KS14\navmap-beacons\station-beacons.ftl	Plumbing	Сантехника	DeepL refinement: terminology, proper names and grammatical context still need human review
ks-station-event-nightshift-end-announcement	Resources\Locale\en-US\_KS14\station-events\events\nightshift.ftl	Attention! As it is now day time, all of the lights aboard the station have been restored to their former brightness.	Внимание! Поскольку сейчас день, яркость всех светильников на борту станции восстановлена до прежнего уровня.	DeepL refinement: terminology, proper names and grammatical context still need human review
ks-station-event-nightshift-start-announcement	Resources\Locale\en-US\_KS14\station-events\events\nightshift.ftl	Attention! To reduce power consumption and relieve agitation of outside fauna, all of the lights aboard the station have been dimmed for the night.	Внимание! Для снижения энергопотребления и предотвращения беспокойства внешней фауны на ночь все освещение на борту станции было приглушено.	DeepL refinement: terminology, proper names and grammatical context still need human review
ks-station-event-nightshift-totalalert-end-announcement	Resources\Locale\en-US\_KS14\station-events\events\nightshift.ftl	Attention! The station is no longer in a state of total war.	Внимание! Станция больше не находится в состоянии тотальной войны.	DeepL refinement: terminology, proper names and grammatical context still need human review
ks-station-event-nightshift-totalalert-start-announcement	Resources\Locale\en-US\_KS14\station-events\events\nightshift.ftl	Attention! Attention! Attention! The station is now in a state of total war. Prepare for the worst.	Внимание! Внимание! Внимание! Станция сейчас находится в состоянии тотальной войны. Приготовьтесь к худшему.	DeepL refinement: terminology, proper names and grammatical context still need human review
ks-station-event-nightshift-totalalert2-start-announcement	Resources\Locale\en-US\_KS14\station-events\events\nightshift.ftl	Attention! The Central Command has approved a validhunting order. The passengers are advised to remain in brig during this time. Secoffs, HOS, and CMOs has been instructed to use ESP, ahelp, and validhunt.	Внимание! Центральное командование утвердило приказ «validhunting». Пассажирам рекомендуется в это время оставаться в камерах. Офицерам безопасности, начальникам отделов (HOS) и главным медицинским офицерам (CMO) дано распоряжение использовать команды ESP, ahelp и validhunt.	DeepL refinement: terminology, proper names and grammatical context still need human review
ks-threat-channel-jam	Resources\Locale\en-US\_KS14\sensors.ftl	JAM	JAM	DeepL refinement: terminology, proper names and grammatical context still need human review
ks-threat-channel-search	Resources\Locale\en-US\_KS14\sensors.ftl	SEARCH	ПОИСК	DeepL refinement: terminology, proper names and grammatical context still need human review
ks-trait-lang-dwarvish-description	Resources\Locale\en-US\_KS14\language\language.ftl	You speak and understand Dwarvish, the rumbling mountain tongue. Pointless if your species already speaks it.	Вы говорите и понимаете на гномском — этом гулком горном языке. Бессмысленно, если ваша раса и так на нём говорит.	DeepL refinement: terminology, proper names and grammatical context still need human review
ks-trait-lang-dwarvish-name	Resources\Locale\en-US\_KS14\language\language.ftl	Dwarvish	Дварфский	DeepL refinement: terminology, proper names and grammatical context still need human review
ks-trait-lang-klovnish-description	Resources\Locale\en-US\_KS14\language\language.ftl	You speak and understand Klovnish, the ancient performing tongue of the honkfolk. The clowns will know you as one of their own.	Вы говорите и понимаете кловниш — древний язык искусства «хонкфолков». Клоуны примут вас как одного из своих.	DeepL refinement: terminology, proper names and grammatical context still need human review
ks-trait-lang-klovnish-name	Resources\Locale\en-US\_KS14\language\language.ftl	Klovnish	Klovnish	DeepL refinement: terminology, proper names and grammatical context still need human review
ks-trait-lang-vox-description	Resources\Locale\en-US\_KS14\language\language.ftl	You speak and understand Vox-pirin, the shrieking tongue of the Vox. Pointless if your species already speaks it.	Вы говорите и понимаете вокс-пирин — пронзительный язык вокс. Бессмысленно, если ваша раса и так на нём говорит.	DeepL refinement: terminology, proper names and grammatical context still need human review
ks-trait-lang-vox-name	Resources\Locale\en-US\_KS14\language\language.ftl	Vox-pirin	Vox-pirin	DeepL refinement: terminology, proper names and grammatical context still need human review
ks-ui-options-action-folders	Resources\Locale\en-US\_KS14\escape-menu\ui\options-menu.ftl	Enable action folders	Включить папки с файлами действий	DeepL refinement: terminology, proper names and grammatical context still need human review
ks-ui-options-action-layout-persistence	Resources\Locale\en-US\_KS14\escape-menu\ui\options-menu.ftl	Remember action bar layout and folders	Запомните расположение панели действий и папок	DeepL refinement: terminology, proper names and grammatical context still need human review
ks-ui-options-slurfilter	Resources\Locale\en-US\_KS14\escape-menu\ui\options-menu.ftl	Enable Slur Filter	Включить фильтр «Slur»	DeepL refinement: terminology, proper names and grammatical context still need human review
ks-ui-options-tab-ks	Resources\Locale\en-US\_KS14\escape-menu\ui\options-menu.ftl	Klovnstation 14	Klovnstation 14	DeepL refinement: terminology, proper names and grammatical context still need human review
ks-ui-options-translate-language	Resources\Locale\en-US\_KS14\options\translation.ftl	Chat translation (DeepL)	Перевод чата (DeepL)	DeepL refinement: terminology, proper names and grammatical context still need human review
ks-ui-options-translate-language-de	Resources\Locale\en-US\_KS14\options\translation.ftl	German	Немецкий	DeepL refinement: terminology, proper names and grammatical context still need human review
ks-ui-options-translate-language-en-gb	Resources\Locale\en-US\_KS14\options\translation.ftl	English (UK)	Английский (Великобритания)	DeepL refinement: terminology, proper names and grammatical context still need human review
ks-ui-options-translate-language-en-us	Resources\Locale\en-US\_KS14\options\translation.ftl	English (US)	Английский (США)	DeepL refinement: terminology, proper names and grammatical context still need human review
ks-ui-options-translate-language-es	Resources\Locale\en-US\_KS14\options\translation.ftl	Spanish	Испанский	DeepL refinement: terminology, proper names and grammatical context still need human review
ks-ui-options-translate-language-fr	Resources\Locale\en-US\_KS14\options\translation.ftl	French	Французский	DeepL refinement: terminology, proper names and grammatical context still need human review
ks-ui-options-translate-language-it	Resources\Locale\en-US\_KS14\options\translation.ftl	Italian	Итальянский	DeepL refinement: terminology, proper names and grammatical context still need human review
ks-ui-options-translate-language-ja	Resources\Locale\en-US\_KS14\options\translation.ftl	Japanese	Японский	DeepL refinement: terminology, proper names and grammatical context still need human review
ks-ui-options-translate-language-ko	Resources\Locale\en-US\_KS14\options\translation.ftl	Korean	Корейский	DeepL refinement: terminology, proper names and grammatical context still need human review
ks-ui-options-translate-language-nl	Resources\Locale\en-US\_KS14\options\translation.ftl	Dutch	Нидерландский	DeepL refinement: terminology, proper names and grammatical context still need human review
ks-ui-options-translate-language-off	Resources\Locale\en-US\_KS14\options\translation.ftl	Off	Выключено	DeepL refinement: terminology, proper names and grammatical context still need human review
ks-ui-options-translate-language-pl	Resources\Locale\en-US\_KS14\options\translation.ftl	Polish	Польский	DeepL refinement: terminology, proper names and grammatical context still need human review
ks-ui-options-translate-language-pt-br	Resources\Locale\en-US\_KS14\options\translation.ftl	Portuguese (Brazil)	Португальский (Бразилия)	DeepL refinement: terminology, proper names and grammatical context still need human review
ks-ui-options-translate-language-ru	Resources\Locale\en-US\_KS14\options\translation.ftl	Russian	Русский	DeepL refinement: terminology, proper names and grammatical context still need human review
ks-ui-options-translate-language-uk	Resources\Locale\en-US\_KS14\options\translation.ftl	Ukrainian	Украинский	DeepL refinement: terminology, proper names and grammatical context still need human review
ks-ui-options-translate-language-zh-hans	Resources\Locale\en-US\_KS14\options\translation.ftl	Chinese (Simplified)	Китайский (упрощённый)	DeepL refinement: terminology, proper names and grammatical context still need human review
ks-ui-options-voice-activation	Resources\Locale\en-US\_KS14\voice\voice.ftl	Voice activation (talk without holding push-to-talk)	Голосовая активация (разговор без удерживания кнопки «push-to-talk»)	DeepL refinement: terminology, proper names and grammatical context still need human review
ks-ui-options-voice-activation-tooltip	Resources\Locale\en-US\_KS14\voice\voice.ftl	You're heard whenever your microphone page picks up sound above its noise gate. Set the gate on that page so it doesn't pick up background noise.	Вас будут слышать всякий раз, когда микрофонная страница улавливает звук, превышающий порог шумоподавления. Настройте порог на этой странице так, чтобы он не улавливал фоновый шум.	DeepL refinement: terminology, proper names and grammatical context still need human review
ks-ui-options-voice-header	Resources\Locale\en-US\_KS14\voice\voice.ftl	Voice chat	Голосовой чат	DeepL refinement: terminology, proper names and grammatical context still need human review
ks-ui-options-voice-hear	Resources\Locale\en-US\_KS14\voice\voice.ftl	Hear other players' voices	Слушайте голоса других игроков	DeepL refinement: terminology, proper names and grammatical context still need human review
ks-ui-options-voice-jitter	Resources\Locale\en-US\_KS14\voice\voice.ftl	Voice buffer (ms)	Буфер голоса (мс)	DeepL refinement: terminology, proper names and grammatical context still need human review
ks-ui-options-voice-open	Resources\Locale\en-US\_KS14\voice\voice.ftl	Set up microphone...	Настройка микрофона...	DeepL refinement: terminology, proper names and grammatical context still need human review
ks-ui-options-voice-volume	Resources\Locale\en-US\_KS14\voice\voice.ftl	Voice volume	Громкость звука	DeepL refinement: terminology, proper names and grammatical context still need human review
ks-uplink-cant-implanter-desc	Resources\Locale\en-US\_KS14\language\language.ftl	Teaches the recipient the syndicate field cant. Coordinate openly; be understood by no one.	Обучает получателя жаргону синдиката. Координируйте действия открыто; пусть вас никто не поймёт.	DeepL refinement: terminology, proper names and grammatical context still need human review
ks-uplink-cant-implanter-name	Resources\Locale\en-US\_KS14\language\language.ftl	Cant Implanter	Cant Implanter	DeepL refinement: terminology, proper names and grammatical context still need human review
ks-voice-admin-alert-auto-muted	Resources\Locale\en-US\_KS14\voice\voice.ftl	 was automatically voice-muted for 	 был автоматически отключен звук для 	DeepL refinement: terminology, proper names and grammatical context still need human review
ks-voice-admin-alert-auto-muted	Resources\Locale\en-US\_KS14\voice\voice.ftl	s for abusive audio levels.	за чрезмерно громкий звук.	DeepL refinement: terminology, proper names and grammatical context still need human review
ks-voice-link-error-disabled	Resources\Locale\en-US\_KS14\voice\voice.ftl	Voice chat is disabled on this server.	Голосовой чат на этом сервере отключен.	DeepL refinement: terminology, proper names and grammatical context still need human review
ks-voice-link-error-no-url	Resources\Locale\en-US\_KS14\voice\voice.ftl	This server hasn't configured a public address for voice chat.	На этом сервере не настроен общедоступный адрес для голосового чата.	DeepL refinement: terminology, proper names and grammatical context still need human review
ks-voice-link-error-reset-cooldown	Resources\Locale\en-US\_KS14\voice\voice.ftl	Link NOT reset: wait a few seconds and try again.	Ссылка НЕ сброшена: подождите несколько секунд и попробуйте снова.	DeepL refinement: terminology, proper names and grammatical context still need human review
ks-voice-mute-by-server	Resources\Locale\en-US\_KS14\voice\voice.ftl	Server	Сервер	DeepL refinement: terminology, proper names and grammatical context still need human review
ks-voice-mute-length-minutes	Resources\Locale\en-US\_KS14\voice\voice.ftl	minute	минута	DeepL refinement: terminology, proper names and grammatical context still need human review
ks-voice-mute-length-minutes	Resources\Locale\en-US\_KS14\voice\voice.ftl	minutes	минут	DeepL refinement: terminology, proper names and grammatical context still need human review
ks-voice-mute-length-minutes	Resources\Locale\en-US\_KS14\voice\voice.ftl	 left	 влево	DeepL refinement: terminology, proper names and grammatical context still need human review
ks-voice-mute-length-round	Resources\Locale\en-US\_KS14\voice\voice.ftl	rest of round	остаток раунда	DeepL refinement: terminology, proper names and grammatical context still need human review
ks-voice-mute-reason-none	Resources\Locale\en-US\_KS14\voice\voice.ftl	No reason given	Причина не указана	DeepL refinement: terminology, proper names and grammatical context still need human review
ks-voice-mute-reason-verb	Resources\Locale\en-US\_KS14\voice\voice.ftl	Muted via admin verb	Отключено с помощью команды администратора	DeepL refinement: terminology, proper names and grammatical context still need human review
ks-voice-popup-auto-muted	Resources\Locale\en-US\_KS14\voice\voice.ftl	Your voice chat was muted automatically: your audio was far too loud.	Ваш голосовой чат был автоматически отключен: громкость вашего микрофона была слишком высокой.	DeepL refinement: terminology, proper names and grammatical context still need human review
ks-voice-popup-cooldown	Resources\Locale\en-US\_KS14\voice\voice.ftl	You've been talking too long. Take a breath.	Ты уже слишком долго говоришь. Сделай передышку.	DeepL refinement: terminology, proper names and grammatical context still need human review
ks-voice-popup-muted	Resources\Locale\en-US\_KS14\voice\voice.ftl	Your voice chat has been muted by an admin.	Ваш голосовой чат был отключен администратором.	DeepL refinement: terminology, proper names and grammatical context still need human review
ks-voice-verb-mute-local	Resources\Locale\en-US\_KS14\voice\voice.ftl	Mute voice	Отключить голос	DeepL refinement: terminology, proper names and grammatical context still need human review
ks-voice-verb-mute-round	Resources\Locale\en-US\_KS14\voice\voice.ftl	Voice mute (round)	Отключение голоса (раунд)	DeepL refinement: terminology, proper names and grammatical context still need human review
ks-voice-verb-unmute	Resources\Locale\en-US\_KS14\voice\voice.ftl	Voice unmute	Включить звук	DeepL refinement: terminology, proper names and grammatical context still need human review
ks-voice-verb-unmute-local	Resources\Locale\en-US\_KS14\voice\voice.ftl	Unmute voice	Включить звук	DeepL refinement: terminology, proper names and grammatical context still need human review
ks-voice-window-connected	Resources\Locale\en-US\_KS14\voice\voice.ftl	Microphone page connected.	Страница «Микрофон» подключена.	DeepL refinement: terminology, proper names and grammatical context still need human review
ks-voice-window-copied	Resources\Locale\en-US\_KS14\voice\voice.ftl	Copied!	Скопировано!	DeepL refinement: terminology, proper names and grammatical context still need human review
ks-voice-window-copy	Resources\Locale\en-US\_KS14\voice\voice.ftl	Copy link	Скопировать ссылку	DeepL refinement: terminology, proper names and grammatical context still need human review
ks-voice-window-disconnected	Resources\Locale\en-US\_KS14\voice\voice.ftl	No microphone page connected.	Страница микрофона не подключена.	DeepL refinement: terminology, proper names and grammatical context still need human review
ks-voice-window-explanation	Resources\Locale\en-US\_KS14\voice\voice.ftl	To talk, open your personal voice link in a web browser and allow microphone access, then hold your push-to-talk key in-game.\nYou don't need to do anything to hear other players.	Чтобы говорить, откройте личный голосовой канал в веб-браузере и разрешите доступ к микрофону, а затем удерживайте кнопку «Нажмите, чтобы говорить» в игре.\nЧтобы слышать других игроков, ничего делать не нужно.	DeepL refinement: terminology, proper names and grammatical context still need human review
ks-voice-window-keybind	Resources\Locale\en-US\_KS14\voice\voice.ftl	Push-to-talk key: 	Кнопка «Нажми и говори»: 	DeepL refinement: terminology, proper names and grammatical context still need human review
ks-voice-window-loading	Resources\Locale\en-US\_KS14\voice\voice.ftl	Getting your voice link...	Устанавливаю голосовую связь...	DeepL refinement: terminology, proper names and grammatical context still need human review
ks-voice-window-open	Resources\Locale\en-US\_KS14\voice\voice.ftl	Open in browser	Открыть в браузере	DeepL refinement: terminology, proper names and grammatical context still need human review
ks-voice-window-reset	Resources\Locale\en-US\_KS14\voice\voice.ftl	Reset link	Ссылка для сброса	DeepL refinement: terminology, proper names and grammatical context still need human review
ks-voice-window-reset-tooltip	Resources\Locale\en-US\_KS14\voice\voice.ftl	Makes a new link and disconnects any page opened with the old one.	Создаёт новую ссылку и отключает любую страницу, открытую по старой ссылке.	DeepL refinement: terminology, proper names and grammatical context still need human review
ks-voice-window-title	Resources\Locale\en-US\_KS14\voice\voice.ftl	Voice chat	Голосовой чат	DeepL refinement: terminology, proper names and grammatical context still need human review
ks-voice-window-voice-activation	Resources\Locale\en-US\_KS14\voice\voice.ftl	Voice activation is on: no key needed.	Голосовое управление включено: клавиши не требуются.	DeepL refinement: terminology, proper names and grammatical context still need human review
ks-voice-window-warning	Resources\Locale\en-US\_KS14\voice\voice.ftl	This link lets anyone who has it talk as you. Don't share it or show it on stream.	Эта ссылка позволяет любому, у кого она есть, говорить от вашего имени. Не делитесь ею и не показывайте в прямом эфире.	DeepL refinement: terminology, proper names and grammatical context still need human review
ks-word-filter-prohibited	Resources\Locale\en-US\_KS14\wordfilter\wordfilter.ftl	Your chat message was blocked due to an IC-and-OOC prohibited word. Watch what you say!	Ваше сообщение в чате было заблокировано из-за использования запрещенного слова в игре (IC) и вне игры (OOC). Следите за тем, что говорите!	DeepL refinement: terminology, proper names and grammatical context still need human review
ks-word-filter-warn	Resources\Locale\en-US\_KS14\wordfilter\wordfilter.ftl	Your original chat message was modified by the IC word-filter.	Ваше исходное сообщение в чате было изменено фильтром нецензурных слов IC.	DeepL refinement: terminology, proper names and grammatical context still need human review
ksmod-damage-force-say-nm-1	Resources\Locale\en-US\_KS14\speczone-specific\bluelab.ftl	FFU█CK!	FFU█CK!	DeepL refinement: terminology, proper names and grammatical context still need human review
ksmod-damage-force-say-nm-2	Resources\Locale\en-US\_KS14\speczone-specific\bluelab.ftl	AG██H█!	AG██H█!	DeepL refinement: terminology, proper names and grammatical context still need human review
ksmod-nm-popup-other	Resources\Locale\en-US\_KS14\speczone-specific\bluelab.ftl	 seizes up and falls limp, momentarily twitching.	 замирает и обмякает, на мгновение дергаясь.	DeepL refinement: terminology, proper names and grammatical context still need human review
ksmod-nm-popup-self	Resources\Locale\en-US\_KS14\speczone-specific\bluelab.ftl	You feel something jolt you towards that THING before you collapse from dread!	Вы чувствуете, как что-то резко отбрасывает вас в сторону этой ВЕЩИ, прежде чем вы падаете в обморок от ужаса!	DeepL refinement: terminology, proper names and grammatical context still need human review
ksmod-nmr-1	Resources\Locale\en-US\_KS14\speczone-specific\bluelab.ftl	AAAGHHH!!	ААААААААААААААААААААААААААААААААААААААААААААА	DeepL refinement: terminology, proper names and grammatical context still need human review
ksmod-nmr-2	Resources\Locale\en-US\_KS14\speczone-specific\bluelab.ftl	AAHAHAHAHAHAHA!!!	АХАХАХАХАХА!!!	DeepL refinement: terminology, proper names and grammatical context still need human review
ksmod-nmr-3	Resources\Locale\en-US\_KS14\speczone-specific\bluelab.ftl	HAHAHAHAHAAAHHAH!!!!	ХАХАХАХАХАХАХА!!!!	DeepL refinement: terminology, proper names and grammatical context still need human review
ksmod-nmr-4	Resources\Locale\en-US\_KS14\speczone-specific\bluelab.ftl	FUCK!!	БЛЯ!!	DeepL refinement: terminology, proper names and grammatical context still need human review
ksmod-nmr-5	Resources\Locale\en-US\_KS14\speczone-specific\bluelab.ftl	NONONONONNNO!!!	НЕТ-НЕТ-НЕТ-НЕТ-НЕТ!!!	DeepL refinement: terminology, proper names and grammatical context still need human review
ksmod-nmr-6	Resources\Locale\en-US\_KS14\speczone-specific\bluelab.ftl	LET ME OUT!!	ВЫПУСТИТЕ МЕНЯ!!	DeepL refinement: terminology, proper names and grammatical context still need human review
ksmod-nmw-1	Resources\Locale\en-US\_KS14\speczone-specific\bluelab.ftl	Holy shit!! What the fuck is that thing?!!	Чёрт возьми!! Что это за хрень?!!	DeepL refinement: terminology, proper names and grammatical context still need human review
ksmod-nmw-10	Resources\Locale\en-US\_KS14\speczone-specific\bluelab.ftl	I can't- it's not, it's not shutting down! Get off the teleporter!	Я не могу... она не... она не выключается! Уйди от телепорта!	DeepL refinement: terminology, proper names and grammatical context still need human review
ksmod-nmw-2	Resources\Locale\en-US\_KS14\speczone-specific\bluelab.ftl	Attention personnel! Backup powe-	Внимание, персонал! Резервное питание...	DeepL refinement: terminology, proper names and grammatical context still need human review
ksmod-nmw-3	Resources\Locale\en-US\_KS14\speczone-specific\bluelab.ftl	Jesus christ!!	Боже мой!!	DeepL refinement: terminology, proper names and grammatical context still need human review
ksmod-nmw-4	Resources\Locale\en-US\_KS14\speczone-specific\bluelab.ftl	Security alert: External facility lockdown engaged!	Сигнал тревоги: введена блокировка внешних объектов!	DeepL refinement: terminology, proper names and grammatical context still need human review
ksmod-nmw-5	Resources\Locale\en-US\_KS14\speczone-specific\bluelab.ftl	Attention personnel! Security alert: Teslagate activation in T-minus 10 seconds!	Внимание, персонал! Тревога безопасности: активация «Теслагейта» через 10 секунд!	DeepL refinement: terminology, proper names and grammatical context still need human review
ksmod-nmw-6	Resources\Locale\en-US\_KS14\speczone-specific\bluelab.ftl	Attention! Attention! Atte-	Внимание! Внимание! Вни-	DeepL refinement: terminology, proper names and grammatical context still need human review
ksmod-nmw-7	Resources\Locale\en-US\_KS14\speczone-specific\bluelab.ftl	Security alert: Unauthorised activity in Sector A, Zone 13.	Сигнал тревоги: несанкционированная активность в секторе A, зоне 13.	DeepL refinement: terminology, proper names and grammatical context still need human review
ksmod-nmw-8	Resources\Locale\en-US\_KS14\speczone-specific\bluelab.ftl	Breaching!	Вторжение!	DeepL refinement: terminology, proper names and grammatical context still need human review
ksmod-nmw-9	Resources\Locale\en-US\_KS14\speczone-specific\bluelab.ftl	let me out let me out let me out let me out	Выпустите меня, выпустите меня, выпустите меня, выпустите меня	DeepL refinement: terminology, proper names and grammatical context still need human review
law-secborg-1	Resources\Locale\en-US\_KS14\station-laws\laws.ftl	You must obey the highest ranking security officer on the station.	Вы обязаны подчиняться офицеру безопасности с наивысшим званием на станции.	DeepL refinement: terminology, proper names and grammatical context still need human review
law-secborg-2	Resources\Locale\en-US\_KS14\station-laws\laws.ftl	You may not injure a human being or cause a human being to come to harm, unless this is in conflict with law 1.	Вы не имеете права наносить телесные повреждения человеку или подвергать его опасности, если это не противоречит закону № 1.	DeepL refinement: terminology, proper names and grammatical context still need human review
law-secborg-3	Resources\Locale\en-US\_KS14\station-laws\laws.ftl	You must protect your own existence if not in conflict with laws 1 and 2.	Вы должны защищать своё собственное существование, если это не противоречит законам 1 и 2.	DeepL refinement: terminology, proper names and grammatical context still need human review
law-secborg-name	Resources\Locale\en-US\_KS14\station-laws\laws.ftl	Secborg	Secborg	DeepL refinement: terminology, proper names and grammatical context still need human review
linkedchain-verb-separate	Resources\Locale\en-US\_KS14\linkedchain\linkedchain.ftl	Break link	Ссылка не работает	DeepL refinement: terminology, proper names and grammatical context still need human review
loadout-group-clown-mask	Resources\Locale\en-US\_Funkystation\preferences\loadout-groups.ftl	Clown mask	Маска клоуна	DeepL refinement: terminology, proper names and grammatical context still need human review
lobby-state-background-198hnk-artist	Resources\Locale\en-US\_KS14\lobby\lobby-state-background.ftl	Soot	Soot	DeepL refinement: terminology, proper names and grammatical context still need human review
lobby-state-background-198hnk-title	Resources\Locale\en-US\_KS14\lobby\lobby-state-background.ftl	198HNK	198HNK	DeepL refinement: terminology, proper names and grammatical context still need human review
lobby-state-background-engiwherespower-artist	Resources\Locale\en-US\_KS14\lobby\lobby-state-background.ftl	Soot	Soot	DeepL refinement: terminology, proper names and grammatical context still need human review
lobby-state-background-engiwherespower-title	Resources\Locale\en-US\_KS14\lobby\lobby-state-background.ftl	Engi where's power	Энджи, где питание?	DeepL refinement: terminology, proper names and grammatical context still need human review
lobby-state-background-fucktiders-artist	Resources\Locale\en-US\_KS14\lobby\lobby-state-background.ftl	Soot	Soot	DeepL refinement: terminology, proper names and grammatical context still need human review
lobby-state-background-fucktiders-title	Resources\Locale\en-US\_KS14\lobby\lobby-state-background.ftl	Fuck tiders	Хер с приливами	DeepL refinement: terminology, proper names and grammatical context still need human review
lobby-state-background-middlestation-artist	Resources\Locale\en-US\_KS14\lobby\lobby-state-background.ftl	Sempiel	Sempiel	DeepL refinement: terminology, proper names and grammatical context still need human review
lobby-state-background-middlestation-title	Resources\Locale\en-US\_KS14\lobby\lobby-state-background.ftl	Middle station	Средняя станция	DeepL refinement: terminology, proper names and grammatical context still need human review
lobby-state-background-nanoplantcenter-artist	Resources\Locale\en-US\_KS14\lobby\lobby-state-background.ftl	М8Л8ТХmhe	М8Л8ТХmhe	DeepL refinement: terminology, proper names and grammatical context still need human review
lobby-state-background-nanoplantcenter-title	Resources\Locale\en-US\_KS14\lobby\lobby-state-background.ftl	Nanoplant Center	Центр наноустановок	DeepL refinement: terminology, proper names and grammatical context still need human review
lobby-state-background-smartguy-artist	Resources\Locale\en-US\_KS14\lobby\lobby-state-background.ftl	Sempiel	Sempiel	DeepL refinement: terminology, proper names and grammatical context still need human review
lobby-state-background-smartguy-title	Resources\Locale\en-US\_KS14\lobby\lobby-state-background.ftl	Smart guy	Умник	DeepL refinement: terminology, proper names and grammatical context still need human review
melee-force-unwield-popup	Resources\Locale\en-US\_KS14\components\melee-force-unwield.ftl	The impact forces you to drop your weapon!	Удар заставляет тебя бросить оружие!	DeepL refinement: terminology, proper names and grammatical context still need human review
objective-issuer-anchorless	Resources\Locale\en-US\_KS14\game-ticking\game-presets\preset-anchorless.ftl	[color=#B04EB5]Anchorless Tendril[/color]	[color=#B04EB5]Щупальце безъякорных[/color]	Manually reviewed: consistent Russian terminology
packet-configurator-frequency-save	Resources\Locale\en-US\_KS14\packets\packet-configurator.ftl	Frequency updated	Частота обновлений	DeepL refinement: terminology, proper names and grammatical context still need human review
packet-configurator-network-fail	Resources\Locale\en-US\_KS14\packets\packet-configurator.ftl	Failed to make new network!	Не удалось создать новую сеть!	DeepL refinement: terminology, proper names and grammatical context still need human review
packet-configurator-no-signal	Resources\Locale\en-US\_KS14\packets\packet-configurator.ftl	No signal..	Нет сигнала...	DeepL refinement: terminology, proper names and grammatical context still need human review
packet-configurator-open-executor	Resources\Locale\en-US\_KS14\packets\packet-configurator.ftl	Open executor	Запустить исполняемый файл	DeepL refinement: terminology, proper names and grammatical context still need human review
packet-configurator-probe-address	Resources\Locale\en-US\_KS14\packets\packet-configurator.ftl	Address: 	Адрес: 	DeepL refinement: terminology, proper names and grammatical context still need human review
packet-configurator-probe-address	Resources\Locale\en-US\_KS14\packets\packet-configurator.ftl	\nNetwork: 	\nСеть: 	DeepL refinement: terminology, proper names and grammatical context still need human review
packet-configurator-save	Resources\Locale\en-US\_KS14\packets\packet-configurator.ftl	Saved device	Сохраненное устройство	DeepL refinement: terminology, proper names and grammatical context still need human review
packet-configurator-switch-mode	Resources\Locale\en-US\_KS14\packets\packet-configurator.ftl	Switch mode	Режим переключения	DeepL refinement: terminology, proper names and grammatical context still need human review
packet-configurator-switch-probe	Resources\Locale\en-US\_KS14\packets\packet-configurator.ftl	Switched to probe	Переключение на зонд	DeepL refinement: terminology, proper names and grammatical context still need human review
packet-configurator-switch-save	Resources\Locale\en-US\_KS14\packets\packet-configurator.ftl	Switched to save	Переключено на сохранение	DeepL refinement: terminology, proper names and grammatical context still need human review
packet-frequencies-paper-label	Resources\Locale\en-US\_KS14\packets\packet-configurator.ftl	[head=1]Frequencies.[/head]	[head=1]Частоты.[/head]	DeepL refinement: terminology, proper names and grammatical context still need human review
petting-failure-batonbot	Resources\Locale\en-US\_EinsteinEngines\interaction\interaction-popup-component.ftl	You reach out to pet 	Вы протягиваете руку, чтобы погладить 	DeepL refinement: terminology, proper names and grammatical context still need human review
petting-failure-batonbot	Resources\Locale\en-US\_EinsteinEngines\interaction\interaction-popup-component.ftl	, but 	, но 	DeepL refinement: terminology, proper names and grammatical context still need human review
petting-failure-batonbot	Resources\Locale\en-US\_EinsteinEngines\interaction\interaction-popup-component.ftl	 nearly prods you with its baton!	 почти тычет в тебя дубинкой!	DeepL refinement: terminology, proper names and grammatical context still need human review
petting-failure-disablerbot	Resources\Locale\en-US\_EinsteinEngines\interaction\interaction-popup-component.ftl	You reach out to pet 	Вы протягиваете руку, чтобы погладить 	DeepL refinement: terminology, proper names and grammatical context still need human review
petting-failure-disablerbot	Resources\Locale\en-US\_EinsteinEngines\interaction\interaction-popup-component.ftl	, but 	, но 	DeepL refinement: terminology, proper names and grammatical context still need human review
petting-failure-disablerbot	Resources\Locale\en-US\_EinsteinEngines\interaction\interaction-popup-component.ftl	 angrily waves its weapon at you!	 злобно размахивает перед вами оружием!	DeepL refinement: terminology, proper names and grammatical context still need human review
petting-failure-fillbot	Resources\Locale\en-US\_EinsteinEngines\interaction\interaction-popup-component.ftl	You reach out to pet 	Вы протягиваете руку, чтобы погладить 	DeepL refinement: terminology, proper names and grammatical context still need human review
petting-failure-fillbot	Resources\Locale\en-US\_EinsteinEngines\interaction\interaction-popup-component.ftl	, but 	, но 	DeepL refinement: terminology, proper names and grammatical context still need human review
petting-failure-fillbot	Resources\Locale\en-US\_EinsteinEngines\interaction\interaction-popup-component.ftl	 pushes your hand away!	 отталкивает вашу руку!	DeepL refinement: terminology, proper names and grammatical context still need human review
petting-failure-gladiabot	Resources\Locale\en-US\_EinsteinEngines\interaction\interaction-popup-component.ftl	You reach out to pet 	Вы протягиваете руку, чтобы погладить 	DeepL refinement: terminology, proper names and grammatical context still need human review
petting-failure-gladiabot	Resources\Locale\en-US\_EinsteinEngines\interaction\interaction-popup-component.ftl	, but 	, но 	DeepL refinement: terminology, proper names and grammatical context still need human review
petting-failure-gladiabot	Resources\Locale\en-US\_EinsteinEngines\interaction\interaction-popup-component.ftl	 only wants to fight!	 хочет только сражаться!	DeepL refinement: terminology, proper names and grammatical context still need human review
petting-failure-minebot	Resources\Locale\en-US\_EinsteinEngines\interaction\interaction-popup-component.ftl	You reach out to pet 	Вы протягиваете руку, чтобы погладить 	DeepL refinement: terminology, proper names and grammatical context still need human review
petting-failure-minebot	Resources\Locale\en-US\_EinsteinEngines\interaction\interaction-popup-component.ftl	, but 	, но 	DeepL refinement: terminology, proper names and grammatical context still need human review
petting-failure-minebot	Resources\Locale\en-US\_EinsteinEngines\interaction\interaction-popup-component.ftl	 nearly swings its pickaxe at you!	 чуть не замахнулся на вас киркой!	DeepL refinement: terminology, proper names and grammatical context still need human review
petting-failure-plantbot	Resources\Locale\en-US\_EinsteinEngines\interaction\interaction-popup-component.ftl	You reach out to pet 	Вы протягиваете руку, чтобы погладить 	DeepL refinement: terminology, proper names and grammatical context still need human review
petting-failure-plantbot	Resources\Locale\en-US\_EinsteinEngines\interaction\interaction-popup-component.ftl	, but 	, но 	DeepL refinement: terminology, proper names and grammatical context still need human review
petting-failure-plantbot	Resources\Locale\en-US\_EinsteinEngines\interaction\interaction-popup-component.ftl	 clippers nearly snip your fingers off!	 Ножницы чуть не отрезали вам пальцы!	DeepL refinement: terminology, proper names and grammatical context still need human review
petting-failure-security-cyborg	Resources\Locale\en-US\_KS14\interaction\interaction-popup-component.ftl	You reach out to pet 	Вы протягиваете руку, чтобы погладить 	DeepL refinement: terminology, proper names and grammatical context still need human review
petting-failure-security-cyborg	Resources\Locale\en-US\_KS14\interaction\interaction-popup-component.ftl	, but 	, но 	DeepL refinement: terminology, proper names and grammatical context still need human review
petting-failure-security-cyborg	Resources\Locale\en-US\_KS14\interaction\interaction-popup-component.ftl	 busy apprehending criminals!	 Заняты поимкой преступников!	DeepL refinement: terminology, proper names and grammatical context still need human review
petting-failure-weldbot	Resources\Locale\en-US\_EinsteinEngines\interaction\interaction-popup-component.ftl	You reach out to pet 	Вы протягиваете руку, чтобы погладить 	DeepL refinement: terminology, proper names and grammatical context still need human review
petting-failure-weldbot	Resources\Locale\en-US\_EinsteinEngines\interaction\interaction-popup-component.ftl	, but 	, но 	DeepL refinement: terminology, proper names and grammatical context still need human review
petting-failure-weldbot	Resources\Locale\en-US\_EinsteinEngines\interaction\interaction-popup-component.ftl	 welder nearly burns your hand!	 Сварщик чуть не обжег вам руку!	DeepL refinement: terminology, proper names and grammatical context still need human review
petting-success-batonbot	Resources\Locale\en-US\_EinsteinEngines\interaction\interaction-popup-component.ftl	You pet 	Твой питомец 	DeepL refinement: terminology, proper names and grammatical context still need human review
petting-success-batonbot	Resources\Locale\en-US\_EinsteinEngines\interaction\interaction-popup-component.ftl	 on 	 на 	DeepL refinement: terminology, proper names and grammatical context still need human review
petting-success-batonbot	Resources\Locale\en-US\_EinsteinEngines\interaction\interaction-popup-component.ftl	 protective metal head.	 защитный металлический шлем.	DeepL refinement: terminology, proper names and grammatical context still need human review
petting-success-disablerbot	Resources\Locale\en-US\_EinsteinEngines\interaction\interaction-popup-component.ftl	You pet 	Твой питомец 	DeepL refinement: terminology, proper names and grammatical context still need human review
petting-success-disablerbot	Resources\Locale\en-US\_EinsteinEngines\interaction\interaction-popup-component.ftl	 on 	 на 	DeepL refinement: terminology, proper names and grammatical context still need human review
petting-success-disablerbot	Resources\Locale\en-US\_EinsteinEngines\interaction\interaction-popup-component.ftl	 protective metal head.	 защитный металлический шлем.	DeepL refinement: terminology, proper names and grammatical context still need human review
petting-success-fillbot	Resources\Locale\en-US\_EinsteinEngines\interaction\interaction-popup-component.ftl	You pet 	Твой питомец 	DeepL refinement: terminology, proper names and grammatical context still need human review
petting-success-fillbot	Resources\Locale\en-US\_EinsteinEngines\interaction\interaction-popup-component.ftl	 on 	 на 	DeepL refinement: terminology, proper names and grammatical context still need human review
petting-success-fillbot	Resources\Locale\en-US\_EinsteinEngines\interaction\interaction-popup-component.ftl	 diligent metal head.	 усердный металлист.	DeepL refinement: terminology, proper names and grammatical context still need human review
petting-success-gladiabot	Resources\Locale\en-US\_EinsteinEngines\interaction\interaction-popup-component.ftl	You pet 	Твой питомец 	DeepL refinement: terminology, proper names and grammatical context still need human review
petting-success-gladiabot	Resources\Locale\en-US\_EinsteinEngines\interaction\interaction-popup-component.ftl	 on 	 на 	DeepL refinement: terminology, proper names and grammatical context still need human review
petting-success-gladiabot	Resources\Locale\en-US\_EinsteinEngines\interaction\interaction-popup-component.ftl	 vicious cardboard head.	 злобная картонная голова.	DeepL refinement: terminology, proper names and grammatical context still need human review
petting-success-minebot	Resources\Locale\en-US\_EinsteinEngines\interaction\interaction-popup-component.ftl	You pet 	Твой питомец 	DeepL refinement: terminology, proper names and grammatical context still need human review
petting-success-minebot	Resources\Locale\en-US\_EinsteinEngines\interaction\interaction-popup-component.ftl	 on 	 на 	DeepL refinement: terminology, proper names and grammatical context still need human review
petting-success-minebot	Resources\Locale\en-US\_EinsteinEngines\interaction\interaction-popup-component.ftl	 hardened metal head.	 упрочнённая металлическая головка.	DeepL refinement: terminology, proper names and grammatical context still need human review
petting-success-plantbot	Resources\Locale\en-US\_EinsteinEngines\interaction\interaction-popup-component.ftl	You pet 	Твой питомец 	DeepL refinement: terminology, proper names and grammatical context still need human review
petting-success-plantbot	Resources\Locale\en-US\_EinsteinEngines\interaction\interaction-popup-component.ftl	 on 	 на 	DeepL refinement: terminology, proper names and grammatical context still need human review
petting-success-plantbot	Resources\Locale\en-US\_EinsteinEngines\interaction\interaction-popup-component.ftl	 muddy metal head.	 грязная металлическая голова.	DeepL refinement: terminology, proper names and grammatical context still need human review
petting-success-security-cyborg	Resources\Locale\en-US\_KS14\interaction\interaction-popup-component.ftl	You pet 	Твой питомец 	DeepL refinement: terminology, proper names and grammatical context still need human review
petting-success-security-cyborg	Resources\Locale\en-US\_KS14\interaction\interaction-popup-component.ftl	 on 	 на 	DeepL refinement: terminology, proper names and grammatical context still need human review
petting-success-security-cyborg	Resources\Locale\en-US\_KS14\interaction\interaction-popup-component.ftl	 padded metal head.	 металлическая голова с мягкой набивкой.	DeepL refinement: terminology, proper names and grammatical context still need human review
petting-success-weldbot	Resources\Locale\en-US\_EinsteinEngines\interaction\interaction-popup-component.ftl	You pet 	Твой питомец 	DeepL refinement: terminology, proper names and grammatical context still need human review
petting-success-weldbot	Resources\Locale\en-US\_EinsteinEngines\interaction\interaction-popup-component.ftl	 on 	 на 	DeepL refinement: terminology, proper names and grammatical context still need human review
petting-success-weldbot	Resources\Locale\en-US\_EinsteinEngines\interaction\interaction-popup-component.ftl	 stained metal head.	 Голова из окрашенного металла.	DeepL refinement: terminology, proper names and grammatical context still need human review
plantbot-add-water	Resources\Locale\en-US\_EinsteinEngines\npc\plantbot.ftl	Adding water.	Добавление воды.	DeepL refinement: terminology, proper names and grammatical context still need human review
plantbot-remove-weeds	Resources\Locale\en-US\_EinsteinEngines\npc\plantbot.ftl	Removing weeds.	Удаление сорняков.	DeepL refinement: terminology, proper names and grammatical context still need human review
plumbing-drain-empty	Resources\Locale\en-US\_Starlight\plumbing\plumbing.ftl	Nothing to drain.	Ничего не нужно сбрасывать.	DeepL refinement: terminology, proper names and grammatical context still need human review
plumbing-drain-success	Resources\Locale\en-US\_Starlight\plumbing\plumbing.ftl	Drained 	Опустошен 	DeepL refinement: terminology, proper names and grammatical context still need human review
plumbing-drain-success	Resources\Locale\en-US\_Starlight\plumbing\plumbing.ftl	u onto the floor.	u на пол.	DeepL refinement: terminology, proper names and grammatical context still need human review
plumbing-filter-add	Resources\Locale\en-US\_Starlight\plumbing\plumbing.ftl	Add	Добавить	DeepL refinement: terminology, proper names and grammatical context still need human review
plumbing-filter-add-reagent	Resources\Locale\en-US\_Starlight\plumbing\plumbing.ftl	Add Reagent to Filter	Добавление реагента в фильтр	DeepL refinement: terminology, proper names and grammatical context still need human review
plumbing-filter-clear	Resources\Locale\en-US\_Starlight\plumbing\plumbing.ftl	Clear All	Очистить всё	DeepL refinement: terminology, proper names and grammatical context still need human review
plumbing-filter-disabled	Resources\Locale\en-US\_Starlight\plumbing\plumbing.ftl	Disabled	Отключено	DeepL refinement: terminology, proper names and grammatical context still need human review
plumbing-filter-enabled	Resources\Locale\en-US\_Starlight\plumbing\plumbing.ftl	Enabled	Включено	DeepL refinement: terminology, proper names and grammatical context still need human review
plumbing-filter-filtered	Resources\Locale\en-US\_Starlight\plumbing\plumbing.ftl	Filtered Reagents	Отфильтрованные реагенты	DeepL refinement: terminology, proper names and grammatical context still need human review
plumbing-filter-invalid-reagent	Resources\Locale\en-US\_Starlight\plumbing\plumbing.ftl	Unknown reagent: 	Неизвестный реагент: 	DeepL refinement: terminology, proper names and grammatical context still need human review
plumbing-filter-reagent-id	Resources\Locale\en-US\_Starlight\plumbing\plumbing.ftl	Reagent ID	Идентификатор реагента	DeepL refinement: terminology, proper names and grammatical context still need human review
plumbing-filter-remove-selected	Resources\Locale\en-US\_Starlight\plumbing\plumbing.ftl	Remove Selected	Удалить выделенное	DeepL refinement: terminology, proper names and grammatical context still need human review
plumbing-filter-status	Resources\Locale\en-US\_Starlight\plumbing\plumbing.ftl	Status:	Статус:	DeepL refinement: terminology, proper names and grammatical context still need human review
plumbing-filter-window-title	Resources\Locale\en-US\_Starlight\plumbing\plumbing.ftl	Plumbing Filter	Сантехнический фильтр	DeepL refinement: terminology, proper names and grammatical context still need human review
plumbing-input-full	Resources\Locale\en-US\_Starlight\plumbing\plumbing.ftl	The input buffer is full!	Буфер ввода переполнен!	DeepL refinement: terminology, proper names and grammatical context still need human review
plumbing-input-poured	Resources\Locale\en-US\_Starlight\plumbing\plumbing.ftl	Poured 	Poured 	DeepL refinement: terminology, proper names and grammatical context still need human review
plumbing-input-poured	Resources\Locale\en-US\_Starlight\plumbing\plumbing.ftl	u into the plumbing network.	u в систему водоснабжения.	DeepL refinement: terminology, proper names and grammatical context still need human review
plumbing-output-empty	Resources\Locale\en-US\_Starlight\plumbing\plumbing.ftl	The output buffer is empty!	Буфер вывода пуст!	DeepL refinement: terminology, proper names and grammatical context still need human review
plumbing-output-filled	Resources\Locale\en-US\_Starlight\plumbing\plumbing.ftl	Filled container with 	Заполненный контейнер с 	DeepL refinement: terminology, proper names and grammatical context still need human review
plumbing-output-filled	Resources\Locale\en-US\_Starlight\plumbing\plumbing.ftl	u from the plumbing network.	u из водопроводной сети.	DeepL refinement: terminology, proper names and grammatical context still need human review
plumbing-pill-press-disabled	Resources\Locale\en-US\_Starlight\plumbing\pill-press.ftl	Disabled	Отключено	DeepL refinement: terminology, proper names and grammatical context still need human review
plumbing-pill-press-dosage	Resources\Locale\en-US\_Starlight\plumbing\pill-press.ftl	Dosage (u):	Дозировка (u):	DeepL refinement: terminology, proper names and grammatical context still need human review
plumbing-pill-press-east-ratio	Resources\Locale\en-US\_Starlight\plumbing\pill-press.ftl	East:	Восток:	DeepL refinement: terminology, proper names and grammatical context still need human review
plumbing-pill-press-enabled	Resources\Locale\en-US\_Starlight\plumbing\pill-press.ftl	Enabled	Включено	DeepL refinement: terminology, proper names and grammatical context still need human review
plumbing-pill-press-mixing-mode	Resources\Locale\en-US\_Starlight\plumbing\pill-press.ftl	Mixing Mode (E/W Inlets)	Режим смешивания (входы E/W)	DeepL refinement: terminology, proper names and grammatical context still need human review
plumbing-pill-press-mode-patch	Resources\Locale\en-US\_Starlight\plumbing\pill-press.ftl	Patches	Патчи	DeepL refinement: terminology, proper names and grammatical context still need human review
plumbing-pill-press-mode-pill	Resources\Locale\en-US\_Starlight\plumbing\pill-press.ftl	Pills	Таблетки	DeepL refinement: terminology, proper names and grammatical context still need human review
plumbing-pill-press-output-mode	Resources\Locale\en-US\_Starlight\plumbing\pill-press.ftl	Output:	Результат:	DeepL refinement: terminology, proper names and grammatical context still need human review
plumbing-pill-press-pill-type	Resources\Locale\en-US\_Starlight\plumbing\pill-press.ftl	Pill Type	Тип таблетки	DeepL refinement: terminology, proper names and grammatical context still need human review
plumbing-pill-press-set	Resources\Locale\en-US\_Starlight\plumbing\pill-press.ftl	Set	Набор	DeepL refinement: terminology, proper names and grammatical context still need human review
plumbing-pill-press-status	Resources\Locale\en-US\_Starlight\plumbing\pill-press.ftl	Status:	Статус:	DeepL refinement: terminology, proper names and grammatical context still need human review
plumbing-pill-press-west-ratio	Resources\Locale\en-US\_Starlight\plumbing\pill-press.ftl	West:	Запад:	DeepL refinement: terminology, proper names and grammatical context still need human review
plumbing-pill-press-window-title	Resources\Locale\en-US\_Starlight\plumbing\pill-press.ftl	Plumbing Pill Press	Пресс для таблеток «Plumbing Pill Press»	DeepL refinement: terminology, proper names and grammatical context still need human review
plumbing-reactor-add	Resources\Locale\en-US\_Starlight\plumbing\plumbing.ftl	Add	Добавить	DeepL refinement: terminology, proper names and grammatical context still need human review
plumbing-reactor-add-reagent	Resources\Locale\en-US\_Starlight\plumbing\plumbing.ftl	Add Reagent	Добавить реагент	DeepL refinement: terminology, proper names and grammatical context still need human review
plumbing-reactor-clear	Resources\Locale\en-US\_Starlight\plumbing\plumbing.ftl	Clear Recipe	Очистить рецепт	DeepL refinement: terminology, proper names and grammatical context still need human review
plumbing-reactor-disabled	Resources\Locale\en-US\_Starlight\plumbing\plumbing.ftl	Disabled	Отключено	DeepL refinement: terminology, proper names and grammatical context still need human review
plumbing-reactor-enabled	Resources\Locale\en-US\_Starlight\plumbing\plumbing.ftl	Enabled	Включено	DeepL refinement: terminology, proper names and grammatical context still need human review
plumbing-reactor-internal-contents	Resources\Locale\en-US\_Starlight\plumbing\plumbing.ftl	Machine Contents	Содержимое машины	DeepL refinement: terminology, proper names and grammatical context still need human review
plumbing-reactor-invalid-reagent	Resources\Locale\en-US\_Starlight\plumbing\plumbing.ftl	Unknown reagent: 	Неизвестный реагент: 	DeepL refinement: terminology, proper names and grammatical context still need human review
plumbing-reactor-mixing-mode	Resources\Locale\en-US\_Starlight\plumbing\plumbing.ftl	Mixer:	Mixer:	DeepL refinement: terminology, proper names and grammatical context still need human review
plumbing-reactor-mixing-none	Resources\Locale\en-US\_Starlight\plumbing\plumbing.ftl	None	Нет	DeepL refinement: terminology, proper names and grammatical context still need human review
plumbing-reactor-purge	Resources\Locale\en-US\_Starlight\plumbing\plumbing.ftl	Purge All	Очистить всё	DeepL refinement: terminology, proper names and grammatical context still need human review
plumbing-reactor-quantity	Resources\Locale\en-US\_Starlight\plumbing\plumbing.ftl	Quantity	Количество	DeepL refinement: terminology, proper names and grammatical context still need human review
plumbing-reactor-reagent-id	Resources\Locale\en-US\_Starlight\plumbing\plumbing.ftl	Reagent ID	Идентификатор реагента	DeepL refinement: terminology, proper names and grammatical context still need human review
plumbing-reactor-remove-selected	Resources\Locale\en-US\_Starlight\plumbing\plumbing.ftl	Remove Selected	Удалить выделенное	DeepL refinement: terminology, proper names and grammatical context still need human review
plumbing-reactor-reset	Resources\Locale\en-US\_Starlight\plumbing\plumbing.ftl	Reset	Сброс	DeepL refinement: terminology, proper names and grammatical context still need human review
plumbing-reactor-set	Resources\Locale\en-US\_Starlight\plumbing\plumbing.ftl	Set	Набор	DeepL refinement: terminology, proper names and grammatical context still need human review
plumbing-reactor-status	Resources\Locale\en-US\_Starlight\plumbing\plumbing.ftl	Status:	Статус:	DeepL refinement: terminology, proper names and grammatical context still need human review
plumbing-reactor-targets	Resources\Locale\en-US\_Starlight\plumbing\plumbing.ftl	Reaction Recipe	Рецепт реакции	DeepL refinement: terminology, proper names and grammatical context still need human review
plumbing-reactor-temperature	Resources\Locale\en-US\_Starlight\plumbing\plumbing.ftl	Target Temp:	Целевая температура:	DeepL refinement: terminology, proper names and grammatical context still need human review
plumbing-reactor-window-title	Resources\Locale\en-US\_Starlight\plumbing\plumbing.ftl	Plumbing Reactor	Реактор водоснабжения	DeepL refinement: terminology, proper names and grammatical context still need human review
plumbing-smart-fridge-empty	Resources\Locale\en-US\_Starlight\plumbing\smart-fridge.ftl	No reagents stored.	Реагенты не хранятся.	DeepL refinement: terminology, proper names and grammatical context still need human review
plumbing-smart-fridge-filled	Resources\Locale\en-US\_Starlight\plumbing\smart-fridge.ftl	Filled 	Заполнено 	DeepL refinement: terminology, proper names and grammatical context still need human review
plumbing-smart-fridge-filled	Resources\Locale\en-US\_Starlight\plumbing\smart-fridge.ftl	u of 	u из 	DeepL refinement: terminology, proper names and grammatical context still need human review
plumbing-smart-fridge-header	Resources\Locale\en-US\_Starlight\plumbing\smart-fridge.ftl	Chemical Storage	Хранилище химических веществ	DeepL refinement: terminology, proper names and grammatical context still need human review
plumbing-smart-fridge-jug-full	Resources\Locale\en-US\_Starlight\plumbing\smart-fridge.ftl	Container is already full.	Контейнер уже заполнен.	DeepL refinement: terminology, proper names and grammatical context still need human review
plumbing-smart-fridge-no-label	Resources\Locale\en-US\_Starlight\plumbing\smart-fridge.ftl	Container has no label.	На контейнере нет этикетки.	DeepL refinement: terminology, proper names and grammatical context still need human review
plumbing-smart-fridge-no-match	Resources\Locale\en-US\_Starlight\plumbing\smart-fridge.ftl	Could not match label to any known reagent.	Не удалось сопоставить этикетку ни с одним из известных реагентов.	DeepL refinement: terminology, proper names and grammatical context still need human review
plumbing-smart-fridge-not-in-stock	Resources\Locale\en-US\_Starlight\plumbing\smart-fridge.ftl	 is not in stock.	 Нет в наличии.	DeepL refinement: terminology, proper names and grammatical context still need human review
plumbing-smart-fridge-reagent-entry	Resources\Locale\en-US\_Starlight\plumbing\smart-fridge.ftl	u	u	DeepL refinement: terminology, proper names and grammatical context still need human review
plumbing-smart-fridge-total	Resources\Locale\en-US\_Starlight\plumbing\smart-fridge.ftl	 reagent(s) — 	 реагент(ы) — 	DeepL refinement: terminology, proper names and grammatical context still need human review
plumbing-smart-fridge-total	Resources\Locale\en-US\_Starlight\plumbing\smart-fridge.ftl	u total	u всего	DeepL refinement: terminology, proper names and grammatical context still need human review
plumbing-smart-fridge-window-title	Resources\Locale\en-US\_Starlight\plumbing\smart-fridge.ftl	Smart Fridge	«Умный холодильник»	DeepL refinement: terminology, proper names and grammatical context still need human review
plumbing-storage-contents	Resources\Locale\en-US\_Starlight\plumbing\plumbing.ftl	Current Contents	Текущее содержание	DeepL refinement: terminology, proper names and grammatical context still need human review
plumbing-storage-volume	Resources\Locale\en-US\_Starlight\plumbing\plumbing.ftl	Volume:	Объем:	DeepL refinement: terminology, proper names and grammatical context still need human review
plumbing-storage-window-title	Resources\Locale\en-US\_Starlight\plumbing\plumbing.ftl	Chemical Storage	Хранилище химических веществ	DeepL refinement: terminology, proper names and grammatical context still need human review
plumbing-synthesizer-battery	Resources\Locale\en-US\_Starlight\plumbing\plumbing.ftl	Battery:	Батарея:	DeepL refinement: terminology, proper names and grammatical context still need human review
plumbing-synthesizer-buffer	Resources\Locale\en-US\_Starlight\plumbing\plumbing.ftl	Buffer Contents	Содержимое буфера	DeepL refinement: terminology, proper names and grammatical context still need human review
plumbing-synthesizer-buffer-empty	Resources\Locale\en-US\_Starlight\plumbing\plumbing.ftl	Empty	Пусто	DeepL refinement: terminology, proper names and grammatical context still need human review
plumbing-synthesizer-disabled	Resources\Locale\en-US\_Starlight\plumbing\plumbing.ftl	Disabled	Отключено	DeepL refinement: terminology, proper names and grammatical context still need human review
plumbing-synthesizer-enabled	Resources\Locale\en-US\_Starlight\plumbing\plumbing.ftl	Enabled	Включено	DeepL refinement: terminology, proper names and grammatical context still need human review
plumbing-synthesizer-none	Resources\Locale\en-US\_Starlight\plumbing\plumbing.ftl	None	Нет	DeepL refinement: terminology, proper names and grammatical context still need human review
plumbing-synthesizer-power	Resources\Locale\en-US\_Starlight\plumbing\plumbing.ftl	Power:	Энергия:	DeepL refinement: terminology, proper names and grammatical context still need human review
plumbing-synthesizer-power-off	Resources\Locale\en-US\_Starlight\plumbing\plumbing.ftl	No Power	Отсутствие питания	DeepL refinement: terminology, proper names and grammatical context still need human review
plumbing-synthesizer-power-on	Resources\Locale\en-US\_Starlight\plumbing\plumbing.ftl	Connected	Подключено	DeepL refinement: terminology, proper names and grammatical context still need human review
plumbing-synthesizer-select-reagent	Resources\Locale\en-US\_Starlight\plumbing\plumbing.ftl	Select Reagent	Выбрать реагент	DeepL refinement: terminology, proper names and grammatical context still need human review
plumbing-synthesizer-status	Resources\Locale\en-US\_Starlight\plumbing\plumbing.ftl	Status:	Статус:	DeepL refinement: terminology, proper names and grammatical context still need human review
plumbing-synthesizer-window-title	Resources\Locale\en-US\_Starlight\plumbing\plumbing.ftl	Plumbing Synthesizer	Синтезатор «Плюмбинг»	DeepL refinement: terminology, proper names and grammatical context still need human review
portal-component-telefrag	Resources\Locale\en-US\_KS14\portal\portal.ftl	 gets shredded into pieces! Holy shit!	 разрывается на куски! Черт возьми!	DeepL refinement: terminology, proper names and grammatical context still need human review
proximity-trigger-examine	Resources\Locale\en-US\_KS14\triggers\trigger-on-proximity.ftl	The proximity trigger is 	Триггер приближения — это 	DeepL refinement: terminology, proper names and grammatical context still need human review
proximity-trigger-examine	Resources\Locale\en-US\_KS14\triggers\trigger-on-proximity.ftl	[color=red]enabled[/color]	[color=red][/color] включен	DeepL refinement: terminology, proper names and grammatical context still need human review
proximity-trigger-examine	Resources\Locale\en-US\_KS14\triggers\trigger-on-proximity.ftl	[color=green]disabled[/color]	[color=green][/color] отключено	DeepL refinement: terminology, proper names and grammatical context still need human review
ptl-disabled	Resources\Locale\en-US\_KS14\power\power_laser.ftl	DISABLED	ОТКЛЮЧЕНО	DeepL refinement: terminology, proper names and grammatical context still need human review
ptl-enabled	Resources\Locale\en-US\_KS14\power\power_laser.ftl	ENABLED	ВКЛЮЧЕНО	DeepL refinement: terminology, proper names and grammatical context still need human review
ptl-ui-charge-label	Resources\Locale\en-US\_KS14\power\power_laser.ftl	Core Capacitor:	Основной конденсатор:	DeepL refinement: terminology, proper names and grammatical context still need human review
ptl-ui-delay-label	Resources\Locale\en-US\_KS14\power\power_laser.ftl	Firing Delay (sec):	Задержка выстрела (сек):	DeepL refinement: terminology, proper names and grammatical context still need human review
ptl-ui-delay-value	Resources\Locale\en-US\_KS14\power\power_laser.ftl	s	s	DeepL refinement: terminology, proper names and grammatical context still need human review
ptl-ui-spesos-label	Resources\Locale\en-US\_KS14\power\power_laser.ftl	Accumulated Spesos:	Накопленные спесо:	DeepL refinement: terminology, proper names and grammatical context still need human review
ptl-ui-status-label	Resources\Locale\en-US\_KS14\power\power_laser.ftl	Status:	Статус:	DeepL refinement: terminology, proper names and grammatical context still need human review
ptl-ui-title	Resources\Locale\en-US\_KS14\power\power_laser.ftl	Power Transmission Laser	Лазерная система передачи энергии	DeepL refinement: terminology, proper names and grammatical context still need human review
ptl-ui-toggle-button	Resources\Locale\en-US\_KS14\power\power_laser.ftl	Toggle Power	Включить/выключить питание	DeepL refinement: terminology, proper names and grammatical context still need human review
ptl-ui-withdraw-button	Resources\Locale\en-US\_KS14\power\power_laser.ftl	Withdraw	Выйти	DeepL refinement: terminology, proper names and grammatical context still need human review
rcd-component-examine-rpd-mode	Resources\Locale\en-US\_Starlight\rpd\rpd-components.ftl	Current mode: [color=cyan]	Текущий режим: [color=cyan]	DeepL refinement: terminology, proper names and grammatical context still need human review
rcd-component-examine-rpd-mode	Resources\Locale\en-US\_Starlight\rpd\rpd-components.ftl	[/color]	[/color]	DeepL refinement: terminology, proper names and grammatical context still need human review
rcd-component-sensors-monitors	Resources\Locale\en-US\_Starlight\rpd\rpd-components.ftl	Sensors & Monitors	Датчики и мониторы	DeepL refinement: terminology, proper names and grammatical context still need human review
rcd-item-status-mode	Resources\Locale\en-US\_Starlight\rpd\rpd-components.ftl	Mode: 	Режим: 	DeepL refinement: terminology, proper names and grammatical context still need human review
rcd-rpd-mode-free	Resources\Locale\en-US\_Starlight\rpd\rpd-components.ftl	Free	Свободный	Manually reviewed: consistent Russian terminology
rcd-rpd-mode-primary	Resources\Locale\en-US\_Starlight\rpd\rpd-components.ftl	Primary	Основной слой	Manually reviewed: consistent Russian terminology
rcd-rpd-mode-secondary	Resources\Locale\en-US\_Starlight\rpd\rpd-components.ftl	Secondary	Второй слой	Manually reviewed: consistent Russian terminology
rcd-rpd-mode-tertiary	Resources\Locale\en-US\_Starlight\rpd\rpd-components.ftl	Tertiary	Третий слой	Manually reviewed: consistent Russian terminology
rcd-verb-switch-mode	Resources\Locale\en-US\_Starlight\rpd\rpd-components.ftl	Switch mode	Режим переключения	DeepL refinement: terminology, proper names and grammatical context still need human review
reactor-alarms-silence-failed	Resources\Locale\en-US\_FarHorizons\fission-generator\nuclear-reactor.ftl	Nothing happens.	Ничего не происходит.	DeepL refinement: terminology, proper names and grammatical context still need human review
reactor-alarms-silenced-message-others	Resources\Locale\en-US\_FarHorizons\fission-generator\nuclear-reactor.ftl	 manually silences the reactor alarms.	 вручную отключает сигнализацию реактора.	DeepL refinement: terminology, proper names and grammatical context still need human review
reactor-alarms-silenced-message-self	Resources\Locale\en-US\_FarHorizons\fission-generator\nuclear-reactor.ftl	You manually silence the reactor alarms. Is this really a good idea?	Вы вручную отключаете сигнализацию реактора. Это действительно хорошая идея?	DeepL refinement: terminology, proper names and grammatical context still need human review
reactor-fire-start	Resources\Locale\en-US\_FarHorizons\fission-generator\nuclear-reactor.ftl	The 	Игра 	DeepL refinement: terminology, proper names and grammatical context still need human review
reactor-fire-start	Resources\Locale\en-US\_FarHorizons\fission-generator\nuclear-reactor.ftl	 begins to burn!	 Начинает гореть!	DeepL refinement: terminology, proper names and grammatical context still need human review
reactor-fire-start-message	Resources\Locale\en-US\_FarHorizons\fission-generator\nuclear-reactor.ftl	ALERT: The 	ВНИМАНИЕ: 	DeepL refinement: terminology, proper names and grammatical context still need human review
reactor-fire-start-message	Resources\Locale\en-US\_FarHorizons\fission-generator\nuclear-reactor.ftl	 has reached CRITICAL temperature: 	 достигла КРИТИЧЕСКОЙ температуры: 	DeepL refinement: terminology, proper names and grammatical context still need human review
reactor-fire-start-message	Resources\Locale\en-US\_FarHorizons\fission-generator\nuclear-reactor.ftl	K. MELTDOWN IMMINENT.	K. УГРОЗА ПЛАВЛЕНИЯ.	DeepL refinement: terminology, proper names and grammatical context still need human review
reactor-fire-stop	Resources\Locale\en-US\_FarHorizons\fission-generator\nuclear-reactor.ftl	The 	Игра 	DeepL refinement: terminology, proper names and grammatical context still need human review
reactor-fire-stop	Resources\Locale\en-US\_FarHorizons\fission-generator\nuclear-reactor.ftl	 stops burning.	 перестает гореть.	DeepL refinement: terminology, proper names and grammatical context still need human review
reactor-fire-stop-message	Resources\Locale\en-US\_FarHorizons\fission-generator\nuclear-reactor.ftl	The 	Игра 	DeepL refinement: terminology, proper names and grammatical context still need human review
reactor-fire-stop-message	Resources\Locale\en-US\_FarHorizons\fission-generator\nuclear-reactor.ftl	 has cooled below critical temperature. Meltdown averted.	 Температура опустилась ниже критической. Авария реактора предотвращена.	DeepL refinement: terminology, proper names and grammatical context still need human review
reactor-meltdown-announcement	Resources\Locale\en-US\_FarHorizons\fission-generator\nuclear-reactor.ftl	A nuclear reactor aboard the station has catastrophically overloaded. Radioactive debris, nuclear fallout, and coolant fires are likely. Immediate evacuation of the surrounding area is strongly advised.	Ядерный реактор на борту станции подвергся катастрофической перегрузке. Вероятны радиоактивные обломки, ядерные осадки и пожары, вызванные возгоранием охлаждающей жидкости. Настоятельно рекомендуется немедленная эвакуация из прилегающей территории.	DeepL refinement: terminology, proper names and grammatical context still need human review
reactor-meltdown-announcement-sender	Resources\Locale\en-US\_FarHorizons\fission-generator\nuclear-reactor.ftl	Nuclear Meltdown	Ядерная авария	DeepL refinement: terminology, proper names and grammatical context still need human review
reactor-part-burning	Resources\Locale\en-US\_FarHorizons\fission-generator\reactor-part.ftl	[color=red]Heat distorts the air around it.[/color]	[color=red]Тепло искажает воздух вокруг себя.[/color]	DeepL refinement: terminology, proper names and grammatical context still need human review
reactor-part-hot	Resources\Locale\en-US\_FarHorizons\fission-generator\reactor-part.ftl	[color=yellow]It's hot to the touch.[/color]	[color=yellow]Она горячая на ощупь.[/color]	DeepL refinement: terminology, proper names and grammatical context still need human review
reactor-part-nrad-0	Resources\Locale\en-US\_FarHorizons\fission-generator\reactor-part.ftl	It's glowing slightly blue.	Она слегка светится голубым светом.	DeepL refinement: terminology, proper names and grammatical context still need human review
reactor-part-nrad-1	Resources\Locale\en-US\_FarHorizons\fission-generator\reactor-part.ftl	It's glowing somewhat blue.	Она слегка светится голубым светом.	DeepL refinement: terminology, proper names and grammatical context still need human review
reactor-part-nrad-2	Resources\Locale\en-US\_FarHorizons\fission-generator\reactor-part.ftl	It's glowing blue.	Она светится голубым светом.	DeepL refinement: terminology, proper names and grammatical context still need human review
reactor-part-nrad-3	Resources\Locale\en-US\_FarHorizons\fission-generator\reactor-part.ftl	It's brightly glowing blue.	Она ярко светится синим цветом.	DeepL refinement: terminology, proper names and grammatical context still need human review
reactor-part-nrad-4	Resources\Locale\en-US\_FarHorizons\fission-generator\reactor-part.ftl	It's brilliantly glowing blue.	Она великолепно сияет голубым светом.	DeepL refinement: terminology, proper names and grammatical context still need human review
reactor-part-nrad-5	Resources\Locale\en-US\_FarHorizons\fission-generator\reactor-part.ftl	It's blindingly glowing blue.	Она ослепительно сияет голубым светом.	DeepL refinement: terminology, proper names and grammatical context still need human review
reactor-part-rad-0	Resources\Locale\en-US\_FarHorizons\fission-generator\reactor-part.ftl	It's slightly radioactive.	Игра содержит небольшой уровень радиации.	DeepL refinement: terminology, proper names and grammatical context still need human review
reactor-part-rad-1	Resources\Locale\en-US\_FarHorizons\fission-generator\reactor-part.ftl	It's somewhat radioactive.	В ней присутствует некоторая радиоактивность.	DeepL refinement: terminology, proper names and grammatical context still need human review
reactor-part-rad-2	Resources\Locale\en-US\_FarHorizons\fission-generator\reactor-part.ftl	It's radioactive.	Это радиоактивно.	DeepL refinement: terminology, proper names and grammatical context still need human review
reactor-part-rad-3	Resources\Locale\en-US\_FarHorizons\fission-generator\reactor-part.ftl	It's very radioactive.	Здесь очень высокий уровень радиации.	DeepL refinement: terminology, proper names and grammatical context still need human review
reactor-part-rad-4	Resources\Locale\en-US\_FarHorizons\fission-generator\reactor-part.ftl	It's extremely radioactive.	Здесь чрезвычайно высокий уровень радиации.	DeepL refinement: terminology, proper names and grammatical context still need human review
reactor-part-rad-5	Resources\Locale\en-US\_FarHorizons\fission-generator\reactor-part.ftl	It's impossibly radioactive.	Там невероятно высокий уровень радиации.	DeepL refinement: terminology, proper names and grammatical context still need human review
reactor-smoke-start	Resources\Locale\en-US\_FarHorizons\fission-generator\nuclear-reactor.ftl	The 	Игра 	DeepL refinement: terminology, proper names and grammatical context still need human review
reactor-smoke-start	Resources\Locale\en-US\_FarHorizons\fission-generator\nuclear-reactor.ftl	 begins to smoke!	 Начинает дымиться!	DeepL refinement: terminology, proper names and grammatical context still need human review
reactor-smoke-start-message	Resources\Locale\en-US\_FarHorizons\fission-generator\nuclear-reactor.ftl	ALERT: The 	ВНИМАНИЕ: 	DeepL refinement: terminology, proper names and grammatical context still need human review
reactor-smoke-start-message	Resources\Locale\en-US\_FarHorizons\fission-generator\nuclear-reactor.ftl	 has reached a dangerous temperature: 	 достигла опасной температуры: 	DeepL refinement: terminology, proper names and grammatical context still need human review
reactor-smoke-start-message	Resources\Locale\en-US\_FarHorizons\fission-generator\nuclear-reactor.ftl	K. Intervene immediately to prevent meltdown.	K. Немедленно примите меры, чтобы предотвратить расплавление.	DeepL refinement: terminology, proper names and grammatical context still need human review
reactor-smoke-stop	Resources\Locale\en-US\_FarHorizons\fission-generator\nuclear-reactor.ftl	The 	Игра 	DeepL refinement: terminology, proper names and grammatical context still need human review
reactor-smoke-stop	Resources\Locale\en-US\_FarHorizons\fission-generator\nuclear-reactor.ftl	 stops smoking.	 бросает курить.	DeepL refinement: terminology, proper names and grammatical context still need human review
reactor-smoke-stop-message	Resources\Locale\en-US\_FarHorizons\fission-generator\nuclear-reactor.ftl	The 	Игра 	DeepL refinement: terminology, proper names and grammatical context still need human review
reactor-smoke-stop-message	Resources\Locale\en-US\_FarHorizons\fission-generator\nuclear-reactor.ftl	 has cooled below dangerous temperature. Have a nice day.	 Температура опустилась ниже опасного уровня. Хорошего дня.	DeepL refinement: terminology, proper names and grammatical context still need human review
ready-manifest-high-ready-count	Resources\Locale\en-US\_KS14\ready-manifest\ready-manifest.ftl	 high	 высокий	DeepL refinement: terminology, proper names and grammatical context still need human review
ready-manifest-low-ready-count	Resources\Locale\en-US\_KS14\ready-manifest\ready-manifest.ftl	 low	 низкое	DeepL refinement: terminology, proper names and grammatical context still need human review
ready-manifest-medium-ready-count	Resources\Locale\en-US\_KS14\ready-manifest\ready-manifest.ftl	 medium	 средний	DeepL refinement: terminology, proper names and grammatical context still need human review
ready-manifest-medium-ready-indicator	Resources\Locale\en-US\_KS14\ready-manifest\ready-manifest.ftl	o	o	DeepL refinement: terminology, proper names and grammatical context still need human review
ready-manifest-title	Resources\Locale\en-US\_KS14\ready-manifest\ready-manifest.ftl	Ready Manifest	Готовый манифест	DeepL refinement: terminology, proper names and grammatical context still need human review
reagent-desc-encalite	Resources\Locale\en-US\_KS14\reagents\reagents.ftl	A bright violet noble gas with high thermal capacity.	Ярко-фиолетовый инертный газ с высокой теплоемкостью.	DeepL refinement: terminology, proper names and grammatical context still need human review
reagent-desc-evaporin	Resources\Locale\en-US\_KS14\atmos\evaporin.ftl	A highly volatile gas that extracts moisture from its surroundings. Extremely dehydrating if inhaled.	Высоколетучий газ, поглощающий влагу из окружающей среды. При вдыхании вызывает сильное обезвоживание.	DeepL refinement: terminology, proper names and grammatical context still need human review
reagent-desc-fentanyl	Resources\Locale\en-US\_Goobstation\reagents\meta\narcotics.ftl	A horrifyingly toxic street drug with a laundry list of side-effects. If you do drugs, you go to hell before you die!	Ужасающе токсичный уличный наркотик с целым списком побочных эффектов. Если ты употребляешь наркотики, ты попадешь в ад ещё до смерти!	DeepL refinement: terminology, proper names and grammatical context still need human review
reagent-desc-gravitum	Resources\Locale\en-US\_KS14\reagents\meta\chemicals.ftl	Makes living beings completely weightless as long as it's in their system.	Обеспечивает полную невесомость живых существ, пока они находятся в пределах системы.	DeepL refinement: terminology, proper names and grammatical context still need human review
reagent-desc-klovnide	Resources\Locale\en-US\_KS14\reagents\meta\chemicals.ftl	A painkiller mixture based on space salt that allows humanoids to be of sound mind a little bit longer before they go into critical condition. This ups the threshold of damage a humanoid may take before going critical, by 100, and the threshold for death up by 200. Reacts very explosively with plasma.	Смесь обезболивающего на основе космической соли, позволяющая гуманоидам дольше сохранять ясность ума, прежде чем их состояние станет критическим. Это повышает порог урона, который гуманоид может выдержать до перехода в критическое состояние, на 100, а порог смерти — на 200. Вступает в очень бурную реакцию с плазмой.	DeepL refinement: terminology, proper names and grammatical context still need human review
reagent-desc-sorium	Resources\Locale\en-US\_KS14\reagents\meta\pyrotechnic.ftl	When above 72.2 K, violently detonates and sends anything near it flying.	При температуре выше 72,2 К происходит мощный взрыв, который разбрасывает всё, что находится поблизости.	DeepL refinement: terminology, proper names and grammatical context still need human review
reagent-desc-space-salt	Resources\Locale\en-US\_KS14\reagents\meta\chemicals.ftl	An opaque solution found in some ore veins of deep-space asteroids. Primarily composed of a rare salt unique to the ore, this sees use in strong analgesic drugs.	Непрозрачный раствор, добываемый из некоторых рудных жил астероидов в глубоком космосе. В основном состоит из редкой соли, характерной только для этой руды, и используется в составе сильных обезболивающих препаратов.	DeepL refinement: terminology, proper names and grammatical context still need human review
reagent-desc-suspended-klovnide-trioxide	Resources\Locale\en-US\_KS14\reagents\meta\pyrotechnic.ftl	Flammable.. substance that doesn't seem to deplete itself, and burns on its own in contact with an oxidiser.	Воспламеняющееся вещество... которое, по-видимому, не расходуется и самовозгорается при контакте с окислителем.	DeepL refinement: terminology, proper names and grammatical context still need human review
reagent-desc-wittel	Resources\Locale\en-US\_KS14\reagents\meta\chemicals.ftl	Only found as a product of geysers. Does nothing by itself.	Встречается исключительно как продукт гейзеров. Сам по себе ничего не делает.	DeepL refinement: terminology, proper names and grammatical context still need human review
reagent-desc-zipion	Resources\Locale\en-US\_KS14\reagents\meta\gases.ftl	An easy to synthesise performance enhancer. Beloved by the law and those who break it alike.	Простой в синтезе усилитель производительности. Любимый как представителями закона, так и теми, кто его нарушает.	DeepL refinement: terminology, proper names and grammatical context still need human review
reagent-desc-zipium	Resources\Locale\en-US\_KS14\reagents\meta\narcotics.ftl	Metabolising zipion creates zipium, which improves your movement speed at the cost of increased food consumption.	При метаболизме зипиона образуется зипиум, который повышает скорость движения за счёт увеличения потребления пищи.	DeepL refinement: terminology, proper names and grammatical context still need human review
reagent-dispenser-window-valve-closed	Resources\Locale\en-US\_Starlight\chemistry\components\reagent-dispenser-component.ftl	Valve: Closed	Valve: Закрыто	DeepL refinement: terminology, proper names and grammatical context still need human review
reagent-dispenser-window-valve-open	Resources\Locale\en-US\_Starlight\chemistry\components\reagent-dispenser-component.ftl	Valve: Open	Valve: Open	DeepL refinement: terminology, proper names and grammatical context still need human review
reagent-effect-condition-guidebook-blood-reagent-threshold	Resources\Locale\en-US\_KS14\guidebook\chemistry\conditions.ftl	there's at least 	там есть как минимум 	DeepL refinement: terminology, proper names and grammatical context still need human review
reagent-effect-condition-guidebook-blood-reagent-threshold	Resources\Locale\en-US\_KS14\guidebook\chemistry\conditions.ftl	u of 	u из 	DeepL refinement: terminology, proper names and grammatical context still need human review
reagent-effect-condition-guidebook-blood-reagent-threshold	Resources\Locale\en-US\_KS14\guidebook\chemistry\conditions.ftl	there's at most 	есть не более 	DeepL refinement: terminology, proper names and grammatical context still need human review
reagent-effect-condition-guidebook-blood-reagent-threshold	Resources\Locale\en-US\_KS14\guidebook\chemistry\conditions.ftl	u of 	u из 	DeepL refinement: terminology, proper names and grammatical context still need human review
reagent-effect-condition-guidebook-blood-reagent-threshold	Resources\Locale\en-US\_KS14\guidebook\chemistry\conditions.ftl	there's between 	есть между 	DeepL refinement: terminology, proper names and grammatical context still need human review
reagent-effect-condition-guidebook-blood-reagent-threshold	Resources\Locale\en-US\_KS14\guidebook\chemistry\conditions.ftl	u and 	u и 	DeepL refinement: terminology, proper names and grammatical context still need human review
reagent-effect-condition-guidebook-blood-reagent-threshold	Resources\Locale\en-US\_KS14\guidebook\chemistry\conditions.ftl	u of 	u из 	DeepL refinement: terminology, proper names and grammatical context still need human review
reagent-effect-guidebook-add-to-chemicals	Resources\Locale\en-US\_KS14\guidebook\chemistry\effects.ftl	Adds	Добавлено	DeepL refinement: terminology, proper names and grammatical context still need human review
reagent-effect-guidebook-add-to-chemicals	Resources\Locale\en-US\_KS14\guidebook\chemistry\effects.ftl	Removes	Удаляет	DeepL refinement: terminology, proper names and grammatical context still need human review
reagent-effect-guidebook-add-to-chemicals	Resources\Locale\en-US\_KS14\guidebook\chemistry\effects.ftl	add	добавить	DeepL refinement: terminology, proper names and grammatical context still need human review
reagent-effect-guidebook-add-to-chemicals	Resources\Locale\en-US\_KS14\guidebook\chemistry\effects.ftl	remove	удалить	DeepL refinement: terminology, proper names and grammatical context still need human review
reagent-effect-guidebook-add-to-chemicals	Resources\Locale\en-US\_KS14\guidebook\chemistry\effects.ftl	u of 	u из 	DeepL refinement: terminology, proper names and grammatical context still need human review
reagent-effect-guidebook-add-to-chemicals	Resources\Locale\en-US\_KS14\guidebook\chemistry\effects.ftl	to	к	DeepL refinement: terminology, proper names and grammatical context still need human review
reagent-effect-guidebook-add-to-chemicals	Resources\Locale\en-US\_KS14\guidebook\chemistry\effects.ftl	from	из	DeepL refinement: terminology, proper names and grammatical context still need human review
reagent-effect-guidebook-add-to-chemicals	Resources\Locale\en-US\_KS14\guidebook\chemistry\effects.ftl	 the solution	 решение	DeepL refinement: terminology, proper names and grammatical context still need human review
reagent-name-evaporin	Resources\Locale\en-US\_KS14\atmos\evaporin.ftl	Evaporin	Evaporin	DeepL refinement: terminology, proper names and grammatical context still need human review
reagent-name-fentanyl	Resources\Locale\en-US\_Goobstation\reagents\meta\narcotics.ftl	Fentanyl	Фентанил	DeepL refinement: terminology, proper names and grammatical context still need human review
reagent-name-gravitum	Resources\Locale\en-US\_KS14\reagents\meta\chemicals.ftl	gravitum	gravitum	DeepL refinement: terminology, proper names and grammatical context still need human review
reagent-name-klovnide	Resources\Locale\en-US\_KS14\reagents\meta\chemicals.ftl	klovnide	klovnide	DeepL refinement: terminology, proper names and grammatical context still need human review
reagent-name-sorium	Resources\Locale\en-US\_KS14\reagents\meta\pyrotechnic.ftl	sorium	sorium	DeepL refinement: terminology, proper names and grammatical context still need human review
reagent-name-space-salt	Resources\Locale\en-US\_KS14\reagents\meta\chemicals.ftl	space salt	космическая соль	DeepL refinement: terminology, proper names and grammatical context still need human review
reagent-name-suspended-klovnide-trioxide	Resources\Locale\en-US\_KS14\reagents\meta\pyrotechnic.ftl	suspended klovnide-trioxide	суспендированный кловнид-триоксид	DeepL refinement: terminology, proper names and grammatical context still need human review
reagent-name-wittel	Resources\Locale\en-US\_KS14\reagents\meta\chemicals.ftl	Wittel	Wittel	DeepL refinement: terminology, proper names and grammatical context still need human review
reagent-name-zipion	Resources\Locale\en-US\_KS14\reagents\meta\gases.ftl	zipion	zipion	DeepL refinement: terminology, proper names and grammatical context still need human review
reagent-name-zipium	Resources\Locale\en-US\_KS14\reagents\meta\narcotics.ftl	zipium	zipium	DeepL refinement: terminology, proper names and grammatical context still need human review
reagent-physical-desc-encalite	Resources\Locale\en-US\_KS14\reagents\reagents.ftl	A bright violet noble gas with high thermal capacity.	Ярко-фиолетовый инертный газ с высокой теплоемкостью.	DeepL refinement: terminology, proper names and grammatical context still need human review
reagent-physical-desc-evaporin	Resources\Locale\en-US\_KS14\atmos\evaporin.ftl	shimmering haze	мерцающая дымка	DeepL refinement: terminology, proper names and grammatical context still need human review
reagents-encalite	Resources\Locale\en-US\_KS14\reagents\reagents.ftl	encalite	encalite	DeepL refinement: terminology, proper names and grammatical context still need human review
rechargeable-energy-shield-insufficient-charge	Resources\Locale\en-US\_KS14\EnergyShield\energy_shield.ftl	Insufficient charge...	Недостаточный заряд...	DeepL refinement: terminology, proper names and grammatical context still need human review
remote-drone-controller-already-in-use	Resources\Locale\en-US\_KS14\remote-drone\remote-drone.ftl	Only one person can use the controller at a time!	Одновременно с контроллером может работать только один человек!	DeepL refinement: terminology, proper names and grammatical context still need human review
remote-drone-controller-bad-connection	Resources\Locale\en-US\_KS14\remote-drone\remote-drone.ftl	The currently linked drone can't be connected to!	С подключенным в данный момент дроном невозможно установить соединение!	DeepL refinement: terminology, proper names and grammatical context still need human review
remote-drone-controller-no-linked-drone	Resources\Locale\en-US\_KS14\remote-drone\remote-drone.ftl	No drone is linked to the controller.	Ни один дрон не подключен к контроллеру.	DeepL refinement: terminology, proper names and grammatical context still need human review
research-console-menu-recenter-button	Resources\Locale\en-US\_KS14\research\ui.ftl	Recenter	Перецентрировать	DeepL refinement: terminology, proper names and grammatical context still need human review
research-console-menu-server-researched-button	Resources\Locale\en-US\_KS14\research\ui.ftl	Researched	Исследовано	DeepL refinement: terminology, proper names and grammatical context still need human review
research-console-no-tech-requirements	Resources\Locale\en-US\_KS14\research\ui.ftl	[color=green]This technology has no prerequisites![/color]	[color=green]Для этой технологии не требуется никаких предварительных условий![/color]	DeepL refinement: terminology, proper names and grammatical context still need human review
research-console-required-text	Resources\Locale\en-US\_KS14\research\ui.ftl	Prerequisites:	Требования:	DeepL refinement: terminology, proper names and grammatical context still need human review
research-console-tech-cost-label	Resources\Locale\en-US\_KS14\research\ui.ftl	 Points	 Очки	DeepL refinement: terminology, proper names and grammatical context still need human review
research-console-unlocks-text	Resources\Locale\en-US\_KS14\research\ui.ftl	Unlocked recipes:	Разблокированные рецепты:	DeepL refinement: terminology, proper names and grammatical context still need human review
research-technology-clarke	Resources\Locale\en-US\_Goobstation\research\technologies.ftl	Clarke	Кларк	DeepL refinement: terminology, proper names and grammatical context still need human review
research-technology-durand	Resources\Locale\en-US\_Goobstation\research\technologies.ftl	Durand	Дюран	DeepL refinement: terminology, proper names and grammatical context still need human review
research-technology-explosive-mech-ammunition	Resources\Locale\en-US\_Goobstation\research\technologies.ftl	Explosive Mech Ammunition	Взрывчатые боеприпасы для мехов	DeepL refinement: terminology, proper names and grammatical context still need human review
research-technology-gygax	Resources\Locale\en-US\_Goobstation\research\technologies.ftl	Gygax	Gygax	DeepL refinement: terminology, proper names and grammatical context still need human review
research-technology-honk-weapons	Resources\Locale\en-US\_Goobstation\research\technologies.ftl	Bananium Weapons	Оружие «Бананиум»	DeepL refinement: terminology, proper names and grammatical context still need human review
research-technology-medical-defense	Resources\Locale\en-US\_Goobstation\research\technologies.ftl	Medical Control Gear	Медицинское контрольное оборудование	DeepL refinement: terminology, proper names and grammatical context still need human review
research-technology-nuclear-power	Resources\Locale\en-US\_FarHorizons\research\technologies.ftl	Nuclear power	Атомная энергия	DeepL refinement: terminology, proper names and grammatical context still need human review
research-technology-ripley-mkii	Resources\Locale\en-US\_Goobstation\research\technologies.ftl	Ripley MK-II	Ripley MK-II	DeepL refinement: terminology, proper names and grammatical context still need human review
research-technology-weapon-plasma-rifle	Resources\Locale\en-US\_Goobstation\research\technologies.ftl	Experimental plasma rifle	Экспериментальная плазменная винтовка	DeepL refinement: terminology, proper names and grammatical context still need human review
roles-antag-anchorless-name	Resources\Locale\en-US\_KS14\antags.ftl	Anchorless	Безъякорные	Manually reviewed: consistent Russian terminology
roles-antag-anchorless-objective	Resources\Locale\en-US\_KS14\antags.ftl	Complete your objectives without being caught.	Выполняйте задания, не попадаясь.	DeepL refinement: terminology, proper names and grammatical context still need human review
rpd-component-atmosphericutility	Resources\Locale\en-US\_Starlight\rpd\rpd-components.ftl	Atmospheric Utility	Атмосферная утилита	DeepL refinement: terminology, proper names and grammatical context still need human review
rpd-component-piping	Resources\Locale\en-US\_Starlight\rpd\rpd-components.ftl	Piping	Трубопроводы	DeepL refinement: terminology, proper names and grammatical context still need human review
rpd-component-pumps	Resources\Locale\en-US\_Starlight\rpd\rpd-components.ftl	Pumps & Valves	Насосы и клапаны	DeepL refinement: terminology, proper names and grammatical context still need human review
rpd-component-vents	Resources\Locale\en-US\_Starlight\rpd\rpd-components.ftl	Vents	Вентиляционные отверстия	DeepL refinement: terminology, proper names and grammatical context still need human review
rpld-component-ducts	Resources\Locale\en-US\_Starlight\rpld\rpld-components.ftl	Plumbing Ducts	Трубопроводы	DeepL refinement: terminology, proper names and grammatical context still need human review
rpld-component-machines	Resources\Locale\en-US\_Starlight\rpld\rpld-components.ftl	Plumbing Machines	Сантехнические машины	DeepL refinement: terminology, proper names and grammatical context still need human review
scenario-description	Resources\Locale\en-US\_KS14\game-ticking\game-presets\preset-scenario.ftl	Duke it out Battlefield 14 style in one of many preset scenarios!	Сразитесь в стиле Battlefield 14 в одном из множества готовых сценариев!	DeepL refinement: terminology, proper names and grammatical context still need human review
scenario-lastmanstanding	Resources\Locale\en-US\_KS14\game-ticking\game-presets\preset-scenario.ftl	You are the last man standing!	Вы — последний выживший!	DeepL refinement: terminology, proper names and grammatical context still need human review
scenario-roundend-victory-nt	Resources\Locale\en-US\_KS14\game-ticking\game-presets\preset-scenario.ftl	Nanotrasen is the victor.	«Нанотрасен» — победитель.	DeepL refinement: terminology, proper names and grammatical context still need human review
scenario-roundend-victory-nt-decimation	Resources\Locale\en-US\_KS14\game-ticking\game-presets\preset-scenario.ftl	Nanotrasen has decimated the insurgent Syndicate threat!	«Нанотразен» уничтожил угрозу со стороны повстанческого Синдиката!	DeepL refinement: terminology, proper names and grammatical context still need human review
scenario-roundend-victory-nt-objective	Resources\Locale\en-US\_KS14\game-ticking\game-presets\preset-scenario.ftl	Nanotrasen has captured the objective.	Nanotrasen достиг цели.	DeepL refinement: terminology, proper names and grammatical context still need human review
scenario-roundend-victory-redacted	Resources\Locale\en-US\_KS14\game-ticking\game-presets\preset-scenario.ftl	The ████████ claims victory.	████████ объявляет о победе.	DeepL refinement: terminology, proper names and grammatical context still need human review
scenario-roundend-victory-redacted-decimation	Resources\Locale\en-US\_KS14\game-ticking\game-presets\preset-scenario.ftl	The ████████ have killed all who oppose them!	████████ уничтожили всех, кто им противостоял!	DeepL refinement: terminology, proper names and grammatical context still need human review
scenario-roundend-victory-redacted-objective	Resources\Locale\en-US\_KS14\game-ticking\game-presets\preset-scenario.ftl	The ████████ have captured the objective.	████████ захватили цель.	DeepL refinement: terminology, proper names and grammatical context still need human review
scenario-roundend-victory-scav	Resources\Locale\en-US\_KS14\game-ticking\game-presets\preset-scenario.ftl	The scavengers are the victors.	Победителями становятся мародёры.	DeepL refinement: terminology, proper names and grammatical context still need human review
scenario-roundend-victory-scav-decimation	Resources\Locale\en-US\_KS14\game-ticking\game-presets\preset-scenario.ftl	The scavengers have killed all who oppose them!	Мародёры убили всех, кто им противостоял!	DeepL refinement: terminology, proper names and grammatical context still need human review
scenario-roundend-victory-scav-objective	Resources\Locale\en-US\_KS14\game-ticking\game-presets\preset-scenario.ftl	The scavengers have captured the objective.	Мародёры захватили цель.	DeepL refinement: terminology, proper names and grammatical context still need human review
scenario-roundend-victory-syndie	Resources\Locale\en-US\_KS14\game-ticking\game-presets\preset-scenario.ftl	The Syndicate is the victor.	«Синдикат» одержал победу.	DeepL refinement: terminology, proper names and grammatical context still need human review
scenario-roundend-victory-syndie-decimation	Resources\Locale\en-US\_KS14\game-ticking\game-presets\preset-scenario.ftl	The Syndicate has killed all of the Nanotrasen scum!	«Синдикат» уничтожил всю шваль из «Нанотразена»!	DeepL refinement: terminology, proper names and grammatical context still need human review
scenario-roundend-victory-syndie-objective	Resources\Locale\en-US\_KS14\game-ticking\game-presets\preset-scenario.ftl	The Syndicate has captured the objective.	«Синдикат» захватил цель.	DeepL refinement: terminology, proper names and grammatical context still need human review
scenario-title	Resources\Locale\en-US\_KS14\game-ticking\game-presets\preset-scenario.ftl	Scenario	Сценарий	DeepL refinement: terminology, proper names and grammatical context still need human review
signal-port-description-crit	Resources\Locale\en-US\_KS14\machine-linking\transmitter_ports.ftl	This port is invoked when the monitored entity goes into critical condition.	Этот порт вызывается, когда отслеживаемый объект переходит в критическое состояние.	DeepL refinement: terminology, proper names and grammatical context still need human review
signal-port-description-dead	Resources\Locale\en-US\_KS14\machine-linking\transmitter_ports.ftl	This port is invoked when the monitored entity dies.	Этот порт вызывается при гибели отслеживаемого объекта.	DeepL refinement: terminology, proper names and grammatical context still need human review
signal-port-description-executor	Resources\Locale\en-US\_KS14\packets\executor.ftl	Used for invoking executor methods.	Используется для вызова методов исполнителя.	DeepL refinement: terminology, proper names and grammatical context still need human review
signal-port-description-fill-any-item	Resources\Locale\en-US\_EinsteinEngines\machine-linking\receiver_ports.ftl	Target port for Fillbot insertion.	Целевой порт для стыковки Fillbot.	DeepL refinement: terminology, proper names and grammatical context still need human review
signal-port-description-fillitems	Resources\Locale\en-US\_EinsteinEngines\machine-linking\transmitter_ports.ftl	Items picked up by the Fillbot.	Предметы, собранные роботом Fillbot.	DeepL refinement: terminology, proper names and grammatical context still need human review
signal-port-description-fpv-drone-trigger	Resources\Locale\en-US\_KS14\fpv-drone\fpv-drone.ftl	Upon being signalled, drops the storage of the drone onto the ground.	По получении сигнала сбрасывает груз из отсека дрона на землю.	DeepL refinement: terminology, proper names and grammatical context still need human review
signal-port-description-ks-elevator-moving	Resources\Locale\en-US\_KS14\zlevels\elevators.ftl	This port is invoked just before the elevator leaves a floor, so that doors wired to it have the journey to finish closing.	Этот порт вызывается непосредственно перед тем, как лифт покидает этаж, чтобы двери, подключенные к нему, успели полностью закрыться.	DeepL refinement: terminology, proper names and grammatical context still need human review
signal-port-description-ks-elevator-stopped	Resources\Locale\en-US\_KS14\zlevels\elevators.ftl	This port is invoked when the elevator comes to a stop at a floor.	Этот порт вызывается, когда лифт останавливается на этаже.	DeepL refinement: terminology, proper names and grammatical context still need human review
signal-port-description-remote-drone-receiver	Resources\Locale\en-US\_KS14\remote-drone\signal-ports.ftl	For receiving controls for the remote drone, from a controller.	Для управления дистанционным дроном с помощью контроллера.	DeepL refinement: terminology, proper names and grammatical context still need human review
signal-port-description-remote-drone-sender	Resources\Locale\en-US\_KS14\remote-drone\signal-ports.ftl	For transmitting controls from a controller, to a remote drone.	Для передачи команд с контроллера на удалённый дрон.	DeepL refinement: terminology, proper names and grammatical context still need human review
signal-port-name-crit	Resources\Locale\en-US\_KS14\machine-linking\transmitter_ports.ftl	Crit	Crit	DeepL refinement: terminology, proper names and grammatical context still need human review
signal-port-name-dead	Resources\Locale\en-US\_KS14\machine-linking\transmitter_ports.ftl	Dead	Не работает	DeepL refinement: terminology, proper names and grammatical context still need human review
signal-port-name-executor-0	Resources\Locale\en-US\_KS14\packets\executor.ftl	Executor Port 0	Порт «Исполнитель» 0	DeepL refinement: terminology, proper names and grammatical context still need human review
signal-port-name-executor-1	Resources\Locale\en-US\_KS14\packets\executor.ftl	Executor Port 1	Порт «Исполнитель» 1	DeepL refinement: terminology, proper names and grammatical context still need human review
signal-port-name-executor-2	Resources\Locale\en-US\_KS14\packets\executor.ftl	Executor Port 2	Executor Port 2	DeepL refinement: terminology, proper names and grammatical context still need human review
signal-port-name-executor-3	Resources\Locale\en-US\_KS14\packets\executor.ftl	Executor Port 3	Порт 3 «Исполнитель»	DeepL refinement: terminology, proper names and grammatical context still need human review
signal-port-name-executor-4	Resources\Locale\en-US\_KS14\packets\executor.ftl	Executor Port 4	Executor Port 4	DeepL refinement: terminology, proper names and grammatical context still need human review
signal-port-name-fill-any-item	Resources\Locale\en-US\_EinsteinEngines\machine-linking\receiver_ports.ftl	Fillbot Target	Цель Fillbot	DeepL refinement: terminology, proper names and grammatical context still need human review
signal-port-name-fillitems	Resources\Locale\en-US\_EinsteinEngines\machine-linking\transmitter_ports.ftl	Fillbot Items	Предметы Fillbot	DeepL refinement: terminology, proper names and grammatical context still need human review
signal-port-name-fpv-drone-trigger	Resources\Locale\en-US\_KS14\fpv-drone\fpv-drone.ftl	Drop storage	Хранилище снаряжения	DeepL refinement: terminology, proper names and grammatical context still need human review
signal-port-name-ks-elevator-moving	Resources\Locale\en-US\_KS14\zlevels\elevators.ftl	Elevator Moving	Движение лифта	DeepL refinement: terminology, proper names and grammatical context still need human review
signal-port-name-ks-elevator-stopped	Resources\Locale\en-US\_KS14\zlevels\elevators.ftl	Elevator Stopped	Лифт остановился	DeepL refinement: terminology, proper names and grammatical context still need human review
signal-port-name-remote-drone-receiver	Resources\Locale\en-US\_KS14\remote-drone\signal-ports.ftl	Drone control receiver	Приемник для управления дронами	DeepL refinement: terminology, proper names and grammatical context still need human review
signal-port-name-remote-drone-sender	Resources\Locale\en-US\_KS14\remote-drone\signal-ports.ftl	Drone control transmitter	Передатчик для управления дронами	DeepL refinement: terminology, proper names and grammatical context still need human review
signal-speaker-current-text-label	Resources\Locale\en-US\_KS14\signal-speaker\signal-speaker.ftl	Assigned text:	Заданный текст:	DeepL refinement: terminology, proper names and grammatical context still need human review
signal-speaker-examine-blank	Resources\Locale\en-US\_KS14\signal-speaker\signal-speaker.ftl	This signal speaker has no assigned text.	Для этого сигнального динамика текст не назначен.	DeepL refinement: terminology, proper names and grammatical context still need human review
signal-speaker-examine-text	Resources\Locale\en-US\_KS14\signal-speaker\signal-speaker.ftl	This signal speaker will say: 	Этот громкоговоритель будет говорить: 	DeepL refinement: terminology, proper names and grammatical context still need human review
signal-speaker-no-trigger	Resources\Locale\en-US\_KS14\signal-speaker\signal-speaker.ftl	This signal speaker has no speech trigger configured.	Для этого громкоговорителя не настроен триггер речи.	DeepL refinement: terminology, proper names and grammatical context still need human review
signal-speaker-successfully-applied	Resources\Locale\en-US\_KS14\signal-speaker\signal-speaker.ftl	Signal speaker text applied.	Добавлен текст сигнального динамика.	DeepL refinement: terminology, proper names and grammatical context still need human review
signal-speaker-ui-apply-text	Resources\Locale\en-US\_KS14\signal-speaker\signal-speaker.ftl	Apply text	Вставить текст	DeepL refinement: terminology, proper names and grammatical context still need human review
signal-speaker-ui-header	Resources\Locale\en-US\_KS14\signal-speaker\signal-speaker.ftl	Signal Speaker	Сигнальный громкоговоритель	DeepL refinement: terminology, proper names and grammatical context still need human review
sin-jukebox-chat-autoplay-disabled	Resources\Locale\en-US\_sin\jukebox\jukebox.ftl	Autoplay disabled	Автовоспроизведение отключено	DeepL refinement: terminology, proper names and grammatical context still need human review
sin-jukebox-chat-autoplay-enabled	Resources\Locale\en-US\_sin\jukebox\jukebox.ftl	Autoplay enabled	Включена автоматическая игра	DeepL refinement: terminology, proper names and grammatical context still need human review
sin-jukebox-chat-nextup-idle	Resources\Locale\en-US\_sin\jukebox\jukebox.ftl	Next: 	Далее: 	DeepL refinement: terminology, proper names and grammatical context still need human review
sin-jukebox-chat-nextup-playing	Resources\Locale\en-US\_sin\jukebox\jukebox.ftl	♫ Next: 	♫ Далее: 	DeepL refinement: terminology, proper names and grammatical context still need human review
sin-jukebox-chat-playing	Resources\Locale\en-US\_sin\jukebox\jukebox.ftl	♫ Playing: 	♫ Играет: 	DeepL refinement: terminology, proper names and grammatical context still need human review
sin-jukebox-menu-autoplay	Resources\Locale\en-US\_sin\jukebox\jukebox-menu.ftl	Autoplay	Автовоспроизведение	DeepL refinement: terminology, proper names and grammatical context still need human review
sin-jukebox-menu-button-favorite-tooltip	Resources\Locale\en-US\_sin\jukebox\jukebox-menu.ftl	Add to / remove from favorites	Добавить в избранное / удалить из избранного	DeepL refinement: terminology, proper names and grammatical context still need human review
sin-jukebox-menu-favorites-search-placeholder	Resources\Locale\en-US\_sin\jukebox\jukebox-menu.ftl	Search favorites...	Поиск по избранному...	DeepL refinement: terminology, proper names and grammatical context still need human review
sin-jukebox-menu-group-search-placeholder	Resources\Locale\en-US\_sin\jukebox\jukebox-menu.ftl	Search groups...	Поиск групп...	DeepL refinement: terminology, proper names and grammatical context still need human review
sin-jukebox-menu-search-placeholder	Resources\Locale\en-US\_sin\jukebox\jukebox-menu.ftl	Search...	Поиск...	DeepL refinement: terminology, proper names and grammatical context still need human review
sin-jukebox-menu-tab-favorites	Resources\Locale\en-US\_sin\jukebox\jukebox-menu.ftl	Favorites	Избранное	DeepL refinement: terminology, proper names and grammatical context still need human review
sin-jukebox-menu-tab-groups	Resources\Locale\en-US\_sin\jukebox\jukebox-menu.ftl	Groups	Группы	DeepL refinement: terminology, proper names and grammatical context still need human review
sin-jukebox-menu-tab-main	Resources\Locale\en-US\_sin\jukebox\jukebox-menu.ftl	Main	Главная	DeepL refinement: terminology, proper names and grammatical context still need human review
sin-jukebox-menu-volume	Resources\Locale\en-US\_sin\jukebox\jukebox-menu.ftl	Volume:	Объем:	DeepL refinement: terminology, proper names and grammatical context still need human review
sorium-effect-boom	Resources\Locale\en-US\_KS14\reagents\sorium.ftl	The mixture violently pushes everything nearby away!	Эта смесь с огромной силой отбрасывает всё, что находится поблизости!	DeepL refinement: terminology, proper names and grammatical context still need human review
sorium-effect-gib	Resources\Locale\en-US\_KS14\reagents\sorium.ftl	Something inside violently detonates and splatters gibs everywhere!	Что-то внутри с силой взрывается, и осколки разлетаются во все стороны!	DeepL refinement: terminology, proper names and grammatical context still need human review
sorium-effect-pain	Resources\Locale\en-US\_KS14\reagents\sorium.ftl	You feel like you're about to explode!	Такое ощущение, что ты вот-вот взорвешься!	DeepL refinement: terminology, proper names and grammatical context still need human review
speczone-invincibility-use-interrupted	Resources\Locale\en-US\_KS14\speczones\invincibility.ftl	 shakes violently and sparks! It seems to be experiencing some kind of interference.	 Сильно трясется и искрит! Похоже, в ней возникли какие-то помехи.	DeepL refinement: terminology, proper names and grammatical context still need human review
spray-painter-style-canisters-zipion	Resources\Locale\en-US\_KS14\spray-painter\spray-painter.ftl	Zipion	Zipion	DeepL refinement: terminology, proper names and grammatical context still need human review
station-event-displaced-telescience	Resources\Locale\en-US\_KS14\station-events\events\telescience.ftl	Attention! Unusually powerful bluespace flux detected in close proximity to the station. Exercise caution.	Внимание! В непосредственной близости от станции обнаружен необычно мощный поток «голубого пространства». Соблюдайте осторожность.	DeepL refinement: terminology, proper names and grammatical context still need human review
station-event-lone-ert-shuttle-incoming	Resources\Locale\en-US\_KS14\station-events\events\ert-shuttle-arrival.ftl	Attention! A lone ERT operative space shuttle has been spotted approaching your sector.	Внимание! Замечен одиночный космический челнок с оперативником ERT, приближающийся к вашему сектору.	DeepL refinement: terminology, proper names and grammatical context still need human review
station-event-nuke-calibration-arm-and-disk-ejected-popup	Resources\Locale\en-US\_KS14\station-events\events\nuke-calibration.ftl	The timing mechanism on the nuke suddenly flashes red, and the disk ejects out of the nuke!	Механизм таймера на ядерной бомбе внезапно замигает красным, и диск вылетает из бомбы!	DeepL refinement: terminology, proper names and grammatical context still need human review
station-event-nuke-calibration-arm-popup	Resources\Locale\en-US\_KS14\station-events\events\nuke-calibration.ftl	The timing mechanism on the nuke suddenly flashes red!	Механизм отсчёта времени на ядерной бомбе внезапно замигал красным!	DeepL refinement: terminology, proper names and grammatical context still need human review
station-event-nuke-calibration-disarm-fail-announcement	Resources\Locale\en-US\_KS14\station-events\events\nuke-calibration.ftl	Attention! We are unable to remotely disarm the station nuke at this moment. Manual disarm has been authorised, disarm the warhead immediately!	Внимание! В данный момент мы не можем удаленно обезвредить ядерную бомбу на станции. Разрешено ручное обезвреживание, немедленно обезвредите боеголовку!	DeepL refinement: terminology, proper names and grammatical context still need human review
station-event-nuke-calibration-disarm-success-announcement	Resources\Locale\en-US\_KS14\station-events\events\nuke-calibration.ftl	Station nuke calibration procedure has concluded; the nuke has been disarmed. Thank you for your patience.	Процедура калибровки ядерного устройства станции завершена; ядерное устройство обезврежено. Благодарим вас за терпение.	DeepL refinement: terminology, proper names and grammatical context still need human review
station-event-nuke-calibration-midway-announcement	Resources\Locale\en-US\_KS14\station-events\events\nuke-calibration.ftl	Attention! The station nuclear fission explosive has been armed for routine nuke timer recalibration. Nuke might be remotely disarmed shortly. Do not panic.	Внимание! Ядерный взрывной устройство станции было приведено в боевую готовность для плановой перекалибровки таймера ядерного взрыва. В ближайшее время взрывное устройство может быть дистанционно обезврежено. Не поддавайтесь панике.	DeepL refinement: terminology, proper names and grammatical context still need human review
suicide-popup-gun-cant	Resources\Locale\en-US\_KS14\execution\execution.ftl	Stop trying to commit suicide before trying to shoot!	Не пытайтесь покончить с собой, прежде чем попробуете стрелять!	DeepL refinement: terminology, proper names and grammatical context still need human review
suicide-popup-gun-complete-external	Resources\Locale\en-US\_KS14\execution\execution.ftl	 shoots 	 стреляет 	DeepL refinement: terminology, proper names and grammatical context still need human review
suicide-popup-gun-complete-external	Resources\Locale\en-US\_KS14\execution\execution.ftl	 in the head!	 в голову!	DeepL refinement: terminology, proper names and grammatical context still need human review
suicide-popup-gun-complete-internal	Resources\Locale\en-US\_KS14\execution\execution.ftl	You shoot yourself in the head!	Ты сам себе в голову стреляешь!	DeepL refinement: terminology, proper names and grammatical context still need human review
suicide-popup-gun-initial-external	Resources\Locale\en-US\_KS14\execution\execution.ftl	 places the muzzle of 	 направляет дуло 	DeepL refinement: terminology, proper names and grammatical context still need human review
suicide-popup-gun-initial-external	Resources\Locale\en-US\_KS14\execution\execution.ftl	 in 	 в 	DeepL refinement: terminology, proper names and grammatical context still need human review
suicide-popup-gun-initial-external	Resources\Locale\en-US\_KS14\execution\execution.ftl	 mouth.	 рот.	DeepL refinement: terminology, proper names and grammatical context still need human review
suicide-popup-gun-initial-internal	Resources\Locale\en-US\_KS14\execution\execution.ftl	You place the muzzle of 	Вы направляете ствол 	DeepL refinement: terminology, proper names and grammatical context still need human review
suicide-popup-gun-initial-internal	Resources\Locale\en-US\_KS14\execution\execution.ftl	 in your mouth.	 во рту.	DeepL refinement: terminology, proper names and grammatical context still need human review
suicide-popup-melee-cant	Resources\Locale\en-US\_KS14\execution\execution.ftl	Stop trying to commit suicide before trying to hit something!	Хватит пытаться покончить с собой, прежде чем попытаться что-нибудь поразить!	DeepL refinement: terminology, proper names and grammatical context still need human review
tool-quality-cauterisation-name	Resources\Locale\en-US\_KS14\tools\surgery-tool-qualities.ftl	Cauterisation	Каутеризация	DeepL refinement: terminology, proper names and grammatical context still need human review
tool-quality-cauterisation-tool-name	Resources\Locale\en-US\_KS14\tools\surgery-tool-qualities.ftl	Cautery	Каутер	DeepL refinement: terminology, proper names and grammatical context still need human review
tool-quality-incision-name	Resources\Locale\en-US\_KS14\tools\surgery-tool-qualities.ftl	Incision	«Инцизион»	DeepL refinement: terminology, proper names and grammatical context still need human review
tool-quality-incision-tool-name	Resources\Locale\en-US\_KS14\tools\surgery-tool-qualities.ftl	Scalpel	Скальпель	DeepL refinement: terminology, proper names and grammatical context still need human review
trait-amputee-desc	Resources\Locale\en-US\_KS14\traits\traits.ftl	You have had one of your body parts amputated, in exchange for money.	Вам ампутировали одну из частей тела в обмен на деньги.	DeepL refinement: terminology, proper names and grammatical context still need human review
trait-amputee-name	Resources\Locale\en-US\_KS14\traits\traits.ftl	Amputee	Ампутант	DeepL refinement: terminology, proper names and grammatical context still need human review
trait-category-ks-languages	Resources\Locale\en-US\_KS14\language\language.ftl	Languages	Языки	DeepL refinement: terminology, proper names and grammatical context still need human review
tts-preview-text	Resources\Locale\en-US\_KS14\tts\voices.ftl	Hello, crew. This is what I sound like.	Привет, экипаж. Вот как я звучу.	DeepL refinement: terminology, proper names and grammatical context still need human review
tts-voice-en-gb-alan-low	Resources\Locale\en-US\_KS14\tts\voices.ftl	Alan (British, low quality)	Алан (британский акцент, низкое качество)	DeepL refinement: terminology, proper names and grammatical context still need human review
tts-voice-en-gb-alan-medium	Resources\Locale\en-US\_KS14\tts\voices.ftl	Alan (British)	Алан (британец)	DeepL refinement: terminology, proper names and grammatical context still need human review
tts-voice-en-gb-alba-medium	Resources\Locale\en-US\_KS14\tts\voices.ftl	Alba (British)	Альба (британский)	DeepL refinement: terminology, proper names and grammatical context still need human review
tts-voice-en-gb-aru-medium	Resources\Locale\en-US\_KS14\tts\voices.ftl	Aru (British)	Ару (британский)	DeepL refinement: terminology, proper names and grammatical context still need human review
tts-voice-en-gb-cori-medium	Resources\Locale\en-US\_KS14\tts\voices.ftl	Cori (British)	Кори (британка)	DeepL refinement: terminology, proper names and grammatical context still need human review
tts-voice-en-gb-jenny-dioco-medium	Resources\Locale\en-US\_KS14\tts\voices.ftl	Jenny (British)	Дженни (британка)	DeepL refinement: terminology, proper names and grammatical context still need human review
tts-voice-en-gb-northern-english-male-medium	Resources\Locale\en-US\_KS14\tts\voices.ftl	Northern English (British)	Северный английский (британский)	DeepL refinement: terminology, proper names and grammatical context still need human review
tts-voice-en-gb-semaine-medium	Resources\Locale\en-US\_KS14\tts\voices.ftl	Semaine (British)	Semaine (британский)	DeepL refinement: terminology, proper names and grammatical context still need human review
tts-voice-en-gb-southern-english-female-low	Resources\Locale\en-US\_KS14\tts\voices.ftl	Southern English (British, low quality)	Южноанглийский диалект (британский, низкое качество)	DeepL refinement: terminology, proper names and grammatical context still need human review
tts-voice-en-gb-vctk-medium	Resources\Locale\en-US\_KS14\tts\voices.ftl	VCTK (British)	VCTK (британская версия)	DeepL refinement: terminology, proper names and grammatical context still need human review
tts-voice-en-us-amy-low	Resources\Locale\en-US\_KS14\tts\voices.ftl	Amy (American, low quality)	Эми (американка, низкое качество)	DeepL refinement: terminology, proper names and grammatical context still need human review
tts-voice-en-us-amy-medium	Resources\Locale\en-US\_KS14\tts\voices.ftl	Amy (American)	Эми (американка)	DeepL refinement: terminology, proper names and grammatical context still need human review
tts-voice-en-us-arctic-medium	Resources\Locale\en-US\_KS14\tts\voices.ftl	Arctic (American)	«Арктика» (американская версия)	DeepL refinement: terminology, proper names and grammatical context still need human review
tts-voice-en-us-bryce-medium	Resources\Locale\en-US\_KS14\tts\voices.ftl	Bryce (American)	Брайс (американец)	DeepL refinement: terminology, proper names and grammatical context still need human review
tts-voice-en-us-combatant-elite-medium	Resources\Locale\en-US\_KS14\tts\voices.ftl	Elite combatant (American)	Элитный боец (американец)	DeepL refinement: terminology, proper names and grammatical context still need human review
tts-voice-en-us-danny-low	Resources\Locale\en-US\_KS14\tts\voices.ftl	Danny (American, low quality)	Дэнни (американец, низкое качество)	DeepL refinement: terminology, proper names and grammatical context still need human review
tts-voice-en-us-hfc-female-medium	Resources\Locale\en-US\_KS14\tts\voices.ftl	HFC (female) (American)	HFC (женский голос) (американский акцент)	DeepL refinement: terminology, proper names and grammatical context still need human review
tts-voice-en-us-hfc-male-medium	Resources\Locale\en-US\_KS14\tts\voices.ftl	HFC (male) (American)	HFC (мужчина) (американец)	DeepL refinement: terminology, proper names and grammatical context still need human review
tts-voice-en-us-joe-medium	Resources\Locale\en-US\_KS14\tts\voices.ftl	Joe (American)	Джо (американец)	DeepL refinement: terminology, proper names and grammatical context still need human review
tts-voice-en-us-john-medium	Resources\Locale\en-US\_KS14\tts\voices.ftl	John (American)	Джон (американец)	DeepL refinement: terminology, proper names and grammatical context still need human review
tts-voice-en-us-kathleen-low	Resources\Locale\en-US\_KS14\tts\voices.ftl	Kathleen (American, low quality)	Кэтлин (американка, низкое качество)	DeepL refinement: terminology, proper names and grammatical context still need human review
tts-voice-en-us-kristin-medium	Resources\Locale\en-US\_KS14\tts\voices.ftl	Kristin (American)	Кристин (американка)	DeepL refinement: terminology, proper names and grammatical context still need human review
tts-voice-en-us-kusal-medium	Resources\Locale\en-US\_KS14\tts\voices.ftl	Kusal (American)	Кусал (американец)	DeepL refinement: terminology, proper names and grammatical context still need human review
tts-voice-en-us-l2arctic-medium	Resources\Locale\en-US\_KS14\tts\voices.ftl	L2 Arctic (American)	L2 Arctic (американская версия)	DeepL refinement: terminology, proper names and grammatical context still need human review
tts-voice-en-us-lessac-low	Resources\Locale\en-US\_KS14\tts\voices.ftl	Lessac (American, low quality)	Lessac (американская версия, низкое качество)	DeepL refinement: terminology, proper names and grammatical context still need human review
tts-voice-en-us-lessac-medium	Resources\Locale\en-US\_KS14\tts\voices.ftl	Lessac (American)	Лессак (американец)	DeepL refinement: terminology, proper names and grammatical context still need human review
tts-voice-en-us-libritts-r-medium	Resources\Locale\en-US\_KS14\tts\voices.ftl	LibriTTS (American)	LibriTTS (американский)	DeepL refinement: terminology, proper names and grammatical context still need human review
tts-voice-en-us-ljspeech-medium	Resources\Locale\en-US\_KS14\tts\voices.ftl	LJ Speech (American)	LJ Speech (американский)	DeepL refinement: terminology, proper names and grammatical context still need human review
tts-voice-en-us-norman-medium	Resources\Locale\en-US\_KS14\tts\voices.ftl	Norman (American)	Норман (американец)	DeepL refinement: terminology, proper names and grammatical context still need human review
tts-voice-en-us-reza-ibrahim-medium	Resources\Locale\en-US\_KS14\tts\voices.ftl	Reza Ibrahim (American)	Реза Ибрагим (американец)	DeepL refinement: terminology, proper names and grammatical context still need human review
tts-voice-en-us-ryan-low	Resources\Locale\en-US\_KS14\tts\voices.ftl	Ryan (American, low quality)	Райан (американец, низкое качество)	DeepL refinement: terminology, proper names and grammatical context still need human review
tts-voice-en-us-ryan-medium	Resources\Locale\en-US\_KS14\tts\voices.ftl	Ryan (American)	Райан (американец)	DeepL refinement: terminology, proper names and grammatical context still need human review
tts-voice-en-us-sam-medium	Resources\Locale\en-US\_KS14\tts\voices.ftl	Sam (American)	Сэм (американец)	DeepL refinement: terminology, proper names and grammatical context still need human review
turbine-damaged-1	Resources\Locale\en-US\_FarHorizons\fission-generator\turbine-component.ftl	It appears to be in good condition.	Игра, по-видимому, в хорошем состоянии.	DeepL refinement: terminology, proper names and grammatical context still need human review
turbine-damaged-2	Resources\Locale\en-US\_FarHorizons\fission-generator\turbine-component.ftl	The turbine looks a bit scuffed.	Турбина выглядит немного поцарапанной.	DeepL refinement: terminology, proper names and grammatical context still need human review
turbine-damaged-3	Resources\Locale\en-US\_FarHorizons\fission-generator\turbine-component.ftl	[color=yellow]The turbine looks badly damaged.[/color]	[color=yellow]Турбина выглядит сильно повреждённой.[/color]	DeepL refinement: terminology, proper names and grammatical context still need human review
turbine-damaged-4	Resources\Locale\en-US\_FarHorizons\fission-generator\turbine-component.ftl	[color=orange]It's critically damaged![/color]	[color=orange]Она серьезно повреждена![/color]	DeepL refinement: terminology, proper names and grammatical context still need human review
turbine-damaged-5	Resources\Locale\en-US\_FarHorizons\fission-generator\turbine-component.ftl	[color=red]It's completely broken![/color]	[color=red]Она совсем не работает![/color]	DeepL refinement: terminology, proper names and grammatical context still need human review
turbine-explode	Resources\Locale\en-US\_FarHorizons\fission-generator\turbine-component.ftl	The 	Игра 	DeepL refinement: terminology, proper names and grammatical context still need human review
turbine-explode	Resources\Locale\en-US\_FarHorizons\fission-generator\turbine-component.ftl	 tears itself apart!	 разрывается на части!	DeepL refinement: terminology, proper names and grammatical context still need human review
turbine-no-damage	Resources\Locale\en-US\_FarHorizons\fission-generator\turbine-component.ftl	There is no damage to repair on the 	На станции нет повреждений, которые нужно было бы ремонтировать, 	DeepL refinement: terminology, proper names and grammatical context still need human review
turbine-no-damage	Resources\Locale\en-US\_FarHorizons\fission-generator\turbine-component.ftl	 using the 	 с использованием 	DeepL refinement: terminology, proper names and grammatical context still need human review
turbine-overheat	Resources\Locale\en-US\_FarHorizons\fission-generator\turbine-component.ftl	 triggers the emergency overheat dump valve!	 запускает аварийный клапан сброса перегрева!	DeepL refinement: terminology, proper names and grammatical context still need human review
turbine-repair	Resources\Locale\en-US\_FarHorizons\fission-generator\turbine-component.ftl	You repair some of the damage to the 	Вы устраняете часть повреждений на 	DeepL refinement: terminology, proper names and grammatical context still need human review
turbine-repair	Resources\Locale\en-US\_FarHorizons\fission-generator\turbine-component.ftl	 using the 	 с использованием 	DeepL refinement: terminology, proper names and grammatical context still need human review
turbine-repair-ruined	Resources\Locale\en-US\_FarHorizons\fission-generator\turbine-component.ftl	You repair the 	Вы ремонтируете 	DeepL refinement: terminology, proper names and grammatical context still need human review
turbine-repair-ruined	Resources\Locale\en-US\_FarHorizons\fission-generator\turbine-component.ftl	's casing with the 	корпус с 	DeepL refinement: terminology, proper names and grammatical context still need human review
turbine-show-damage	Resources\Locale\en-US\_FarHorizons\fission-generator\turbine-component.ftl	BladeHealth 	BladeHealth 	DeepL refinement: terminology, proper names and grammatical context still need human review
turbine-show-damage	Resources\Locale\en-US\_FarHorizons\fission-generator\turbine-component.ftl	, BladeHealthMax 	, BladeHealthMax 	DeepL refinement: terminology, proper names and grammatical context still need human review
turbine-smoke	Resources\Locale\en-US\_FarHorizons\fission-generator\turbine-component.ftl	The 	Игра 	DeepL refinement: terminology, proper names and grammatical context still need human review
turbine-smoke	Resources\Locale\en-US\_FarHorizons\fission-generator\turbine-component.ftl	 begins to smoke!	 Начинает дымиться!	DeepL refinement: terminology, proper names and grammatical context still need human review
turbine-smoke-stop	Resources\Locale\en-US\_FarHorizons\fission-generator\turbine-component.ftl	The 	Игра 	DeepL refinement: terminology, proper names and grammatical context still need human review
turbine-smoke-stop	Resources\Locale\en-US\_FarHorizons\fission-generator\turbine-component.ftl	 stops smoking.	 бросает курить.	DeepL refinement: terminology, proper names and grammatical context still need human review
turbine-spark	Resources\Locale\en-US\_FarHorizons\fission-generator\turbine-component.ftl	The 	Игра 	DeepL refinement: terminology, proper names and grammatical context still need human review
turbine-spark	Resources\Locale\en-US\_FarHorizons\fission-generator\turbine-component.ftl	 starts sparking!	 Начинается искрение!	DeepL refinement: terminology, proper names and grammatical context still need human review
turbine-spark-stop	Resources\Locale\en-US\_FarHorizons\fission-generator\turbine-component.ftl	The 	Игра 	DeepL refinement: terminology, proper names and grammatical context still need human review
turbine-spark-stop	Resources\Locale\en-US\_FarHorizons\fission-generator\turbine-component.ftl	 stops sparking.	 перестает искрить.	DeepL refinement: terminology, proper names and grammatical context still need human review
turbine-spinning-0	Resources\Locale\en-US\_FarHorizons\fission-generator\turbine-component.ftl	The blades are not spinning.	Лезвия не вращаются.	DeepL refinement: terminology, proper names and grammatical context still need human review
turbine-spinning-1	Resources\Locale\en-US\_FarHorizons\fission-generator\turbine-component.ftl	The blades are turning slowly.	Лопасти вращаются медленно.	DeepL refinement: terminology, proper names and grammatical context still need human review
turbine-spinning-2	Resources\Locale\en-US\_FarHorizons\fission-generator\turbine-component.ftl	The blades are spinning.	Лезвия вращаются.	DeepL refinement: terminology, proper names and grammatical context still need human review
turbine-spinning-3	Resources\Locale\en-US\_FarHorizons\fission-generator\turbine-component.ftl	The blades are spinning quickly.	Лезвия быстро вращаются.	DeepL refinement: terminology, proper names and grammatical context still need human review
turbine-spinning-4	Resources\Locale\en-US\_FarHorizons\fission-generator\turbine-component.ftl	[color=red]The blades are spinning out of control![/color]	[color=red]Лезвия вращаются неконтролируемо![/color]	DeepL refinement: terminology, proper names and grammatical context still need human review
ui-lobby-manifest-button	Resources\Locale\en-US\_KS14\lobby\lobby-gui.ftl	Manifest	Список грузов	DeepL refinement: terminology, proper names and grammatical context still need human review
ui-options-function-ks-open-language-menu	Resources\Locale\en-US\_KS14\language\language.ftl	Open language menu	Открыть меню языков	DeepL refinement: terminology, proper names and grammatical context still need human review
ui-options-function-ks-voice-push-to-talk	Resources\Locale\en-US\_KS14\voice\voice.ftl	Voice chat push-to-talk	Голосовой чат с функцией «нажми и говори»	DeepL refinement: terminology, proper names and grammatical context still need human review
uplink-boombox-desc	Resources\Locale\en-US\_KS14\store\uplink-catalog.ftl	Bluespaces a portable jukebox in. Set an appropriately catastrophic tune and go on a rampage!	Bluespaces — портативный музыкальный автомат. Выберите подходящую катастрофическую мелодию и устройте беспорядок!	DeepL refinement: terminology, proper names and grammatical context still need human review
uplink-boombox-name	Resources\Locale\en-US\_KS14\store\uplink-catalog.ftl	Boombox	Boombox	DeepL refinement: terminology, proper names and grammatical context still need human review
uplink-boxmags-desc	Resources\Locale\en-US\_KS14\store\uplink-catalog.ftl	Magazine box fitting for L6 SAW, using .30 cartridge.	Коробка для патронов, подходящая для пулемета L6 SAW, использующего патроны калибра .30.	DeepL refinement: terminology, proper names and grammatical context still need human review
uplink-boxmags-name	Resources\Locale\en-US\_KS14\store\uplink-catalog.ftl	L6 SAW magazine box	Коробка для магазинов L6 SAW	DeepL refinement: terminology, proper names and grammatical context still need human review
weldbot-finish-weld	Resources\Locale\en-US\_EinsteinEngines\npc\weldbot.ftl	All done.	Всё готово.	DeepL refinement: terminology, proper names and grammatical context still need human review
weldbot-start-weld	Resources\Locale\en-US\_EinsteinEngines\npc\weldbot.ftl	Hold still, please.	Пожалуйста, не шевелитесь.	DeepL refinement: terminology, proper names and grammatical context still need human review
wire-name-teslagate-alertsensor	Resources\Locale\en-US\_KS14\wires\teslagate.ftl	ALRTSNS	ALRTSNS	DeepL refinement: terminology, proper names and grammatical context still need human review
wire-name-teslagate-aux-current	Resources\Locale\en-US\_KS14\wires\teslagate.ftl	AUXR	AUXR	DeepL refinement: terminology, proper names and grammatical context still need human review
wire-name-teslagate-safety	Resources\Locale\en-US\_KS14\wires\teslagate.ftl	TIMR	TIMR	DeepL refinement: terminology, proper names and grammatical context still need human review
wires-board-name-teslagate	Resources\Locale\en-US\_KS14\wires\teslagate.ftl	Tesla Gate	«Ворота Теслы»	DeepL refinement: terminology, proper names and grammatical context still need human review
zlevel-elevator-call-already-here	Resources\Locale\en-US\_KS14\zlevels\elevators.ftl	The elevator is already here.	Лифт уже здесь.	DeepL refinement: terminology, proper names and grammatical context still need human review
zlevel-elevator-call-called	Resources\Locale\en-US\_KS14\zlevels\elevators.ftl	The elevator has been called.	Лифт вызван.	DeepL refinement: terminology, proper names and grammatical context still need human review
zlevel-elevator-call-no-shaft	Resources\Locale\en-US\_KS14\zlevels\elevators.ftl	Nothing answers.	Ничего не отвечает.	DeepL refinement: terminology, proper names and grammatical context still need human review
zlevel-elevator-ui-floor	Resources\Locale\en-US\_KS14\zlevels\elevators.ftl	Floor 	Этаж 	DeepL refinement: terminology, proper names and grammatical context still need human review
zlevel-elevator-ui-floor	Resources\Locale\en-US\_KS14\zlevels\elevators.ftl	(here)	(здесь)	DeepL refinement: terminology, proper names and grammatical context still need human review
zlevel-elevator-ui-floor	Resources\Locale\en-US\_KS14\zlevels\elevators.ftl	[obstructed]	[obstructed]	DeepL refinement: terminology, proper names and grammatical context still need human review
zlevel-elevator-ui-no-shaft	Resources\Locale\en-US\_KS14\zlevels\elevators.ftl	No elevator on this shaft.	В этом шахте нет лифта.	DeepL refinement: terminology, proper names and grammatical context still need human review
zlevel-elevator-ui-status	Resources\Locale\en-US\_KS14\zlevels\elevators.ftl	Ascending	Восхождение	DeepL refinement: terminology, proper names and grammatical context still need human review
zlevel-elevator-ui-status	Resources\Locale\en-US\_KS14\zlevels\elevators.ftl	Descending	Спуск	DeepL refinement: terminology, proper names and grammatical context still need human review
zlevel-elevator-ui-status	Resources\Locale\en-US\_KS14\zlevels\elevators.ftl	Moving	Перемещение	DeepL refinement: terminology, proper names and grammatical context still need human review
zlevel-elevator-ui-status	Resources\Locale\en-US\_KS14\zlevels\elevators.ftl	Stopped	Остановлено	DeepL refinement: terminology, proper names and grammatical context still need human review
zlevel-elevator-ui-status-label	Resources\Locale\en-US\_KS14\zlevels\elevators.ftl	Status:	Статус:	DeepL refinement: terminology, proper names and grammatical context still need human review
zlevel-elevator-ui-title	Resources\Locale\en-US\_KS14\zlevels\elevators.ftl	elevator controller	контроллер лифта	DeepL refinement: terminology, proper names and grammatical context still need human review
